Image,Class,IoU,Confidence
00009705_000.png,Atelectasis,0.753896258358009,0.816895
00009705_000.png,Effusion,0.04401158769130046,0.0518799
00009705_000.png,Infiltration,0.02078697390872697,0.0266418
00009705_000.png,Effusion,0.0,0.0239258
00009705_000.png,Infiltration,0.010164722231533786,0.0150604
00009705_000.png,Infiltration,0.7011701946107781,0.00841522
00009705_000.png,Infiltration,0.04392675499138258,0.00791168
00009705_000.png,Infiltration,0.04005057593202011,0.00761795
00009705_000.png,Infiltration,0.0,0.00755692
00009705_000.png,Mass,0.0,0.00699997
00009705_000.png,Infiltration,0.06495838288612424,0.00693893
00009705_000.png,Infiltration,0.005626128350705004,0.00630188
00009705_000.png,Infiltration,0.007397944098182445,0.00595856
00009705_000.png,Effusion,0.7301268094396466,0.00577927
00009705_000.png,Mass,0.0,0.0045929
00009705_000.png,Pneumonia,0.7011701946107781,0.00445938
00009705_000.png,Effusion,0.008856233872715086,0.00409698
00009705_000.png,Mass,0.7011701946107781,0.00383377
00009705_000.png,Effusion,0.0,0.00354004
00009705_000.png,Emphysema,0.7011701946107781,0.00338936
00009705_000.png,Infiltration,0.03280027942016717,0.00329399
00009705_000.png,Edema,0.7011701946107781,0.00301743
00009705_000.png,Cardiomegaly,0.0,0.00283623
00009705_000.png,Cardiomegaly,0.0,0.00269699
00009705_000.png,Mass,0.0,0.00266075
00009705_000.png,Nodule,0.7011701946107781,0.0025444
00009705_000.png,Cardiomegaly,0.0,0.00252914
00009705_000.png,Cardiomegaly,0.7011701946107781,0.00248718
00009705_000.png,Hernia,0.7011701946107781,0.00238228
00009705_000.png,Pleural_Thickening,0.7011701946107781,0.0023365
00009705_000.png,Fibrosis,0.7011701946107781,0.00201607
00009705_000.png,Pneumothorax,0.7011701946107781,0.00200844
00009705_000.png,Cardiomegaly,0.0024225237219562008,0.00197411
00009705_000.png,Atelectasis,0.5734810250637531,0.00192261
00009705_000.png,Atelectasis,0.7043343898899143,0.00177383
00009705_000.png,Cardiomegaly,0.014443870853383858,0.00174713
00009705_000.png,Consolidation,0.7011701946107781,0.00166702
00009705_000.png,Infiltration,0.016654385817663386,0.00165558
00009705_000.png,Cardiomegaly,0.0,0.00154781
00009705_000.png,Infiltration,0.0,0.00152683
00009705_000.png,Infiltration,0.045419985758745667,0.00152588
00009705_000.png,Mass,0.0,0.00129795
00009705_000.png,Effusion,0.0003444274990257921,0.00124454
00009705_000.png,Mass,0.0,0.00124264
00009705_000.png,Cardiomegaly,0.008167966675746735,0.00117874
00009705_000.png,Cardiomegaly,0.0,0.00116348
00009705_000.png,Effusion,0.0,0.00102043
00009705_000.png,Infiltration,0.08680459758839781,0.00101852
00009705_000.png,Effusion,0.0,0.00101185
00009705_000.png,Effusion,0.007989631329540565,0.00100994
00018102_001.png,Effusion,0.0,0.428711
00018102_001.png,Effusion,0.0,0.341309
00018102_001.png,Effusion,0.0,0.322021
00018102_001.png,Effusion,0.0,0.168213
00018102_001.png,Effusion,0.0,0.164673
00018102_001.png,Effusion,0.0,0.15332
00018102_001.png,Cardiomegaly,0.0,0.128052
00018102_001.png,Effusion,0.0,0.11377
00018102_001.png,Effusion,0.0,0.105103
00018102_001.png,Effusion,0.0,0.0877075
00018102_001.png,Effusion,0.0,0.0852051
00018102_001.png,Cardiomegaly,0.0,0.0567627
00018102_001.png,Effusion,0.0,0.0477295
00018102_001.png,Effusion,0.0,0.0470886
00018102_001.png,Atelectasis,0.0,0.0406189
00018102_001.png,Cardiomegaly,0.0,0.0379944
00018102_001.png,Cardiomegaly,0.0,0.0328369
00018102_001.png,Effusion,0.0,0.032196
00018102_001.png,Mass,0.0,0.0318604
00018102_001.png,Effusion,0.0,0.029541
00018102_001.png,Cardiomegaly,0.2183219793584451,0.0258484
00018102_001.png,Cardiomegaly,0.14384342220424165,0.0251923
00018102_001.png,Cardiomegaly,0.1085274340421313,0.0192261
00018102_001.png,Mass,0.0,0.0179596
00018102_001.png,Cardiomegaly,0.08701257474723831,0.0148544
00018102_001.png,Mass,0.0,0.0128937
00018102_001.png,Effusion,0.0,0.0128021
00018102_001.png,Effusion,0.0,0.0116882
00018102_001.png,Effusion,0.0,0.0108871
00018102_001.png,Effusion,0.0,0.0108643
00018102_001.png,Mass,0.0,0.0100708
00018102_001.png,Effusion,0.0,0.00964355
00018102_001.png,Infiltration,0.004494041478332463,0.00823975
00018102_001.png,Cardiomegaly,0.0,0.0079422
00018102_001.png,Effusion,0.0,0.00784302
00018102_001.png,Effusion,0.0,0.00735855
00018102_001.png,Effusion,0.0,0.00720978
00018102_001.png,Effusion,0.0,0.00657272
00018102_001.png,Cardiomegaly,0.18474953102158323,0.00642395
00018102_001.png,Cardiomegaly,0.014234470793293623,0.00636673
00018102_001.png,Cardiomegaly,0.0,0.00626755
00018102_001.png,Effusion,0.0,0.00617599
00018102_001.png,Cardiomegaly,0.33239189710167344,0.00617218
00018102_001.png,Infiltration,0.0,0.0059967
00018102_001.png,Effusion,0.0,0.00598526
00018102_001.png,Infiltration,0.0,0.00580597
00018102_001.png,Cardiomegaly,0.02679654429193263,0.00563812
00018102_001.png,Effusion,0.0,0.00541687
00018102_001.png,Effusion,0.0,0.00505447
00018102_001.png,Effusion,0.0,0.00490952
00018102_001.png,Infiltration,0.0,0.00489044
00018102_001.png,Cardiomegaly,0.0,0.00482559
00018102_001.png,Effusion,0.0,0.00450516
00018102_001.png,Effusion,0.0,0.00447083
00018102_001.png,Effusion,0.0,0.00440216
00018102_001.png,Effusion,0.0,0.0043869
00018102_001.png,Mass,0.0,0.00414276
00018102_001.png,Effusion,0.0,0.00394058
00018102_001.png,Effusion,0.0,0.00387764
00018102_001.png,Cardiomegaly,0.0025948264523851417,0.0038166
00018102_001.png,Effusion,0.0,0.00377274
00018102_001.png,Mass,0.0,0.00372887
00018102_001.png,Effusion,0.0,0.00367737
00018102_001.png,Cardiomegaly,0.0,0.00366783
00018102_001.png,Infiltration,0.0,0.00360107
00018102_001.png,Infiltration,0.0,0.00351715
00018102_001.png,Cardiomegaly,0.0,0.00350761
00018102_001.png,Cardiomegaly,0.0,0.00335693
00018102_001.png,Mass,0.0,0.00334167
00018102_001.png,Cardiomegaly,0.0,0.00333595
00018102_001.png,Infiltration,0.0,0.0033226
00018102_001.png,Cardiomegaly,0.0,0.00327301
00018102_001.png,Cardiomegaly,0.0,0.00322723
00018102_001.png,Infiltration,0.0,0.00315857
00018102_001.png,Effusion,0.0,0.00291634
00018102_001.png,Infiltration,0.0,0.00291443
00018102_001.png,Cardiomegaly,0.048202309807610956,0.00289917
00018102_001.png,Infiltration,0.08701257474723831,0.00282669
00018102_001.png,Cardiomegaly,0.03645800104869789,0.00276375
00018102_001.png,Infiltration,0.0,0.00267792
00018102_001.png,Effusion,0.0,0.00267029
00018102_001.png,Mass,0.0,0.00266838
00018102_001.png,Effusion,0.0,0.00266075
00018102_001.png,Effusion,0.0,0.00264359
00018102_001.png,Infiltration,0.0,0.00257492
00018102_001.png,Effusion,0.0,0.00253677
00018102_001.png,Cardiomegaly,0.19783331288265738,0.00251961
00018102_001.png,Infiltration,0.0,0.00251579
00018102_001.png,Cardiomegaly,0.32825155262010713,0.00250816
00018102_001.png,Effusion,0.0,0.00245667
00018102_001.png,Cardiomegaly,0.0,0.00239182
00018102_001.png,Cardiomegaly,0.0,0.00234413
00018102_001.png,Cardiomegaly,0.0,0.00233841
00018102_001.png,Effusion,0.0,0.00232124
00018102_001.png,Effusion,0.0,0.00231361
00018102_001.png,Cardiomegaly,0.40692628186661933,0.00230217
00018102_001.png,Cardiomegaly,0.0,0.00228119
00018102_001.png,Effusion,0.0,0.00222015
00018102_001.png,Effusion,0.0,0.0021534
00018102_001.png,Infiltration,0.0,0.00211143
00018102_001.png,Infiltration,0.0,0.00205803
00018102_001.png,Effusion,0.0,0.00204277
00018102_001.png,Effusion,0.0,0.00203514
00018102_001.png,Effusion,0.0,0.00201607
00018102_001.png,Cardiomegaly,0.0,0.00200272
00018102_001.png,Effusion,0.0,0.00196075
00018102_001.png,Mass,0.0,0.00189781
00018102_001.png,Cardiomegaly,0.4153095493117322,0.00182056
00018102_001.png,Cardiomegaly,0.16762293040611015,0.00181484
00018102_001.png,Effusion,0.014531948584996596,0.00177574
00018102_001.png,Cardiomegaly,0.0,0.00175381
00018102_001.png,Effusion,0.0,0.00174522
00018102_001.png,Effusion,0.0,0.00165749
00018102_001.png,Mass,0.0,0.00164604
00018102_001.png,Effusion,0.0,0.00162697
00018102_001.png,Cardiomegaly,0.0,0.00161934
00018102_001.png,Effusion,0.0,0.00159359
00018102_001.png,Cardiomegaly,0.30766518092838807,0.00153923
00018102_001.png,Effusion,0.0,0.00153828
00018102_001.png,Infiltration,0.0,0.00153351
00018102_001.png,Effusion,0.0,0.00151062
00018102_001.png,Mass,0.013926960261144126,0.00148582
00018102_001.png,Effusion,0.0,0.0014658
00018102_001.png,Cardiomegaly,0.0,0.00138187
00018102_001.png,Mass,0.0,0.00135612
00018102_001.png,Mass,0.0,0.00134468
00018102_001.png,Mass,0.0,0.00133228
00018102_001.png,Infiltration,0.0,0.00132942
00018102_001.png,Effusion,0.0,0.00130272
00018102_001.png,Infiltration,0.0,0.00128746
00018102_001.png,Infiltration,0.0,0.00125408
00018102_001.png,Effusion,0.0,0.00123882
00018102_001.png,Infiltration,0.0,0.00123787
00018102_001.png,Infiltration,0.19047705190189695,0.00123501
00018102_001.png,Effusion,0.0,0.00121689
00018102_001.png,Effusion,0.0,0.00121212
00018102_001.png,Infiltration,0.0,0.00121117
00018102_001.png,Cardiomegaly,0.07451971469881269,0.00119019
00018102_001.png,Effusion,0.0,0.00119019
00018102_001.png,Cardiomegaly,0.03205643261327531,0.00116634
00018102_001.png,Mass,0.0,0.00116158
00018102_001.png,Infiltration,0.0,0.00115395
00018102_001.png,Effusion,0.0,0.00113678
00018102_001.png,Infiltration,0.00662305235477535,0.00112247
00018102_001.png,Cardiomegaly,0.054560496836042985,0.0011158
00018102_001.png,Cardiomegaly,0.0,0.00111485
00018102_001.png,Cardiomegaly,0.0,0.00109386
00018102_001.png,Mass,0.0,0.00105858
00018102_001.png,Mass,0.0,0.00103283
00018102_001.png,Cardiomegaly,0.0,0.00103092
00018102_001.png,Mass,0.014531948584996596,0.00102425
00018102_001.png,Effusion,0.0,0.00100231
00000050_003.png,Atelectasis,0.0,0.021225
00000050_003.png,Effusion,0.0,0.0161896
00000050_003.png,Infiltration,0.0,0.0108109
00000050_003.png,Effusion,0.0,0.00606918
00000050_003.png,Infiltration,0.0,0.00550079
00000050_003.png,Infiltration,0.0,0.00497055
00000050_003.png,Effusion,0.0,0.00363922
00000050_003.png,Effusion,0.0,0.00344086
00000050_003.png,Infiltration,0.0,0.00298882
00000050_003.png,Infiltration,0.0,0.00298309
00000050_003.png,Effusion,0.0,0.00283813
00000050_003.png,Infiltration,0.0,0.00281143
00000050_003.png,Mass,0.0,0.00277901
00000050_003.png,Mass,0.0,0.00226593
00000050_003.png,Infiltration,0.0,0.00164223
00000050_003.png,Infiltration,0.0,0.00154877
00000050_003.png,Effusion,0.0,0.00152969
00000050_003.png,Effusion,0.0,0.00148582
00000050_003.png,Infiltration,0.0,0.00128269
00000050_003.png,Effusion,0.0,0.00127602
00000050_003.png,Atelectasis,0.0,0.0012598
00000050_003.png,Effusion,0.0,0.00119305
00000050_003.png,Mass,0.0,0.00107288
00002578_000.png,Effusion,0.5132637931640616,0.124817
00002578_000.png,Mass,0.0,0.0342102
00002578_000.png,Mass,0.0,0.0328674
00002578_000.png,Effusion,0.0,0.0327759
00002578_000.png,Mass,0.0,0.0262451
00002578_000.png,Infiltration,0.0,0.0216827
00002578_000.png,Infiltration,0.0,0.0197296
00002578_000.png,Effusion,0.0,0.0195465
00002578_000.png,Atelectasis,0.0,0.011528
00002578_000.png,Effusion,0.08070527961121615,0.0091095
00002578_000.png,Mass,0.060621879776762345,0.00840759
00002578_000.png,Effusion,0.0,0.00783539
00002578_000.png,Infiltration,0.0,0.00740814
00002578_000.png,Infiltration,0.0,0.00660706
00002578_000.png,Effusion,0.0,0.0064621
00002578_000.png,Effusion,0.0,0.00608826
00002578_000.png,Cardiomegaly,0.0,0.00524902
00002578_000.png,Effusion,0.0,0.00512695
00002578_000.png,Mass,0.0,0.00509644
00002578_000.png,Infiltration,0.0,0.00437927
00002578_000.png,Infiltration,0.0,0.00426865
00002578_000.png,Cardiomegaly,0.0,0.00375748
00002578_000.png,Infiltration,0.0,0.00328827
00002578_000.png,Effusion,0.0,0.00316429
00002578_000.png,Effusion,0.0,0.00289917
00002578_000.png,Mass,0.0,0.00267982
00002578_000.png,Infiltration,0.0,0.00241661
00002578_000.png,Mass,0.0,0.00238991
00002578_000.png,Effusion,0.0,0.00211334
00002578_000.png,Infiltration,0.0,0.00206566
00002578_000.png,Infiltration,0.0,0.00206566
00002578_000.png,Effusion,0.0,0.00201607
00002578_000.png,Effusion,0.0,0.00173759
00002578_000.png,Mass,0.0,0.00161266
00002578_000.png,Mass,0.13569674037179918,0.00159454
00002578_000.png,Mass,0.0,0.00158501
00002578_000.png,Effusion,0.0,0.00148201
00002578_000.png,Atelectasis,0.0,0.00147152
00002578_000.png,Effusion,0.0,0.00144577
00002578_000.png,Mass,0.0,0.00141239
00002578_000.png,Infiltration,0.0,0.00137997
00002578_000.png,Effusion,0.0,0.00125122
00002578_000.png,Infiltration,0.0,0.00122452
00002578_000.png,Mass,0.014349661330022856,0.00118542
00002578_000.png,Infiltration,0.0,0.00101089
00002578_000.png,Mass,0.0,0.00100803
00000054_003.png,Atelectasis,0.0,0.369873
00000054_003.png,Effusion,0.0,0.0814819
00000054_003.png,Infiltration,0.0,0.0443115
00000054_003.png,Infiltration,0.0,0.0329895
00000054_003.png,Infiltration,0.0,0.0196686
00000054_003.png,Mass,0.0,0.0143661
00000054_003.png,Effusion,0.0,0.00725555
00000054_003.png,Infiltration,0.0,0.00525284
00000054_003.png,Cardiomegaly,0.0,0.0051651
00000054_003.png,Infiltration,0.0,0.00387764
00000054_003.png,Infiltration,0.0,0.00372124
00000054_003.png,Infiltration,0.0,0.00367546
00000054_003.png,Infiltration,0.0,0.00359154
00000054_003.png,Effusion,0.0,0.00338745
00000054_003.png,Infiltration,0.0,0.00293159
00000054_003.png,Cardiomegaly,0.0,0.00276184
00000054_003.png,Atelectasis,0.0,0.00265312
00000054_003.png,Effusion,0.0,0.00262833
00000054_003.png,Effusion,0.0,0.00252151
00000054_003.png,Infiltration,0.0,0.00251007
00000054_003.png,Effusion,0.0,0.00241852
00000054_003.png,Cardiomegaly,0.0,0.00239754
00000054_003.png,Effusion,0.0,0.00236893
00000054_003.png,Mass,0.0,0.00194836
00000054_003.png,Cardiomegaly,0.0,0.00173855
00000054_003.png,Infiltration,0.0,0.0016098
00000054_003.png,Mass,0.0,0.00150204
00000054_003.png,Infiltration,0.0,0.00133991
00000054_003.png,Infiltration,0.0,0.00133324
00000054_003.png,Infiltration,0.0,0.00132942
00000054_003.png,Mass,0.0,0.0012455
00000054_003.png,Pneumonia,0.0,0.00110912
00000054_003.png,Edema,0.0,0.00102043
00012048_007.png,Effusion,0.8046065838367472,0.665527
00012048_007.png,Effusion,0.0,0.308105
00012048_007.png,Effusion,0.0,0.259033
00012048_007.png,Effusion,0.0,0.177856
00012048_007.png,Effusion,0.0,0.130981
00012048_007.png,Atelectasis,0.014563043472115017,0.0741577
00012048_007.png,Effusion,0.5325663290591417,0.072998
00012048_007.png,Effusion,0.0,0.0595703
00012048_007.png,Effusion,0.5230321448718004,0.0527344
00012048_007.png,Infiltration,0.0,0.04245
00012048_007.png,Effusion,0.0,0.030304
00012048_007.png,Effusion,0.0,0.028244
00012048_007.png,Effusion,0.5236177512408084,0.0202942
00012048_007.png,Effusion,0.2806235045199777,0.0200806
00012048_007.png,Effusion,0.0,0.01828
00012048_007.png,Effusion,0.18888222528072385,0.0178223
00012048_007.png,Infiltration,0.0,0.0138168
00012048_007.png,Infiltration,0.0,0.0117493
00012048_007.png,Effusion,0.1240499409232251,0.0100937
00012048_007.png,Effusion,0.2400798131453015,0.00942993
00012048_007.png,Effusion,0.13023481425301667,0.0077858
00012048_007.png,Effusion,0.0,0.00775909
00012048_007.png,Effusion,0.0,0.00757599
00012048_007.png,Effusion,0.24872995697086644,0.00658035
00012048_007.png,Infiltration,0.0,0.00545883
00012048_007.png,Effusion,0.02950161168763156,0.00544357
00012048_007.png,Cardiomegaly,0.8012863030439217,0.00527954
00012048_007.png,Infiltration,0.0,0.00471878
00012048_007.png,Effusion,0.2046630914146754,0.00465393
00012048_007.png,Infiltration,0.0,0.0045433
00012048_007.png,Effusion,0.0,0.00428009
00012048_007.png,Mass,0.8012863030439217,0.00408936
00012048_007.png,Infiltration,0.7375722445875418,0.00399017
00012048_007.png,Effusion,0.11638130683614527,0.00377464
00012048_007.png,Effusion,0.12528980444657944,0.0032711
00012048_007.png,Cardiomegaly,0.0,0.00324821
00012048_007.png,Effusion,0.0,0.00297737
00012048_007.png,Effusion,0.0,0.00294304
00012048_007.png,Infiltration,0.0,0.00287247
00012048_007.png,Effusion,0.24434223581818873,0.00261116
00012048_007.png,Effusion,0.07975746542364674,0.00256157
00012048_007.png,Effusion,0.33504925770024124,0.00233459
00012048_007.png,Infiltration,0.0,0.00221825
00012048_007.png,Effusion,0.11899972482797166,0.00221443
00012048_007.png,Effusion,0.0,0.00220108
00012048_007.png,Effusion,0.0,0.00205994
00012048_007.png,Infiltration,0.0,0.00198364
00012048_007.png,Infiltration,0.0,0.00195217
00012048_007.png,Infiltration,0.0,0.00177383
00012048_007.png,Effusion,0.0,0.00163841
00012048_007.png,Effusion,0.0,0.00160217
00012048_007.png,Infiltration,0.0,0.0015564
00012048_007.png,Effusion,0.12085367415488626,0.00153637
00012048_007.png,Cardiomegaly,0.0,0.00153542
00012048_007.png,Effusion,0.0,0.00140095
00012048_007.png,Cardiomegaly,0.0,0.00134373
00012048_007.png,Effusion,0.0,0.00132465
00012048_007.png,Mass,0.0,0.00131321
00012048_007.png,Cardiomegaly,0.0,0.0013113
00012048_007.png,Effusion,0.0,0.00126362
00012048_007.png,Effusion,0.0,0.00123787
00012048_007.png,Infiltration,0.0,0.00114441
00012048_007.png,Atelectasis,0.0,0.00114155
00012048_007.png,Infiltration,0.0,0.00112057
00012048_007.png,Effusion,0.0,0.00111103
00012048_007.png,Cardiomegaly,0.0,0.0010891
00012048_007.png,Effusion,0.0,0.00108433
00012048_007.png,Effusion,0.0,0.00105953
00012048_007.png,Fibrosis,0.8012863030439217,0.00105381
00012048_007.png,Infiltration,0.46989524041923314,0.00104809
00012048_007.png,Cardiomegaly,0.0,0.00104713
00012048_007.png,Effusion,0.0,0.00104427
00012048_007.png,Pneumonia,0.8046065838367472,0.00104237
00002290_001.png,Effusion,0.0,0.0508728
00002290_001.png,Effusion,0.0,0.0139236
00002290_001.png,Effusion,0.0,0.00918579
00002290_001.png,Cardiomegaly,0.0,0.00617981
00002290_001.png,Infiltration,0.0,0.00572968
00002290_001.png,Atelectasis,0.009255738281296402,0.00562668
00002290_001.png,Infiltration,0.06965570911668928,0.00545502
00002290_001.png,Mass,0.0,0.00519943
00002290_001.png,Mass,0.0,0.00429535
00002290_001.png,Cardiomegaly,0.0,0.00366783
00002290_001.png,Cardiomegaly,0.0,0.00331688
00002290_001.png,Infiltration,0.0,0.00276756
00002290_001.png,Effusion,0.0,0.00255394
00002290_001.png,Effusion,0.0,0.00231743
00002290_001.png,Effusion,0.0,0.0021553
00002290_001.png,Cardiomegaly,0.0,0.00212097
00002290_001.png,Effusion,0.0,0.0019331
00002290_001.png,Mass,0.0,0.0018568
00002290_001.png,Infiltration,0.0,0.0018034
00002290_001.png,Effusion,0.0,0.00170708
00002290_001.png,Effusion,0.0,0.00170326
00002290_001.png,Infiltration,0.0762466168758477,0.00156403
00002290_001.png,Infiltration,0.0,0.00125408
00002290_001.png,Mass,0.010581850505616686,0.00119972
00002290_001.png,Effusion,0.0,0.00119686
00002290_001.png,Effusion,0.0,0.00115013
00002290_001.png,Effusion,0.0,0.00100517
00029502_006.png,Infiltration,0.6979714053440226,0.270508
00029502_006.png,Cardiomegaly,0.4780062519116312,0.113647
00029502_006.png,Infiltration,0.4565500430976711,0.0939941
00029502_006.png,Cardiomegaly,0.0,0.0469666
00029502_006.png,Infiltration,0.07025496527868551,0.0453796
00029502_006.png,Cardiomegaly,0.2818256679461047,0.033783
00029502_006.png,Infiltration,0.2818256679461047,0.026886
00029502_006.png,Infiltration,0.5565274875206766,0.0233154
00029502_006.png,Infiltration,0.29622031000919397,0.0207825
00029502_006.png,Infiltration,0.5589510323090026,0.0186615
00029502_006.png,Cardiomegaly,0.3700120577744712,0.0171356
00029502_006.png,Infiltration,0.14443284238094525,0.0149994
00029502_006.png,Infiltration,0.0,0.0121536
00029502_006.png,Cardiomegaly,0.0,0.0120697
00029502_006.png,Infiltration,0.216406854691593,0.0109863
00029502_006.png,Cardiomegaly,0.6598382898330226,0.0108948
00029502_006.png,Infiltration,0.44032501662078816,0.010643
00029502_006.png,Infiltration,0.25441496516712425,0.00951385
00029502_006.png,Cardiomegaly,0.6010570084393887,0.0092392
00029502_006.png,Infiltration,0.12813954226806876,0.00892639
00029502_006.png,Infiltration,0.23314635135607267,0.00826263
00029502_006.png,Infiltration,0.25152277231250086,0.00786591
00029502_006.png,Infiltration,0.4060182849157177,0.00736237
00029502_006.png,Atelectasis,0.13580879190046216,0.00723648
00029502_006.png,Cardiomegaly,0.0,0.00611115
00029502_006.png,Cardiomegaly,0.41720938947926983,0.00522614
00029502_006.png,Effusion,0.026064039809603066,0.00483322
00029502_006.png,Infiltration,0.04960187945687027,0.00420761
00029502_006.png,Cardiomegaly,0.0,0.00410461
00029502_006.png,Infiltration,0.1838964109638998,0.00404739
00029502_006.png,Cardiomegaly,0.651036439045381,0.0039978
00029502_006.png,Cardiomegaly,0.13590030810592993,0.0039711
00029502_006.png,Cardiomegaly,0.37922409984161903,0.0034256
00029502_006.png,Cardiomegaly,0.0,0.00337029
00029502_006.png,Infiltration,0.27073340859897915,0.00329781
00029502_006.png,Infiltration,0.24785170479169175,0.00310135
00029502_006.png,Infiltration,0.1574836672996096,0.00303268
00029502_006.png,Infiltration,0.43716133147519015,0.00301552
00029502_006.png,Infiltration,0.702220597344755,0.0028286
00029502_006.png,Effusion,0.023847420922811894,0.00281906
00029502_006.png,Infiltration,0.0,0.00240326
00029502_006.png,Cardiomegaly,0.46721781842077403,0.00232506
00029502_006.png,Effusion,0.006703401429626349,0.00223732
00029502_006.png,Cardiomegaly,0.38343794405310433,0.00209999
00029502_006.png,Cardiomegaly,0.1458345581241217,0.00206757
00029502_006.png,Cardiomegaly,0.0,0.00201607
00029502_006.png,Infiltration,0.21644803785735847,0.0019722
00029502_006.png,Cardiomegaly,0.35326090934578086,0.00193787
00029502_006.png,Cardiomegaly,0.0,0.00193405
00029502_006.png,Effusion,0.0,0.00191402
00029502_006.png,Cardiomegaly,0.5677240431080146,0.00185299
00029502_006.png,Cardiomegaly,0.0,0.00174713
00029502_006.png,Atelectasis,0.2552322195657948,0.00173569
00029502_006.png,Infiltration,0.3040715358962167,0.00169182
00029502_006.png,Cardiomegaly,0.12813954226806876,0.00168514
00029502_006.png,Cardiomegaly,0.0,0.00166798
00029502_006.png,Cardiomegaly,0.25127819838109744,0.0016346
00029502_006.png,Cardiomegaly,0.0,0.00152302
00029502_006.png,Infiltration,0.19750540447181542,0.00149345
00029502_006.png,Cardiomegaly,0.0,0.00148106
00029502_006.png,Effusion,0.0,0.00145721
00029502_006.png,Effusion,0.0,0.00136948
00029502_006.png,Mass,0.6804971282566897,0.00133705
00029502_006.png,Infiltration,0.14652408240354114,0.00131226
00029502_006.png,Cardiomegaly,0.6230579577838666,0.0012207
00029502_006.png,Atelectasis,0.6804971282566897,0.00121498
00029502_006.png,Infiltration,0.0,0.00117588
00029502_006.png,Cardiomegaly,0.28647411526742783,0.00117397
00029502_006.png,Infiltration,0.46721781842077403,0.00114918
00029502_006.png,Infiltration,0.1264534874412889,0.00113392
00029502_006.png,Cardiomegaly,0.24785170479169175,0.00111485
00029502_006.png,Infiltration,0.0,0.00109768
00029502_006.png,Infiltration,0.1612645619864147,0.00102615
00020857_008.png,Infiltration,0.10116582097085192,0.751465
00020857_008.png,Infiltration,0.26385798871532595,0.0807495
00020857_008.png,Atelectasis,0.5074108144020959,0.0674438
00020857_008.png,Infiltration,0.12094238420093228,0.0492249
00020857_008.png,Infiltration,0.6487842191174922,0.0409241
00020857_008.png,Infiltration,0.10889548460325763,0.0407104
00020857_008.png,Infiltration,0.198470021290458,0.0335083
00020857_008.png,Cardiomegaly,0.04023086846612383,0.031311
00020857_008.png,Effusion,0.0,0.0128021
00020857_008.png,Infiltration,0.04265339454654278,0.0104446
00020857_008.png,Cardiomegaly,0.10292061653126697,0.00957489
00020857_008.png,Infiltration,0.025806600069064968,0.00856781
00020857_008.png,Infiltration,0.08394355960549808,0.0083847
00020857_008.png,Infiltration,0.45038308056439724,0.00836945
00020857_008.png,Infiltration,0.034954949046944135,0.00827789
00020857_008.png,Infiltration,0.49598081225865837,0.00788879
00020857_008.png,Cardiomegaly,0.0,0.00769424
00020857_008.png,Infiltration,0.1381726871241987,0.00709534
00020857_008.png,Effusion,0.49598081225865837,0.00675964
00020857_008.png,Infiltration,0.21648118525777413,0.00668335
00020857_008.png,Infiltration,0.2281603500754573,0.00569534
00020857_008.png,Infiltration,0.0791945995249884,0.00546646
00020857_008.png,Atelectasis,0.0,0.00446701
00020857_008.png,Infiltration,0.10788148145858423,0.00390625
00020857_008.png,Infiltration,0.03780044739274175,0.00356293
00020857_008.png,Cardiomegaly,0.04996819553330008,0.00351524
00020857_008.png,Infiltration,0.007611966549812582,0.00293732
00020857_008.png,Effusion,0.12729132138167415,0.00289154
00020857_008.png,Infiltration,0.38056621884313535,0.00273895
00020857_008.png,Cardiomegaly,0.0,0.002491
00020857_008.png,Infiltration,0.3524289544877153,0.00244713
00020857_008.png,Effusion,0.0,0.00242805
00020857_008.png,Effusion,0.0,0.00241089
00020857_008.png,Effusion,0.008058705544833147,0.00210953
00020857_008.png,Cardiomegaly,0.11146626960763381,0.00209808
00020857_008.png,Infiltration,0.07212633578148006,0.00200462
00020857_008.png,Infiltration,0.20120079059175178,0.00190449
00020857_008.png,Infiltration,0.2310815735841853,0.00185871
00020857_008.png,Atelectasis,0.10292061653126697,0.00183868
00020857_008.png,Mass,0.12729132138167415,0.00183105
00020857_008.png,Infiltration,0.2564807036111642,0.00180435
00020857_008.png,Cardiomegaly,0.15277238852814742,0.00175762
00020857_008.png,Cardiomegaly,0.0,0.00170517
00020857_008.png,Effusion,0.0,0.00161839
00020857_008.png,Infiltration,0.0,0.0015831
00020857_008.png,Effusion,0.6487842191174922,0.0015564
00020857_008.png,Cardiomegaly,0.14067276116622887,0.00155449
00020857_008.png,Infiltration,0.019199428616469626,0.00151253
00020857_008.png,Cardiomegaly,0.0,0.00139904
00020857_008.png,Effusion,0.0,0.00137806
00020857_008.png,Infiltration,0.17211403101123823,0.00130939
00020857_008.png,Infiltration,0.08777096489875785,0.00130653
00020857_008.png,Atelectasis,0.0,0.00130272
00020857_008.png,Cardiomegaly,0.0,0.00126362
00020857_008.png,Infiltration,0.22967764761411927,0.00125313
00020857_008.png,Infiltration,0.21168419853340129,0.00118256
00020857_008.png,Infiltration,0.174384910619891,0.00116253
00020857_008.png,Infiltration,0.0,0.00102901
00020857_008.png,Cardiomegaly,0.07819015431818802,0.00101852
00028774_047.png,Cardiomegaly,0.2813849595265083,0.230469
00028774_047.png,Cardiomegaly,0.0,0.0811157
00028774_047.png,Atelectasis,0.0,0.0614319
00028774_047.png,Infiltration,0.0,0.059021
00028774_047.png,Infiltration,0.08621677484539553,0.0321045
00028774_047.png,Infiltration,0.020054959031008998,0.0295105
00028774_047.png,Effusion,0.0,0.0277252
00028774_047.png,Cardiomegaly,0.4646434976622301,0.0250397
00028774_047.png,Infiltration,0.0,0.0170288
00028774_047.png,Infiltration,0.0,0.0123901
00028774_047.png,Infiltration,0.15228381096773594,0.0101471
00028774_047.png,Infiltration,0.0,0.0096283
00028774_047.png,Cardiomegaly,0.14182116620407537,0.00743484
00028774_047.png,Infiltration,0.05562961801166277,0.00673294
00028774_047.png,Cardiomegaly,0.0,0.00635529
00028774_047.png,Infiltration,0.0,0.00567245
00028774_047.png,Infiltration,0.0,0.00558853
00028774_047.png,Mass,0.0,0.00515366
00028774_047.png,Cardiomegaly,0.6808058778492049,0.00508499
00028774_047.png,Infiltration,0.0,0.00482178
00028774_047.png,Infiltration,0.0,0.00362396
00028774_047.png,Cardiomegaly,0.0,0.0036068
00028774_047.png,Infiltration,0.0394281904799262,0.00341606
00028774_047.png,Cardiomegaly,0.0,0.00339699
00028774_047.png,Mass,0.0,0.00312042
00028774_047.png,Cardiomegaly,0.0,0.00305176
00028774_047.png,Infiltration,0.0,0.00304794
00028774_047.png,Infiltration,0.046614380432942124,0.0030365
00028774_047.png,Cardiomegaly,0.21022657828093808,0.00290871
00028774_047.png,Infiltration,0.0,0.00274086
00028774_047.png,Effusion,0.0,0.00266457
00028774_047.png,Infiltration,0.0,0.00259972
00028774_047.png,Infiltration,0.0,0.00257492
00028774_047.png,Infiltration,0.0,0.002491
00028774_047.png,Cardiomegaly,0.0,0.00246429
00028774_047.png,Infiltration,0.05255343411871476,0.00245094
00028774_047.png,Infiltration,0.03131552499079745,0.00235748
00028774_047.png,Cardiomegaly,0.30099963476067326,0.00234222
00028774_047.png,Atelectasis,0.0,0.00226974
00028774_047.png,Mass,0.0,0.00205612
00028774_047.png,Infiltration,0.0,0.00204277
00028774_047.png,Mass,0.0,0.00196075
00028774_047.png,Atelectasis,0.09214308590870522,0.00194645
00028774_047.png,Cardiomegaly,0.0,0.00186729
00028774_047.png,Cardiomegaly,0.0,0.00177574
00028774_047.png,Infiltration,0.08972294506511022,0.00174046
00028774_047.png,Infiltration,0.003928977467450374,0.00170135
00028774_047.png,Mass,0.0,0.00165462
00028774_047.png,Mass,0.0,0.00159645
00028774_047.png,Infiltration,0.047619409844979727,0.0015955
00028774_047.png,Cardiomegaly,0.017156131328831675,0.00158119
00028774_047.png,Cardiomegaly,0.40716755831517376,0.00143051
00028774_047.png,Infiltration,0.0,0.00142384
00028774_047.png,Cardiomegaly,0.7418285877150282,0.0013876
00028774_047.png,Infiltration,0.0,0.00134754
00028774_047.png,Infiltration,0.0,0.00133801
00028774_047.png,Cardiomegaly,0.002883537023935069,0.00130463
00028774_047.png,Cardiomegaly,0.0,0.00126839
00028774_047.png,Cardiomegaly,0.0,0.00126839
00028774_047.png,Infiltration,0.07846421028814513,0.00126648
00028774_047.png,Infiltration,0.0,0.00122833
00028774_047.png,Cardiomegaly,0.0,0.00120926
00028774_047.png,Infiltration,0.1629967041586737,0.00120735
00028774_047.png,Atelectasis,0.0,0.00118446
00028774_047.png,Cardiomegaly,0.0,0.00117779
00028774_047.png,Cardiomegaly,0.0,0.00116825
00028774_047.png,Infiltration,0.0,0.00114155
00028774_047.png,Atelectasis,0.27543510189974074,0.00110626
00028774_047.png,Infiltration,0.0,0.00108242
00028774_047.png,Mass,0.0,0.00106812
00028774_047.png,Effusion,0.0,0.00104141
00028774_047.png,Cardiomegaly,0.29642715980255135,0.0010376
00026398_000.png,Atelectasis,0.00013852765997022145,0.110291
00026398_000.png,Effusion,0.0,0.0297089
00026398_000.png,Effusion,0.0,0.0253448
00026398_000.png,Effusion,0.0,0.012085
00026398_000.png,Effusion,0.0,0.0115204
00026398_000.png,Atelectasis,0.0,0.00708771
00026398_000.png,Effusion,0.0,0.00511932
00026398_000.png,Infiltration,0.0,0.00387192
00026398_000.png,Infiltration,0.0,0.00317955
00026398_000.png,Effusion,0.0,0.00272942
00026398_000.png,Effusion,0.0,0.00247955
00026398_000.png,Effusion,0.0,0.00239182
00026398_000.png,Effusion,0.0032850852854087614,0.00225067
00026398_000.png,Infiltration,0.0,0.00218201
00026398_000.png,Effusion,0.0,0.00181961
00026398_000.png,Mass,0.0,0.00179291
00026398_000.png,Infiltration,0.0,0.00170994
00026398_000.png,Mass,0.0,0.0016861
00026398_000.png,Effusion,0.0,0.00149918
00026398_000.png,Mass,0.0032850852854087614,0.00135231
00026398_000.png,Mass,0.0,0.00132561
00026398_000.png,Infiltration,0.0,0.0012579
00026398_000.png,Mass,0.0,0.00121689
00026398_000.png,Infiltration,0.0011258493631334913,0.00118351
00026398_000.png,Effusion,0.0,0.00110435
00026398_000.png,Cardiomegaly,0.0032850852854087614,0.00109863
00026398_000.png,Effusion,0.0,0.00106716
00026398_000.png,Mass,0.0,0.00105953
00026398_000.png,Cardiomegaly,0.0,0.00103855
00028330_003.png,Effusion,0.6188543381790014,0.124878
00028330_003.png,Effusion,0.3982628400135005,0.0938721
00028330_003.png,Infiltration,0.0,0.0343323
00028330_003.png,Effusion,0.0,0.0270538
00028330_003.png,Infiltration,0.0,0.0265656
00028330_003.png,Effusion,0.27381221563590874,0.0195007
00028330_003.png,Infiltration,0.0,0.0188293
00028330_003.png,Effusion,0.0,0.0176849
00028330_003.png,Effusion,0.0,0.0174713
00028330_003.png,Infiltration,0.0,0.0116882
00028330_003.png,Atelectasis,0.0,0.0102921
00028330_003.png,Effusion,0.7471575581940733,0.00965881
00028330_003.png,Mass,0.219185434414089,0.00886536
00028330_003.png,Infiltration,0.0,0.00841522
00028330_003.png,Infiltration,0.7033271273437514,0.0066452
00028330_003.png,Effusion,0.0,0.00519943
00028330_003.png,Mass,0.0,0.00491333
00028330_003.png,Effusion,0.4440415647976457,0.00456619
00028330_003.png,Infiltration,0.0,0.00428772
00028330_003.png,Infiltration,0.0,0.00408173
00028330_003.png,Atelectasis,0.03368133494775749,0.00388145
00028330_003.png,Infiltration,0.0,0.00341415
00028330_003.png,Cardiomegaly,0.0,0.00300407
00028330_003.png,Cardiomegaly,0.17225959043413164,0.00268745
00028330_003.png,Infiltration,0.0,0.00258827
00028330_003.png,Effusion,0.0,0.00258446
00028330_003.png,Mass,0.0,0.00246048
00028330_003.png,Cardiomegaly,0.0,0.00209427
00028330_003.png,Mass,0.0,0.00208855
00028330_003.png,Infiltration,0.0,0.00206566
00028330_003.png,Mass,0.0,0.00201607
00028330_003.png,Mass,0.0,0.00164127
00028330_003.png,Infiltration,0.0,0.00161934
00028330_003.png,Infiltration,0.4301028785156263,0.00150299
00028330_003.png,Infiltration,0.0,0.00149918
00028330_003.png,Infiltration,0.0,0.00133991
00028330_003.png,Infiltration,0.0,0.00133133
00028330_003.png,Effusion,0.0,0.00114727
00028330_003.png,Mass,0.0,0.00109673
00028330_003.png,Mass,0.0,0.00108528
00028330_003.png,Cardiomegaly,0.12342458606404548,0.00104713
00029579_014.png,Cardiomegaly,0.0,0.280029
00029579_014.png,Cardiomegaly,0.008927083928734392,0.146729
00029579_014.png,Cardiomegaly,0.0,0.0838623
00029579_014.png,Infiltration,0.0,0.0560303
00029579_014.png,Infiltration,0.0,0.0550537
00029579_014.png,Mass,0.0,0.0509644
00029579_014.png,Infiltration,0.0,0.0371704
00029579_014.png,Infiltration,0.0,0.0306396
00029579_014.png,Cardiomegaly,0.0,0.0164795
00029579_014.png,Infiltration,0.0,0.0160828
00029579_014.png,Cardiomegaly,0.06305464129949973,0.0154495
00029579_014.png,Cardiomegaly,0.08731319986416985,0.013298
00029579_014.png,Atelectasis,0.0,0.0117645
00029579_014.png,Infiltration,0.13083045979000854,0.0117264
00029579_014.png,Infiltration,0.02403425345873059,0.0112305
00029579_014.png,Cardiomegaly,0.0,0.0104294
00029579_014.png,Cardiomegaly,0.13083045979000854,0.01017
00029579_014.png,Cardiomegaly,0.08867032447545789,0.00870514
00029579_014.png,Infiltration,0.0,0.00863647
00029579_014.png,Cardiomegaly,0.0,0.00822449
00029579_014.png,Infiltration,0.0,0.00772476
00029579_014.png,Cardiomegaly,0.0,0.00767517
00029579_014.png,Infiltration,0.0,0.00632858
00029579_014.png,Infiltration,0.0,0.00604248
00029579_014.png,Infiltration,0.0,0.00547409
00029579_014.png,Cardiomegaly,0.037122754787354814,0.00540161
00029579_014.png,Cardiomegaly,0.0,0.00518799
00029579_014.png,Infiltration,0.0,0.00517654
00029579_014.png,Mass,0.0,0.0050354
00029579_014.png,Cardiomegaly,0.0,0.00494385
00029579_014.png,Cardiomegaly,0.0,0.00415039
00029579_014.png,Infiltration,0.0,0.0039711
00029579_014.png,Infiltration,0.0,0.00393677
00029579_014.png,Cardiomegaly,0.0,0.00382996
00029579_014.png,Mass,0.0,0.00366211
00029579_014.png,Cardiomegaly,0.0,0.00339317
00029579_014.png,Mass,0.0,0.00329018
00029579_014.png,Infiltration,0.0,0.00317574
00029579_014.png,Infiltration,0.0,0.00313377
00029579_014.png,Infiltration,0.0,0.00307465
00029579_014.png,Infiltration,0.0,0.00305939
00029579_014.png,Infiltration,0.0,0.00302887
00029579_014.png,Cardiomegaly,0.0,0.0029583
00029579_014.png,Mass,0.0,0.00294304
00029579_014.png,Infiltration,0.0,0.00273514
00029579_014.png,Effusion,0.0,0.00273323
00029579_014.png,Infiltration,0.0,0.00266075
00029579_014.png,Cardiomegaly,0.0,0.00265884
00029579_014.png,Infiltration,0.0,0.00254631
00029579_014.png,Infiltration,0.0,0.0024128
00029579_014.png,Infiltration,0.0,0.00239372
00029579_014.png,Cardiomegaly,0.17521428866317992,0.00212288
00029579_014.png,Cardiomegaly,0.0,0.00207138
00029579_014.png,Infiltration,0.057909930514237824,0.00181484
00029579_014.png,Cardiomegaly,0.08650490311715636,0.00179482
00029579_014.png,Mass,0.0,0.0017662
00029579_014.png,Cardiomegaly,0.0,0.00175476
00029579_014.png,Infiltration,0.0,0.00165462
00029579_014.png,Mass,0.0,0.00163269
00029579_014.png,Atelectasis,0.0,0.00161266
00029579_014.png,Cardiomegaly,0.16954354571787647,0.00153732
00029579_014.png,Cardiomegaly,0.0,0.0014782
00029579_014.png,Infiltration,0.0,0.00141907
00029579_014.png,Infiltration,0.0,0.00137711
00029579_014.png,Infiltration,0.0,0.00135517
00029579_014.png,Infiltration,0.0,0.00132561
00029579_014.png,Cardiomegaly,0.0,0.00131893
00029579_014.png,Infiltration,0.0,0.00129414
00029579_014.png,Infiltration,0.0,0.00129128
00029579_014.png,Cardiomegaly,0.0,0.00128841
00029579_014.png,Cardiomegaly,0.0,0.00127029
00029579_014.png,Infiltration,0.0,0.0012331
00029579_014.png,Mass,0.0,0.00123024
00029579_014.png,Cardiomegaly,0.0,0.00122833
00029579_014.png,Cardiomegaly,0.10183454404690676,0.00121689
00029579_014.png,Cardiomegaly,0.0,0.00116253
00029579_014.png,Infiltration,0.0,0.0011301
00029579_014.png,Cardiomegaly,0.0,0.00110531
00029579_014.png,Infiltration,0.0,0.001091
00029579_014.png,Cardiomegaly,0.0,0.00103951
00029579_014.png,Cardiomegaly,0.0,0.00102901
00029579_014.png,Cardiomegaly,0.0,0.00102615
00029579_014.png,Mass,0.0,0.00100708
00026886_002.png,Mass,0.0,0.0670166
00026886_002.png,Infiltration,0.0,0.0434265
00026886_002.png,Mass,0.0,0.0371704
00026886_002.png,Mass,0.7977225716797495,0.0324402
00026886_002.png,Mass,0.1675309952503877,0.0250092
00026886_002.png,Infiltration,0.0,0.0223236
00026886_002.png,Effusion,0.0,0.021637
00026886_002.png,Atelectasis,0.0,0.015274
00026886_002.png,Mass,0.24050615346540408,0.0144882
00026886_002.png,Mass,0.4615572297876368,0.0137024
00026886_002.png,Infiltration,0.0,0.0133209
00026886_002.png,Infiltration,0.0,0.0105057
00026886_002.png,Mass,0.37761125294274234,0.00932312
00026886_002.png,Mass,0.12096812153259363,0.00891113
00026886_002.png,Mass,0.043543097375319605,0.00728989
00026886_002.png,Cardiomegaly,0.0,0.00712967
00026886_002.png,Mass,0.0,0.00666809
00026886_002.png,Mass,0.045700449110032626,0.0063858
00026886_002.png,Mass,0.6106134062778634,0.00492477
00026886_002.png,Mass,0.02359141693672873,0.00479126
00026886_002.png,Mass,0.047937855139101725,0.00472641
00026886_002.png,Mass,0.0,0.00444794
00026886_002.png,Mass,0.5153082615150056,0.00412369
00026886_002.png,Mass,0.6634232297750069,0.00396729
00026886_002.png,Mass,0.0,0.00394821
00026886_002.png,Infiltration,0.0,0.00381088
00026886_002.png,Mass,0.4593368841483283,0.0037632
00026886_002.png,Effusion,0.0,0.00334167
00026886_002.png,Mass,0.3942253220305136,0.00313568
00026886_002.png,Mass,0.3942150025057403,0.00313377
00026886_002.png,Infiltration,0.1034231574786653,0.00307083
00026886_002.png,Mass,0.0,0.00301933
00026886_002.png,Mass,0.25460503319397565,0.00294113
00026886_002.png,Mass,0.36228678171992545,0.00268745
00026886_002.png,Mass,0.043958430554310306,0.00268173
00026886_002.png,Infiltration,0.04898541855842421,0.0026741
00026886_002.png,Cardiomegaly,0.6610697114887572,0.0023365
00026886_002.png,Cardiomegaly,0.04431791860258095,0.00217819
00026886_002.png,Effusion,0.0,0.00212288
00026886_002.png,Effusion,0.006574579576976432,0.00198174
00026886_002.png,Infiltration,0.0,0.00191116
00026886_002.png,Infiltration,0.0,0.0018158
00026886_002.png,Infiltration,0.3942253220305136,0.00177574
00026886_002.png,Cardiomegaly,0.0,0.00176525
00026886_002.png,Infiltration,0.0,0.00167179
00026886_002.png,Mass,0.05277503915820002,0.001647
00026886_002.png,Mass,0.04836257159732481,0.00163937
00026886_002.png,Cardiomegaly,0.0,0.00163269
00026886_002.png,Mass,0.0,0.0015974
00026886_002.png,Cardiomegaly,0.0,0.00158596
00026886_002.png,Infiltration,0.04239599856204624,0.00154877
00026886_002.png,Infiltration,0.0,0.00153637
00026886_002.png,Mass,0.0,0.00142002
00026886_002.png,Mass,0.007781069989822751,0.00141048
00026886_002.png,Infiltration,0.12395698733376848,0.0013895
00026886_002.png,Mass,0.20776459035173236,0.00138474
00026886_002.png,Cardiomegaly,0.0,0.00136185
00026886_002.png,Effusion,0.009075363504018111,0.00131702
00026886_002.png,Infiltration,0.0,0.00130939
00026886_002.png,Mass,0.0,0.00122547
00026886_002.png,Atelectasis,0.18694819117490458,0.00120926
00026886_002.png,Mass,0.14918527040792268,0.00115299
00026886_002.png,Cardiomegaly,0.0,0.00109005
00026886_002.png,Mass,0.0,0.00107098
00026886_002.png,Infiltration,0.0,0.00106621
00026886_002.png,Mass,0.13510167017084132,0.00105858
00026886_002.png,Mass,0.0,0.00103855
00026886_002.png,Mass,0.02740356587153526,0.00103664
00026886_002.png,Mass,0.0726028047748226,0.00103378
00026886_002.png,Cardiomegaly,0.0,0.00101376
00025686_000.png,Cardiomegaly,0.25214187323017506,0.0847778
00025686_000.png,Infiltration,0.6277152828004648,0.0515442
00025686_000.png,Infiltration,0.29122345171359676,0.0377502
00025686_000.png,Infiltration,0.2087297262367845,0.0282135
00025686_000.png,Cardiomegaly,0.29122345171359676,0.0268555
00025686_000.png,Cardiomegaly,0.7727810120387252,0.0242615
00025686_000.png,Mass,0.0,0.0226288
00025686_000.png,Infiltration,0.3106461738844299,0.0214844
00025686_000.png,Infiltration,0.0,0.0214844
00025686_000.png,Cardiomegaly,0.5101262716211921,0.0214386
00025686_000.png,Infiltration,0.8908025246919529,0.020462
00025686_000.png,Infiltration,0.0,0.0174255
00025686_000.png,Cardiomegaly,0.30292215939089984,0.0161133
00025686_000.png,Cardiomegaly,0.5261347334414856,0.0156174
00025686_000.png,Cardiomegaly,0.07839775175420613,0.0152512
00025686_000.png,Effusion,0.0,0.0141296
00025686_000.png,Infiltration,0.31618505040221045,0.0139542
00025686_000.png,Cardiomegaly,0.10765887549322489,0.0130386
00025686_000.png,Cardiomegaly,0.39769744457105727,0.0128098
00025686_000.png,Infiltration,0.44531771325230546,0.00908661
00025686_000.png,Mass,0.0,0.00793457
00025686_000.png,Mass,0.0,0.00676346
00025686_000.png,Cardiomegaly,0.664382588293392,0.0067482
00025686_000.png,Mass,0.0,0.00606537
00025686_000.png,Cardiomegaly,0.18699969840311534,0.00517273
00025686_000.png,Effusion,0.0,0.00510788
00025686_000.png,Cardiomegaly,0.29832813789189855,0.00484085
00025686_000.png,Infiltration,0.0,0.00421143
00025686_000.png,Cardiomegaly,0.3859921846960387,0.00421143
00025686_000.png,Infiltration,0.0,0.00415802
00025686_000.png,Mass,0.0,0.00401306
00025686_000.png,Infiltration,0.0,0.0037117
00025686_000.png,Cardiomegaly,0.11454443504349716,0.00364494
00025686_000.png,Infiltration,0.0,0.00361824
00025686_000.png,Cardiomegaly,0.23033896469700177,0.00352669
00025686_000.png,Mass,0.0,0.00309372
00025686_000.png,Infiltration,0.0,0.00296783
00025686_000.png,Infiltration,0.1911729059452235,0.00291252
00025686_000.png,Infiltration,0.5787928825207418,0.00287819
00025686_000.png,Infiltration,0.23033896469700177,0.00275612
00025686_000.png,Effusion,0.0,0.00266457
00025686_000.png,Cardiomegaly,0.1515864878126122,0.00229645
00025686_000.png,Effusion,0.0,0.00229073
00025686_000.png,Infiltration,0.22238480895668838,0.00219917
00025686_000.png,Mass,0.0,0.00215149
00025686_000.png,Cardiomegaly,0.13384207976888118,0.00206566
00025686_000.png,Effusion,0.0,0.00196075
00025686_000.png,Effusion,0.0,0.00195122
00025686_000.png,Cardiomegaly,0.05915791581338502,0.00182152
00025686_000.png,Cardiomegaly,0.0,0.00176048
00025686_000.png,Infiltration,0.44423623711353355,0.00173473
00025686_000.png,Cardiomegaly,0.0852988121264517,0.0017128
00025686_000.png,Infiltration,0.0,0.0016346
00025686_000.png,Effusion,0.0,0.0016346
00025686_000.png,Effusion,0.0,0.00155926
00025686_000.png,Cardiomegaly,0.20432112361472388,0.00153637
00025686_000.png,Cardiomegaly,0.61891990582402,0.0015192
00025686_000.png,Effusion,0.0,0.00146008
00025686_000.png,Cardiomegaly,0.12038095271768785,0.00143719
00025686_000.png,Infiltration,0.0,0.00139332
00025686_000.png,Infiltration,0.6601040927428703,0.00137806
00025686_000.png,Cardiomegaly,0.0,0.00129414
00025686_000.png,Infiltration,0.0,0.00125694
00025686_000.png,Cardiomegaly,0.2661681849293512,0.00122833
00025686_000.png,Infiltration,0.43122460613040886,0.00115871
00025686_000.png,Cardiomegaly,0.2959068339066857,0.00112629
00025686_000.png,Infiltration,0.16080721492956399,0.00111389
00025686_000.png,Effusion,0.0,0.00104141
00025686_000.png,Cardiomegaly,0.15267331803249656,0.00102329
00025686_000.png,Atelectasis,0.24824225407496223,0.00100517
00025686_000.png,Effusion,0.0,0.00100422
00013125_000.png,Atelectasis,0.8382725992893001,0.365723
00013125_000.png,Infiltration,0.07720455846823572,0.071106
00013125_000.png,Cardiomegaly,0.0,0.0465088
00013125_000.png,Cardiomegaly,0.08979399140241238,0.0440674
00013125_000.png,Cardiomegaly,0.05564470576364628,0.0405579
00013125_000.png,Cardiomegaly,0.0,0.0370483
00013125_000.png,Infiltration,0.18561698386341077,0.0324402
00013125_000.png,Cardiomegaly,0.05439846344166159,0.0321655
00013125_000.png,Cardiomegaly,0.15389992844810654,0.0274658
00013125_000.png,Infiltration,0.05249591811655282,0.0203552
00013125_000.png,Infiltration,0.285548154890731,0.0198669
00013125_000.png,Effusion,0.0057088141179489574,0.0169067
00013125_000.png,Infiltration,0.15651757016641737,0.0161591
00013125_000.png,Infiltration,0.5991271985167551,0.0158997
00013125_000.png,Effusion,0.08304579568729248,0.0124969
00013125_000.png,Cardiomegaly,0.10383907073921558,0.0098114
00013125_000.png,Effusion,0.03297452053730239,0.00852203
00013125_000.png,Cardiomegaly,0.08082779713489113,0.00850677
00013125_000.png,Infiltration,0.08304579568729248,0.00827026
00013125_000.png,Cardiomegaly,0.07270755339500738,0.00681686
00013125_000.png,Infiltration,0.3996669618110169,0.00562286
00013125_000.png,Atelectasis,0.4805832370930736,0.00554657
00013125_000.png,Infiltration,0.1238674181801734,0.00543594
00013125_000.png,Infiltration,0.4582175593958822,0.00441742
00013125_000.png,Infiltration,0.02436784612917872,0.00386047
00013125_000.png,Cardiomegaly,0.0,0.00377846
00013125_000.png,Cardiomegaly,0.1238674181801734,0.00367355
00013125_000.png,Infiltration,0.36278980143584283,0.00338745
00013125_000.png,Cardiomegaly,2.529171195453423e-05,0.00333786
00013125_000.png,Infiltration,0.030229205477061958,0.00326729
00013125_000.png,Effusion,0.044781577210432834,0.00320244
00013125_000.png,Atelectasis,0.3693287081321072,0.00310516
00013125_000.png,Infiltration,0.22596850209458705,0.00300026
00013125_000.png,Cardiomegaly,0.11377419831803652,0.00273895
00013125_000.png,Cardiomegaly,0.07539206147833345,0.00271606
00013125_000.png,Cardiomegaly,0.18433438044014316,0.0025692
00013125_000.png,Infiltration,0.8382725992893001,0.0025425
00013125_000.png,Cardiomegaly,0.015585096974960121,0.00252914
00013125_000.png,Cardiomegaly,0.034977091815314186,0.00247002
00013125_000.png,Mass,0.0,0.00217438
00013125_000.png,Infiltration,0.012288551040083534,0.00212288
00013125_000.png,Effusion,0.7653473821834441,0.00204277
00013125_000.png,Infiltration,0.0,0.00183201
00013125_000.png,Cardiomegaly,0.0,0.00182724
00013125_000.png,Cardiomegaly,0.08343110374920946,0.00178719
00013125_000.png,Cardiomegaly,0.08209383840113577,0.00174141
00013125_000.png,Cardiomegaly,0.16279869419257992,0.00170898
00013125_000.png,Cardiomegaly,0.05841689086685228,0.001688
00013125_000.png,Cardiomegaly,0.17453115840925043,0.00161362
00013125_000.png,Infiltration,0.027298570281690915,0.00150776
00013125_000.png,Infiltration,0.17399856911193487,0.00147629
00013125_000.png,Mass,0.07539206147833345,0.00146484
00013125_000.png,Infiltration,0.09673026490849966,0.00144863
00013125_000.png,Infiltration,0.0,0.00144291
00013125_000.png,Infiltration,0.14615294439287188,0.00143242
00013125_000.png,Infiltration,0.02170453878915805,0.00142574
00013125_000.png,Cardiomegaly,0.06444688670510229,0.00139332
00013125_000.png,Infiltration,0.47291603791484416,0.00135326
00013125_000.png,Mass,0.7653473821834441,0.00129318
00013125_000.png,Effusion,0.07720455846823572,0.00126553
00013125_000.png,Cardiomegaly,0.09741766417495301,0.00125408
00013125_000.png,Effusion,0.0,0.00119972
00013125_000.png,Cardiomegaly,0.051501185115027784,0.00116634
00013125_000.png,Cardiomegaly,0.028942615606241937,0.00113487
00013125_000.png,Cardiomegaly,0.06123316542570309,0.0011034
00013125_000.png,Infiltration,0.19587560756264089,0.00109768
00013125_000.png,Infiltration,0.2830981753586025,0.00108337
00013125_000.png,Infiltration,0.06867310956905398,0.00106716
00013125_000.png,Cardiomegaly,0.04035896280281164,0.00103378
00013125_000.png,Infiltration,0.010550194607550474,0.00103283
00013125_000.png,Edema,0.7653473821834441,0.00102234
00013125_000.png,Infiltration,0.2909523531220672,0.00101566
00013125_000.png,Atelectasis,0.5651848628645993,0.00100899
00017199_005.png,Atelectasis,0.0,0.161255
00017199_005.png,Infiltration,0.35767106406101684,0.0881348
00017199_005.png,Effusion,0.0,0.0792236
00017199_005.png,Infiltration,0.6760684999438255,0.0720825
00017199_005.png,Effusion,0.7995450775193806,0.0577087
00017199_005.png,Effusion,0.0,0.0178833
00017199_005.png,Mass,0.0,0.00831604
00017199_005.png,Effusion,0.0,0.00786591
00017199_005.png,Infiltration,0.41274546119462574,0.00596619
00017199_005.png,Infiltration,0.0,0.00428009
00017199_005.png,Effusion,0.0,0.00403595
00017199_005.png,Effusion,0.0,0.00308609
00017199_005.png,Effusion,0.0,0.00279999
00017199_005.png,Infiltration,0.0,0.00266075
00017199_005.png,Infiltration,0.0,0.0022316
00017199_005.png,Effusion,0.0,0.0021553
00017199_005.png,Mass,0.0,0.00211334
00017199_005.png,Infiltration,0.12164074601963779,0.00202751
00017199_005.png,Effusion,0.0,0.00201988
00017199_005.png,Mass,0.0,0.0018816
00017199_005.png,Infiltration,0.0,0.00181961
00017199_005.png,Mass,0.0,0.00181103
00017199_005.png,Effusion,0.0,0.00180626
00017199_005.png,Infiltration,0.0,0.00168133
00017199_005.png,Effusion,0.0,0.00164127
00017199_005.png,Infiltration,0.0,0.00155354
00017199_005.png,Cardiomegaly,0.0,0.00144386
00017199_005.png,Atelectasis,0.0,0.00142765
00017199_005.png,Infiltration,0.6745752459815039,0.00135708
00017199_005.png,Infiltration,0.0,0.00133419
00017199_005.png,Cardiomegaly,0.0,0.00128269
00017199_005.png,Mass,0.0,0.00127029
00017199_005.png,Effusion,0.0,0.00126076
00017199_005.png,Infiltration,0.0,0.00122547
00017199_005.png,Effusion,0.0,0.0012064
00017199_005.png,Infiltration,0.0,0.00101185
00012094_047.png,Cardiomegaly,0.0,0.074707
00012094_047.png,Infiltration,0.0,0.0671387
00012094_047.png,Mass,0.19577431838150117,0.035614
00012094_047.png,Cardiomegaly,0.0,0.0348206
00012094_047.png,Mass,0.0,0.0109482
00012094_047.png,Cardiomegaly,0.0,0.00634766
00012094_047.png,Effusion,0.0,0.00617218
00012094_047.png,Effusion,0.0,0.00510788
00012094_047.png,Cardiomegaly,0.19721722086314133,0.00375748
00012094_047.png,Cardiomegaly,0.0,0.00365257
00012094_047.png,Cardiomegaly,0.0,0.00297928
00012094_047.png,Infiltration,0.4206798392859158,0.00263596
00012094_047.png,Mass,0.36378901269500447,0.00261497
00012094_047.png,Infiltration,0.0,0.00259399
00012094_047.png,Infiltration,0.0,0.00251961
00012094_047.png,Atelectasis,0.0,0.00246811
00012094_047.png,Effusion,0.0,0.00230408
00012094_047.png,Mass,0.2512453220437458,0.00230408
00012094_047.png,Cardiomegaly,0.0,0.00206566
00012094_047.png,Cardiomegaly,0.0,0.00186062
00012094_047.png,Cardiomegaly,0.0,0.00177097
00012094_047.png,Cardiomegaly,0.0,0.00175095
00012094_047.png,Infiltration,0.0,0.00174618
00012094_047.png,Atelectasis,0.0,0.00165749
00012094_047.png,Infiltration,0.2506833379721979,0.0015583
00012094_047.png,Infiltration,0.0,0.00151825
00012094_047.png,Cardiomegaly,0.0,0.00137806
00012094_047.png,Mass,0.39179153435784814,0.00126743
00012094_047.png,Mass,0.0,0.0011816
00012094_047.png,Infiltration,0.0,0.00107193
00012094_047.png,Cardiomegaly,0.0,0.00102234
00001320_003.png,Infiltration,0.4723936854193068,0.253662
00001320_003.png,Cardiomegaly,0.0,0.120361
00001320_003.png,Atelectasis,0.0,0.0999756
00001320_003.png,Infiltration,0.30171659947880386,0.0455322
00001320_003.png,Effusion,0.0,0.013176
00001320_003.png,Cardiomegaly,0.10272451985508009,0.010704
00001320_003.png,Mass,0.0,0.00993347
00001320_003.png,Infiltration,0.2216677065999317,0.00939941
00001320_003.png,Cardiomegaly,0.0,0.00935364
00001320_003.png,Infiltration,0.0,0.00694275
00001320_003.png,Cardiomegaly,0.0,0.00683975
00001320_003.png,Effusion,0.0,0.00642395
00001320_003.png,Cardiomegaly,0.0,0.00628662
00001320_003.png,Infiltration,0.2725337233029307,0.00616074
00001320_003.png,Cardiomegaly,0.0,0.00604248
00001320_003.png,Effusion,0.0,0.00553131
00001320_003.png,Cardiomegaly,0.0,0.00549316
00001320_003.png,Cardiomegaly,0.0,0.00517273
00001320_003.png,Atelectasis,0.0,0.00452042
00001320_003.png,Cardiomegaly,0.0,0.00438309
00001320_003.png,Cardiomegaly,0.0,0.00399017
00001320_003.png,Effusion,0.0,0.00395584
00001320_003.png,Effusion,0.0,0.00383186
00001320_003.png,Infiltration,0.6256175132218061,0.00377846
00001320_003.png,Effusion,0.0,0.00374031
00001320_003.png,Effusion,0.0,0.0032692
00001320_003.png,Cardiomegaly,0.0356432963276021,0.00321579
00001320_003.png,Mass,0.0,0.00317001
00001320_003.png,Cardiomegaly,0.0,0.00293541
00001320_003.png,Atelectasis,0.0,0.00288773
00001320_003.png,Infiltration,0.07527722029544903,0.00288391
00001320_003.png,Infiltration,0.0,0.00283241
00001320_003.png,Cardiomegaly,0.0,0.00279999
00001320_003.png,Effusion,0.0,0.0027771
00001320_003.png,Cardiomegaly,0.0,0.00255775
00001320_003.png,Cardiomegaly,0.0,0.00228119
00001320_003.png,Infiltration,0.0,0.00223732
00001320_003.png,Cardiomegaly,0.0,0.00217819
00001320_003.png,Effusion,0.08682330043018205,0.0021019
00001320_003.png,Effusion,0.0,0.0019722
00001320_003.png,Effusion,0.0,0.00196266
00001320_003.png,Infiltration,0.0,0.00162125
00001320_003.png,Cardiomegaly,0.0,0.00160408
00001320_003.png,Infiltration,0.0,0.00158596
00001320_003.png,Cardiomegaly,0.0,0.0014782
00001320_003.png,Cardiomegaly,0.0,0.00145531
00001320_003.png,Cardiomegaly,0.0,0.00140953
00001320_003.png,Infiltration,0.08682330043018205,0.00140095
00001320_003.png,Cardiomegaly,0.25496522974405655,0.00139809
00001320_003.png,Effusion,0.0,0.00138569
00001320_003.png,Cardiomegaly,0.0,0.00132656
00001320_003.png,Cardiomegaly,0.0,0.001297
00001320_003.png,Cardiomegaly,0.0,0.00128555
00001320_003.png,Infiltration,0.0,0.0012722
00001320_003.png,Cardiomegaly,0.11496073365902945,0.00125408
00001320_003.png,Cardiomegaly,0.0,0.00122738
00001320_003.png,Cardiomegaly,0.09431940863913468,0.00120735
00001320_003.png,Infiltration,0.049238820050752544,0.00118637
00001320_003.png,Infiltration,0.0,0.00117779
00001320_003.png,Cardiomegaly,0.0,0.00114918
00001320_003.png,Infiltration,0.14196073155209854,0.00114727
00001320_003.png,Effusion,0.0,0.0011425
00001320_003.png,Infiltration,0.12655085262058535,0.00113487
00001320_003.png,Effusion,0.0,0.00111866
00001320_003.png,Cardiomegaly,0.0,0.00108147
00001320_003.png,Effusion,0.0,0.00106621
00001320_003.png,Effusion,0.0,0.00103951
00001320_003.png,Effusion,0.0,0.00103378
00001320_003.png,Infiltration,0.0,0.00101852
00001320_003.png,Cardiomegaly,0.0,0.00100517
00028628_008.png,Cardiomegaly,0.0,0.397949
00028628_008.png,Cardiomegaly,0.0,0.30127
00028628_008.png,Cardiomegaly,0.16915605786441743,0.277344
00028628_008.png,Cardiomegaly,0.0,0.224365
00028628_008.png,Cardiomegaly,0.0,0.0906372
00028628_008.png,Cardiomegaly,0.0,0.0866699
00028628_008.png,Cardiomegaly,0.6922519271287504,0.0646973
00028628_008.png,Infiltration,0.0,0.0527649
00028628_008.png,Cardiomegaly,0.004129704046739399,0.0516968
00028628_008.png,Cardiomegaly,0.3703383994557376,0.0489807
00028628_008.png,Infiltration,0.0,0.0407715
00028628_008.png,Cardiomegaly,0.06765704907494076,0.0397339
00028628_008.png,Cardiomegaly,0.0,0.0323486
00028628_008.png,Atelectasis,0.00937507939928182,0.0299683
00028628_008.png,Cardiomegaly,0.0,0.0273132
00028628_008.png,Cardiomegaly,0.17783317809487545,0.0271759
00028628_008.png,Infiltration,0.0,0.0267029
00028628_008.png,Cardiomegaly,0.0,0.0226746
00028628_008.png,Infiltration,0.0,0.0220337
00028628_008.png,Cardiomegaly,0.2718378642109468,0.0158844
00028628_008.png,Cardiomegaly,0.5623259996962481,0.0154953
00028628_008.png,Cardiomegaly,0.0,0.014534
00028628_008.png,Infiltration,0.0,0.0129623
00028628_008.png,Cardiomegaly,0.025807097278270325,0.00907898
00028628_008.png,Cardiomegaly,0.0,0.00874329
00028628_008.png,Cardiomegaly,0.2552801707347698,0.0080719
00028628_008.png,Cardiomegaly,0.0,0.00693893
00028628_008.png,Cardiomegaly,0.0,0.00689316
00028628_008.png,Infiltration,0.013925879173486068,0.00684738
00028628_008.png,Cardiomegaly,0.0,0.00618744
00028628_008.png,Infiltration,0.0,0.00542068
00028628_008.png,Cardiomegaly,0.0,0.00537109
00028628_008.png,Cardiomegaly,0.0,0.0052681
00028628_008.png,Cardiomegaly,0.0,0.00498199
00028628_008.png,Cardiomegaly,0.0,0.00477982
00028628_008.png,Cardiomegaly,0.0,0.00474167
00028628_008.png,Cardiomegaly,0.0,0.00471497
00028628_008.png,Effusion,0.0,0.0045433
00028628_008.png,Infiltration,0.0,0.00445938
00028628_008.png,Infiltration,0.05532885548689988,0.00395966
00028628_008.png,Infiltration,0.0,0.00391006
00028628_008.png,Cardiomegaly,0.0,0.00388336
00028628_008.png,Cardiomegaly,0.1734419187028385,0.003685
00028628_008.png,Infiltration,0.0,0.00368309
00028628_008.png,Atelectasis,0.0,0.00328827
00028628_008.png,Cardiomegaly,0.0,0.00290298
00028628_008.png,Cardiomegaly,0.23634629492006157,0.00279808
00028628_008.png,Infiltration,0.0,0.00255203
00028628_008.png,Effusion,0.0,0.00252914
00028628_008.png,Cardiomegaly,0.0021172667812501037,0.00248337
00028628_008.png,Cardiomegaly,0.1421827941197889,0.00244713
00028628_008.png,Infiltration,0.0,0.00239372
00028628_008.png,Infiltration,0.00937507939928182,0.00235558
00028628_008.png,Infiltration,0.0,0.00227356
00028628_008.png,Effusion,0.0,0.00219345
00028628_008.png,Atelectasis,0.030957207722723333,0.0021801
00028628_008.png,Cardiomegaly,0.0,0.00217247
00028628_008.png,Infiltration,0.0,0.00214577
00028628_008.png,Cardiomegaly,0.606988963804197,0.00205803
00028628_008.png,Infiltration,0.0,0.00202751
00028628_008.png,Cardiomegaly,0.0,0.001894
00028628_008.png,Cardiomegaly,0.0,0.00188923
00028628_008.png,Cardiomegaly,0.0,0.00186539
00028628_008.png,Cardiomegaly,0.0,0.0017395
00028628_008.png,Mass,0.0,0.00170326
00028628_008.png,Cardiomegaly,0.0,0.00159931
00028628_008.png,Infiltration,0.0,0.00157738
00028628_008.png,Cardiomegaly,0.07993957063168206,0.00148869
00028628_008.png,Infiltration,0.0,0.00147152
00028628_008.png,Infiltration,0.0,0.00138092
00028628_008.png,Infiltration,0.0,0.00127411
00028628_008.png,Atelectasis,0.1475893350319644,0.00126553
00028628_008.png,Mass,0.0,0.00124836
00028628_008.png,Cardiomegaly,0.43798183507354177,0.00120163
00028628_008.png,Cardiomegaly,0.0,0.00113583
00028628_008.png,Infiltration,0.025807097278270325,0.00108051
00028628_008.png,Effusion,0.0,0.00106049
00028628_008.png,Infiltration,0.0,0.00103569
00028628_008.png,Atelectasis,0.0,0.00100327
00028628_008.png,Effusion,0.0,0.00100231
00011322_002.png,Atelectasis,0.7684396081390915,0.558594
00011322_002.png,Effusion,0.0031689069767017793,0.0241852
00011322_002.png,Effusion,0.010441619976337115,0.015007
00011322_002.png,Effusion,0.0,0.0140381
00011322_002.png,Cardiomegaly,0.07501842234015503,0.0120163
00011322_002.png,Effusion,0.0012438687940564933,0.0119247
00011322_002.png,Infiltration,0.051754176975459074,0.0115891
00011322_002.png,Infiltration,0.0,0.0102539
00011322_002.png,Cardiomegaly,0.028472437666298638,0.00988007
00011322_002.png,Mass,0.0,0.00727463
00011322_002.png,Infiltration,0.08437156952962632,0.00659561
00011322_002.png,Effusion,0.7322964159864471,0.00570679
00011322_002.png,Infiltration,0.7322964159864471,0.0054512
00011322_002.png,Infiltration,0.0035884712123803487,0.00523758
00011322_002.png,Mass,0.7322964159864471,0.00364304
00011322_002.png,Cardiomegaly,0.13351887471150375,0.00335884
00011322_002.png,Effusion,0.021085551633521805,0.00324249
00011322_002.png,Effusion,0.0,0.0032196
00011322_002.png,Cardiomegaly,0.7322964159864471,0.00301743
00011322_002.png,Infiltration,0.013961983436258775,0.00282669
00011322_002.png,Cardiomegaly,0.027140753878079873,0.00276184
00011322_002.png,Pneumonia,0.7322964159864471,0.00223923
00011322_002.png,Cardiomegaly,0.029673049887895587,0.00216293
00011322_002.png,Mass,0.0,0.00214005
00011322_002.png,Infiltration,0.26783708570453696,0.00209236
00011322_002.png,Cardiomegaly,0.0,0.00197792
00011322_002.png,Pneumothorax,0.7322964159864471,0.00191879
00011322_002.png,Infiltration,0.35346603807475924,0.00189686
00011322_002.png,Edema,0.7322964159864471,0.00188923
00011322_002.png,Effusion,0.0,0.00185966
00011322_002.png,Infiltration,0.02206556314936654,0.0018425
00011322_002.png,Fibrosis,0.7322964159864471,0.00183964
00011322_002.png,Mass,0.0,0.00181198
00011322_002.png,Mass,0.0,0.00179577
00011322_002.png,Effusion,0.009574624448336075,0.00177574
00011322_002.png,Nodule,0.7322964159864471,0.00176907
00011322_002.png,Pleural_Thickening,0.7322964159864471,0.00166893
00011322_002.png,Cardiomegaly,0.03962556912707633,0.00162315
00011322_002.png,Hernia,0.7322964159864471,0.00161839
00011322_002.png,Emphysema,0.7322964159864471,0.00155067
00011322_002.png,Cardiomegaly,0.0,0.00154305
00011322_002.png,Cardiomegaly,0.0,0.00154305
00011322_002.png,Mass,0.0,0.00153828
00011322_002.png,Effusion,0.0,0.00148487
00011322_002.png,Cardiomegaly,0.0,0.00148487
00011322_002.png,Cardiomegaly,0.0,0.001297
00011322_002.png,Consolidation,0.7322964159864471,0.0011816
00011322_002.png,Cardiomegaly,0.1471949633363181,0.00117016
00011322_002.png,Cardiomegaly,0.0,0.00115013
00011322_002.png,Infiltration,0.02130406299166034,0.00112438
00011322_002.png,Effusion,0.022259780944765748,0.00107193
00011322_002.png,Cardiomegaly,0.02648860192517455,0.00104713
00011322_002.png,Cardiomegaly,0.05197169471149412,0.00104713
00011322_002.png,Cardiomegaly,0.020381789808049625,0.00104046
00011322_002.png,Infiltration,0.14678371658671852,0.00102615
00013977_005.png,Effusion,0.0,0.632324
00013977_005.png,Effusion,0.0,0.39917
00013977_005.png,Mass,0.0,0.0302124
00013977_005.png,Mass,0.0,0.0124969
00013977_005.png,Cardiomegaly,0.0,0.00965881
00013977_005.png,Effusion,0.0,0.00786591
00013977_005.png,Infiltration,0.0,0.00642014
00013977_005.png,Cardiomegaly,0.0,0.00603485
00013977_005.png,Cardiomegaly,0.0,0.00514984
00013977_005.png,Infiltration,0.0,0.00480652
00013977_005.png,Infiltration,0.0,0.00406265
00013977_005.png,Effusion,0.0,0.00387383
00013977_005.png,Infiltration,0.0,0.00365829
00013977_005.png,Infiltration,0.0,0.00304031
00013977_005.png,Cardiomegaly,0.0,0.00288391
00013977_005.png,Cardiomegaly,0.0,0.00271988
00013977_005.png,Atelectasis,0.0,0.00251198
00013977_005.png,Effusion,0.0,0.00248528
00013977_005.png,Cardiomegaly,0.0,0.00227165
00013977_005.png,Mass,0.0,0.00226784
00013977_005.png,Infiltration,0.0,0.00222969
00013977_005.png,Mass,0.0,0.00219154
00013977_005.png,Infiltration,0.0,0.00216103
00013977_005.png,Effusion,0.0,0.00209618
00013977_005.png,Effusion,0.0,0.00197792
00013977_005.png,Effusion,0.0,0.00189018
00013977_005.png,Mass,0.0,0.00188732
00013977_005.png,Atelectasis,0.002444892752417474,0.00174332
00013977_005.png,Infiltration,0.0,0.0016098
00013977_005.png,Mass,0.0,0.00153255
00013977_005.png,Mass,0.0,0.00149822
00013977_005.png,Infiltration,0.0,0.0014782
00013977_005.png,Infiltration,0.0,0.00137234
00013977_005.png,Effusion,0.0,0.00133324
00013977_005.png,Mass,0.0,0.00117302
00013977_005.png,Cardiomegaly,0.0,0.00114632
00013977_005.png,Effusion,0.0,0.00108719
00013977_005.png,Mass,0.0,0.00106812
00013977_005.png,Consolidation,0.0,0.00106239
00013977_005.png,Mass,0.0,0.00105667
00013977_005.png,Cardiomegaly,0.0,0.00105286
00004461_000.png,Atelectasis,0.7988274673611035,0.723633
00004461_000.png,Cardiomegaly,0.0,0.0365601
00004461_000.png,Effusion,0.0,0.0168915
00004461_000.png,Cardiomegaly,0.037012609945476754,0.0100327
00004461_000.png,Infiltration,0.8008606694824452,0.00695419
00004461_000.png,Effusion,0.8646812657737489,0.005867
00004461_000.png,Cardiomegaly,0.07381233518235585,0.00579453
00004461_000.png,Effusion,0.0,0.00517273
00004461_000.png,Cardiomegaly,0.0,0.00489807
00004461_000.png,Effusion,0.0,0.00478363
00004461_000.png,Mass,0.8008606694824452,0.00399399
00004461_000.png,Mass,0.0,0.00390625
00004461_000.png,Pneumonia,0.8008606694824452,0.00384331
00004461_000.png,Atelectasis,0.6126934076368326,0.00350761
00004461_000.png,Infiltration,0.024759787195528096,0.00328445
00004461_000.png,Cardiomegaly,0.0,0.00306129
00004461_000.png,Cardiomegaly,0.04928332999626598,0.00297737
00004461_000.png,Effusion,0.0,0.00293732
00004461_000.png,Emphysema,0.8008606694824452,0.00279999
00004461_000.png,Edema,0.8008606694824452,0.00275612
00004461_000.png,Cardiomegaly,0.8008606694824452,0.00254059
00004461_000.png,Infiltration,0.024260677562320098,0.00250816
00004461_000.png,Cardiomegaly,0.018661097190347368,0.00238419
00004461_000.png,Nodule,0.8008606694824452,0.00224495
00004461_000.png,Cardiomegaly,0.03278705618434424,0.00223541
00004461_000.png,Pleural_Thickening,0.8008606694824452,0.00220108
00004461_000.png,Hernia,0.8008606694824452,0.0021019
00004461_000.png,Infiltration,0.0,0.00191402
00004461_000.png,Effusion,0.004415823619696041,0.0019083
00004461_000.png,Pneumothorax,0.8008606694824452,0.00184917
00004461_000.png,Cardiomegaly,0.0,0.00181007
00004461_000.png,Fibrosis,0.8008606694824452,0.00177193
00004461_000.png,Infiltration,0.02857420097602633,0.0014801
00004461_000.png,Cardiomegaly,0.0,0.00142193
00004461_000.png,Consolidation,0.8008606694824452,0.00141907
00004461_000.png,Effusion,0.01674081859265211,0.00130463
00004461_000.png,Cardiomegaly,0.0,0.00126362
00004461_000.png,Atelectasis,0.4783810179659378,0.00108337
00021024_022.png,Atelectasis,0.18740765347951405,0.798828
00021024_022.png,Infiltration,0.0,0.0213165
00021024_022.png,Cardiomegaly,0.0,0.0154114
00021024_022.png,Infiltration,0.26939865308879185,0.009552
00021024_022.png,Infiltration,0.19824336760338743,0.00860596
00021024_022.png,Effusion,0.19824336760338743,0.00751114
00021024_022.png,Effusion,0.0,0.00708771
00021024_022.png,Atelectasis,0.33509857384721425,0.00669479
00021024_022.png,Infiltration,0.0,0.00589752
00021024_022.png,Cardiomegaly,0.0,0.00561905
00021024_022.png,Cardiomegaly,0.0,0.00523758
00021024_022.png,Cardiomegaly,0.0,0.00509644
00021024_022.png,Mass,0.19824336760338743,0.00505447
00021024_022.png,Effusion,0.0,0.00491333
00021024_022.png,Cardiomegaly,0.0,0.00476456
00021024_022.png,Atelectasis,0.19803956793679617,0.00476074
00021024_022.png,Pneumonia,0.19824336760338743,0.00424957
00021024_022.png,Cardiomegaly,0.19824336760338743,0.00372696
00021024_022.png,Edema,0.19824336760338743,0.00308037
00021024_022.png,Emphysema,0.19824336760338743,0.00308037
00021024_022.png,Cardiomegaly,0.0,0.00299644
00021024_022.png,Pleural_Thickening,0.19824336760338743,0.00271225
00021024_022.png,Pneumothorax,0.19824336760338743,0.00269127
00021024_022.png,Hernia,0.19824336760338743,0.00267029
00021024_022.png,Nodule,0.19824336760338743,0.00266075
00021024_022.png,Cardiomegaly,0.0,0.00242424
00021024_022.png,Fibrosis,0.19824336760338743,0.00240517
00021024_022.png,Cardiomegaly,0.0,0.00240135
00021024_022.png,Cardiomegaly,0.0,0.00232506
00021024_022.png,Infiltration,0.0,0.00230217
00021024_022.png,Infiltration,0.0,0.00203323
00021024_022.png,Infiltration,0.0,0.00197983
00021024_022.png,Infiltration,0.19803956793679617,0.00194454
00021024_022.png,Cardiomegaly,0.0,0.00189972
00021024_022.png,Infiltration,0.15807149482193705,0.00189686
00021024_022.png,Effusion,0.0,0.001894
00021024_022.png,Infiltration,0.0,0.00187111
00021024_022.png,Effusion,0.0,0.00185585
00021024_022.png,Consolidation,0.19824336760338743,0.0017271
00021024_022.png,Cardiomegaly,0.0,0.001647
00021024_022.png,Infiltration,0.0,0.00157928
00021024_022.png,Infiltration,0.3311816113264516,0.0015049
00021024_022.png,Cardiomegaly,0.0,0.00146008
00021024_022.png,Cardiomegaly,0.0020775074782509377,0.00138474
00021024_022.png,Effusion,0.0,0.0013504
00021024_022.png,Infiltration,0.0,0.00130367
00021024_022.png,Infiltration,0.0,0.00129318
00021024_022.png,Mass,0.0,0.0012064
00021024_022.png,Cardiomegaly,0.0,0.00116539
00021024_022.png,Effusion,0.0,0.00110531
00021024_022.png,Cardiomegaly,0.014052946546836366,0.00109673
00021024_022.png,Cardiomegaly,0.0,0.00109482
00021024_022.png,Infiltration,0.18866105186449608,0.00106335
00021024_022.png,Cardiomegaly,0.0,0.00102425
00021024_022.png,Cardiomegaly,0.0,0.00101852
00019767_016.png,Effusion,0.0,0.0508118
00019767_016.png,Atelectasis,0.03409368500681866,0.0443115
00019767_016.png,Effusion,0.0,0.0211639
00019767_016.png,Infiltration,0.0,0.0200958
00019767_016.png,Cardiomegaly,0.11465432515535377,0.0197144
00019767_016.png,Effusion,0.0,0.0166779
00019767_016.png,Infiltration,0.0,0.0135498
00019767_016.png,Effusion,0.0276763426315056,0.0134964
00019767_016.png,Effusion,0.0,0.012291
00019767_016.png,Infiltration,0.0,0.0106125
00019767_016.png,Infiltration,0.16760295376323636,0.00956726
00019767_016.png,Cardiomegaly,0.0,0.00945282
00019767_016.png,Effusion,0.0,0.00738525
00019767_016.png,Cardiomegaly,0.07116803130745941,0.00722504
00019767_016.png,Mass,0.0,0.0050354
00019767_016.png,Mass,0.0,0.00494003
00019767_016.png,Effusion,0.0,0.00492096
00019767_016.png,Effusion,0.0,0.00436783
00019767_016.png,Effusion,0.02283755277099151,0.00430679
00019767_016.png,Effusion,0.0,0.00340462
00019767_016.png,Infiltration,0.0,0.00278091
00019767_016.png,Cardiomegaly,0.6661574181841233,0.00258827
00019767_016.png,Effusion,0.0,0.00242043
00019767_016.png,Effusion,0.0,0.0024147
00019767_016.png,Atelectasis,0.0,0.00239563
00019767_016.png,Cardiomegaly,0.09591958069938918,0.00236893
00019767_016.png,Mass,0.0,0.00231743
00019767_016.png,Infiltration,0.0,0.00221062
00019767_016.png,Infiltration,0.0,0.00219727
00019767_016.png,Cardiomegaly,0.014081679212465833,0.00194931
00019767_016.png,Effusion,0.0,0.00191402
00019767_016.png,Cardiomegaly,0.2098067753911617,0.00178051
00019767_016.png,Infiltration,0.8346330696779484,0.001688
00019767_016.png,Atelectasis,0.0,0.00168705
00019767_016.png,Infiltration,0.0,0.00163937
00019767_016.png,Cardiomegaly,0.0,0.00158405
00019767_016.png,Infiltration,0.0,0.00147629
00019767_016.png,Effusion,0.0,0.0014677
00019767_016.png,Effusion,0.03418437858037821,0.00141907
00019767_016.png,Infiltration,0.0,0.00125408
00019767_016.png,Effusion,0.05001183307634025,0.00125027
00019767_016.png,Mass,0.04731666335659155,0.00116158
00019767_016.png,Effusion,0.07588368798365079,0.00114346
00019767_016.png,Cardiomegaly,0.0,0.00109386
00017611_002.png,Atelectasis,0.010195740369937567,0.061676
00017611_002.png,Effusion,0.0,0.0250854
00017611_002.png,Mass,0.16276946408140738,0.0197144
00017611_002.png,Infiltration,0.0,0.0181122
00017611_002.png,Infiltration,0.0,0.01297
00017611_002.png,Mass,0.2806231955556551,0.0105743
00017611_002.png,Effusion,0.7334468459512775,0.00915527
00017611_002.png,Effusion,0.17725258301347882,0.0085907
00017611_002.png,Mass,0.0,0.00856018
00017611_002.png,Mass,0.11748425753938053,0.00849152
00017611_002.png,Cardiomegaly,0.17515317963304847,0.00832367
00017611_002.png,Cardiomegaly,0.12952313736988702,0.00621033
00017611_002.png,Infiltration,0.0,0.00540161
00017611_002.png,Effusion,0.0,0.0046196
00017611_002.png,Infiltration,0.30052296457253636,0.0039444
00017611_002.png,Cardiomegaly,0.0,0.00370026
00017611_002.png,Infiltration,0.015718057847743355,0.00362778
00017611_002.png,Mass,0.18921676242901075,0.00362587
00017611_002.png,Effusion,0.0,0.00349808
00017611_002.png,Mass,0.2277454524028284,0.0034256
00017611_002.png,Mass,0.22219976327254562,0.00307083
00017611_002.png,Mass,0.04391138061044991,0.00297928
00017611_002.png,Infiltration,0.0,0.002882
00017611_002.png,Infiltration,0.0,0.00286674
00017611_002.png,Effusion,0.0,0.00254631
00017611_002.png,Infiltration,0.0,0.00221634
00017611_002.png,Infiltration,0.5052491964163356,0.00217628
00017611_002.png,Infiltration,0.0,0.00205421
00017611_002.png,Infiltration,0.083369668894719,0.00183105
00017611_002.png,Infiltration,0.2443377391411335,0.00164986
00017611_002.png,Mass,0.0,0.00153923
00017611_002.png,Infiltration,0.1047848425206054,0.00151825
00017611_002.png,Mass,0.28519531372318235,0.00134659
00017611_002.png,Mass,0.0,0.00133133
00017611_002.png,Mass,0.2860357899585929,0.00127697
00017611_002.png,Effusion,0.0,0.00127125
00017611_002.png,Cardiomegaly,0.0,0.00119591
00017611_002.png,Mass,0.07757924740000564,0.00117588
00017611_002.png,Infiltration,0.0,0.00114155
00017611_002.png,Infiltration,0.0,0.00112152
00017611_002.png,Cardiomegaly,0.0,0.00103951
00017611_002.png,Infiltration,0.13295747501619284,0.00102711
00027213_044.png,Mass,0.5726465978881431,0.141602
00027213_044.png,Infiltration,0.0,0.0601501
00027213_044.png,Infiltration,0.07681499128998225,0.0459595
00027213_044.png,Mass,0.6142281088613412,0.0398254
00027213_044.png,Mass,0.0,0.0378418
00027213_044.png,Mass,0.4710006817552995,0.0297394
00027213_044.png,Infiltration,0.0,0.0231476
00027213_044.png,Mass,0.21390082002731117,0.0127792
00027213_044.png,Mass,0.0,0.012413
00027213_044.png,Infiltration,0.1262065900093324,0.0121231
00027213_044.png,Mass,0.0,0.00905609
00027213_044.png,Mass,0.0,0.00735474
00027213_044.png,Mass,0.12782838804739408,0.00706863
00027213_044.png,Mass,0.42915639245573156,0.00675964
00027213_044.png,Mass,0.6598305387461685,0.00659943
00027213_044.png,Mass,0.0,0.00616074
00027213_044.png,Mass,0.3692090022500823,0.00606155
00027213_044.png,Mass,0.022156946835668476,0.00579834
00027213_044.png,Mass,0.34927350576040067,0.00527191
00027213_044.png,Mass,0.05700942712595864,0.00486374
00027213_044.png,Infiltration,0.01845511387845049,0.00453949
00027213_044.png,Infiltration,0.059224219392240554,0.00411224
00027213_044.png,Mass,0.0,0.00364876
00027213_044.png,Mass,0.6210404921436715,0.00357246
00027213_044.png,Mass,0.031173774533590593,0.00324631
00027213_044.png,Infiltration,0.08941877687280783,0.00321198
00027213_044.png,Mass,0.0,0.00311089
00027213_044.png,Mass,0.0,0.00297737
00027213_044.png,Cardiomegaly,0.0,0.00291252
00027213_044.png,Mass,0.0,0.00255966
00027213_044.png,Cardiomegaly,0.6598305387461685,0.00245857
00027213_044.png,Mass,0.03025798342809358,0.00237465
00027213_044.png,Mass,0.05447544716126192,0.00234985
00027213_044.png,Mass,0.0,0.00234604
00027213_044.png,Atelectasis,0.07419926101818874,0.00222778
00027213_044.png,Mass,0.15133961263480078,0.00217819
00027213_044.png,Cardiomegaly,0.056149091584210796,0.00215912
00027213_044.png,Mass,0.3042882111287129,0.00211143
00027213_044.png,Cardiomegaly,0.0,0.00205421
00027213_044.png,Mass,0.38646555638099234,0.00204086
00027213_044.png,Mass,0.0,0.00201988
00027213_044.png,Mass,0.6383272850519517,0.00184536
00027213_044.png,Mass,0.0,0.00177383
00027213_044.png,Mass,0.372529642420089,0.00174522
00027213_044.png,Mass,0.0,0.00172806
00027213_044.png,Infiltration,0.20022338940706247,0.00164223
00027213_044.png,Mass,0.1326569630208667,0.00154114
00027213_044.png,Atelectasis,0.09968284095787507,0.00153923
00027213_044.png,Infiltration,0.0,0.00149536
00027213_044.png,Mass,0.108620032139306,0.00147915
00027213_044.png,Mass,0.4858976641555542,0.00145531
00027213_044.png,Mass,0.0,0.00144005
00027213_044.png,Atelectasis,0.16405645853506057,0.00136852
00027213_044.png,Mass,0.0,0.0013485
00027213_044.png,Mass,0.05008721341797594,0.00133991
00027213_044.png,Atelectasis,0.03961313613217009,0.00133419
00027213_044.png,Mass,0.1052627387486927,0.00133324
00027213_044.png,Mass,0.0,0.0013237
00027213_044.png,Infiltration,0.06306264414733288,0.00129318
00027213_044.png,Mass,0.30719125102175204,0.00128365
00027213_044.png,Mass,0.0,0.00122929
00027213_044.png,Mass,0.038394811447832654,0.00115204
00027213_044.png,Infiltration,0.0,0.00115013
00027213_044.png,Cardiomegaly,0.5601932045298813,0.00113392
00027213_044.png,Mass,0.042573766027457625,0.00113297
00027213_044.png,Infiltration,0.0,0.00110722
00027213_044.png,Infiltration,0.0,0.0010891
00027213_044.png,Effusion,0.0,0.00104904
00027213_044.png,Mass,0.30933441078145274,0.00101185
00028974_016.png,Cardiomegaly,0.5229945576597645,0.0553894
00028974_016.png,Infiltration,0.0,0.0550842
00028974_016.png,Infiltration,0.0,0.0535278
00028974_016.png,Cardiomegaly,0.0,0.0279083
00028974_016.png,Cardiomegaly,0.0,0.0240631
00028974_016.png,Atelectasis,0.07656344787623576,0.019104
00028974_016.png,Infiltration,0.0,0.0152588
00028974_016.png,Infiltration,0.19928580739980062,0.0144653
00028974_016.png,Cardiomegaly,0.0,0.00975037
00028974_016.png,Effusion,0.0,0.00756073
00028974_016.png,Cardiomegaly,0.42367213242969654,0.00505066
00028974_016.png,Cardiomegaly,0.36394062355109547,0.00489044
00028974_016.png,Cardiomegaly,0.44291043685594145,0.00370598
00028974_016.png,Effusion,0.0,0.00325966
00028974_016.png,Infiltration,0.0,0.00306702
00028974_016.png,Cardiomegaly,0.5724953008483771,0.00302124
00028974_016.png,Cardiomegaly,0.6021555298659346,0.00288391
00028974_016.png,Infiltration,0.08962277295827813,0.00251579
00028974_016.png,Mass,0.0,0.00251007
00028974_016.png,Effusion,0.0,0.00227928
00028974_016.png,Infiltration,0.13904020327516933,0.0022049
00028974_016.png,Infiltration,0.0,0.00213814
00028974_016.png,Cardiomegaly,0.0,0.0019722
00028974_016.png,Effusion,0.0,0.00197029
00028974_016.png,Effusion,0.0,0.00179958
00028974_016.png,Cardiomegaly,0.0,0.00165653
00028974_016.png,Infiltration,0.0,0.00157547
00028974_016.png,Cardiomegaly,0.0,0.00151443
00028974_016.png,Infiltration,0.0,0.00142002
00028974_016.png,Effusion,0.0,0.00132847
00028974_016.png,Infiltration,0.0,0.0011549
00028974_016.png,Effusion,0.0,0.00110435
00028974_016.png,Infiltration,0.0013812627742883661,0.0010519
00028974_016.png,Cardiomegaly,0.2105410640577264,0.00104809
00028974_016.png,Infiltration,0.0,0.00104237
00028974_016.png,Effusion,0.07856939086112903,0.00103951
00028974_016.png,Cardiomegaly,0.0,0.00103569
00028974_016.png,Infiltration,0.0,0.00100994
00011355_011.png,Mass,0.30040801931439465,0.734375
00011355_011.png,Mass,0.03806494234083074,0.0591431
00011355_011.png,Mass,0.0,0.050354
00011355_011.png,Mass,0.42260170616208265,0.0415344
00011355_011.png,Cardiomegaly,0.0,0.0275879
00011355_011.png,Infiltration,0.0,0.023941
00011355_011.png,Mass,0.03423369402274156,0.0210114
00011355_011.png,Atelectasis,0.3077721275070764,0.0121231
00011355_011.png,Effusion,0.02489747953517265,0.0113678
00011355_011.png,Effusion,0.05073081469798758,0.0112152
00011355_011.png,Mass,0.0533381947116085,0.0111237
00011355_011.png,Mass,0.05298052016205174,0.0105209
00011355_011.png,Cardiomegaly,0.0,0.0103226
00011355_011.png,Mass,0.02489747953517265,0.0100403
00011355_011.png,Mass,0.0,0.00899506
00011355_011.png,Effusion,0.04216605603533465,0.00793457
00011355_011.png,Mass,0.08542207287355366,0.00765991
00011355_011.png,Mass,0.0,0.00733185
00011355_011.png,Mass,0.19167543072896168,0.00665665
00011355_011.png,Cardiomegaly,0.0,0.00644302
00011355_011.png,Mass,0.04216605603533465,0.00639725
00011355_011.png,Cardiomegaly,0.0,0.00497437
00011355_011.png,Infiltration,0.0,0.00485611
00011355_011.png,Mass,0.12747188519705818,0.00476837
00011355_011.png,Mass,0.012362625763460814,0.00409698
00011355_011.png,Effusion,0.0,0.0038414
00011355_011.png,Infiltration,0.0,0.00382233
00011355_011.png,Mass,0.05073081469798758,0.00378036
00011355_011.png,Cardiomegaly,0.0,0.00375938
00011355_011.png,Infiltration,0.0,0.00374031
00011355_011.png,Cardiomegaly,0.0,0.00350761
00011355_011.png,Mass,0.19362173296312815,0.00343132
00011355_011.png,Mass,0.02222989244211846,0.00340652
00011355_011.png,Mass,0.038371196257998307,0.00334549
00011355_011.png,Mass,0.025075392444979375,0.00333405
00011355_011.png,Effusion,0.03423369402274156,0.00321198
00011355_011.png,Mass,0.09913999461487143,0.00302696
00011355_011.png,Cardiomegaly,0.0,0.00289345
00011355_011.png,Effusion,0.0,0.00285339
00011355_011.png,Infiltration,0.0,0.00272369
00011355_011.png,Mass,0.0,0.00251389
00011355_011.png,Mass,0.040899918172584177,0.00248528
00011355_011.png,Mass,0.34827148343918224,0.00247002
00011355_011.png,Cardiomegaly,0.0,0.00234032
00011355_011.png,Cardiomegaly,0.06003006678848274,0.00219345
00011355_011.png,Infiltration,0.0,0.00216103
00011355_011.png,Mass,0.030609926898757963,0.00212479
00011355_011.png,Mass,0.12160928027439905,0.0019455
00011355_011.png,Mass,0.6655396480677045,0.00193882
00011355_011.png,Mass,0.012751694742039545,0.00192642
00011355_011.png,Mass,0.010303543760263855,0.00189972
00011355_011.png,Cardiomegaly,0.3031488784625567,0.00187683
00011355_011.png,Mass,0.0746659656656899,0.00182915
00011355_011.png,Mass,0.19904841868322445,0.00182438
00011355_011.png,Mass,0.021182299989261574,0.00174713
00011355_011.png,Mass,0.03639281608204822,0.00166321
00011355_011.png,Mass,0.0,0.00165749
00011355_011.png,Infiltration,0.08346889262833841,0.00163078
00011355_011.png,Effusion,0.31022558848330395,0.00162411
00011355_011.png,Cardiomegaly,0.0,0.00152588
00011355_011.png,Infiltration,0.31022558848330395,0.0014801
00011355_011.png,Mass,0.1929184798305406,0.00147343
00011355_011.png,Infiltration,0.0,0.00146103
00011355_011.png,Effusion,0.0,0.00142479
00011355_011.png,Infiltration,0.0,0.00131035
00011355_011.png,Mass,0.013255565840391918,0.00129986
00011355_011.png,Mass,0.06868728904116456,0.00127792
00011355_011.png,Cardiomegaly,0.0,0.00126457
00011355_011.png,Mass,0.318797740035083,0.00125122
00011355_011.png,Mass,0.43623981091870206,0.00124264
00011355_011.png,Cardiomegaly,0.0,0.00124168
00011355_011.png,Mass,0.09626830452809162,0.00124073
00011355_011.png,Mass,0.13152161188483735,0.00123692
00011355_011.png,Mass,0.0,0.00122356
00011355_011.png,Cardiomegaly,0.0,0.00122261
00011355_011.png,Mass,0.05737785815385123,0.00114727
00011355_011.png,Mass,0.05186301332649506,0.00114727
00011355_011.png,Emphysema,0.31022558848330395,0.00114441
00011355_011.png,Cardiomegaly,0.0,0.00112915
00011355_011.png,Mass,0.011852608787758501,0.00112343
00011355_011.png,Mass,0.0222298502877557,0.00112057
00011355_011.png,Mass,0.012027157357736571,0.0011158
00011355_011.png,Pneumonia,0.31022558848330395,0.00105381
00011355_011.png,Edema,0.31022558848330395,0.00101376
00011355_011.png,Cardiomegaly,0.0,0.00101185
00000055_000.png,Atelectasis,0.0,0.480225
00000055_000.png,Infiltration,0.0,0.332275
00000055_000.png,Infiltration,0.0,0.0283203
00000055_000.png,Infiltration,0.0,0.0259247
00000055_000.png,Infiltration,0.0,0.0192871
00000055_000.png,Infiltration,0.0,0.0192261
00000055_000.png,Mass,0.0,0.0136719
00000055_000.png,Effusion,0.0,0.0105667
00000055_000.png,Infiltration,0.0,0.00905609
00000055_000.png,Effusion,0.0,0.00822449
00000055_000.png,Effusion,0.0,0.00611496
00000055_000.png,Infiltration,0.0,0.00517273
00000055_000.png,Mass,0.0,0.00506973
00000055_000.png,Infiltration,0.0,0.00466156
00000055_000.png,Infiltration,0.0,0.003479
00000055_000.png,Cardiomegaly,0.0,0.00341415
00000055_000.png,Infiltration,0.0,0.00288773
00000055_000.png,Effusion,0.0,0.00283432
00000055_000.png,Effusion,0.0,0.0027523
00000055_000.png,Effusion,0.0,0.0022068
00000055_000.png,Infiltration,0.0,0.00216103
00000055_000.png,Effusion,0.0,0.00209427
00000055_000.png,Infiltration,0.0,0.00207901
00000055_000.png,Mass,0.0,0.00199699
00000055_000.png,Infiltration,0.0,0.00195694
00000055_000.png,Infiltration,0.0,0.00186729
00000055_000.png,Effusion,0.0,0.00183105
00000055_000.png,Pneumonia,0.0,0.00176525
00000055_000.png,Mass,0.0,0.00173664
00000055_000.png,Infiltration,0.0,0.00172138
00000055_000.png,Infiltration,0.0,0.00168705
00000055_000.png,Cardiomegaly,0.0,0.00164032
00000055_000.png,Infiltration,0.0,0.00156116
00000055_000.png,Infiltration,0.0,0.00154305
00000055_000.png,Effusion,0.0,0.00147343
00000055_000.png,Mass,0.0,0.00137043
00000055_000.png,Edema,0.0,0.00134563
00000055_000.png,Mass,0.0,0.00133133
00000055_000.png,Effusion,0.0,0.00133038
00000055_000.png,Atelectasis,0.0,0.00131416
00000055_000.png,Effusion,0.0,0.00129128
00000055_000.png,Cardiomegaly,0.0,0.00128269
00000055_000.png,Infiltration,0.0,0.00119591
00000055_000.png,Pleural_Thickening,0.0,0.0011797
00000055_000.png,Hernia,0.0,0.0011797
00000055_000.png,Infiltration,0.0,0.00117207
00000055_000.png,Nodule,0.0,0.00111771
00000055_000.png,Infiltration,0.0,0.00110817
00000055_000.png,Cardiomegaly,0.0,0.00110817
00000055_000.png,Fibrosis,0.0,0.00110054
00000055_000.png,Infiltration,0.0,0.00109673
00000055_000.png,Emphysema,0.0,0.00106239
00000055_000.png,Effusion,0.0,0.00105858
00000055_000.png,Effusion,0.0,0.00104523
00000055_000.png,Effusion,0.0,0.00100422
00000054_004.png,Atelectasis,0.0,0.48999
00000054_004.png,Infiltration,0.0,0.0894165
00000054_004.png,Effusion,0.0,0.0811157
00000054_004.png,Effusion,0.0,0.0309753
00000054_004.png,Effusion,0.0,0.021286
00000054_004.png,Mass,0.0,0.015419
00000054_004.png,Effusion,0.0,0.00974274
00000054_004.png,Infiltration,0.0,0.00891113
00000054_004.png,Mass,0.0,0.00811005
00000054_004.png,Effusion,0.0,0.00738525
00000054_004.png,Infiltration,0.0,0.0064888
00000054_004.png,Infiltration,0.0,0.00569916
00000054_004.png,Mass,0.0,0.00552368
00000054_004.png,Mass,0.0,0.00461197
00000054_004.png,Effusion,0.0,0.00417328
00000054_004.png,Infiltration,0.0,0.00395966
00000054_004.png,Effusion,0.0,0.00388336
00000054_004.png,Infiltration,0.0,0.00350189
00000054_004.png,Effusion,0.0,0.00345993
00000054_004.png,Infiltration,0.0,0.00240326
00000054_004.png,Infiltration,0.0,0.00219727
00000054_004.png,Mass,0.0,0.00194073
00000054_004.png,Infiltration,0.0,0.0018959
00000054_004.png,Mass,0.0,0.00181961
00000054_004.png,Pneumonia,0.0,0.00175476
00000054_004.png,Cardiomegaly,0.0,0.00171757
00000054_004.png,Cardiomegaly,0.0,0.00169849
00000054_004.png,Infiltration,0.0,0.00169659
00000054_004.png,Infiltration,0.0,0.00165367
00000054_004.png,Infiltration,0.0,0.00157261
00000054_004.png,Infiltration,0.0,0.00155067
00000054_004.png,Effusion,0.0,0.00153446
00000054_004.png,Effusion,0.0,0.0015173
00000054_004.png,Infiltration,0.0,0.0014658
00000054_004.png,Mass,0.0,0.00140762
00000054_004.png,Mass,0.0,0.00139236
00000054_004.png,Atelectasis,0.0,0.00138855
00000054_004.png,Cardiomegaly,0.0,0.00136948
00000054_004.png,Edema,0.0,0.00132847
00000054_004.png,Effusion,0.0,0.00125599
00000054_004.png,Nodule,0.0,0.00120068
00000054_004.png,Infiltration,0.0,0.00119781
00000054_004.png,Cardiomegaly,0.0,0.00119019
00000054_004.png,Effusion,0.0,0.00118732
00000054_004.png,Fibrosis,0.0,0.00117779
00000054_004.png,Hernia,0.0,0.00115967
00000054_004.png,Effusion,0.0,0.00114441
00000054_004.png,Cardiomegaly,0.0,0.00114441
00000054_004.png,Mass,0.0,0.00113773
00000054_004.png,Effusion,0.0,0.00113487
00000054_004.png,Emphysema,0.0,0.0011282
00000054_004.png,Pleural_Thickening,0.0,0.0011282
00000054_004.png,Cardiomegaly,0.0,0.00110149
00000054_004.png,Infiltration,0.0,0.00108051
00000054_004.png,Cardiomegaly,0.0,0.0010376
00020393_001.png,Effusion,0.06343404605428174,0.503418
00020393_001.png,Effusion,0.0,0.462646
00020393_001.png,Effusion,0.0,0.433594
00020393_001.png,Effusion,0.84454151058701,0.376953
00020393_001.png,Effusion,0.0,0.320557
00020393_001.png,Effusion,0.0,0.0722046
00020393_001.png,Effusion,0.0,0.035675
00020393_001.png,Effusion,0.0,0.0219879
00020393_001.png,Mass,0.07728136115562072,0.0205994
00020393_001.png,Effusion,0.0,0.00950623
00020393_001.png,Infiltration,0.0,0.00737762
00020393_001.png,Mass,0.09372476740794516,0.00704193
00020393_001.png,Atelectasis,0.0,0.00697708
00020393_001.png,Mass,0.0,0.00579834
00020393_001.png,Effusion,0.0,0.00552368
00020393_001.png,Effusion,0.0,0.00495529
00020393_001.png,Effusion,0.0,0.00486755
00020393_001.png,Infiltration,0.0,0.0044136
00020393_001.png,Infiltration,0.0,0.00437546
00020393_001.png,Effusion,0.0,0.00425339
00020393_001.png,Effusion,0.6663131873249707,0.00366211
00020393_001.png,Cardiomegaly,0.0,0.00348854
00020393_001.png,Atelectasis,0.07454798455142511,0.002882
00020393_001.png,Effusion,0.0,0.00284195
00020393_001.png,Infiltration,0.0,0.00284004
00020393_001.png,Effusion,0.0,0.00277901
00020393_001.png,Mass,0.13587137150168876,0.00271988
00020393_001.png,Effusion,0.0,0.00260162
00020393_001.png,Effusion,0.0,0.00256538
00020393_001.png,Effusion,0.0,0.00232887
00020393_001.png,Mass,0.06343404605428174,0.00228691
00020393_001.png,Effusion,0.07775772461397969,0.00214386
00020393_001.png,Atelectasis,0.0,0.00210762
00020393_001.png,Cardiomegaly,0.0,0.00208092
00020393_001.png,Infiltration,0.0,0.0020256
00020393_001.png,Infiltration,0.07454798455142511,0.00186443
00020393_001.png,Effusion,0.0,0.00175476
00020393_001.png,Effusion,0.0,0.00172997
00020393_001.png,Mass,0.0,0.00171852
00020393_001.png,Infiltration,0.0,0.00160122
00020393_001.png,Effusion,0.0,0.00157833
00020393_001.png,Infiltration,0.0,0.00150108
00020393_001.png,Mass,0.8543351974583039,0.00141811
00020393_001.png,Atelectasis,0.0,0.0014019
00020393_001.png,Effusion,0.0,0.00130939
00020393_001.png,Mass,0.0,0.00127888
00020393_001.png,Infiltration,0.0,0.00127029
00020393_001.png,Mass,0.0,0.00126934
00020393_001.png,Infiltration,0.0,0.00126362
00020393_001.png,Cardiomegaly,0.0,0.00121117
00020393_001.png,Cardiomegaly,0.0,0.00117493
00020393_001.png,Infiltration,0.0,0.00116253
00020393_001.png,Infiltration,0.0,0.00115967
00020393_001.png,Effusion,0.056153522041897726,0.00114727
00020393_001.png,Atelectasis,0.8803888618058282,0.00113487
00020393_001.png,Infiltration,0.0,0.00112152
00020393_001.png,Cardiomegaly,0.0,0.00111103
00020393_001.png,Atelectasis,0.0,0.00109577
00020393_001.png,Effusion,0.0,0.00109482
00020393_001.png,Mass,0.0,0.00106621
00020393_001.png,Effusion,0.0,0.00105858
00020393_001.png,Infiltration,0.0,0.00104523
00020393_001.png,Infiltration,0.0,0.0010128
00012270_005.png,Effusion,0.7451912217649307,0.702148
00012270_005.png,Effusion,0.486111346706613,0.229492
00012270_005.png,Effusion,0.0,0.179443
00012270_005.png,Effusion,0.10111748288412634,0.0242767
00012270_005.png,Effusion,0.0,0.0142059
00012270_005.png,Effusion,0.0,0.0124512
00012270_005.png,Effusion,0.006549006205063346,0.0111771
00012270_005.png,Effusion,0.0,0.0107727
00012270_005.png,Infiltration,0.0,0.0107498
00012270_005.png,Effusion,0.0,0.0106888
00012270_005.png,Effusion,0.008482445575773346,0.00868988
00012270_005.png,Effusion,0.0,0.0074501
00012270_005.png,Infiltration,0.0,0.00728226
00012270_005.png,Effusion,0.0,0.00719833
00012270_005.png,Effusion,0.0,0.00603485
00012270_005.png,Effusion,0.0,0.00458908
00012270_005.png,Effusion,0.5947127358285819,0.00377464
00012270_005.png,Effusion,0.017250945727405185,0.00357056
00012270_005.png,Effusion,0.0,0.0027504
00012270_005.png,Mass,0.8486943715837245,0.00271988
00012270_005.png,Effusion,0.36010159756643056,0.00260544
00012270_005.png,Cardiomegaly,0.7824825050295421,0.00245857
00012270_005.png,Effusion,0.0,0.00240707
00012270_005.png,Infiltration,0.8322178955948911,0.0023365
00012270_005.png,Effusion,0.0,0.00233459
00012270_005.png,Effusion,0.027912311862939805,0.00232506
00012270_005.png,Infiltration,0.0,0.00230408
00012270_005.png,Effusion,0.0,0.00210953
00012270_005.png,Cardiomegaly,0.0,0.00208664
00012270_005.png,Infiltration,0.0,0.00204277
00012270_005.png,Effusion,0.0,0.00191307
00012270_005.png,Infiltration,0.0,0.00185871
00012270_005.png,Effusion,0.0,0.00168324
00012270_005.png,Effusion,0.0,0.00163174
00012270_005.png,Infiltration,0.0,0.0016098
00012270_005.png,Effusion,0.3372249936340113,0.00151062
00012270_005.png,Effusion,0.0,0.00149536
00012270_005.png,Infiltration,0.0,0.00149345
00012270_005.png,Effusion,0.0,0.00148201
00012270_005.png,Infiltration,0.11382843236311084,0.00147057
00012270_005.png,Mass,0.0,0.00141621
00012270_005.png,Infiltration,0.0,0.00140953
00012270_005.png,Effusion,0.0035649976570972654,0.00134277
00012270_005.png,Mass,0.0,0.00133228
00012270_005.png,Fibrosis,0.8106669891545383,0.00133228
00012270_005.png,Effusion,0.0,0.0012989
00012270_005.png,Infiltration,0.486111346706613,0.00119305
00012270_005.png,Mass,0.0,0.00115967
00012270_005.png,Atelectasis,0.7496631951609419,0.00114632
00012270_005.png,Effusion,0.34611251800750326,0.00111961
00012270_005.png,Mass,0.0,0.00103092
00012270_005.png,Effusion,0.3445918123473957,0.00102901
00012270_005.png,Effusion,0.0,0.00101376
00000054_002.png,Atelectasis,0.0,0.484863
00000054_002.png,Effusion,0.0,0.104736
00000054_002.png,Infiltration,0.0,0.0280914
00000054_002.png,Mass,0.0,0.0177765
00000054_002.png,Cardiomegaly,0.0,0.0174713
00000054_002.png,Infiltration,0.0,0.0106812
00000054_002.png,Effusion,0.0,0.010231
00000054_002.png,Cardiomegaly,0.0,0.00875854
00000054_002.png,Cardiomegaly,0.0,0.00701141
00000054_002.png,Infiltration,0.0,0.00630569
00000054_002.png,Infiltration,0.0,0.00526428
00000054_002.png,Effusion,0.0,0.00525284
00000054_002.png,Effusion,0.0,0.00458908
00000054_002.png,Cardiomegaly,0.0,0.0039711
00000054_002.png,Infiltration,0.0,0.00379181
00000054_002.png,Mass,0.0,0.00249672
00000054_002.png,Cardiomegaly,0.0,0.00242233
00000054_002.png,Cardiomegaly,0.0,0.00240326
00000054_002.png,Effusion,0.0,0.00238609
00000054_002.png,Infiltration,0.0,0.00223732
00000054_002.png,Pneumonia,0.0,0.0022068
00000054_002.png,Effusion,0.0,0.00205994
00000054_002.png,Cardiomegaly,0.0,0.00202751
00000054_002.png,Infiltration,0.0,0.00198555
00000054_002.png,Edema,0.0,0.00170517
00000054_002.png,Infiltration,0.0,0.00164604
00000054_002.png,Infiltration,0.0,0.0016098
00000054_002.png,Emphysema,0.0,0.00157738
00000054_002.png,Nodule,0.0,0.00152969
00000054_002.png,Infiltration,0.0,0.00152016
00000054_002.png,Effusion,0.0,0.00149155
00000054_002.png,Infiltration,0.0,0.00148296
00000054_002.png,Cardiomegaly,0.0,0.00141525
00000054_002.png,Hernia,0.0,0.00140476
00000054_002.png,Pleural_Thickening,0.0,0.00138187
00000054_002.png,Fibrosis,0.0,0.00132656
00000054_002.png,Cardiomegaly,0.0,0.00130081
00000054_002.png,Effusion,0.0,0.00129509
00000054_002.png,Pneumothorax,0.0,0.00127411
00000054_002.png,Cardiomegaly,0.0,0.00112534
00000054_002.png,Effusion,0.0,0.00108814
00000054_002.png,Cardiomegaly,0.0,0.00106907
00014716_007.png,Mass,0.013890020037970335,0.19104
00014716_007.png,Cardiomegaly,0.0,0.121582
00014716_007.png,Infiltration,0.0,0.118347
00014716_007.png,Atelectasis,0.03274218816842311,0.0863037
00014716_007.png,Infiltration,0.0,0.0616455
00014716_007.png,Infiltration,0.0,0.0229492
00014716_007.png,Infiltration,0.0,0.0220184
00014716_007.png,Infiltration,0.0,0.0131378
00014716_007.png,Cardiomegaly,0.0,0.00881958
00014716_007.png,Cardiomegaly,0.0,0.00860596
00014716_007.png,Cardiomegaly,0.0,0.00803375
00014716_007.png,Cardiomegaly,0.0,0.00772858
00014716_007.png,Mass,0.050680951503698994,0.00719833
00014716_007.png,Effusion,0.0,0.00663757
00014716_007.png,Cardiomegaly,0.37841998720481723,0.00598145
00014716_007.png,Infiltration,0.0,0.00574112
00014716_007.png,Cardiomegaly,0.0,0.00520325
00014716_007.png,Infiltration,0.0,0.00517654
00014716_007.png,Cardiomegaly,0.0,0.00495148
00014716_007.png,Mass,0.1892637708292872,0.00437927
00014716_007.png,Cardiomegaly,0.0,0.0043602
00014716_007.png,Cardiomegaly,0.0,0.00385094
00014716_007.png,Infiltration,0.0,0.00362206
00014716_007.png,Infiltration,0.0,0.00326538
00014716_007.png,Infiltration,0.0,0.00324059
00014716_007.png,Infiltration,0.0,0.00304985
00014716_007.png,Infiltration,0.0,0.00301743
00014716_007.png,Effusion,0.08827561128317117,0.00268364
00014716_007.png,Infiltration,0.0,0.00256729
00014716_007.png,Atelectasis,0.0,0.00234604
00014716_007.png,Mass,0.0,0.00234032
00014716_007.png,Cardiomegaly,0.0,0.00217056
00014716_007.png,Atelectasis,0.0,0.00199318
00014716_007.png,Infiltration,0.0,0.00183678
00014716_007.png,Mass,0.0,0.0017643
00014716_007.png,Infiltration,0.0,0.00167084
00014716_007.png,Infiltration,0.0,0.00160694
00014716_007.png,Effusion,0.016152092966537572,0.00157642
00014716_007.png,Effusion,0.0,0.00151634
00014716_007.png,Cardiomegaly,0.0,0.00150585
00014716_007.png,Effusion,0.03634114164964288,0.00140953
00014716_007.png,Cardiomegaly,0.0,0.0014019
00014716_007.png,Effusion,0.08650447705350933,0.00140095
00014716_007.png,Mass,0.0,0.00131798
00014716_007.png,Infiltration,0.0,0.00123882
00014716_007.png,Mass,0.0,0.00121403
00014716_007.png,Cardiomegaly,0.0,0.00118065
00014716_007.png,Infiltration,0.014437178988644413,0.00117207
00014716_007.png,Infiltration,0.0,0.00113869
00014716_007.png,Infiltration,0.0,0.00109673
00014716_007.png,Mass,0.3616823936060095,0.00103378
00014004_038.png,Atelectasis,0.007699607167023768,0.417236
00014004_038.png,Effusion,0.0,0.0296173
00014004_038.png,Infiltration,0.6554191525262798,0.0212708
00014004_038.png,Infiltration,0.12094703258966683,0.0206451
00014004_038.png,Infiltration,0.0,0.0205231
00014004_038.png,Infiltration,0.0,0.019455
00014004_038.png,Infiltration,0.0,0.0175629
00014004_038.png,Cardiomegaly,0.0,0.0142136
00014004_038.png,Mass,0.0,0.0141068
00014004_038.png,Infiltration,0.0,0.00996399
00014004_038.png,Infiltration,0.0,0.00964355
00014004_038.png,Effusion,0.0,0.00927734
00014004_038.png,Cardiomegaly,0.021224013678262887,0.00645447
00014004_038.png,Infiltration,0.03536767788005887,0.00542068
00014004_038.png,Infiltration,0.0,0.0050354
00014004_038.png,Infiltration,0.00028718904957893013,0.00482559
00014004_038.png,Cardiomegaly,0.0,0.00449753
00014004_038.png,Effusion,0.005005812338673139,0.00447845
00014004_038.png,Infiltration,0.07439697574776667,0.00417709
00014004_038.png,Effusion,0.00028718904957893013,0.00405884
00014004_038.png,Infiltration,0.0,0.00366974
00014004_038.png,Atelectasis,0.0,0.00366402
00014004_038.png,Infiltration,0.0,0.00355721
00014004_038.png,Cardiomegaly,0.00028718904957893013,0.00333595
00014004_038.png,Cardiomegaly,0.06121579590038631,0.00331688
00014004_038.png,Atelectasis,0.0,0.00301552
00014004_038.png,Mass,0.00028718904957893013,0.00296211
00014004_038.png,Infiltration,0.0,0.00294113
00014004_038.png,Cardiomegaly,0.0,0.00257874
00014004_038.png,Cardiomegaly,0.0,0.00249672
00014004_038.png,Infiltration,0.0,0.00247192
00014004_038.png,Cardiomegaly,0.006079674577911676,0.00247192
00014004_038.png,Infiltration,0.0,0.00242996
00014004_038.png,Pneumonia,0.00028718904957893013,0.00234032
00014004_038.png,Infiltration,0.16703050351749438,0.00228882
00014004_038.png,Infiltration,0.0,0.00227547
00014004_038.png,Infiltration,0.42566831355563417,0.00224495
00014004_038.png,Effusion,0.6554191525262798,0.00213051
00014004_038.png,Effusion,0.0,0.0020752
00014004_038.png,Infiltration,0.0,0.00188351
00014004_038.png,Edema,0.00028718904957893013,0.00184345
00014004_038.png,Nodule,0.00028718904957893013,0.00182819
00014004_038.png,Emphysema,0.00028718904957893013,0.0017252
00014004_038.png,Atelectasis,0.024477549208305083,0.00165558
00014004_038.png,Cardiomegaly,0.0,0.00165367
00014004_038.png,Pleural_Thickening,0.00028718904957893013,0.00157928
00014004_038.png,Atelectasis,0.0,0.00156975
00014004_038.png,Hernia,0.00028718904957893013,0.00152397
00014004_038.png,Infiltration,0.0,0.00152016
00014004_038.png,Pneumothorax,0.00028718904957893013,0.00150585
00014004_038.png,Fibrosis,0.00028718904957893013,0.00143814
00014004_038.png,Cardiomegaly,0.04521598065662369,0.0014267
00014004_038.png,Effusion,0.008397434094811354,0.00127697
00014004_038.png,Infiltration,0.0,0.00126457
00014004_038.png,Infiltration,0.0,0.00113106
00014004_038.png,Infiltration,0.0,0.00112724
00014004_038.png,Infiltration,0.0,0.00104809
00014004_038.png,Consolidation,0.00028718904957893013,0.00103855
00005140_001.png,Mass,0.5240393001377145,0.102966
00005140_001.png,Mass,0.45132756633405824,0.0772095
00005140_001.png,Cardiomegaly,0.0,0.0619812
00005140_001.png,Atelectasis,0.10541300512783489,0.0524292
00005140_001.png,Mass,0.7596995661355125,0.0159302
00005140_001.png,Cardiomegaly,0.0,0.0120621
00005140_001.png,Mass,0.2848467229783266,0.0114975
00005140_001.png,Infiltration,0.0,0.00977325
00005140_001.png,Cardiomegaly,0.0,0.00798035
00005140_001.png,Mass,0.19543890792001234,0.00785828
00005140_001.png,Infiltration,0.0,0.00751495
00005140_001.png,Mass,0.0,0.00733948
00005140_001.png,Atelectasis,0.0,0.00619507
00005140_001.png,Mass,0.0,0.00588226
00005140_001.png,Mass,0.2529052433311678,0.00587463
00005140_001.png,Infiltration,0.0,0.00457001
00005140_001.png,Effusion,0.0,0.0044632
00005140_001.png,Cardiomegaly,0.0,0.00443268
00005140_001.png,Mass,0.13657339919574354,0.00439835
00005140_001.png,Mass,0.40491771590317316,0.00437546
00005140_001.png,Mass,0.17439517159171147,0.00423813
00005140_001.png,Mass,0.3790062245875822,0.00422287
00005140_001.png,Mass,0.5670675637183474,0.00421143
00005140_001.png,Mass,0.11047765142773518,0.0039444
00005140_001.png,Infiltration,0.0,0.00389671
00005140_001.png,Mass,0.0,0.00389481
00005140_001.png,Mass,0.3792929867321042,0.00367355
00005140_001.png,Mass,0.07090517825797474,0.00366974
00005140_001.png,Mass,0.19543018104763255,0.00359535
00005140_001.png,Infiltration,0.0,0.00337219
00005140_001.png,Mass,0.4384231325694276,0.00308228
00005140_001.png,Infiltration,0.0,0.0030365
00005140_001.png,Mass,0.5078683401840867,0.00299644
00005140_001.png,Mass,0.0,0.00292397
00005140_001.png,Mass,0.24390539918505155,0.00286674
00005140_001.png,Mass,0.0,0.00277901
00005140_001.png,Mass,0.0,0.0027523
00005140_001.png,Infiltration,0.0,0.00269127
00005140_001.png,Mass,0.0,0.00263214
00005140_001.png,Mass,0.3344285188572592,0.0025177
00005140_001.png,Mass,0.08799755795379205,0.00251579
00005140_001.png,Mass,0.0,0.00234222
00005140_001.png,Mass,0.3686340995181551,0.00228691
00005140_001.png,Infiltration,0.21511679256854147,0.00217438
00005140_001.png,Cardiomegaly,0.0,0.00212669
00005140_001.png,Mass,0.29170879918095727,0.00210571
00005140_001.png,Infiltration,0.0,0.00199699
00005140_001.png,Mass,0.2554390713802139,0.00191689
00005140_001.png,Mass,0.6805312243353236,0.00191307
00005140_001.png,Mass,0.05821020626327366,0.00190639
00005140_001.png,Mass,0.03638905773910228,0.00189495
00005140_001.png,Infiltration,0.0,0.00188828
00005140_001.png,Cardiomegaly,0.0,0.00180817
00005140_001.png,Mass,0.20517294460578156,0.00179672
00005140_001.png,Cardiomegaly,0.6717486365733683,0.00179386
00005140_001.png,Cardiomegaly,0.0,0.00178719
00005140_001.png,Mass,0.03342008764190914,0.00174046
00005140_001.png,Mass,0.30704259279047696,0.00168037
00005140_001.png,Infiltration,0.06422554524662834,0.00163651
00005140_001.png,Infiltration,0.0,0.00162697
00005140_001.png,Infiltration,0.13698993810576476,0.00155735
00005140_001.png,Mass,0.0,0.00147533
00005140_001.png,Cardiomegaly,0.0,0.00144577
00005140_001.png,Cardiomegaly,0.0,0.001297
00005140_001.png,Mass,0.0,0.00127792
00005140_001.png,Mass,0.0,0.00126362
00005140_001.png,Cardiomegaly,0.0,0.00118923
00005140_001.png,Mass,0.2435632244652608,0.00118637
00005140_001.png,Infiltration,0.0,0.0011673
00005140_001.png,Cardiomegaly,0.0,0.00116634
00005140_001.png,Infiltration,0.0,0.00112915
00005140_001.png,Infiltration,0.19543018104763255,0.00112152
00005140_001.png,Mass,0.10541300512783489,0.00104713
00005140_001.png,Mass,0.2780701062951942,0.00104427
00005140_001.png,Infiltration,0.0,0.00101089
00005827_000.png,Atelectasis,0.7541621199417328,0.60791
00005827_000.png,Mass,0.0,0.0584412
00005827_000.png,Mass,0.0,0.0180054
00005827_000.png,Infiltration,0.02218769264248572,0.0168762
00005827_000.png,Cardiomegaly,0.0029433312868645876,0.0143585
00005827_000.png,Effusion,0.015342621778676188,0.0141296
00005827_000.png,Effusion,0.023798184554080847,0.0128479
00005827_000.png,Cardiomegaly,0.0,0.00801849
00005827_000.png,Infiltration,0.025676864288147076,0.00782776
00005827_000.png,Infiltration,0.7408682563647353,0.00633621
00005827_000.png,Effusion,0.0,0.00612259
00005827_000.png,Effusion,0.7408682563647353,0.00564194
00005827_000.png,Effusion,0.0,0.00481415
00005827_000.png,Effusion,0.0,0.00452805
00005827_000.png,Mass,0.0,0.00381851
00005827_000.png,Mass,0.7408682563647353,0.0037117
00005827_000.png,Effusion,0.0,0.00329208
00005827_000.png,Cardiomegaly,0.0,0.00294304
00005827_000.png,Pneumonia,0.7408682563647353,0.00291061
00005827_000.png,Cardiomegaly,0.7408682563647353,0.00282288
00005827_000.png,Mass,0.0,0.00276375
00005827_000.png,Infiltration,0.06465865508455153,0.00242233
00005827_000.png,Effusion,0.024121230902443534,0.00240135
00005827_000.png,Effusion,0.014648486780381727,0.00232887
00005827_000.png,Mass,0.0,0.00231934
00005827_000.png,Edema,0.7408682563647353,0.0021534
00005827_000.png,Nodule,0.7408682563647353,0.00208664
00005827_000.png,Emphysema,0.7408682563647353,0.00201607
00005827_000.png,Pneumothorax,0.7408682563647353,0.00199127
00005827_000.png,Fibrosis,0.7408682563647353,0.00191689
00005827_000.png,Pleural_Thickening,0.7408682563647353,0.00191689
00005827_000.png,Cardiomegaly,0.0,0.0019083
00005827_000.png,Hernia,0.7408682563647353,0.00190163
00005827_000.png,Infiltration,0.0,0.00170517
00005827_000.png,Mass,0.0,0.00168419
00005827_000.png,Effusion,0.0,0.00167465
00005827_000.png,Mass,0.0,0.00154877
00005827_000.png,Infiltration,0.03522169899709711,0.00147057
00005827_000.png,Infiltration,0.09183062037671667,0.00142574
00005827_000.png,Effusion,0.018113042517365428,0.00131226
00005827_000.png,Consolidation,0.7408682563647353,0.00129509
00005827_000.png,Infiltration,0.0979554131567068,0.00126457
00005827_000.png,Infiltration,0.0,0.00121975
00005827_000.png,Effusion,0.009375036339462886,0.00114918
00005827_000.png,Infiltration,0.0,0.00114536
00005827_000.png,Effusion,0.0,0.00109196
00005827_000.png,Infiltration,0.0166767615654459,0.00107098
00005827_000.png,Cardiomegaly,0.0,0.00105
00017137_016.png,Cardiomegaly,0.087411805740915,0.474609
00017137_016.png,Infiltration,0.039315455709713114,0.179932
00017137_016.png,Cardiomegaly,0.13351667970482703,0.0602417
00017137_016.png,Cardiomegaly,0.0,0.0539856
00017137_016.png,Infiltration,0.0,0.0516052
00017137_016.png,Effusion,0.0,0.0346985
00017137_016.png,Effusion,0.05348009413355525,0.0305176
00017137_016.png,Cardiomegaly,0.0,0.029129
00017137_016.png,Cardiomegaly,0.13691493514084435,0.0269928
00017137_016.png,Infiltration,0.0,0.0219269
00017137_016.png,Effusion,0.0,0.0209503
00017137_016.png,Cardiomegaly,0.0,0.0195465
00017137_016.png,Infiltration,0.12240257129217078,0.0152206
00017137_016.png,Cardiomegaly,0.0671951400518918,0.0136871
00017137_016.png,Infiltration,0.06943091127167758,0.00816345
00017137_016.png,Cardiomegaly,0.0844788354484663,0.0077858
00017137_016.png,Cardiomegaly,0.0,0.00769424
00017137_016.png,Cardiomegaly,0.10069991952586856,0.00674057
00017137_016.png,Effusion,0.08321238440153561,0.00614166
00017137_016.png,Cardiomegaly,0.04283497924891147,0.0059967
00017137_016.png,Infiltration,0.0,0.00489807
00017137_016.png,Cardiomegaly,0.18453723688342955,0.00480652
00017137_016.png,Cardiomegaly,0.0,0.00465393
00017137_016.png,Infiltration,0.0844788354484663,0.00410461
00017137_016.png,Cardiomegaly,0.0,0.00383568
00017137_016.png,Cardiomegaly,0.0,0.00370789
00017137_016.png,Cardiomegaly,0.10262774357886521,0.00364494
00017137_016.png,Cardiomegaly,0.20152188421211495,0.00364304
00017137_016.png,Cardiomegaly,0.0,0.00363159
00017137_016.png,Mass,0.0,0.0034771
00017137_016.png,Cardiomegaly,0.0,0.00345421
00017137_016.png,Cardiomegaly,0.0350554367895131,0.00291061
00017137_016.png,Infiltration,0.0,0.00266457
00017137_016.png,Cardiomegaly,0.07888396821413311,0.00264168
00017137_016.png,Cardiomegaly,0.02336701271085513,0.00258064
00017137_016.png,Infiltration,0.022794572368421022,0.00239182
00017137_016.png,Infiltration,0.0,0.00229836
00017137_016.png,Cardiomegaly,0.0,0.00224686
00017137_016.png,Cardiomegaly,0.0,0.00224495
00017137_016.png,Infiltration,0.08321238440153561,0.00224495
00017137_016.png,Infiltration,0.08286413826545576,0.00217628
00017137_016.png,Cardiomegaly,0.03753816723404878,0.00214958
00017137_016.png,Cardiomegaly,0.0,0.00214767
00017137_016.png,Mass,0.0,0.00213051
00017137_016.png,Effusion,0.0,0.00205421
00017137_016.png,Infiltration,0.0,0.00198364
00017137_016.png,Infiltration,0.08953465987853418,0.00197601
00017137_016.png,Cardiomegaly,0.0,0.0019207
00017137_016.png,Infiltration,0.0,0.00187397
00017137_016.png,Effusion,0.02105787876706126,0.00182152
00017137_016.png,Effusion,0.0,0.00181961
00017137_016.png,Infiltration,0.07725563728278712,0.00181961
00017137_016.png,Cardiomegaly,0.0953938665966709,0.00180912
00017137_016.png,Cardiomegaly,0.0,0.00176716
00017137_016.png,Mass,0.2553450330069586,0.00175667
00017137_016.png,Cardiomegaly,0.05286413691494357,0.00173378
00017137_016.png,Cardiomegaly,0.15568604438723507,0.00172997
00017137_016.png,Cardiomegaly,0.0,0.00160503
00017137_016.png,Effusion,0.0,0.00159073
00017137_016.png,Mass,0.0,0.00153542
00017137_016.png,Cardiomegaly,0.0,0.00148296
00017137_016.png,Effusion,0.0,0.00146961
00017137_016.png,Infiltration,0.0,0.00146961
00017137_016.png,Cardiomegaly,0.29079161469517384,0.00143147
00017137_016.png,Mass,0.02152070062249936,0.00133324
00017137_016.png,Cardiomegaly,0.04206929358749035,0.0012598
00017137_016.png,Atelectasis,0.09138486387159639,0.0012598
00017137_016.png,Effusion,0.1682188147427685,0.00122738
00017137_016.png,Cardiomegaly,0.2655476588185576,0.0011425
00017137_016.png,Infiltration,0.0,0.00113201
00017137_016.png,Cardiomegaly,0.034504090552862056,0.00112438
00017137_016.png,Infiltration,0.0,0.00112247
00017137_016.png,Effusion,0.0,0.00109291
00017137_016.png,Infiltration,0.02193529704758702,0.00107288
00017137_016.png,Infiltration,0.0,0.00104713
00017137_016.png,Effusion,0.03823088902074623,0.00104332
00017137_016.png,Cardiomegaly,0.0,0.00103951
00017137_016.png,Mass,0.2655476588185576,0.0010376
00017137_016.png,Effusion,0.06478184166089983,0.00103569
00017137_016.png,Cardiomegaly,0.0,0.0010252
00014149_018.png,Cardiomegaly,0.37419132341233924,0.109863
00014149_018.png,Cardiomegaly,0.15310008406107017,0.0962524
00014149_018.png,Infiltration,0.17273598183061398,0.0538025
00014149_018.png,Infiltration,0.0,0.0390015
00014149_018.png,Cardiomegaly,0.21715066822116805,0.0323181
00014149_018.png,Cardiomegaly,0.04495091804160717,0.0257568
00014149_018.png,Cardiomegaly,0.22869373907146787,0.0234985
00014149_018.png,Cardiomegaly,0.05097536083213781,0.021759
00014149_018.png,Infiltration,0.15310008406107017,0.0200653
00014149_018.png,Effusion,0.0,0.019043
00014149_018.png,Mass,0.0,0.014061
00014149_018.png,Infiltration,0.0,0.0136185
00014149_018.png,Cardiomegaly,0.2724600521334733,0.0132523
00014149_018.png,Infiltration,0.0,0.0125122
00014149_018.png,Infiltration,0.23551115612293175,0.0111542
00014149_018.png,Cardiomegaly,0.596338592016489,0.0109634
00014149_018.png,Infiltration,0.0,0.00762939
00014149_018.png,Effusion,0.0,0.00744629
00014149_018.png,Cardiomegaly,0.12457093571220429,0.00700378
00014149_018.png,Infiltration,0.2224236209094295,0.00686646
00014149_018.png,Cardiomegaly,0.0,0.0065918
00014149_018.png,Infiltration,0.1061792359974673,0.0057869
00014149_018.png,Cardiomegaly,0.06670224973379237,0.00532532
00014149_018.png,Effusion,0.16065839357044667,0.00523758
00014149_018.png,Cardiomegaly,0.09242904277718007,0.00521851
00014149_018.png,Cardiomegaly,0.0234529655733401,0.004776
00014149_018.png,Effusion,0.06765806814921106,0.00474167
00014149_018.png,Infiltration,0.22639128395829983,0.00472641
00014149_018.png,Cardiomegaly,0.23912389428857161,0.00447845
00014149_018.png,Infiltration,0.0,0.00374794
00014149_018.png,Cardiomegaly,0.4772574950024356,0.00349236
00014149_018.png,Cardiomegaly,0.30002547396002427,0.00344276
00014149_018.png,Cardiomegaly,0.21196728044003718,0.00336647
00014149_018.png,Cardiomegaly,0.028412921264123092,0.0033474
00014149_018.png,Infiltration,0.0,0.00320816
00014149_018.png,Mass,0.0,0.00294304
00014149_018.png,Infiltration,0.2026409876349385,0.002882
00014149_018.png,Infiltration,0.39864457340861953,0.00286484
00014149_018.png,Cardiomegaly,0.41218612015711514,0.00273323
00014149_018.png,Cardiomegaly,0.0,0.00267792
00014149_018.png,Cardiomegaly,0.088424690478726,0.00234032
00014149_018.png,Effusion,0.0,0.00222588
00014149_018.png,Infiltration,0.0,0.00218391
00014149_018.png,Effusion,0.0,0.00217628
00014149_018.png,Infiltration,0.16914606012374508,0.00209427
00014149_018.png,Infiltration,0.2200353243000556,0.00197029
00014149_018.png,Cardiomegaly,0.2224236209094295,0.00190067
00014149_018.png,Cardiomegaly,0.5482689056942991,0.00184155
00014149_018.png,Infiltration,0.0,0.00179768
00014149_018.png,Infiltration,0.030533453329260177,0.00177956
00014149_018.png,Cardiomegaly,0.0,0.0017395
00014149_018.png,Cardiomegaly,0.0,0.00167656
00014149_018.png,Cardiomegaly,0.19139855183257817,0.00167274
00014149_018.png,Cardiomegaly,0.2026409876349385,0.00156307
00014149_018.png,Effusion,0.13742953010408016,0.0015192
00014149_018.png,Effusion,0.0,0.00148869
00014149_018.png,Infiltration,0.311445426039412,0.00148392
00014149_018.png,Infiltration,0.13667403134441297,0.00145817
00014149_018.png,Cardiomegaly,0.3204067157339655,0.00144863
00014149_018.png,Infiltration,0.41218612015711514,0.001441
00014149_018.png,Effusion,0.16914606012374508,0.00132751
00014149_018.png,Infiltration,0.0,0.00131702
00014149_018.png,Infiltration,0.0,0.00130367
00014149_018.png,Atelectasis,0.1402104086273305,0.00129604
00014149_018.png,Cardiomegaly,0.03666021019874354,0.00126743
00014149_018.png,Cardiomegaly,0.12890045806905678,0.00124741
00014149_018.png,Cardiomegaly,0.0,0.00121307
00014149_018.png,Cardiomegaly,0.0,0.00112629
00014149_018.png,Cardiomegaly,0.0,0.00105762
00014149_018.png,Cardiomegaly,0.0,0.00105286
00014149_018.png,Cardiomegaly,0.09356572665981712,0.00100422
00025662_006.png,Infiltration,0.0,0.108765
00025662_006.png,Effusion,0.6218628186737916,0.0955811
00025662_006.png,Infiltration,0.0,0.0953369
00025662_006.png,Cardiomegaly,0.0,0.0170898
00025662_006.png,Cardiomegaly,0.05970612641880152,0.00932312
00025662_006.png,Infiltration,0.0,0.00904846
00025662_006.png,Infiltration,0.0,0.00842285
00025662_006.png,Cardiomegaly,0.0,0.00804138
00025662_006.png,Infiltration,0.0,0.00730896
00025662_006.png,Effusion,0.0,0.00716782
00025662_006.png,Effusion,0.0,0.00354004
00025662_006.png,Effusion,0.0,0.00331879
00025662_006.png,Infiltration,0.0,0.00302505
00025662_006.png,Mass,0.0,0.002882
00025662_006.png,Infiltration,0.0,0.00279236
00025662_006.png,Effusion,0.0,0.00244522
00025662_006.png,Effusion,0.0,0.00207329
00025662_006.png,Cardiomegaly,0.03475352446235398,0.00207138
00025662_006.png,Mass,0.0,0.00199318
00025662_006.png,Infiltration,0.0,0.00196075
00025662_006.png,Effusion,0.0,0.00172901
00025662_006.png,Infiltration,0.0,0.0015955
00025662_006.png,Atelectasis,0.0,0.00152397
00025662_006.png,Effusion,0.0,0.00139523
00025662_006.png,Effusion,0.0,0.00136852
00025662_006.png,Effusion,0.0,0.00133419
00025662_006.png,Mass,0.0,0.00132751
00025662_006.png,Mass,0.0,0.00129318
00025662_006.png,Mass,0.0,0.00126362
00025662_006.png,Effusion,0.7562971532139999,0.00125313
00025662_006.png,Cardiomegaly,0.03731682726304523,0.00114632
00025662_006.png,Infiltration,0.0,0.00109577
00025662_006.png,Effusion,0.0,0.00104523
00025662_006.png,Infiltration,0.6218628186737916,0.00103474
00025662_006.png,Effusion,0.0,0.00103188
00025662_006.png,Mass,0.0,0.00101089
00011151_004.png,Effusion,0.04607592497373294,0.45166
00011151_004.png,Atelectasis,0.11369984787783866,0.215332
00011151_004.png,Cardiomegaly,0.0,0.0269165
00011151_004.png,Infiltration,0.0,0.0250397
00011151_004.png,Cardiomegaly,0.0,0.0121002
00011151_004.png,Cardiomegaly,0.0,0.00945282
00011151_004.png,Effusion,0.0,0.00901794
00011151_004.png,Effusion,0.016744700247003332,0.00852203
00011151_004.png,Infiltration,0.0,0.00852203
00011151_004.png,Effusion,0.035752739974423416,0.00836182
00011151_004.png,Effusion,0.013219553934137625,0.00807953
00011151_004.png,Effusion,0.0058712084483857375,0.00563049
00011151_004.png,Effusion,0.0034172396242908866,0.00463867
00011151_004.png,Infiltration,0.05285845902487811,0.00440216
00011151_004.png,Effusion,0.0,0.00422668
00011151_004.png,Effusion,0.059075611471347864,0.00383377
00011151_004.png,Atelectasis,0.18770677456092955,0.00259399
00011151_004.png,Effusion,0.0,0.00254822
00011151_004.png,Effusion,0.13448406620248377,0.00246048
00011151_004.png,Cardiomegaly,0.0,0.00240135
00011151_004.png,Infiltration,0.0,0.00236702
00011151_004.png,Infiltration,0.11715231736871815,0.0022583
00011151_004.png,Cardiomegaly,0.039724144206434574,0.00201035
00011151_004.png,Infiltration,0.0,0.00191402
00011151_004.png,Atelectasis,0.0,0.00180912
00011151_004.png,Infiltration,0.0,0.00176048
00011151_004.png,Effusion,0.0,0.00174332
00011151_004.png,Atelectasis,0.04517541434126475,0.00171185
00011151_004.png,Mass,0.13448406620248377,0.00149536
00011151_004.png,Infiltration,0.0,0.00144005
00011151_004.png,Effusion,0.0,0.00139332
00011151_004.png,Effusion,0.0,0.0013361
00011151_004.png,Cardiomegaly,0.0,0.00126171
00011151_004.png,Cardiomegaly,0.0,0.00126076
00011151_004.png,Cardiomegaly,0.13448406620248377,0.00120735
00011151_004.png,Cardiomegaly,0.0,0.00120449
00011151_004.png,Atelectasis,0.09587710955033261,0.00118828
00011151_004.png,Mass,0.003898592538709553,0.00118351
00011151_004.png,Mass,0.04557789287630828,0.00103092
00011151_004.png,Infiltration,0.0,0.00101376
00008547_001.png,Mass,0.0,0.290039
00008547_001.png,Effusion,0.0,0.26709
00008547_001.png,Cardiomegaly,0.29035226320500385,0.118286
00008547_001.png,Mass,0.0,0.0665894
00008547_001.png,Effusion,0.0,0.0335999
00008547_001.png,Effusion,0.0,0.0206299
00008547_001.png,Cardiomegaly,0.6537124416077884,0.0200653
00008547_001.png,Cardiomegaly,0.4610201359131961,0.0183563
00008547_001.png,Mass,0.0,0.0170441
00008547_001.png,Cardiomegaly,0.0,0.0166168
00008547_001.png,Cardiomegaly,0.20263631891334669,0.0158844
00008547_001.png,Mass,0.0,0.0152435
00008547_001.png,Mass,0.0,0.0134048
00008547_001.png,Cardiomegaly,0.14883521626287022,0.0124817
00008547_001.png,Infiltration,0.40533693615787764,0.0112762
00008547_001.png,Infiltration,0.14883521626287022,0.00893402
00008547_001.png,Atelectasis,0.0,0.00699997
00008547_001.png,Effusion,0.0,0.00625229
00008547_001.png,Infiltration,0.0,0.00601578
00008547_001.png,Cardiomegaly,0.0,0.0058136
00008547_001.png,Mass,0.0,0.00526428
00008547_001.png,Cardiomegaly,0.0,0.00389671
00008547_001.png,Infiltration,0.0,0.00388145
00008547_001.png,Effusion,0.0,0.00345421
00008547_001.png,Infiltration,0.03212543381184819,0.00333023
00008547_001.png,Infiltration,0.7317336239342198,0.00311661
00008547_001.png,Mass,0.0,0.00231743
00008547_001.png,Cardiomegaly,0.08336545079338292,0.00226784
00008547_001.png,Effusion,0.0,0.00217819
00008547_001.png,Effusion,0.0,0.00206375
00008547_001.png,Infiltration,0.0,0.00197792
00008547_001.png,Effusion,0.0,0.00167084
00008547_001.png,Cardiomegaly,0.0,0.001544
00008547_001.png,Mass,0.0,0.00149822
00008547_001.png,Effusion,0.0,0.00147057
00008547_001.png,Effusion,0.0,0.00145626
00008547_001.png,Effusion,0.0,0.00145531
00008547_001.png,Infiltration,0.5617734957878049,0.00136662
00008547_001.png,Mass,0.0,0.00129986
00008547_001.png,Cardiomegaly,0.0,0.00127125
00008547_001.png,Infiltration,0.0,0.00124264
00008547_001.png,Cardiomegaly,0.18729444805995119,0.00122452
00008547_001.png,Infiltration,0.6307971205801068,0.0012064
00008547_001.png,Infiltration,0.0,0.00116348
00008547_001.png,Infiltration,0.0,0.0011425
00008547_001.png,Cardiomegaly,0.0,0.00110054
00008547_001.png,Mass,0.0,0.00107765
00008547_001.png,Atelectasis,0.0,0.00105476
00008547_001.png,Atelectasis,0.0,0.00105476
00008547_001.png,Infiltration,0.0,0.00103378
00008547_001.png,Effusion,0.07752459407402083,0.00102997
00021420_020.png,Infiltration,0.0692441119659622,0.0591125
00021420_020.png,Infiltration,0.012519536246237625,0.0361938
00021420_020.png,Atelectasis,0.03467868193770329,0.0351257
00021420_020.png,Cardiomegaly,0.043282495437195825,0.033905
00021420_020.png,Cardiomegaly,0.0,0.0336609
00021420_020.png,Infiltration,0.0,0.0305023
00021420_020.png,Cardiomegaly,0.013863299798898315,0.0221558
00021420_020.png,Effusion,0.0033233498406952553,0.018631
00021420_020.png,Effusion,0.0,0.0185547
00021420_020.png,Effusion,0.0024076462365842884,0.015274
00021420_020.png,Cardiomegaly,0.0,0.013504
00021420_020.png,Atelectasis,0.022561988010144394,0.0113907
00021420_020.png,Infiltration,0.051354619778817896,0.0104904
00021420_020.png,Infiltration,0.0024076462365842884,0.010025
00021420_020.png,Cardiomegaly,0.042718382292367664,0.00797272
00021420_020.png,Infiltration,0.06091343678883724,0.00751495
00021420_020.png,Cardiomegaly,0.042135779481917296,0.00699997
00021420_020.png,Cardiomegaly,0.06747670979807337,0.00637054
00021420_020.png,Mass,0.0,0.00583649
00021420_020.png,Infiltration,0.0,0.00543976
00021420_020.png,Infiltration,0.016728891606716517,0.00498199
00021420_020.png,Infiltration,0.03438285611568231,0.00488281
00021420_020.png,Atelectasis,0.0385211912508066,0.00453949
00021420_020.png,Effusion,0.016728891606716517,0.00437164
00021420_020.png,Cardiomegaly,0.052103354801279526,0.00381279
00021420_020.png,Infiltration,0.025773317705558258,0.00347137
00021420_020.png,Infiltration,0.057859321993204475,0.00338936
00021420_020.png,Infiltration,0.0,0.00327682
00021420_020.png,Atelectasis,0.0,0.00322533
00021420_020.png,Infiltration,0.0385211912508066,0.00307655
00021420_020.png,Effusion,0.0,0.00304222
00021420_020.png,Cardiomegaly,0.0,0.00298882
00021420_020.png,Infiltration,0.019062234997788266,0.00289345
00021420_020.png,Cardiomegaly,0.0,0.00279045
00021420_020.png,Mass,0.053873396748937305,0.00277328
00021420_020.png,Atelectasis,0.05053915289077391,0.00261116
00021420_020.png,Cardiomegaly,0.0,0.00255775
00021420_020.png,Mass,0.0,0.00241661
00021420_020.png,Cardiomegaly,0.08384621804111209,0.00238609
00021420_020.png,Mass,0.0,0.0022831
00021420_020.png,Effusion,0.0285094340105075,0.00226593
00021420_020.png,Cardiomegaly,0.0,0.00223541
00021420_020.png,Cardiomegaly,0.09020767304833491,0.0021553
00021420_020.png,Atelectasis,0.052038596730522364,0.00206757
00021420_020.png,Effusion,0.0,0.00203323
00021420_020.png,Cardiomegaly,0.06554211034222053,0.00189686
00021420_020.png,Infiltration,0.0,0.00183201
00021420_020.png,Cardiomegaly,0.051354619778817896,0.0018034
00021420_020.png,Effusion,0.0,0.00177383
00021420_020.png,Mass,0.0,0.00175953
00021420_020.png,Mass,0.03819027412173048,0.00171852
00021420_020.png,Effusion,0.0,0.00166225
00021420_020.png,Cardiomegaly,0.078686295150789,0.00162125
00021420_020.png,Atelectasis,0.0,0.00158501
00021420_020.png,Mass,0.0,0.00152206
00021420_020.png,Cardiomegaly,0.0,0.00150204
00021420_020.png,Infiltration,0.06923336590544976,0.00149441
00021420_020.png,Cardiomegaly,0.031485914506347426,0.00140953
00021420_020.png,Infiltration,0.0,0.00138855
00021420_020.png,Infiltration,0.041706145413588004,0.00137615
00021420_020.png,Infiltration,0.0,0.00136375
00021420_020.png,Effusion,0.01651734688673343,0.00134563
00021420_020.png,Infiltration,0.0,0.00134468
00021420_020.png,Infiltration,0.042135779481917296,0.00132847
00021420_020.png,Effusion,0.02657264921276904,0.0013237
00021420_020.png,Infiltration,0.0012902396833873685,0.00129604
00021420_020.png,Infiltration,0.009501659672992378,0.00125694
00021420_020.png,Mass,0.0,0.0011797
00021420_020.png,Cardiomegaly,0.0,0.00117016
00021420_020.png,Mass,0.0,0.00116253
00021420_020.png,Cardiomegaly,0.0,0.00112247
00021420_020.png,Effusion,0.015750226370102777,0.00111389
00021420_020.png,Cardiomegaly,0.0,0.00110912
00021420_020.png,Cardiomegaly,0.0,0.00101852
00021420_020.png,Infiltration,0.5653639081095563,0.00101662
00021420_020.png,Cardiomegaly,0.0,0.00101471
00015792_005.png,Effusion,0.757675379096569,0.395508
00015792_005.png,Effusion,0.0,0.335693
00015792_005.png,Effusion,0.0,0.32959
00015792_005.png,Effusion,0.0,0.268799
00015792_005.png,Effusion,0.0,0.237549
00015792_005.png,Effusion,0.0,0.231812
00015792_005.png,Effusion,0.0,0.214722
00015792_005.png,Effusion,0.0,0.183472
00015792_005.png,Effusion,0.0,0.130615
00015792_005.png,Effusion,0.0,0.125366
00015792_005.png,Effusion,0.0,0.106323
00015792_005.png,Effusion,0.0,0.0875244
00015792_005.png,Effusion,0.04027729250781398,0.0708618
00015792_005.png,Effusion,0.0,0.0600891
00015792_005.png,Effusion,0.0,0.0360413
00015792_005.png,Effusion,0.0,0.0325317
00015792_005.png,Effusion,0.3747561853645436,0.0323181
00015792_005.png,Effusion,0.0,0.0310364
00015792_005.png,Effusion,0.10688019636971564,0.0287781
00015792_005.png,Effusion,0.0,0.0279846
00015792_005.png,Effusion,0.06078158894872917,0.0251007
00015792_005.png,Effusion,0.0,0.0240326
00015792_005.png,Effusion,0.0,0.0240173
00015792_005.png,Effusion,0.0,0.0214233
00015792_005.png,Effusion,0.0,0.020813
00015792_005.png,Effusion,0.0,0.0178223
00015792_005.png,Effusion,0.0,0.0142136
00015792_005.png,Effusion,0.028479490644207257,0.0139236
00015792_005.png,Effusion,0.0,0.0133133
00015792_005.png,Effusion,0.009057223351532433,0.0130005
00015792_005.png,Effusion,0.0,0.0124588
00015792_005.png,Effusion,0.0,0.0121307
00015792_005.png,Infiltration,0.0,0.0116272
00015792_005.png,Effusion,0.0387749863827718,0.00879669
00015792_005.png,Effusion,0.0607913050920075,0.00805664
00015792_005.png,Effusion,0.0,0.00663376
00015792_005.png,Effusion,0.0,0.00660706
00015792_005.png,Effusion,0.008077994368904108,0.00615311
00015792_005.png,Effusion,0.15877896545092274,0.00598526
00015792_005.png,Effusion,0.0,0.00572205
00015792_005.png,Effusion,0.0,0.00566101
00015792_005.png,Infiltration,0.0,0.00551224
00015792_005.png,Effusion,0.0,0.00532913
00015792_005.png,Effusion,0.2253306497438389,0.0052681
00015792_005.png,Effusion,0.0,0.00514984
00015792_005.png,Effusion,0.0,0.0049324
00015792_005.png,Effusion,0.019154692588758265,0.00491714
00015792_005.png,Effusion,0.0,0.00434113
00015792_005.png,Effusion,0.0,0.00426865
00015792_005.png,Effusion,0.0,0.00410843
00015792_005.png,Effusion,0.0005268421682987101,0.00351334
00015792_005.png,Infiltration,0.0,0.00319672
00015792_005.png,Effusion,0.0,0.00319099
00015792_005.png,Effusion,0.0,0.00305176
00015792_005.png,Effusion,0.0,0.00297165
00015792_005.png,Effusion,0.14461869298980976,0.0029583
00015792_005.png,Infiltration,0.0,0.00278854
00015792_005.png,Effusion,0.0,0.00275803
00015792_005.png,Mass,0.0,0.0027504
00015792_005.png,Effusion,0.0,0.00272942
00015792_005.png,Infiltration,0.0,0.0025692
00015792_005.png,Effusion,0.0,0.0025444
00015792_005.png,Effusion,0.0,0.00229454
00015792_005.png,Effusion,0.0,0.00221443
00015792_005.png,Infiltration,0.0,0.00216293
00015792_005.png,Infiltration,0.0,0.00203514
00015792_005.png,Effusion,0.0,0.00202942
00015792_005.png,Effusion,0.0,0.00190544
00015792_005.png,Effusion,0.14728069133242735,0.00179291
00015792_005.png,Effusion,0.0,0.00178719
00015792_005.png,Infiltration,0.0,0.00172043
00015792_005.png,Effusion,0.0,0.00169086
00015792_005.png,Infiltration,0.8018001102013768,0.00166512
00015792_005.png,Mass,0.0,0.00162411
00015792_005.png,Infiltration,0.0,0.00160503
00015792_005.png,Effusion,0.0,0.00159931
00015792_005.png,Effusion,0.0,0.0015955
00015792_005.png,Cardiomegaly,0.0,0.00154591
00015792_005.png,Effusion,0.06645019639051164,0.00153255
00015792_005.png,Effusion,0.0,0.00153065
00015792_005.png,Infiltration,0.0,0.0015049
00015792_005.png,Cardiomegaly,0.0,0.00146103
00015792_005.png,Cardiomegaly,0.04370833618394948,0.00143623
00015792_005.png,Atelectasis,0.0,0.00143433
00015792_005.png,Infiltration,0.0,0.00140762
00015792_005.png,Infiltration,0.0,0.00135136
00015792_005.png,Infiltration,0.0,0.00134087
00015792_005.png,Atelectasis,0.8018001102013768,0.00130367
00015792_005.png,Infiltration,0.0,0.0012989
00015792_005.png,Effusion,0.0,0.00128651
00015792_005.png,Effusion,0.0,0.00128078
00015792_005.png,Infiltration,0.0,0.00118542
00015792_005.png,Effusion,0.0,0.00115585
00015792_005.png,Effusion,0.0,0.00115204
00015792_005.png,Infiltration,0.0,0.00113392
00015792_005.png,Effusion,0.09152364727430685,0.00111866
00015792_005.png,Atelectasis,0.0,0.00111771
00015792_005.png,Cardiomegaly,0.788655570285745,0.00111294
00015792_005.png,Effusion,0.0,0.00111198
00015792_005.png,Effusion,0.0,0.00110435
00015792_005.png,Infiltration,0.0,0.00109768
00015792_005.png,Atelectasis,0.0,0.00106716
00015792_005.png,Effusion,0.0,0.00106335
00015792_005.png,Effusion,0.0,0.00103188
00015792_005.png,Infiltration,0.0,0.00100231
00000049_001.png,Effusion,0.0,0.376953
00000049_001.png,Infiltration,0.0,0.280273
00000049_001.png,Atelectasis,0.0,0.150879
00000049_001.png,Mass,0.0,0.147827
00000049_001.png,Cardiomegaly,0.0,0.046936
00000049_001.png,Effusion,0.0,0.0179749
00000049_001.png,Cardiomegaly,0.0,0.0127335
00000049_001.png,Infiltration,0.0,0.00922394
00000049_001.png,Mass,0.0,0.00846863
00000049_001.png,Mass,0.0,0.00804138
00000049_001.png,Effusion,0.0,0.00593185
00000049_001.png,Effusion,0.0,0.00587845
00000049_001.png,Infiltration,0.0,0.00579071
00000049_001.png,Effusion,0.0,0.00572205
00000049_001.png,Effusion,0.0,0.00553513
00000049_001.png,Cardiomegaly,0.0,0.00546646
00000049_001.png,Effusion,0.0,0.00460052
00000049_001.png,Infiltration,0.0,0.0045929
00000049_001.png,Cardiomegaly,0.0,0.00432205
00000049_001.png,Infiltration,0.0,0.0039978
00000049_001.png,Effusion,0.0,0.00387764
00000049_001.png,Cardiomegaly,0.0,0.0037899
00000049_001.png,Mass,0.0,0.00362968
00000049_001.png,Infiltration,0.0,0.00336266
00000049_001.png,Atelectasis,0.0,0.00329018
00000049_001.png,Effusion,0.0,0.00325584
00000049_001.png,Cardiomegaly,0.0,0.0030117
00000049_001.png,Effusion,0.0,0.00299454
00000049_001.png,Mass,0.0,0.00299454
00000049_001.png,Infiltration,0.0,0.00276184
00000049_001.png,Effusion,0.0,0.00271797
00000049_001.png,Cardiomegaly,0.0,0.00264549
00000049_001.png,Effusion,0.0,0.00258064
00000049_001.png,Effusion,0.0,0.00256538
00000049_001.png,Infiltration,0.0,0.00253868
00000049_001.png,Cardiomegaly,0.0,0.00237656
00000049_001.png,Cardiomegaly,0.0,0.00220871
00000049_001.png,Infiltration,0.0,0.00214005
00000049_001.png,Infiltration,0.0,0.00206566
00000049_001.png,Effusion,0.0,0.00201035
00000049_001.png,Effusion,0.0,0.00200844
00000049_001.png,Cardiomegaly,0.0,0.00187874
00000049_001.png,Cardiomegaly,0.0,0.00187492
00000049_001.png,Cardiomegaly,0.0,0.00181103
00000049_001.png,Cardiomegaly,0.0,0.00178719
00000049_001.png,Effusion,0.0,0.00176907
00000049_001.png,Mass,0.0,0.0017643
00000049_001.png,Cardiomegaly,0.0,0.0017271
00000049_001.png,Atelectasis,0.0,0.00171089
00000049_001.png,Effusion,0.0,0.00166607
00000049_001.png,Effusion,0.0,0.00164127
00000049_001.png,Effusion,0.0,0.00163174
00000049_001.png,Cardiomegaly,0.0,0.00160789
00000049_001.png,Cardiomegaly,0.0,0.00159931
00000049_001.png,Cardiomegaly,0.0,0.00157738
00000049_001.png,Cardiomegaly,0.0,0.00155544
00000049_001.png,Infiltration,0.0,0.00152302
00000049_001.png,Cardiomegaly,0.0,0.00150108
00000049_001.png,Effusion,0.0,0.00149155
00000049_001.png,Effusion,0.0,0.0014782
00000049_001.png,Infiltration,0.0,0.00145149
00000049_001.png,Cardiomegaly,0.0,0.00142384
00000049_001.png,Effusion,0.0,0.00139809
00000049_001.png,Effusion,0.0,0.00136566
00000049_001.png,Cardiomegaly,0.0,0.00133038
00000049_001.png,Effusion,0.0,0.00132275
00000049_001.png,Cardiomegaly,0.0,0.0012846
00000049_001.png,Effusion,0.0,0.00124454
00000049_001.png,Cardiomegaly,0.0,0.00117493
00000049_001.png,Infiltration,0.0,0.00114346
00000049_001.png,Infiltration,0.0,0.00112629
00000049_001.png,Cardiomegaly,0.0,0.00111866
00000049_001.png,Infiltration,0.0,0.00110435
00000049_001.png,Mass,0.0,0.00110245
00000049_001.png,Infiltration,0.0,0.00102615
00000049_001.png,Mass,0.0,0.00101089
00000049_001.png,Cardiomegaly,0.0,0.00100327
00016487_002.png,Atelectasis,0.03911450116647903,0.36792
00016487_002.png,Infiltration,0.0,0.366211
00016487_002.png,Infiltration,0.00290996553140903,0.0483093
00016487_002.png,Effusion,0.0,0.017868
00016487_002.png,Effusion,0.0,0.0154037
00016487_002.png,Effusion,0.0,0.00709152
00016487_002.png,Infiltration,0.07563628839446128,0.00678635
00016487_002.png,Infiltration,0.0,0.00634384
00016487_002.png,Infiltration,0.0,0.00576782
00016487_002.png,Infiltration,0.0,0.00494003
00016487_002.png,Infiltration,0.0404735508136437,0.00421143
00016487_002.png,Mass,0.0,0.00400162
00016487_002.png,Effusion,0.0404735508136437,0.00350571
00016487_002.png,Infiltration,0.0,0.00319672
00016487_002.png,Cardiomegaly,0.0,0.00256348
00016487_002.png,Infiltration,0.0,0.00240326
00016487_002.png,Mass,0.0404735508136437,0.00230217
00016487_002.png,Infiltration,0.0,0.00212288
00016487_002.png,Pneumonia,0.0404735508136437,0.00208282
00016487_002.png,Cardiomegaly,0.0,0.00201797
00016487_002.png,Infiltration,0.0,0.00169277
00016487_002.png,Infiltration,0.0,0.00161552
00016487_002.png,Cardiomegaly,0.0404735508136437,0.00155926
00016487_002.png,Edema,0.0404735508136437,0.00155354
00016487_002.png,Nodule,0.0404735508136437,0.00137711
00016487_002.png,Emphysema,0.0404735508136437,0.00136757
00016487_002.png,Infiltration,0.0,0.00131798
00016487_002.png,Infiltration,0.0,0.00128841
00016487_002.png,Mass,0.0,0.00123787
00016487_002.png,Infiltration,0.0,0.00122738
00016487_002.png,Pleural_Thickening,0.0404735508136437,0.00121689
00016487_002.png,Mass,0.0,0.00120831
00016487_002.png,Fibrosis,0.0404735508136437,0.00118828
00016487_002.png,Hernia,0.0404735508136437,0.00115299
00016487_002.png,Pneumothorax,0.0404735508136437,0.00114822
00016487_002.png,Infiltration,0.03355926874290425,0.00105
00016487_002.png,Mass,0.0,0.00100613
00014738_000.png,Cardiomegaly,0.7855458003006883,0.262451
00014738_000.png,Infiltration,0.16613090442769027,0.185547
00014738_000.png,Atelectasis,0.24386345697884174,0.0649414
00014738_000.png,Infiltration,0.24125549614591535,0.0628052
00014738_000.png,Cardiomegaly,0.39787368851072225,0.0218201
00014738_000.png,Cardiomegaly,0.6614298057397476,0.0183868
00014738_000.png,Infiltration,0.1245528338816069,0.0181427
00014738_000.png,Cardiomegaly,0.24125549614591535,0.0179291
00014738_000.png,Cardiomegaly,0.2528992011651162,0.0147018
00014738_000.png,Cardiomegaly,0.6425731098726968,0.0112381
00014738_000.png,Infiltration,0.3634347546445319,0.00942993
00014738_000.png,Effusion,0.05281217580503451,0.00933075
00014738_000.png,Cardiomegaly,0.39696156891399204,0.0091629
00014738_000.png,Cardiomegaly,0.3811592230313138,0.0075798
00014738_000.png,Cardiomegaly,0.45197415457174805,0.00666046
00014738_000.png,Atelectasis,0.06698410696698877,0.00649643
00014738_000.png,Infiltration,0.17282358580428095,0.00637817
00014738_000.png,Infiltration,0.0,0.00632095
00014738_000.png,Cardiomegaly,0.5210029486942929,0.00628662
00014738_000.png,Cardiomegaly,0.0,0.00486755
00014738_000.png,Infiltration,0.050578136001658905,0.00483704
00014738_000.png,Cardiomegaly,0.0,0.00431824
00014738_000.png,Cardiomegaly,0.0746071520560524,0.00386429
00014738_000.png,Cardiomegaly,0.16613090442769027,0.00362778
00014738_000.png,Cardiomegaly,0.0,0.00332642
00014738_000.png,Effusion,0.0,0.0028286
00014738_000.png,Infiltration,0.0,0.00249672
00014738_000.png,Effusion,0.011247606696842015,0.00210571
00014738_000.png,Effusion,0.0801768367027427,0.00196075
00014738_000.png,Infiltration,0.09988940925080879,0.00188065
00014738_000.png,Effusion,0.24125549614591535,0.00187969
00014738_000.png,Cardiomegaly,0.0,0.00162506
00014738_000.png,Effusion,0.0163672391469331,0.00154114
00014738_000.png,Atelectasis,0.24125549614591535,0.00153828
00014738_000.png,Effusion,0.0,0.00152493
00014738_000.png,Atelectasis,0.2122152760652733,0.0014925
00014738_000.png,Cardiomegaly,0.09762179284884585,0.00148582
00014738_000.png,Cardiomegaly,0.5763923008259018,0.00145912
00014738_000.png,Effusion,0.22004141896819665,0.00141907
00014738_000.png,Infiltration,0.14399048098980452,0.001297
00014738_000.png,Effusion,0.16613090442769027,0.00128269
00014738_000.png,Cardiomegaly,0.37085951632289726,0.00127125
00014738_000.png,Cardiomegaly,0.19910833654626167,0.00122452
00014738_000.png,Cardiomegaly,0.0,0.0011282
00014738_000.png,Infiltration,0.0,0.00110722
00014738_000.png,Cardiomegaly,0.1489770327402245,0.00110531
00014738_000.png,Infiltration,0.08327744933432897,0.00110245
00014738_000.png,Atelectasis,0.0,0.00104618
00014738_000.png,Infiltration,0.14795374892904053,0.00100708
00019399_010.png,Atelectasis,0.03469466444369422,0.564453
00019399_010.png,Infiltration,0.0,0.352051
00019399_010.png,Effusion,0.0,0.193237
00019399_010.png,Cardiomegaly,0.0,0.0525208
00019399_010.png,Effusion,0.0,0.0434875
00019399_010.png,Infiltration,0.0,0.0300751
00019399_010.png,Infiltration,0.0,0.0230103
00019399_010.png,Cardiomegaly,0.0,0.0200348
00019399_010.png,Effusion,0.0,0.0173187
00019399_010.png,Cardiomegaly,0.0,0.0167236
00019399_010.png,Mass,0.0,0.00967407
00019399_010.png,Infiltration,0.0,0.00930786
00019399_010.png,Infiltration,0.0,0.00546646
00019399_010.png,Infiltration,0.0,0.00545883
00019399_010.png,Mass,0.0,0.00481033
00019399_010.png,Infiltration,0.02961783868696174,0.0048027
00019399_010.png,Effusion,0.02961783868696174,0.00444412
00019399_010.png,Effusion,0.0,0.00400543
00019399_010.png,Cardiomegaly,0.0,0.00396729
00019399_010.png,Infiltration,0.0,0.00340462
00019399_010.png,Cardiomegaly,0.0,0.00310516
00019399_010.png,Infiltration,0.0,0.0030899
00019399_010.png,Atelectasis,0.0,0.0029583
00019399_010.png,Infiltration,0.0,0.00290871
00019399_010.png,Infiltration,0.0,0.00279617
00019399_010.png,Effusion,0.0,0.00266647
00019399_010.png,Mass,0.02961783868696174,0.00255585
00019399_010.png,Pneumonia,0.02961783868696174,0.00247955
00019399_010.png,Atelectasis,0.053877159973833515,0.00230217
00019399_010.png,Effusion,0.0,0.00212479
00019399_010.png,Infiltration,0.0,0.00207901
00019399_010.png,Cardiomegaly,0.02961783868696174,0.00190639
00019399_010.png,Cardiomegaly,0.0,0.00189209
00019399_010.png,Edema,0.02961783868696174,0.00187683
00019399_010.png,Infiltration,0.0,0.00183296
00019399_010.png,Nodule,0.02961783868696174,0.00167084
00019399_010.png,Infiltration,0.0,0.00161362
00019399_010.png,Pleural_Thickening,0.02961783868696174,0.00153351
00019399_010.png,Effusion,0.0,0.00152588
00019399_010.png,Fibrosis,0.02961783868696174,0.00146389
00019399_010.png,Emphysema,0.02961783868696174,0.00141907
00019399_010.png,Cardiomegaly,0.0,0.00140572
00019399_010.png,Cardiomegaly,0.0,0.00137615
00019399_010.png,Hernia,0.02961783868696174,0.00132847
00019399_010.png,Infiltration,0.07536693951124522,0.00130653
00019399_010.png,Pneumothorax,0.02961783868696174,0.00118256
00019399_010.png,Cardiomegaly,0.0,0.00116158
00019399_010.png,Cardiomegaly,0.0,0.00115681
00019399_010.png,Infiltration,0.0,0.00111866
00019399_010.png,Effusion,0.0,0.00105572
00019399_010.png,Cardiomegaly,0.0,0.00105
00019399_010.png,Effusion,0.0,0.00104618
00019399_010.png,Infiltration,0.0,0.00103474
00012094_040.png,Infiltration,0.0,0.0807495
00012094_040.png,Mass,0.3863127580288943,0.0576477
00012094_040.png,Infiltration,0.0,0.0508728
00012094_040.png,Cardiomegaly,0.0,0.0278625
00012094_040.png,Cardiomegaly,0.0,0.0234375
00012094_040.png,Mass,0.09057186550191322,0.0103302
00012094_040.png,Cardiomegaly,0.0,0.00984955
00012094_040.png,Infiltration,0.3401771329050236,0.00938416
00012094_040.png,Cardiomegaly,0.0,0.00866699
00012094_040.png,Infiltration,0.0,0.00847626
00012094_040.png,Infiltration,0.2652498657476145,0.00796509
00012094_040.png,Cardiomegaly,0.0,0.00714493
00012094_040.png,Cardiomegaly,0.09057186550191322,0.00654221
00012094_040.png,Mass,0.25490595632907675,0.00634003
00012094_040.png,Infiltration,0.0,0.00618362
00012094_040.png,Cardiomegaly,0.0,0.00592804
00012094_040.png,Infiltration,0.0,0.00582886
00012094_040.png,Infiltration,0.0,0.00577164
00012094_040.png,Cardiomegaly,0.0,0.00522995
00012094_040.png,Effusion,0.0,0.00514603
00012094_040.png,Mass,0.15371510022839957,0.00463867
00012094_040.png,Infiltration,0.0,0.00453949
00012094_040.png,Cardiomegaly,0.03863141154441796,0.00452423
00012094_040.png,Mass,0.0,0.00450516
00012094_040.png,Cardiomegaly,0.0,0.00393295
00012094_040.png,Infiltration,0.5010752840284283,0.00379944
00012094_040.png,Mass,0.24767761683063752,0.00365448
00012094_040.png,Infiltration,0.0,0.00325203
00012094_040.png,Cardiomegaly,0.0,0.00305176
00012094_040.png,Mass,0.2843936137537801,0.00265312
00012094_040.png,Mass,0.0,0.00261116
00012094_040.png,Mass,0.34506821878416705,0.00255013
00012094_040.png,Cardiomegaly,0.0,0.0025444
00012094_040.png,Mass,0.0,0.00249863
00012094_040.png,Infiltration,0.3555337112509139,0.00246239
00012094_040.png,Mass,0.0,0.00245285
00012094_040.png,Mass,0.03863141154441796,0.00244141
00012094_040.png,Effusion,0.26436122163002207,0.00235748
00012094_040.png,Cardiomegaly,0.0,0.00233269
00012094_040.png,Cardiomegaly,0.0,0.00188255
00012094_040.png,Infiltration,0.0,0.00183773
00012094_040.png,Infiltration,0.15333221427693172,0.00178528
00012094_040.png,Cardiomegaly,0.0,0.00177956
00012094_040.png,Cardiomegaly,0.0,0.00177574
00012094_040.png,Mass,0.3053176376479093,0.0017252
00012094_040.png,Effusion,0.0,0.00171852
00012094_040.png,Mass,0.26436122163002207,0.00169563
00012094_040.png,Cardiomegaly,0.0,0.00161362
00012094_040.png,Infiltration,0.15042324570060786,0.00159454
00012094_040.png,Cardiomegaly,0.0,0.00146103
00012094_040.png,Cardiomegaly,0.0,0.00134373
00012094_040.png,Mass,0.0,0.00129509
00012094_040.png,Cardiomegaly,0.0,0.00128174
00012094_040.png,Effusion,0.0025667686173862863,0.00128174
00012094_040.png,Infiltration,0.0,0.0012722
00012094_040.png,Cardiomegaly,0.0,0.00123978
00012094_040.png,Mass,0.0,0.00119781
00012094_040.png,Infiltration,0.0,0.00117779
00012094_040.png,Mass,0.15431511634915396,0.00116158
00012094_040.png,Mass,0.7204677037144653,0.00115395
00012094_040.png,Mass,0.37411585149018317,0.00114632
00012094_040.png,Cardiomegaly,0.051772773232208996,0.00104427
00012094_040.png,Infiltration,0.0,0.00103855
00012094_040.png,Infiltration,0.05312600094569182,0.00103474
00012094_040.png,Infiltration,0.0,0.00100231
00000052_000.png,Infiltration,0.0,0.0186615
00000052_000.png,Effusion,0.0,0.0154419
00000052_000.png,Atelectasis,0.0,0.0112
00000052_000.png,Infiltration,0.0,0.00735092
00000052_000.png,Atelectasis,0.0,0.0065155
00000052_000.png,Infiltration,0.0,0.00469971
00000052_000.png,Mass,0.0,0.00403595
00000052_000.png,Mass,0.0,0.00402451
00000052_000.png,Effusion,0.0,0.00388145
00000052_000.png,Effusion,0.0,0.00384331
00000052_000.png,Effusion,0.0,0.00338936
00000052_000.png,Cardiomegaly,0.0,0.00216675
00000052_000.png,Mass,0.0,0.00203514
00000052_000.png,Effusion,0.0,0.00189972
00000052_000.png,Infiltration,0.0,0.001647
00000052_000.png,Infiltration,0.0,0.00162983
00000052_000.png,Effusion,0.0,0.00151634
00000052_000.png,Cardiomegaly,0.0,0.00139809
00000052_000.png,Mass,0.0,0.00127411
00000052_000.png,Mass,0.0,0.00123501
00000052_000.png,Infiltration,0.0,0.00121117
00000052_000.png,Infiltration,0.0,0.00104427
00026319_000.png,Infiltration,0.0,0.238159
00026319_000.png,Effusion,0.0,0.0154877
00026319_000.png,Effusion,0.0,0.01371
00026319_000.png,Mass,0.0,0.00505829
00026319_000.png,Infiltration,0.0,0.00478745
00026319_000.png,Infiltration,0.0,0.00367546
00026319_000.png,Infiltration,0.22818986477115755,0.00295448
00026319_000.png,Effusion,0.0,0.00285912
00026319_000.png,Infiltration,0.0,0.00256157
00026319_000.png,Infiltration,0.0,0.00253296
00026319_000.png,Effusion,0.0,0.00223541
00026319_000.png,Effusion,0.0,0.0019083
00026319_000.png,Effusion,0.0,0.00179386
00026319_000.png,Infiltration,0.0,0.0016861
00026319_000.png,Effusion,0.0,0.00147343
00026319_000.png,Infiltration,0.0,0.00140953
00026319_000.png,Infiltration,0.1484578433473777,0.00139236
00026319_000.png,Mass,0.0,0.00133991
00026319_000.png,Infiltration,0.0,0.00121403
00026319_000.png,Infiltration,0.45497304530022775,0.00114727
00026319_000.png,Infiltration,0.0,0.0011282
00026319_000.png,Infiltration,0.0,0.00111675
00026319_000.png,Mass,0.0,0.00111294
00026319_000.png,Mass,0.0,0.00103092
00000054_005.png,Atelectasis,0.0,0.148193
00000054_005.png,Effusion,0.0,0.051178
00000054_005.png,Infiltration,0.0,0.0431824
00000054_005.png,Infiltration,0.0,0.0317993
00000054_005.png,Cardiomegaly,0.0,0.0167694
00000054_005.png,Infiltration,0.0,0.0106583
00000054_005.png,Cardiomegaly,0.0,0.00707245
00000054_005.png,Infiltration,0.0,0.00629425
00000054_005.png,Cardiomegaly,0.0,0.00437927
00000054_005.png,Effusion,0.0,0.00429535
00000054_005.png,Cardiomegaly,0.0,0.00365067
00000054_005.png,Cardiomegaly,0.0,0.00358772
00000054_005.png,Infiltration,0.0,0.00335693
00000054_005.png,Infiltration,0.0,0.00282097
00000054_005.png,Infiltration,0.0,0.00256157
00000054_005.png,Effusion,0.0,0.00232887
00000054_005.png,Infiltration,0.0,0.00221825
00000054_005.png,Effusion,0.0,0.0022049
00000054_005.png,Cardiomegaly,0.0,0.00216866
00000054_005.png,Infiltration,0.0,0.00212479
00000054_005.png,Effusion,0.0,0.00210762
00000054_005.png,Effusion,0.0,0.00205421
00000054_005.png,Cardiomegaly,0.0,0.00191784
00000054_005.png,Effusion,0.0,0.00172138
00000054_005.png,Mass,0.0,0.00171089
00000054_005.png,Infiltration,0.0,0.00171089
00000054_005.png,Infiltration,0.0,0.00162792
00000054_005.png,Cardiomegaly,0.0,0.00162506
00000054_005.png,Infiltration,0.0,0.00150871
00000054_005.png,Infiltration,0.0,0.00141239
00000054_005.png,Infiltration,0.0,0.00123215
00000054_005.png,Cardiomegaly,0.0,0.00118446
00000054_005.png,Effusion,0.0,0.00117779
00000054_005.png,Infiltration,0.0,0.00116825
00000054_005.png,Effusion,0.0,0.00116539
00000054_005.png,Infiltration,0.0,0.00108337
00000054_005.png,Effusion,0.0,0.00103188
00000054_005.png,Infiltration,0.0,0.00100136
00013685_000.png,Infiltration,0.44862545647867946,0.753906
00013685_000.png,Infiltration,0.6665489327790612,0.160767
00013685_000.png,Cardiomegaly,0.0,0.134033
00013685_000.png,Cardiomegaly,0.0,0.0422363
00013685_000.png,Cardiomegaly,0.03842248648535815,0.0416565
00013685_000.png,Infiltration,0.03842248648535815,0.0353699
00013685_000.png,Infiltration,0.28802216296598854,0.0315552
00013685_000.png,Infiltration,0.03317619543253538,0.0292053
00013685_000.png,Infiltration,0.08838504936978052,0.0286713
00013685_000.png,Infiltration,0.0,0.0219727
00013685_000.png,Effusion,0.0,0.0206757
00013685_000.png,Infiltration,0.0,0.0188446
00013685_000.png,Cardiomegaly,0.0,0.017334
00013685_000.png,Infiltration,0.0,0.0149536
00013685_000.png,Cardiomegaly,0.0,0.0120392
00013685_000.png,Infiltration,0.03502982384802311,0.0118637
00013685_000.png,Effusion,0.0,0.0114136
00013685_000.png,Infiltration,0.1836419307770885,0.0113907
00013685_000.png,Infiltration,0.0,0.0102539
00013685_000.png,Effusion,0.0,0.0096817
00013685_000.png,Infiltration,0.1566433369226612,0.00936127
00013685_000.png,Infiltration,0.30722691174190986,0.0092926
00013685_000.png,Infiltration,0.17477326957554734,0.0091629
00013685_000.png,Infiltration,0.0,0.00737381
00013685_000.png,Infiltration,0.0,0.00727463
00013685_000.png,Cardiomegaly,0.14463714968179264,0.00608826
00013685_000.png,Cardiomegaly,0.0,0.00501251
00013685_000.png,Cardiomegaly,0.0,0.00495911
00013685_000.png,Cardiomegaly,0.0,0.00453186
00013685_000.png,Cardiomegaly,0.0392339602456553,0.00407791
00013685_000.png,Cardiomegaly,0.0,0.00400543
00013685_000.png,Effusion,0.0,0.00396729
00013685_000.png,Atelectasis,0.0,0.00378799
00013685_000.png,Cardiomegaly,0.0,0.00343513
00013685_000.png,Infiltration,0.0,0.00315285
00013685_000.png,Cardiomegaly,0.056113131383851704,0.00310326
00013685_000.png,Cardiomegaly,0.13950214598556093,0.00299454
00013685_000.png,Effusion,0.5216823787910949,0.00297356
00013685_000.png,Cardiomegaly,0.0,0.00287247
00013685_000.png,Infiltration,0.01351584727667234,0.00284386
00013685_000.png,Infiltration,0.004363372411550191,0.00284004
00013685_000.png,Cardiomegaly,0.0,0.0027771
00013685_000.png,Cardiomegaly,0.3376388236086449,0.00264359
00013685_000.png,Infiltration,0.0,0.00242043
00013685_000.png,Infiltration,0.0,0.00229645
00013685_000.png,Infiltration,0.0,0.00221825
00013685_000.png,Cardiomegaly,0.0,0.00216103
00013685_000.png,Cardiomegaly,0.0,0.00208473
00013685_000.png,Infiltration,0.21749886422715814,0.00206184
00013685_000.png,Infiltration,0.0,0.0019474
00013685_000.png,Cardiomegaly,0.0,0.00191593
00013685_000.png,Cardiomegaly,0.0,0.00187778
00013685_000.png,Cardiomegaly,0.05724094465204856,0.00176144
00013685_000.png,Infiltration,0.0,0.00175476
00013685_000.png,Mass,0.4498587819107201,0.00171757
00013685_000.png,Infiltration,0.0,0.00158501
00013685_000.png,Cardiomegaly,0.03944347886952051,0.00155735
00013685_000.png,Infiltration,0.0,0.00151634
00013685_000.png,Cardiomegaly,0.0,0.00147724
00013685_000.png,Effusion,0.0,0.00146198
00013685_000.png,Infiltration,0.0,0.00141239
00013685_000.png,Infiltration,0.06009285347832729,0.00130653
00013685_000.png,Cardiomegaly,0.005641106966662575,0.00124454
00013685_000.png,Effusion,0.0,0.00120735
00013685_000.png,Cardiomegaly,0.0,0.00119114
00013685_000.png,Cardiomegaly,0.0,0.00119019
00013685_000.png,Infiltration,0.0,0.00118732
00013685_000.png,Cardiomegaly,0.0,0.00117111
00013685_000.png,Infiltration,0.005641106966662575,0.0011692
00013685_000.png,Cardiomegaly,0.0,0.00111866
00013685_000.png,Cardiomegaly,0.0,0.00110054
00013685_000.png,Infiltration,0.0,0.00109005
00013685_000.png,Cardiomegaly,0.0,0.00107956
00013685_000.png,Atelectasis,0.39300938972492955,0.00107288
00013685_000.png,Effusion,0.0,0.00101948
00017514_008.png,Atelectasis,0.8443026858357099,0.815918
00017514_008.png,Infiltration,0.007455409254398815,0.0287323
00017514_008.png,Infiltration,0.0030251551662172534,0.0286713
00017514_008.png,Infiltration,0.020841468739417255,0.0134125
00017514_008.png,Cardiomegaly,0.0,0.0114975
00017514_008.png,Infiltration,0.8323415458443602,0.00757599
00017514_008.png,Infiltration,0.033151258318257486,0.00585556
00017514_008.png,Effusion,0.8323415458443602,0.0058403
00017514_008.png,Infiltration,0.1176006707062521,0.00525284
00017514_008.png,Effusion,0.0,0.00422287
00017514_008.png,Pneumonia,0.8323415458443602,0.00402069
00017514_008.png,Mass,0.8323415458443602,0.00392532
00017514_008.png,Effusion,0.0,0.00386047
00017514_008.png,Mass,0.0,0.00334549
00017514_008.png,Atelectasis,0.5617051443962287,0.0032711
00017514_008.png,Edema,0.8323415458443602,0.00315094
00017514_008.png,Mass,0.0,0.00311279
00017514_008.png,Emphysema,0.8323415458443602,0.00292778
00017514_008.png,Infiltration,0.004542836097391723,0.00267029
00017514_008.png,Nodule,0.8323415458443602,0.0025444
00017514_008.png,Cardiomegaly,0.8323415458443602,0.00247765
00017514_008.png,Pleural_Thickening,0.8323415458443602,0.0023365
00017514_008.png,Hernia,0.8323415458443602,0.0023365
00017514_008.png,Infiltration,0.01798914372497388,0.00222015
00017514_008.png,Cardiomegaly,0.0,0.0021019
00017514_008.png,Fibrosis,0.8323415458443602,0.00204849
00017514_008.png,Infiltration,0.0,0.00200844
00017514_008.png,Pneumothorax,0.8323415458443602,0.00190353
00017514_008.png,Cardiomegaly,0.0,0.001791
00017514_008.png,Atelectasis,0.5947517294051619,0.00173855
00017514_008.png,Cardiomegaly,0.0,0.00159931
00017514_008.png,Infiltration,0.04255191279967304,0.00157738
00017514_008.png,Consolidation,0.8323415458443602,0.00157261
00017514_008.png,Effusion,0.0,0.00143528
00017514_008.png,Cardiomegaly,0.03479918323752331,0.00133801
00010575_002.png,Cardiomegaly,0.2703291974336126,0.0740967
00010575_002.png,Infiltration,0.2703291974336126,0.0551453
00010575_002.png,Cardiomegaly,0.46909701386544217,0.0506897
00010575_002.png,Cardiomegaly,0.5276398046207385,0.0386353
00010575_002.png,Cardiomegaly,0.6301244199676598,0.0283051
00010575_002.png,Infiltration,0.7730062963801345,0.0250397
00010575_002.png,Infiltration,0.44305030273541035,0.0198212
00010575_002.png,Effusion,0.0,0.0159912
00010575_002.png,Mass,0.0,0.0110245
00010575_002.png,Cardiomegaly,0.44475225051173684,0.00955963
00010575_002.png,Mass,0.0,0.0057869
00010575_002.png,Effusion,0.1508748209865704,0.00577164
00010575_002.png,Cardiomegaly,0.35870058408243066,0.00537109
00010575_002.png,Cardiomegaly,0.47885378976022813,0.00517654
00010575_002.png,Effusion,0.0,0.00457001
00010575_002.png,Infiltration,0.3065309520822307,0.00415421
00010575_002.png,Infiltration,0.27323714568491636,0.00413895
00010575_002.png,Infiltration,0.1508748209865704,0.0041275
00010575_002.png,Cardiomegaly,0.5047387442222991,0.00395584
00010575_002.png,Infiltration,0.2956328924854339,0.00390625
00010575_002.png,Effusion,0.01167599511672796,0.00359535
00010575_002.png,Infiltration,0.5346892262010166,0.00352859
00010575_002.png,Infiltration,0.0,0.00328827
00010575_002.png,Infiltration,0.3515059066826007,0.00275421
00010575_002.png,Infiltration,0.21432316344466176,0.0025692
00010575_002.png,Cardiomegaly,0.03843750943373855,0.0024929
00010575_002.png,Infiltration,0.2232362612991405,0.00234604
00010575_002.png,Infiltration,0.5553226195839779,0.00231743
00010575_002.png,Infiltration,0.35537224205055123,0.0022831
00010575_002.png,Mass,0.0,0.0022049
00010575_002.png,Infiltration,0.0,0.00217628
00010575_002.png,Mass,0.0,0.00205803
00010575_002.png,Mass,0.0,0.00196075
00010575_002.png,Infiltration,0.5564360577377239,0.00195026
00010575_002.png,Cardiomegaly,0.0384375472799388,0.00173855
00010575_002.png,Infiltration,0.16361583238196517,0.00171375
00010575_002.png,Effusion,0.08790440331486792,0.0016613
00010575_002.png,Cardiomegaly,0.21552743057098211,0.00162792
00010575_002.png,Infiltration,0.01002472276239516,0.00144005
00010575_002.png,Mass,0.0,0.00134659
00010575_002.png,Infiltration,0.18099026256892595,0.00131989
00010575_002.png,Infiltration,0.19180542780856194,0.00127792
00010575_002.png,Effusion,0.23791573176650915,0.00127411
00010575_002.png,Cardiomegaly,0.07190778075754721,0.00121403
00010575_002.png,Cardiomegaly,0.08610010590706281,0.00117874
00010575_002.png,Mass,0.28023316257150743,0.00117016
00010575_002.png,Infiltration,0.4907394763031253,0.00108814
00010575_002.png,Mass,0.0,0.00105476
00001555_002.png,Cardiomegaly,0.0,0.0263214
00001555_002.png,Infiltration,0.0,0.0218048
00001555_002.png,Infiltration,0.0,0.0146561
00001555_002.png,Cardiomegaly,0.0,0.011322
00001555_002.png,Effusion,0.27083687160326125,0.0112762
00001555_002.png,Effusion,0.0,0.00966644
00001555_002.png,Atelectasis,0.022531958317658807,0.00749588
00001555_002.png,Cardiomegaly,0.0,0.00642014
00001555_002.png,Infiltration,0.0,0.00607681
00001555_002.png,Cardiomegaly,0.0,0.00569534
00001555_002.png,Infiltration,0.0,0.0053215
00001555_002.png,Infiltration,0.0902687644706893,0.00481796
00001555_002.png,Cardiomegaly,0.0,0.00457382
00001555_002.png,Infiltration,0.13984456696523426,0.00452805
00001555_002.png,Cardiomegaly,0.0,0.00263596
00001555_002.png,Cardiomegaly,0.0,0.0026226
00001555_002.png,Cardiomegaly,0.0,0.00237656
00001555_002.png,Effusion,0.0,0.0023613
00001555_002.png,Infiltration,0.0,0.00232315
00001555_002.png,Cardiomegaly,0.0,0.00213432
00001555_002.png,Cardiomegaly,0.0,0.00211525
00001555_002.png,Cardiomegaly,0.0,0.00203896
00001555_002.png,Cardiomegaly,0.0,0.00201035
00001555_002.png,Cardiomegaly,0.0,0.00200653
00001555_002.png,Cardiomegaly,0.0,0.00192356
00001555_002.png,Cardiomegaly,0.0,0.00188446
00001555_002.png,Cardiomegaly,0.0,0.00184345
00001555_002.png,Cardiomegaly,0.0,0.00167465
00001555_002.png,Cardiomegaly,0.0,0.00165272
00001555_002.png,Cardiomegaly,0.0,0.00159645
00001555_002.png,Cardiomegaly,0.0,0.00155926
00001555_002.png,Cardiomegaly,0.0,0.00154591
00001555_002.png,Cardiomegaly,0.0,0.0014801
00001555_002.png,Infiltration,0.0,0.00146103
00001555_002.png,Cardiomegaly,0.0,0.00143909
00001555_002.png,Cardiomegaly,0.0,0.00129604
00001555_002.png,Effusion,0.0,0.00127029
00001555_002.png,Cardiomegaly,0.0,0.00126457
00001555_002.png,Effusion,0.0,0.00124454
00001555_002.png,Effusion,0.0,0.00123692
00001555_002.png,Infiltration,0.23487712942138603,0.00114441
00001555_002.png,Cardiomegaly,0.0,0.00112438
00001555_002.png,Cardiomegaly,0.0,0.00112343
00001555_002.png,Cardiomegaly,0.0,0.0011034
00001555_002.png,Cardiomegaly,0.0,0.00108814
00001555_002.png,Cardiomegaly,0.0,0.00108337
00001555_002.png,Cardiomegaly,0.0,0.00106907
00001555_002.png,Infiltration,0.0,0.00106335
00001555_002.png,Infiltration,0.0,0.00102997
00001555_002.png,Effusion,0.0,0.00102329
00001555_002.png,Cardiomegaly,0.0,0.00100613
00015090_006.png,Infiltration,0.7402887450998761,0.503906
00015090_006.png,Cardiomegaly,0.3298790437254512,0.279785
00015090_006.png,Cardiomegaly,0.18460845881665636,0.0814209
00015090_006.png,Mass,0.0,0.0597839
00015090_006.png,Effusion,0.0,0.0582581
00015090_006.png,Infiltration,0.1292271407662561,0.0565796
00015090_006.png,Mass,0.0,0.0440674
00015090_006.png,Infiltration,0.067371108041813,0.0290222
00015090_006.png,Cardiomegaly,0.22794683832344897,0.0218201
00015090_006.png,Infiltration,0.03451454754279292,0.0167694
00015090_006.png,Cardiomegaly,0.2820890671488195,0.013237
00015090_006.png,Infiltration,0.5746317762833293,0.0124817
00015090_006.png,Infiltration,0.3248730047892113,0.0112534
00015090_006.png,Mass,0.0,0.0106659
00015090_006.png,Infiltration,0.25697935076916334,0.00962067
00015090_006.png,Cardiomegaly,0.0,0.008461
00015090_006.png,Infiltration,0.09137683240131238,0.00774002
00015090_006.png,Mass,0.0,0.00772476
00015090_006.png,Mass,0.0,0.00720978
00015090_006.png,Cardiomegaly,0.7863242127525423,0.00650406
00015090_006.png,Infiltration,0.0,0.00597763
00015090_006.png,Infiltration,0.3750818744363709,0.00497437
00015090_006.png,Infiltration,0.22463564549673012,0.00496292
00015090_006.png,Cardiomegaly,0.25697935076916334,0.00492096
00015090_006.png,Atelectasis,0.3248730047892113,0.00411606
00015090_006.png,Cardiomegaly,0.0642373029535404,0.00328827
00015090_006.png,Effusion,0.0,0.00322342
00015090_006.png,Atelectasis,0.7863242127525423,0.00318336
00015090_006.png,Effusion,0.0,0.00299072
00015090_006.png,Cardiomegaly,0.0,0.00298309
00015090_006.png,Effusion,0.0,0.00293159
00015090_006.png,Mass,0.0,0.00279427
00015090_006.png,Mass,0.0,0.00268173
00015090_006.png,Infiltration,0.23283681855043686,0.00266647
00015090_006.png,Mass,0.0,0.00257111
00015090_006.png,Infiltration,0.07931401259216433,0.00236702
00015090_006.png,Effusion,0.0,0.00209808
00015090_006.png,Mass,0.0,0.00201416
00015090_006.png,Infiltration,0.18822097561507808,0.001647
00015090_006.png,Infiltration,0.3229221176938354,0.00162411
00015090_006.png,Infiltration,0.0,0.0015583
00015090_006.png,Effusion,0.7863242127525423,0.00155067
00015090_006.png,Mass,0.0,0.00149727
00015090_006.png,Mass,0.7863242127525423,0.00149727
00015090_006.png,Infiltration,0.0,0.00144005
00015090_006.png,Mass,0.0,0.00140476
00015090_006.png,Mass,0.0,0.00133228
00015090_006.png,Atelectasis,0.2078452488373819,0.00126457
00015090_006.png,Atelectasis,0.30057400756740993,0.00123978
00015090_006.png,Cardiomegaly,0.0,0.00119591
00015090_006.png,Cardiomegaly,0.18822097561507808,0.0011673
00015090_006.png,Effusion,0.0,0.00115204
00015090_006.png,Cardiomegaly,0.30766062928225285,0.0011158
00015090_006.png,Infiltration,0.0,0.00103474
00002106_000.png,Atelectasis,0.1860743284450326,0.274658
00002106_000.png,Cardiomegaly,0.024305538877346794,0.177124
00002106_000.png,Cardiomegaly,0.03892903830638525,0.0935669
00002106_000.png,Cardiomegaly,0.15814192590741918,0.0803833
00002106_000.png,Mass,0.0,0.0656128
00002106_000.png,Effusion,0.0,0.0516052
00002106_000.png,Cardiomegaly,0.11972438471819268,0.0249634
00002106_000.png,Cardiomegaly,0.22188759486471607,0.0167236
00002106_000.png,Mass,0.0,0.0163422
00002106_000.png,Cardiomegaly,0.0,0.0146561
00002106_000.png,Cardiomegaly,0.09936147320872066,0.011322
00002106_000.png,Cardiomegaly,0.0,0.00754166
00002106_000.png,Cardiomegaly,0.0299372018380791,0.00719833
00002106_000.png,Atelectasis,0.0,0.00710678
00002106_000.png,Infiltration,0.5152987644545814,0.00684738
00002106_000.png,Cardiomegaly,0.04276814251185139,0.00571823
00002106_000.png,Cardiomegaly,0.0,0.00503922
00002106_000.png,Infiltration,0.4816474338893363,0.00489807
00002106_000.png,Cardiomegaly,0.07379374354951398,0.00470352
00002106_000.png,Cardiomegaly,0.0,0.00423813
00002106_000.png,Cardiomegaly,0.04376015633416826,0.00352669
00002106_000.png,Cardiomegaly,0.008039302657886058,0.00300026
00002106_000.png,Cardiomegaly,0.011833630674022074,0.00294685
00002106_000.png,Mass,0.0,0.00288773
00002106_000.png,Cardiomegaly,0.02824679296682704,0.00288773
00002106_000.png,Infiltration,0.3981670948076266,0.00277519
00002106_000.png,Infiltration,0.18999002460967002,0.00259018
00002106_000.png,Cardiomegaly,0.16134808113860707,0.00237083
00002106_000.png,Effusion,0.2403959013860878,0.00236702
00002106_000.png,Infiltration,0.4160912509944459,0.00223351
00002106_000.png,Infiltration,0.6531682188930172,0.00198174
00002106_000.png,Infiltration,0.22013280011131367,0.0019722
00002106_000.png,Cardiomegaly,0.4425574327744505,0.0018425
00002106_000.png,Cardiomegaly,0.0,0.00167942
00002106_000.png,Infiltration,0.0,0.00166321
00002106_000.png,Infiltration,0.0,0.00162506
00002106_000.png,Effusion,0.17307667040127642,0.00160408
00002106_000.png,Mass,0.0,0.00152397
00002106_000.png,Cardiomegaly,0.0857767635886312,0.00142956
00002106_000.png,Cardiomegaly,0.0,0.00142193
00002106_000.png,Infiltration,0.0,0.00139713
00002106_000.png,Cardiomegaly,0.0,0.00130081
00002106_000.png,Effusion,0.0,0.00117016
00002106_000.png,Cardiomegaly,0.040676159905091686,0.00115299
00002106_000.png,Cardiomegaly,0.013438784580690649,0.00105572
00002106_000.png,Cardiomegaly,0.0,0.00105476
00002106_000.png,Mass,0.17307667040127642,0.00105095
00010125_004.png,Atelectasis,0.0,0.597656
00010125_004.png,Cardiomegaly,0.0,0.188354
00010125_004.png,Cardiomegaly,0.0,0.0447693
00010125_004.png,Cardiomegaly,0.0,0.0377502
00010125_004.png,Cardiomegaly,0.03255092380226468,0.0374451
00010125_004.png,Effusion,0.40376505118248873,0.0296936
00010125_004.png,Effusion,0.0,0.0209503
00010125_004.png,Cardiomegaly,0.0,0.0169525
00010125_004.png,Infiltration,0.0,0.0168152
00010125_004.png,Cardiomegaly,0.003997743675189405,0.0163727
00010125_004.png,Infiltration,0.0,0.0122604
00010125_004.png,Atelectasis,0.0,0.0106659
00010125_004.png,Cardiomegaly,0.061396768650672465,0.0096283
00010125_004.png,Cardiomegaly,0.0,0.0088501
00010125_004.png,Cardiomegaly,0.0,0.00832367
00010125_004.png,Cardiomegaly,0.11412419790898794,0.00806427
00010125_004.png,Cardiomegaly,0.0,0.00783539
00010125_004.png,Infiltration,0.0,0.00732803
00010125_004.png,Effusion,0.0,0.00713348
00010125_004.png,Infiltration,0.0,0.00705719
00010125_004.png,Mass,0.0,0.00665665
00010125_004.png,Effusion,0.0,0.00635529
00010125_004.png,Cardiomegaly,0.0,0.00617599
00010125_004.png,Infiltration,0.0,0.00590515
00010125_004.png,Infiltration,0.0,0.00498962
00010125_004.png,Infiltration,0.0,0.00465393
00010125_004.png,Infiltration,0.0,0.00461578
00010125_004.png,Cardiomegaly,0.0,0.00431442
00010125_004.png,Effusion,0.0,0.00399399
00010125_004.png,Infiltration,0.0,0.0039711
00010125_004.png,Mass,0.0,0.00312042
00010125_004.png,Atelectasis,0.0,0.0028553
00010125_004.png,Infiltration,0.0,0.00273323
00010125_004.png,Cardiomegaly,0.0,0.00253487
00010125_004.png,Mass,0.0,0.00249481
00010125_004.png,Cardiomegaly,0.0,0.00248528
00010125_004.png,Pneumonia,0.0,0.00245476
00010125_004.png,Infiltration,0.0,0.00242233
00010125_004.png,Infiltration,0.0,0.0024147
00010125_004.png,Cardiomegaly,0.0,0.00240707
00010125_004.png,Cardiomegaly,0.0,0.00223541
00010125_004.png,Infiltration,0.0,0.00220299
00010125_004.png,Cardiomegaly,0.0,0.00216103
00010125_004.png,Edema,0.0,0.00205612
00010125_004.png,Cardiomegaly,0.0,0.00205421
00010125_004.png,Cardiomegaly,0.0,0.00196075
00010125_004.png,Infiltration,0.0,0.00190163
00010125_004.png,Effusion,0.0,0.00182724
00010125_004.png,Mass,0.0,0.00180721
00010125_004.png,Cardiomegaly,0.0,0.00180244
00010125_004.png,Cardiomegaly,0.0,0.00178623
00010125_004.png,Effusion,0.0,0.00178051
00010125_004.png,Cardiomegaly,0.0,0.0017662
00010125_004.png,Mass,0.0,0.0017252
00010125_004.png,Infiltration,0.0,0.00172138
00010125_004.png,Cardiomegaly,0.017499414591587215,0.00171185
00010125_004.png,Effusion,0.0,0.00170135
00010125_004.png,Nodule,0.0,0.00168037
00010125_004.png,Emphysema,0.0,0.00162983
00010125_004.png,Effusion,0.0,0.00162029
00010125_004.png,Infiltration,0.0,0.00157166
00010125_004.png,Mass,0.0,0.00156403
00010125_004.png,Infiltration,0.0,0.00155354
00010125_004.png,Hernia,0.0,0.00152493
00010125_004.png,Pleural_Thickening,0.0,0.00149632
00010125_004.png,Infiltration,0.0,0.00149536
00010125_004.png,Fibrosis,0.0,0.00143337
00010125_004.png,Effusion,0.0,0.0013485
00010125_004.png,Infiltration,0.0,0.00132561
00010125_004.png,Cardiomegaly,0.0,0.00131416
00010125_004.png,Cardiomegaly,0.0,0.00123501
00010125_004.png,Effusion,0.0,0.00115585
00010125_004.png,Pneumothorax,0.0,0.00114918
00010125_004.png,Infiltration,0.0,0.00109386
00010125_004.png,Effusion,0.0,0.00108719
00010125_004.png,Consolidation,0.0,0.00103474
00026920_000.png,Infiltration,0.8865075975768457,0.536621
00026920_000.png,Atelectasis,0.0,0.241943
00026920_000.png,Infiltration,0.0,0.192017
00026920_000.png,Infiltration,0.6546156517475592,0.153809
00026920_000.png,Atelectasis,0.03090035771032791,0.112427
00026920_000.png,Infiltration,0.30648629683089906,0.0949097
00026920_000.png,Infiltration,0.0,0.0398254
00026920_000.png,Effusion,0.0,0.0397339
00026920_000.png,Infiltration,0.43978298862302906,0.0397034
00026920_000.png,Cardiomegaly,0.0,0.026825
00026920_000.png,Cardiomegaly,0.048150023272210206,0.0214081
00026920_000.png,Infiltration,0.03090035771032791,0.0195312
00026920_000.png,Infiltration,0.0,0.0177002
00026920_000.png,Cardiomegaly,0.0,0.0158844
00026920_000.png,Infiltration,0.29629005706761335,0.0098114
00026920_000.png,Infiltration,0.0,0.00801849
00026920_000.png,Infiltration,0.0,0.007267
00026920_000.png,Cardiomegaly,0.045229403472931674,0.00691986
00026920_000.png,Infiltration,0.5925693543186066,0.00607681
00026920_000.png,Infiltration,0.24881939975363176,0.00575638
00026920_000.png,Cardiomegaly,0.0,0.00514603
00026920_000.png,Effusion,0.0,0.00479126
00026920_000.png,Infiltration,0.0,0.00407028
00026920_000.png,Infiltration,0.0007326094033059423,0.00396729
00026920_000.png,Cardiomegaly,0.03923576108592245,0.00348091
00026920_000.png,Mass,0.0,0.00316429
00026920_000.png,Infiltration,0.0,0.00285912
00026920_000.png,Cardiomegaly,0.0,0.0028019
00026920_000.png,Infiltration,0.0,0.00277901
00026920_000.png,Cardiomegaly,0.0,0.00276375
00026920_000.png,Cardiomegaly,0.09011678518628481,0.00267792
00026920_000.png,Cardiomegaly,0.0,0.00263214
00026920_000.png,Atelectasis,0.0007326094033059423,0.00253296
00026920_000.png,Cardiomegaly,0.0,0.0024128
00026920_000.png,Cardiomegaly,0.0,0.00235558
00026920_000.png,Atelectasis,0.0,0.00227547
00026920_000.png,Effusion,0.0,0.00218201
00026920_000.png,Infiltration,0.10946768010137355,0.00205994
00026920_000.png,Cardiomegaly,0.024484135275135994,0.00203705
00026920_000.png,Infiltration,0.02402917998654936,0.0019989
00026920_000.png,Infiltration,0.004051012945394842,0.00199509
00026920_000.png,Cardiomegaly,0.0,0.00174618
00026920_000.png,Atelectasis,0.030087847276093888,0.00174522
00026920_000.png,Effusion,0.0,0.00168037
00026920_000.png,Infiltration,0.0,0.00165844
00026920_000.png,Infiltration,0.17872637353363288,0.00159264
00026920_000.png,Cardiomegaly,0.0,0.001544
00026920_000.png,Cardiomegaly,0.0,0.00145912
00026920_000.png,Cardiomegaly,0.0,0.00144863
00026920_000.png,Effusion,0.0,0.00126743
00026920_000.png,Cardiomegaly,0.08475224632456341,0.00112915
00026920_000.png,Effusion,0.0,0.00111771
00026920_000.png,Cardiomegaly,0.0,0.00111771
00026920_000.png,Cardiomegaly,0.0,0.00110531
00026920_000.png,Infiltration,0.0,0.0011034
00026920_000.png,Effusion,0.8380112362461817,0.00107574
00026920_000.png,Cardiomegaly,0.0,0.00105572
00026920_000.png,Infiltration,0.15867923591845942,0.00104046
00026920_000.png,Effusion,0.0,0.00100327
00000181_061.png,Infiltration,0.4733435723581168,0.0500183
00000181_061.png,Effusion,0.0,0.0404663
00000181_061.png,Cardiomegaly,0.09591548515555698,0.0246887
00000181_061.png,Infiltration,0.0,0.0246124
00000181_061.png,Infiltration,0.0,0.023407
00000181_061.png,Infiltration,0.30860932097589167,0.0227203
00000181_061.png,Cardiomegaly,0.07568609350753396,0.0206299
00000181_061.png,Infiltration,0.023072885851231437,0.017807
00000181_061.png,Atelectasis,0.271008960311769,0.0120239
00000181_061.png,Infiltration,0.8333062478708825,0.010788
00000181_061.png,Infiltration,0.08031663519114327,0.00920105
00000181_061.png,Infiltration,0.20209146001836487,0.00907898
00000181_061.png,Cardiomegaly,0.0,0.00747299
00000181_061.png,Mass,0.0,0.00532913
00000181_061.png,Cardiomegaly,0.0,0.00516891
00000181_061.png,Infiltration,0.0,0.00485992
00000181_061.png,Infiltration,0.0,0.00471497
00000181_061.png,Infiltration,0.009869258388702194,0.00466156
00000181_061.png,Infiltration,0.1280659115151431,0.00462341
00000181_061.png,Cardiomegaly,0.0,0.0043602
00000181_061.png,Cardiomegaly,0.0,0.00434494
00000181_061.png,Infiltration,0.0,0.00426483
00000181_061.png,Infiltration,0.10255540082013716,0.00413513
00000181_061.png,Cardiomegaly,0.0,0.00377464
00000181_061.png,Infiltration,0.0,0.00357246
00000181_061.png,Infiltration,0.19323977392270422,0.00348282
00000181_061.png,Cardiomegaly,0.08977670300797463,0.00341034
00000181_061.png,Effusion,0.0,0.00338745
00000181_061.png,Cardiomegaly,0.0,0.00333405
00000181_061.png,Infiltration,0.13488161300172063,0.00329781
00000181_061.png,Cardiomegaly,0.0,0.00318336
00000181_061.png,Infiltration,0.0,0.00317574
00000181_061.png,Cardiomegaly,0.04774390640021964,0.00274467
00000181_061.png,Effusion,0.30860932097589167,0.00273895
00000181_061.png,Cardiomegaly,0.0,0.00270462
00000181_061.png,Infiltration,0.0,0.00267029
00000181_061.png,Cardiomegaly,0.0,0.00266838
00000181_061.png,Cardiomegaly,0.6094412242846752,0.00266075
00000181_061.png,Cardiomegaly,0.0,0.00253105
00000181_061.png,Infiltration,0.1584173663430061,0.00247383
00000181_061.png,Cardiomegaly,0.013511167908933672,0.00235748
00000181_061.png,Mass,0.0,0.00231361
00000181_061.png,Mass,0.0,0.00220299
00000181_061.png,Cardiomegaly,0.0854869366139202,0.00216675
00000181_061.png,Cardiomegaly,0.11532819921316702,0.00216103
00000181_061.png,Mass,0.0,0.00210571
00000181_061.png,Effusion,0.0,0.00208282
00000181_061.png,Cardiomegaly,0.0,0.00197792
00000181_061.png,Infiltration,0.0,0.00197792
00000181_061.png,Cardiomegaly,0.0,0.00188923
00000181_061.png,Mass,0.0,0.00185871
00000181_061.png,Cardiomegaly,0.0,0.0018549
00000181_061.png,Infiltration,0.0,0.0017519
00000181_061.png,Infiltration,0.026012547812667708,0.00174522
00000181_061.png,Infiltration,0.30150940381314295,0.00158882
00000181_061.png,Effusion,0.0,0.0015707
00000181_061.png,Infiltration,0.0,0.00156975
00000181_061.png,Cardiomegaly,0.0,0.00156021
00000181_061.png,Cardiomegaly,0.0,0.00153065
00000181_061.png,Cardiomegaly,0.48467078765635835,0.00152683
00000181_061.png,Cardiomegaly,0.0,0.00140762
00000181_061.png,Effusion,0.0,0.00139904
00000181_061.png,Mass,0.0,0.00138283
00000181_061.png,Cardiomegaly,0.0,0.00121307
00000181_061.png,Infiltration,0.0,0.00118732
00000181_061.png,Infiltration,0.41494018069842126,0.00116539
00000181_061.png,Mass,0.05411423587568615,0.00113106
00000181_061.png,Mass,0.0,0.00112343
00000181_061.png,Infiltration,0.0,0.00109577
00000181_061.png,Cardiomegaly,0.0,0.00108528
00000181_061.png,Cardiomegaly,0.0,0.00108433
00000181_061.png,Infiltration,0.0,0.00108337
00000181_061.png,Cardiomegaly,0.005194936497221767,0.00106907
00000181_061.png,Cardiomegaly,0.0,0.00104332
00000181_061.png,Cardiomegaly,0.0,0.00102139
00000181_061.png,Infiltration,0.04783532885677976,0.00101089
00000181_061.png,Cardiomegaly,0.0,0.00100136
00023325_019.png,Atelectasis,0.855604815582134,0.161987
00023325_019.png,Cardiomegaly,0.029386823594918027,0.0265198
00023325_019.png,Cardiomegaly,0.0,0.0244141
00023325_019.png,Cardiomegaly,0.010566056067917147,0.0197906
00023325_019.png,Cardiomegaly,0.05761880829196533,0.0136108
00023325_019.png,Cardiomegaly,0.005966844375108107,0.00971985
00023325_019.png,Cardiomegaly,0.03183139848720464,0.00627899
00023325_019.png,Cardiomegaly,0.0,0.00562286
00023325_019.png,Cardiomegaly,0.020741404065830322,0.00544739
00023325_019.png,Infiltration,0.2865585430622646,0.00484085
00023325_019.png,Cardiomegaly,0.19665198027466005,0.00472641
00023325_019.png,Cardiomegaly,0.017945410240780526,0.00442123
00023325_019.png,Cardiomegaly,0.05634945111255008,0.00413513
00023325_019.png,Infiltration,0.029386823594918027,0.0041275
00023325_019.png,Cardiomegaly,0.08022096787604059,0.00396729
00023325_019.png,Infiltration,0.03712227921613642,0.00395966
00023325_019.png,Cardiomegaly,0.348611823839784,0.00383377
00023325_019.png,Infiltration,0.509548231616762,0.00333214
00023325_019.png,Effusion,0.0,0.00309944
00023325_019.png,Cardiomegaly,0.11445034361559549,0.0030117
00023325_019.png,Cardiomegaly,0.02070387915229684,0.00251961
00023325_019.png,Effusion,0.022070874154744093,0.00238419
00023325_019.png,Cardiomegaly,0.0,0.00226402
00023325_019.png,Cardiomegaly,0.12091603921073261,0.00219727
00023325_019.png,Effusion,0.04772191174162689,0.00182724
00023325_019.png,Cardiomegaly,0.05771742368519313,0.00178051
00023325_019.png,Cardiomegaly,0.04235408769047557,0.00173569
00023325_019.png,Effusion,0.0,0.00169945
00023325_019.png,Cardiomegaly,0.12257294749267064,0.00165749
00023325_019.png,Effusion,0.9026784524208198,0.00160313
00023325_019.png,Cardiomegaly,0.0,0.00148296
00023325_019.png,Cardiomegaly,0.0,0.00145245
00023325_019.png,Infiltration,0.8587476021465555,0.00144196
00023325_019.png,Cardiomegaly,0.0,0.00119305
00023325_019.png,Cardiomegaly,0.018654176434331256,0.00114536
00023325_019.png,Effusion,0.0,0.00113964
00023325_019.png,Infiltration,0.08422003637138543,0.00110149
00023325_019.png,Cardiomegaly,0.01419488427157885,0.00106716
00023325_019.png,Atelectasis,0.49580709479334273,0.00103664
00026810_001.png,Cardiomegaly,0.13030776956136136,0.0805054
00026810_001.png,Effusion,0.0,0.0803223
00026810_001.png,Infiltration,0.1427812084190901,0.0368652
00026810_001.png,Infiltration,0.0,0.0361938
00026810_001.png,Cardiomegaly,0.20344758878467337,0.0296173
00026810_001.png,Infiltration,0.08385155702082438,0.0241699
00026810_001.png,Infiltration,0.04195089426729893,0.0231018
00026810_001.png,Cardiomegaly,0.08725279574560015,0.0216675
00026810_001.png,Cardiomegaly,0.0,0.0213013
00026810_001.png,Effusion,0.010376548012072878,0.0186768
00026810_001.png,Effusion,0.0,0.0157928
00026810_001.png,Cardiomegaly,0.04195089426729893,0.0151672
00026810_001.png,Effusion,0.0,0.014595
00026810_001.png,Effusion,0.0,0.0142822
00026810_001.png,Infiltration,0.0,0.0136566
00026810_001.png,Infiltration,0.0,0.0110245
00026810_001.png,Effusion,0.0,0.0109558
00026810_001.png,Effusion,0.0,0.0107117
00026810_001.png,Atelectasis,0.002984613571083325,0.00792694
00026810_001.png,Infiltration,0.0,0.00774384
00026810_001.png,Infiltration,0.16629125085886312,0.00702667
00026810_001.png,Infiltration,0.0,0.00696945
00026810_001.png,Infiltration,0.0,0.00637054
00026810_001.png,Effusion,0.0,0.00603104
00026810_001.png,Mass,0.0,0.00525665
00026810_001.png,Cardiomegaly,0.12676000749753355,0.00501633
00026810_001.png,Effusion,0.0,0.00484085
00026810_001.png,Effusion,0.0,0.00440598
00026810_001.png,Cardiomegaly,0.16629125085886312,0.00417709
00026810_001.png,Effusion,0.0,0.00397491
00026810_001.png,Infiltration,0.15574605619393395,0.00380135
00026810_001.png,Infiltration,0.036837365202062156,0.00375366
00026810_001.png,Infiltration,0.02223889453529838,0.0036602
00026810_001.png,Infiltration,0.05734516996128854,0.00364685
00026810_001.png,Effusion,0.0,0.00356102
00026810_001.png,Cardiomegaly,0.0,0.00337982
00026810_001.png,Effusion,0.0,0.00308418
00026810_001.png,Infiltration,0.0,0.00271416
00026810_001.png,Infiltration,0.0,0.00248718
00026810_001.png,Mass,0.0,0.00237656
00026810_001.png,Effusion,0.0,0.00234222
00026810_001.png,Effusion,0.0,0.00231743
00026810_001.png,Effusion,0.0,0.00230598
00026810_001.png,Infiltration,0.0,0.00229454
00026810_001.png,Mass,0.0,0.0022316
00026810_001.png,Infiltration,0.0,0.00217438
00026810_001.png,Infiltration,0.0,0.00212479
00026810_001.png,Infiltration,0.06575549567626576,0.00211143
00026810_001.png,Cardiomegaly,0.0,0.00208092
00026810_001.png,Infiltration,0.11345337759139708,0.00206184
00026810_001.png,Cardiomegaly,0.06024833198995129,0.00205994
00026810_001.png,Cardiomegaly,0.26304500149849225,0.00188065
00026810_001.png,Infiltration,0.0,0.00171852
00026810_001.png,Effusion,0.0,0.00167465
00026810_001.png,Cardiomegaly,0.10305181917256574,0.0016737
00026810_001.png,Infiltration,0.0,0.00156689
00026810_001.png,Mass,0.0,0.00152302
00026810_001.png,Effusion,0.0,0.00152206
00026810_001.png,Mass,0.0,0.00146675
00026810_001.png,Effusion,0.0,0.00142956
00026810_001.png,Infiltration,0.0023374909631063293,0.00140953
00026810_001.png,Effusion,0.0,0.00139904
00026810_001.png,Infiltration,0.058652547192766046,0.00139236
00026810_001.png,Infiltration,0.0,0.00130367
00026810_001.png,Effusion,0.0,0.00128555
00026810_001.png,Cardiomegaly,0.0,0.00124645
00026810_001.png,Mass,0.0,0.00122929
00026810_001.png,Infiltration,0.0,0.00121975
00026810_001.png,Mass,0.0,0.00118256
00026810_001.png,Effusion,0.0,0.00115395
00026810_001.png,Infiltration,0.0,0.0011425
00026810_001.png,Cardiomegaly,0.1317870805512479,0.00110531
00026810_001.png,Infiltration,0.0,0.00108624
00026810_001.png,Cardiomegaly,0.0,0.00106716
00026810_001.png,Cardiomegaly,0.11824561041593386,0.00104046
00026810_001.png,Effusion,0.0,0.00101089
00026810_001.png,Cardiomegaly,0.0727489814679891,0.00101089
00026810_001.png,Infiltration,0.0,0.00100803
00022369_013.png,Cardiomegaly,0.0,0.282959
00022369_013.png,Mass,0.0,0.211426
00022369_013.png,Cardiomegaly,0.16817115995458168,0.1875
00022369_013.png,Infiltration,0.0,0.117981
00022369_013.png,Infiltration,0.16817115995458168,0.106201
00022369_013.png,Cardiomegaly,0.24098337762531025,0.0804443
00022369_013.png,Cardiomegaly,0.0,0.0414429
00022369_013.png,Cardiomegaly,0.18777405371100128,0.0304871
00022369_013.png,Cardiomegaly,0.4695732615896382,0.0206909
00022369_013.png,Infiltration,0.3256140379872119,0.0130768
00022369_013.png,Infiltration,0.0,0.0130692
00022369_013.png,Infiltration,0.10552698960224942,0.0129623
00022369_013.png,Infiltration,0.0,0.0117874
00022369_013.png,Infiltration,0.0,0.0109177
00022369_013.png,Effusion,0.0020924882379657413,0.0101471
00022369_013.png,Infiltration,0.2189882315949044,0.0092926
00022369_013.png,Effusion,0.0,0.0092392
00022369_013.png,Infiltration,0.10052168948366902,0.0091629
00022369_013.png,Infiltration,0.0,0.00831604
00022369_013.png,Cardiomegaly,0.0,0.00722504
00022369_013.png,Infiltration,0.011556545769659076,0.00688171
00022369_013.png,Infiltration,0.0,0.00670624
00022369_013.png,Effusion,0.10552698960224942,0.00565338
00022369_013.png,Cardiomegaly,0.2194649009068522,0.00470734
00022369_013.png,Mass,0.1681616403763939,0.00428391
00022369_013.png,Effusion,0.0,0.00416183
00022369_013.png,Infiltration,0.4902355383486352,0.00406265
00022369_013.png,Cardiomegaly,0.0,0.00405884
00022369_013.png,Mass,0.0,0.00399017
00022369_013.png,Cardiomegaly,0.0,0.00384521
00022369_013.png,Effusion,0.0,0.00336456
00022369_013.png,Cardiomegaly,0.21336708712255992,0.00328445
00022369_013.png,Infiltration,0.43545725876176183,0.00322151
00022369_013.png,Effusion,0.17618772062251772,0.00314713
00022369_013.png,Infiltration,0.20115040597300812,0.0030117
00022369_013.png,Cardiomegaly,0.3256140379872119,0.00299263
00022369_013.png,Infiltration,0.14472444746632823,0.00289726
00022369_013.png,Effusion,0.13314576294796732,0.00278473
00022369_013.png,Infiltration,0.0,0.00278282
00022369_013.png,Mass,0.0,0.00263786
00022369_013.png,Infiltration,0.23374367913387242,0.00262833
00022369_013.png,Infiltration,0.07491421123874666,0.00248337
00022369_013.png,Effusion,0.06312148538200432,0.00230598
00022369_013.png,Cardiomegaly,0.1681616403763939,0.00219727
00022369_013.png,Cardiomegaly,0.0,0.00218391
00022369_013.png,Mass,0.0,0.00216866
00022369_013.png,Effusion,0.0,0.00211143
00022369_013.png,Infiltration,0.06312148538200432,0.00209045
00022369_013.png,Infiltration,0.3263760682992557,0.00207138
00022369_013.png,Cardiomegaly,0.0,0.0020237
00022369_013.png,Infiltration,0.0,0.0019722
00022369_013.png,Effusion,0.43545725876176183,0.00192928
00022369_013.png,Cardiomegaly,0.0,0.0018549
00022369_013.png,Atelectasis,0.0,0.00177383
00022369_013.png,Cardiomegaly,0.39577524335144065,0.00172424
00022369_013.png,Atelectasis,0.0,0.00169849
00022369_013.png,Infiltration,0.0,0.00167084
00022369_013.png,Cardiomegaly,0.0,0.00165272
00022369_013.png,Infiltration,0.3348725898605004,0.00164032
00022369_013.png,Effusion,0.0,0.00163937
00022369_013.png,Effusion,0.0,0.00159168
00022369_013.png,Effusion,0.0,0.00145912
00022369_013.png,Effusion,0.011556545769659076,0.00143242
00022369_013.png,Cardiomegaly,0.0,0.00138092
00022369_013.png,Mass,0.0,0.0012846
00022369_013.png,Cardiomegaly,0.20086221070015065,0.00126171
00022369_013.png,Effusion,0.0,0.00116539
00022369_013.png,Effusion,0.04320318345043473,0.00115395
00022369_013.png,Infiltration,0.08445837172226457,0.00114059
00022369_013.png,Cardiomegaly,0.0,0.00111485
00022369_013.png,Infiltration,0.0,0.00110149
00022369_013.png,Atelectasis,0.0,0.00105762
00022369_013.png,Effusion,0.0,0.00104237
00022369_013.png,Infiltration,0.04320318345043473,0.00102806
00000054_009.png,Atelectasis,0.0,0.312744
00000054_009.png,Effusion,0.0,0.166016
00000054_009.png,Infiltration,0.0,0.0592957
00000054_009.png,Effusion,0.0,0.0171509
00000054_009.png,Effusion,0.0,0.00764847
00000054_009.png,Cardiomegaly,0.0,0.0071907
00000054_009.png,Effusion,0.0,0.00635529
00000054_009.png,Effusion,0.0,0.00634766
00000054_009.png,Effusion,0.0,0.00609207
00000054_009.png,Infiltration,0.0,0.0055275
00000054_009.png,Mass,0.0,0.00475311
00000054_009.png,Mass,0.0,0.00389671
00000054_009.png,Infiltration,0.0,0.00324059
00000054_009.png,Infiltration,0.0,0.00305367
00000054_009.png,Cardiomegaly,0.0,0.00242233
00000054_009.png,Effusion,0.0,0.00240898
00000054_009.png,Cardiomegaly,0.0,0.00223732
00000054_009.png,Cardiomegaly,0.0,0.00174713
00000054_009.png,Cardiomegaly,0.0,0.00171661
00000054_009.png,Infiltration,0.0,0.00169945
00000054_009.png,Infiltration,0.0,0.00162601
00000054_009.png,Mass,0.0,0.00157928
00000054_009.png,Infiltration,0.0,0.00157261
00000054_009.png,Effusion,0.0,0.00151443
00000054_009.png,Cardiomegaly,0.0,0.00145054
00000054_009.png,Cardiomegaly,0.0,0.00143909
00000054_009.png,Effusion,0.0,0.00138855
00000054_009.png,Cardiomegaly,0.0,0.00137234
00000054_009.png,Pneumonia,0.0,0.00130749
00000054_009.png,Effusion,0.0,0.00119305
00000054_009.png,Effusion,0.0,0.00116444
00000054_009.png,Effusion,0.0,0.00108337
00000054_009.png,Edema,0.0,0.00106525
00013051_000.png,Effusion,0.0,0.121887
00013051_000.png,Effusion,0.0,0.111572
00013051_000.png,Mass,0.0,0.0717773
00013051_000.png,Cardiomegaly,0.0,0.0487976
00013051_000.png,Effusion,0.0,0.0432739
00013051_000.png,Effusion,0.0,0.0415955
00013051_000.png,Cardiomegaly,0.0,0.0366821
00013051_000.png,Cardiomegaly,0.02065890121531513,0.0354919
00013051_000.png,Cardiomegaly,0.0,0.0310059
00013051_000.png,Effusion,0.0,0.0267181
00013051_000.png,Effusion,0.0,0.0261841
00013051_000.png,Infiltration,0.0,0.0208435
00013051_000.png,Effusion,0.0,0.020752
00013051_000.png,Cardiomegaly,0.0,0.0189667
00013051_000.png,Effusion,0.5141542858368134,0.0181427
00013051_000.png,Infiltration,0.0,0.0168304
00013051_000.png,Effusion,0.0,0.015358
00013051_000.png,Effusion,0.01845337072111582,0.0149002
00013051_000.png,Effusion,0.0,0.0148849
00013051_000.png,Effusion,0.01513374106141927,0.014183
00013051_000.png,Effusion,0.0,0.014061
00013051_000.png,Cardiomegaly,0.016617630918636286,0.0136719
00013051_000.png,Cardiomegaly,0.01661057988541795,0.0133057
00013051_000.png,Effusion,0.0,0.012413
00013051_000.png,Mass,0.0,0.0116348
00013051_000.png,Effusion,0.0,0.011322
00013051_000.png,Effusion,0.02892605064386564,0.0103836
00013051_000.png,Mass,0.0,0.0101318
00013051_000.png,Effusion,0.0,0.00880432
00013051_000.png,Cardiomegaly,0.0,0.00826263
00013051_000.png,Effusion,0.0,0.00809479
00013051_000.png,Effusion,0.05352793286989065,0.00804138
00013051_000.png,Mass,0.0,0.0079422
00013051_000.png,Mass,0.0,0.00786591
00013051_000.png,Cardiomegaly,0.03885515350169336,0.00691223
00013051_000.png,Cardiomegaly,0.000423602203590861,0.00651169
00013051_000.png,Cardiomegaly,0.0,0.00637817
00013051_000.png,Infiltration,0.01513374106141927,0.00606918
00013051_000.png,Infiltration,0.0,0.0059967
00013051_000.png,Effusion,0.0,0.00508118
00013051_000.png,Mass,0.0,0.00482559
00013051_000.png,Cardiomegaly,0.0,0.00478745
00013051_000.png,Mass,0.0,0.00460052
00013051_000.png,Infiltration,0.09578974476348061,0.0045929
00013051_000.png,Effusion,0.0,0.00393295
00013051_000.png,Atelectasis,0.0,0.0037365
00013051_000.png,Infiltration,0.0,0.00355339
00013051_000.png,Effusion,0.0,0.00353622
00013051_000.png,Infiltration,0.0,0.00331879
00013051_000.png,Cardiomegaly,0.0,0.00284386
00013051_000.png,Cardiomegaly,0.0,0.00282097
00013051_000.png,Infiltration,0.14837569030775855,0.00254059
00013051_000.png,Cardiomegaly,0.06653258169633061,0.00252342
00013051_000.png,Infiltration,0.01845337072111582,0.0025177
00013051_000.png,Infiltration,0.0,0.00216484
00013051_000.png,Cardiomegaly,0.0,0.00204086
00013051_000.png,Effusion,0.03993871483567814,0.00200081
00013051_000.png,Cardiomegaly,0.0,0.00196266
00013051_000.png,Effusion,0.0,0.00186539
00013051_000.png,Cardiomegaly,0.0,0.00185776
00013051_000.png,Mass,0.0,0.0018425
00013051_000.png,Effusion,0.12871952654865992,0.00184155
00013051_000.png,Effusion,0.0,0.00176334
00013051_000.png,Effusion,0.0,0.00174236
00013051_000.png,Cardiomegaly,0.0051506240008718845,0.00168037
00013051_000.png,Infiltration,0.0,0.00163174
00013051_000.png,Effusion,0.0,0.00161743
00013051_000.png,Infiltration,0.0,0.0015974
00013051_000.png,Mass,0.0,0.00155067
00013051_000.png,Effusion,0.0,0.00153351
00013051_000.png,Cardiomegaly,0.0,0.00146961
00013051_000.png,Cardiomegaly,0.0,0.00145721
00013051_000.png,Effusion,0.0,0.00144863
00013051_000.png,Cardiomegaly,0.0,0.00142574
00013051_000.png,Effusion,0.0,0.00135422
00013051_000.png,Cardiomegaly,0.0,0.0013504
00013051_000.png,Effusion,0.0,0.0013504
00013051_000.png,Cardiomegaly,0.03191632382729314,0.00133419
00013051_000.png,Infiltration,0.0,0.00132751
00013051_000.png,Mass,0.0,0.00129414
00013051_000.png,Infiltration,0.4223615876002281,0.00128174
00013051_000.png,Effusion,0.005523965643839718,0.00122356
00013051_000.png,Infiltration,0.0,0.00121307
00013051_000.png,Cardiomegaly,0.0,0.00121021
00013051_000.png,Effusion,0.0,0.00120258
00013051_000.png,Cardiomegaly,0.0,0.00119209
00013051_000.png,Effusion,0.0,0.0011797
00013051_000.png,Cardiomegaly,0.0,0.00111485
00013051_000.png,Cardiomegaly,0.0,0.00110912
00013051_000.png,Effusion,0.0,0.00109673
00013051_000.png,Effusion,0.031729443251826084,0.00108528
00013051_000.png,Cardiomegaly,0.0,0.00106621
00013051_000.png,Atelectasis,0.0,0.00106239
00013051_000.png,Mass,0.014792672149921698,0.00103951
00013051_000.png,Effusion,0.18140023289520482,0.00103283
00021796_000.png,Cardiomegaly,0.1970000674744781,0.368164
00021796_000.png,Atelectasis,0.03044079169413307,0.0934448
00021796_000.png,Cardiomegaly,0.1465886749421649,0.0516357
00021796_000.png,Cardiomegaly,0.2530158881876104,0.0387573
00021796_000.png,Infiltration,0.0,0.0131149
00021796_000.png,Cardiomegaly,0.45569877055709634,0.012825
00021796_000.png,Infiltration,0.5983515405663065,0.0101776
00021796_000.png,Cardiomegaly,0.0,0.00885773
00021796_000.png,Effusion,0.05860601655392543,0.00836182
00021796_000.png,Cardiomegaly,0.1731233693359628,0.00824738
00021796_000.png,Infiltration,0.3636354644837023,0.00699615
00021796_000.png,Cardiomegaly,0.0,0.00606537
00021796_000.png,Atelectasis,0.11264237862432562,0.00587845
00021796_000.png,Infiltration,0.38867198879651815,0.00502014
00021796_000.png,Infiltration,0.5006072987954486,0.00498962
00021796_000.png,Infiltration,0.18644491282822703,0.00426483
00021796_000.png,Cardiomegaly,0.28325842712820726,0.00402451
00021796_000.png,Effusion,0.0,0.0039711
00021796_000.png,Cardiomegaly,0.1059493117634237,0.00391388
00021796_000.png,Infiltration,0.14647804416508042,0.00391006
00021796_000.png,Cardiomegaly,0.0,0.00367546
00021796_000.png,Infiltration,0.08425151062374583,0.00344849
00021796_000.png,Cardiomegaly,0.0,0.00322151
00021796_000.png,Infiltration,0.4728862127026895,0.00302315
00021796_000.png,Effusion,0.0,0.00289536
00021796_000.png,Cardiomegaly,0.5214976785692992,0.00272179
00021796_000.png,Effusion,0.0,0.00270844
00021796_000.png,Cardiomegaly,0.3394621672770663,0.00270653
00021796_000.png,Cardiomegaly,0.2054078058892413,0.00252724
00021796_000.png,Cardiomegaly,0.1336414667212308,0.00229836
00021796_000.png,Effusion,0.0,0.00222015
00021796_000.png,Cardiomegaly,0.14647804416508042,0.00211906
00021796_000.png,Cardiomegaly,0.0,0.00205421
00021796_000.png,Cardiomegaly,0.08791153400406881,0.00204849
00021796_000.png,Cardiomegaly,0.0,0.00195312
00021796_000.png,Infiltration,0.0,0.00184059
00021796_000.png,Cardiomegaly,0.35622063449487434,0.00179672
00021796_000.png,Cardiomegaly,0.3083422388640066,0.00161266
00021796_000.png,Effusion,0.0,0.00152874
00021796_000.png,Cardiomegaly,0.2990714410887819,0.00149441
00021796_000.png,Cardiomegaly,0.0,0.0014143
00021796_000.png,Cardiomegaly,0.3349470030670752,0.00124264
00021796_000.png,Cardiomegaly,0.0,0.00123692
00021796_000.png,Mass,0.17454112036341135,0.00119972
00021796_000.png,Infiltration,0.10319550876749115,0.00117588
00021796_000.png,Infiltration,0.021185760512092904,0.00115585
00021796_000.png,Infiltration,0.0,0.0011282
00021796_000.png,Mass,0.0,0.0011158
00021796_000.png,Infiltration,0.0,0.00110054
00021796_000.png,Cardiomegaly,0.24316910880139914,0.00107861
00021796_000.png,Cardiomegaly,0.0,0.00100708
00021321_002.png,Infiltration,0.0,0.599609
00021321_002.png,Infiltration,0.0,0.209351
00021321_002.png,Cardiomegaly,0.0,0.0936279
00021321_002.png,Infiltration,0.0,0.0705566
00021321_002.png,Atelectasis,0.0,0.0555115
00021321_002.png,Mass,0.5526743277951565,0.0484009
00021321_002.png,Cardiomegaly,0.0,0.042511
00021321_002.png,Infiltration,0.0,0.0276489
00021321_002.png,Atelectasis,0.0,0.0256042
00021321_002.png,Infiltration,0.0,0.0206146
00021321_002.png,Cardiomegaly,0.0,0.0201569
00021321_002.png,Infiltration,0.0,0.0187988
00021321_002.png,Cardiomegaly,0.0,0.016571
00021321_002.png,Cardiomegaly,0.0,0.0134583
00021321_002.png,Cardiomegaly,0.0,0.0122604
00021321_002.png,Cardiomegaly,0.0,0.0122223
00021321_002.png,Effusion,0.0,0.0121689
00021321_002.png,Infiltration,0.0,0.0120926
00021321_002.png,Infiltration,0.0,0.0102921
00021321_002.png,Infiltration,0.0,0.00769043
00021321_002.png,Infiltration,0.0,0.00712967
00021321_002.png,Cardiomegaly,0.0,0.00699615
00021321_002.png,Infiltration,0.0,0.00649643
00021321_002.png,Cardiomegaly,0.22754226264436903,0.00629044
00021321_002.png,Mass,0.0,0.00580597
00021321_002.png,Cardiomegaly,0.0,0.0057373
00021321_002.png,Cardiomegaly,0.0,0.00547791
00021321_002.png,Atelectasis,0.0,0.00506973
00021321_002.png,Cardiomegaly,0.0,0.00488281
00021321_002.png,Mass,0.0,0.00443268
00021321_002.png,Cardiomegaly,0.0,0.00439835
00021321_002.png,Mass,0.19138200952370762,0.00385284
00021321_002.png,Infiltration,0.0,0.00321388
00021321_002.png,Infiltration,0.0,0.00299263
00021321_002.png,Infiltration,0.0,0.00284004
00021321_002.png,Infiltration,0.0,0.00281525
00021321_002.png,Cardiomegaly,0.0,0.00280762
00021321_002.png,Cardiomegaly,0.0,0.00275421
00021321_002.png,Infiltration,0.05070201977299648,0.00262451
00021321_002.png,Infiltration,0.0,0.00248337
00021321_002.png,Infiltration,0.0,0.00246811
00021321_002.png,Infiltration,0.0,0.00245476
00021321_002.png,Infiltration,0.0,0.00244713
00021321_002.png,Infiltration,0.0,0.00224304
00021321_002.png,Cardiomegaly,0.0,0.00223732
00021321_002.png,Infiltration,0.0,0.00223351
00021321_002.png,Cardiomegaly,0.0,0.00217056
00021321_002.png,Infiltration,0.0,0.00206947
00021321_002.png,Cardiomegaly,0.0,0.00206757
00021321_002.png,Effusion,0.0,0.00205612
00021321_002.png,Mass,0.0,0.00198746
00021321_002.png,Infiltration,0.0,0.00196266
00021321_002.png,Infiltration,0.0,0.00179482
00021321_002.png,Mass,0.0,0.00169754
00021321_002.png,Infiltration,0.0,0.00166512
00021321_002.png,Cardiomegaly,0.0,0.00151253
00021321_002.png,Cardiomegaly,0.0,0.00150108
00021321_002.png,Mass,0.0,0.00147915
00021321_002.png,Infiltration,0.0,0.00139904
00021321_002.png,Mass,0.08151697891212087,0.0013628
00021321_002.png,Cardiomegaly,0.0,0.00134563
00021321_002.png,Cardiomegaly,0.0,0.00127983
00021321_002.png,Infiltration,0.0,0.00126934
00021321_002.png,Cardiomegaly,0.0,0.00126076
00021321_002.png,Infiltration,0.0,0.00126076
00021321_002.png,Cardiomegaly,0.0,0.00121593
00021321_002.png,Infiltration,0.0,0.00117493
00021321_002.png,Cardiomegaly,0.0,0.00113964
00021321_002.png,Infiltration,0.0,0.00108242
00021321_002.png,Cardiomegaly,0.0,0.00107002
00021321_002.png,Atelectasis,0.0,0.00102043
00018366_029.png,Mass,0.26516445697473806,0.324951
00018366_029.png,Infiltration,0.0,0.158569
00018366_029.png,Mass,0.3342554668845075,0.0872803
00018366_029.png,Cardiomegaly,0.0,0.0750122
00018366_029.png,Infiltration,0.0,0.06604
00018366_029.png,Cardiomegaly,0.0,0.0536194
00018366_029.png,Cardiomegaly,0.0,0.0434875
00018366_029.png,Mass,0.2191690045299187,0.0418091
00018366_029.png,Infiltration,0.0,0.0339355
00018366_029.png,Mass,0.29348587273977045,0.0272064
00018366_029.png,Mass,0.0,0.0188599
00018366_029.png,Infiltration,0.0,0.0183258
00018366_029.png,Infiltration,0.0,0.0159912
00018366_029.png,Infiltration,0.6034472929193637,0.0151978
00018366_029.png,Mass,0.37194220425600927,0.014534
00018366_029.png,Mass,0.4257790243458621,0.0144196
00018366_029.png,Cardiomegaly,0.6201232183604584,0.013855
00018366_029.png,Cardiomegaly,0.0,0.0132675
00018366_029.png,Infiltration,0.0,0.0125656
00018366_029.png,Cardiomegaly,0.22884718813824778,0.0122452
00018366_029.png,Cardiomegaly,0.0,0.0117645
00018366_029.png,Cardiomegaly,0.0,0.0108414
00018366_029.png,Mass,0.17178962835571118,0.0105896
00018366_029.png,Mass,0.21592592626543747,0.00983429
00018366_029.png,Cardiomegaly,0.0,0.00982666
00018366_029.png,Cardiomegaly,0.08660056065113393,0.00976562
00018366_029.png,Mass,0.23251451328331602,0.00925446
00018366_029.png,Cardiomegaly,0.0,0.007267
00018366_029.png,Cardiomegaly,0.0,0.0068779
00018366_029.png,Effusion,0.0,0.00638199
00018366_029.png,Infiltration,0.0,0.00630188
00018366_029.png,Mass,0.6201232183604584,0.00585938
00018366_029.png,Infiltration,0.0,0.00578308
00018366_029.png,Mass,0.04717825986588716,0.00529861
00018366_029.png,Cardiomegaly,0.008329371806694479,0.00524521
00018366_029.png,Infiltration,0.0,0.00507736
00018366_029.png,Cardiomegaly,0.0,0.0049324
00018366_029.png,Mass,0.23629336602544748,0.00489426
00018366_029.png,Cardiomegaly,0.0,0.00445557
00018366_029.png,Mass,0.24784345059476412,0.00432205
00018366_029.png,Infiltration,0.0,0.00429535
00018366_029.png,Mass,0.4254076149184947,0.00414658
00018366_029.png,Mass,0.07266562622484984,0.00413513
00018366_029.png,Cardiomegaly,0.0,0.00399399
00018366_029.png,Infiltration,0.0,0.00399017
00018366_029.png,Cardiomegaly,0.0,0.00378036
00018366_029.png,Mass,0.0,0.00370216
00018366_029.png,Cardiomegaly,0.0,0.00357819
00018366_029.png,Mass,0.0,0.0035038
00018366_029.png,Infiltration,0.0,0.00325775
00018366_029.png,Cardiomegaly,0.0,0.00314331
00018366_029.png,Effusion,0.0,0.00303268
00018366_029.png,Cardiomegaly,0.0,0.00296211
00018366_029.png,Infiltration,0.0,0.00295639
00018366_029.png,Effusion,0.021961173283577246,0.00275421
00018366_029.png,Mass,0.1833237209859212,0.00270844
00018366_029.png,Infiltration,0.11565705048918082,0.00269127
00018366_029.png,Cardiomegaly,0.32555387142850983,0.0025177
00018366_029.png,Cardiomegaly,0.0,0.00250244
00018366_029.png,Cardiomegaly,0.0,0.00244141
00018366_029.png,Mass,0.0,0.00238991
00018366_029.png,Mass,0.19270940097702213,0.00234222
00018366_029.png,Infiltration,0.0,0.00224876
00018366_029.png,Effusion,0.0,0.00222969
00018366_029.png,Mass,0.2845716916263309,0.00220871
00018366_029.png,Cardiomegaly,0.0,0.0021553
00018366_029.png,Cardiomegaly,0.0,0.00208092
00018366_029.png,Mass,0.12877395023203564,0.0020752
00018366_029.png,Infiltration,0.17256171537011983,0.00181675
00018366_029.png,Mass,0.10308833106055675,0.00181198
00018366_029.png,Infiltration,0.0,0.00180912
00018366_029.png,Mass,0.15760018244168142,0.00179577
00018366_029.png,Infiltration,0.0,0.00175095
00018366_029.png,Mass,0.021412442499534008,0.00172043
00018366_029.png,Infiltration,0.0,0.00171185
00018366_029.png,Cardiomegaly,0.0,0.00167179
00018366_029.png,Effusion,0.0,0.00165939
00018366_029.png,Effusion,0.3342554668845075,0.00165844
00018366_029.png,Cardiomegaly,0.0,0.00162411
00018366_029.png,Effusion,0.0,0.00160599
00018366_029.png,Cardiomegaly,0.0,0.00152397
00018366_029.png,Mass,0.07889354526478205,0.00130558
00018366_029.png,Mass,0.0,0.00130367
00018366_029.png,Effusion,0.04906554328596813,0.00128651
00018366_029.png,Infiltration,0.0,0.00128078
00018366_029.png,Cardiomegaly,0.0,0.00126934
00018366_029.png,Cardiomegaly,0.3769391210914371,0.00123405
00018366_029.png,Infiltration,0.25336410446003615,0.00118828
00018366_029.png,Cardiomegaly,0.0,0.00106049
00018366_029.png,Infiltration,0.08660056065113393,0.00102711
00018366_029.png,Infiltration,0.0,0.00102329
00000052_001.png,Atelectasis,0.0,0.146484
00000052_001.png,Effusion,0.0,0.010376
00000052_001.png,Effusion,0.0,0.0083847
00000052_001.png,Effusion,0.0,0.00576019
00000052_001.png,Infiltration,0.0,0.00258636
00000052_001.png,Effusion,0.0,0.00194168
00000052_001.png,Mass,0.0,0.00177097
00000052_001.png,Infiltration,0.0,0.0017662
00000052_001.png,Infiltration,0.0,0.0016098
00000052_001.png,Infiltration,0.0,0.00143814
00000052_001.png,Effusion,0.0,0.00117016
00000052_001.png,Effusion,0.0,0.00108719
00000052_001.png,Cardiomegaly,0.0,0.00100327
00025252_040.png,Mass,0.0,0.449707
00025252_040.png,Atelectasis,0.10284034844542313,0.446045
00025252_040.png,Infiltration,0.0,0.0739746
00025252_040.png,Cardiomegaly,0.0,0.0387268
00025252_040.png,Infiltration,0.0,0.0207672
00025252_040.png,Mass,0.0,0.0178528
00025252_040.png,Infiltration,0.0,0.0177765
00025252_040.png,Infiltration,0.0,0.0157623
00025252_040.png,Cardiomegaly,0.5295415777592237,0.0133057
00025252_040.png,Effusion,0.0,0.0119247
00025252_040.png,Cardiomegaly,0.0,0.0109329
00025252_040.png,Infiltration,0.0,0.0104065
00025252_040.png,Cardiomegaly,0.0,0.00917816
00025252_040.png,Cardiomegaly,0.56574011470117,0.00658798
00025252_040.png,Infiltration,0.0,0.0063858
00025252_040.png,Cardiomegaly,0.24303940232284157,0.00625229
00025252_040.png,Mass,0.0,0.00564194
00025252_040.png,Infiltration,0.0,0.00516129
00025252_040.png,Mass,0.12748759711660224,0.0048027
00025252_040.png,Mass,0.0,0.0045929
00025252_040.png,Effusion,0.10498298744511388,0.00440979
00025252_040.png,Mass,0.0,0.00416565
00025252_040.png,Infiltration,0.10498298744511388,0.00389671
00025252_040.png,Infiltration,0.0,0.00387001
00025252_040.png,Cardiomegaly,0.0,0.00375366
00025252_040.png,Cardiomegaly,0.0,0.00349045
00025252_040.png,Cardiomegaly,0.0,0.00319672
00025252_040.png,Mass,0.10498298744511388,0.00311279
00025252_040.png,Mass,0.0,0.00305939
00025252_040.png,Mass,0.0,0.00289536
00025252_040.png,Cardiomegaly,0.4074635617143478,0.00286674
00025252_040.png,Effusion,0.033631103754299875,0.00247192
00025252_040.png,Pneumonia,0.10498298744511388,0.00229645
00025252_040.png,Mass,0.0,0.00213814
00025252_040.png,Infiltration,0.0,0.00213051
00025252_040.png,Cardiomegaly,0.0,0.00201416
00025252_040.png,Infiltration,0.0,0.00201225
00025252_040.png,Mass,0.0,0.00200653
00025252_040.png,Mass,0.004379493649367963,0.00200272
00025252_040.png,Cardiomegaly,0.09954079312697377,0.00197983
00025252_040.png,Infiltration,0.0,0.00194168
00025252_040.png,Cardiomegaly,0.0,0.00191784
00025252_040.png,Cardiomegaly,0.0,0.00190353
00025252_040.png,Cardiomegaly,0.35421873707141854,0.00188446
00025252_040.png,Cardiomegaly,0.0,0.00182533
00025252_040.png,Mass,0.0,0.00179386
00025252_040.png,Cardiomegaly,0.0,0.00179291
00025252_040.png,Edema,0.10498298744511388,0.00177288
00025252_040.png,Effusion,0.0,0.00174141
00025252_040.png,Infiltration,0.10036137471057557,0.00173092
00025252_040.png,Cardiomegaly,0.3851375831121775,0.0017252
00025252_040.png,Cardiomegaly,0.0,0.00166416
00025252_040.png,Mass,0.0,0.0016489
00025252_040.png,Mass,0.09692309453731744,0.00160408
00025252_040.png,Emphysema,0.10498298744511388,0.00157166
00025252_040.png,Pleural_Thickening,0.10498298744511388,0.00150776
00025252_040.png,Nodule,0.10498298744511388,0.00146675
00025252_040.png,Effusion,0.0,0.00143051
00025252_040.png,Infiltration,0.0,0.00138092
00025252_040.png,Cardiomegaly,0.0,0.00137043
00025252_040.png,Pneumothorax,0.10498298744511388,0.00135708
00025252_040.png,Effusion,0.0,0.00132942
00025252_040.png,Fibrosis,0.10498298744511388,0.00131035
00025252_040.png,Hernia,0.10498298744511388,0.00131035
00025252_040.png,Infiltration,0.05303118153872744,0.00127983
00025252_040.png,Cardiomegaly,0.0,0.00125599
00025252_040.png,Infiltration,0.03807878573315549,0.00122643
00025252_040.png,Infiltration,0.0,0.00119305
00025252_040.png,Infiltration,0.0,0.00118256
00025252_040.png,Mass,0.0,0.00117874
00025252_040.png,Effusion,0.0,0.0011673
00025252_040.png,Infiltration,0.0,0.00114536
00025252_040.png,Cardiomegaly,0.7146700128427507,0.00107098
00025252_040.png,Atelectasis,0.0,0.00105953
00025252_040.png,Effusion,0.0,0.00105286
00025252_040.png,Atelectasis,0.0,0.0010128
00013337_000.png,Cardiomegaly,0.23846633361949712,0.130859
00013337_000.png,Infiltration,0.15054272592139623,0.0534058
00013337_000.png,Cardiomegaly,0.366636033573033,0.0529175
00013337_000.png,Infiltration,0.2975833020434715,0.0467834
00013337_000.png,Cardiomegaly,0.5811422723511463,0.0447998
00013337_000.png,Infiltration,0.1784876207874077,0.0200348
00013337_000.png,Cardiomegaly,0.7959340507548617,0.0166168
00013337_000.png,Infiltration,0.07264406682296166,0.0143127
00013337_000.png,Atelectasis,0.13727571281520695,0.0141907
00013337_000.png,Infiltration,0.0,0.0139847
00013337_000.png,Infiltration,0.07825219042832252,0.0131683
00013337_000.png,Infiltration,0.07396076355623887,0.00984955
00013337_000.png,Cardiomegaly,0.6862627154806387,0.00823975
00013337_000.png,Cardiomegaly,0.15270369699319966,0.00619888
00013337_000.png,Infiltration,0.0,0.00600052
00013337_000.png,Infiltration,0.6015384791171718,0.00580215
00013337_000.png,Infiltration,0.2511765807215989,0.00458145
00013337_000.png,Effusion,0.031944244733930684,0.00411224
00013337_000.png,Effusion,0.06335470808649034,0.00408936
00013337_000.png,Infiltration,0.06471386358852653,0.00312614
00013337_000.png,Mass,0.08857274328958062,0.00302505
00013337_000.png,Effusion,0.12264002896008169,0.00296402
00013337_000.png,Mass,0.09669811558194552,0.00294685
00013337_000.png,Effusion,0.02008792920087726,0.00263977
00013337_000.png,Cardiomegaly,0.15806003874074398,0.00253677
00013337_000.png,Infiltration,0.16965631866322212,0.00251389
00013337_000.png,Cardiomegaly,0.0,0.00246429
00013337_000.png,Infiltration,0.10007890727325544,0.00239372
00013337_000.png,Infiltration,0.0,0.00229454
00013337_000.png,Effusion,0.19529854246085138,0.00224495
00013337_000.png,Mass,0.0,0.0020771
00013337_000.png,Mass,0.0,0.00204659
00013337_000.png,Effusion,0.0,0.00204468
00013337_000.png,Cardiomegaly,0.24511279436434766,0.00203514
00013337_000.png,Cardiomegaly,0.14984222151189605,0.00201416
00013337_000.png,Cardiomegaly,0.23165838309390296,0.00198174
00013337_000.png,Mass,0.040798080177978355,0.00193882
00013337_000.png,Infiltration,0.25424969661775165,0.00186825
00013337_000.png,Mass,0.0,0.0018034
00013337_000.png,Cardiomegaly,0.10573200630519693,0.00178528
00013337_000.png,Infiltration,0.19332532779239292,0.00177002
00013337_000.png,Infiltration,0.132921882099944,0.0017662
00013337_000.png,Infiltration,0.05861284767634265,0.00168514
00013337_000.png,Cardiomegaly,0.1784876207874077,0.00168228
00013337_000.png,Cardiomegaly,0.3607294215267047,0.00166225
00013337_000.png,Cardiomegaly,0.0,0.00155354
00013337_000.png,Mass,0.015218943554572519,0.00152397
00013337_000.png,Infiltration,0.12264002896008169,0.00151443
00013337_000.png,Infiltration,0.0,0.00149918
00013337_000.png,Infiltration,0.0,0.0014658
00013337_000.png,Cardiomegaly,0.15209258172655915,0.00144291
00013337_000.png,Infiltration,0.0,0.0013752
00013337_000.png,Mass,0.0,0.00136757
00013337_000.png,Effusion,0.051952658030610985,0.00133896
00013337_000.png,Effusion,0.006352721638883357,0.00126076
00013337_000.png,Mass,0.10477058692265795,0.00123405
00013337_000.png,Cardiomegaly,0.20375489745122144,0.00123405
00013337_000.png,Effusion,0.0,0.00120354
00013337_000.png,Effusion,0.06471386358852653,0.00115681
00013337_000.png,Mass,0.02697324236124354,0.00115299
00013337_000.png,Mass,0.12838387772811907,0.00115204
00013337_000.png,Cardiomegaly,0.3858218948963023,0.00111961
00013337_000.png,Mass,0.07156855305550071,0.00107002
00009669_003.png,Infiltration,0.0,0.124634
00009669_003.png,Infiltration,0.0,0.0842285
00009669_003.png,Infiltration,0.08262684918660762,0.06073
00009669_003.png,Infiltration,0.0,0.0593872
00009669_003.png,Cardiomegaly,0.3578227887740288,0.0507507
00009669_003.png,Mass,0.0,0.0168762
00009669_003.png,Infiltration,0.0,0.0163269
00009669_003.png,Cardiomegaly,0.2022065689341274,0.0148544
00009669_003.png,Infiltration,0.0,0.0130234
00009669_003.png,Cardiomegaly,0.03840914998723497,0.00983429
00009669_003.png,Mass,0.0,0.00924683
00009669_003.png,Infiltration,0.0,0.00881195
00009669_003.png,Infiltration,0.0,0.00847626
00009669_003.png,Infiltration,0.0,0.00503922
00009669_003.png,Cardiomegaly,0.1622436206171068,0.0045166
00009669_003.png,Cardiomegaly,0.07535988883528354,0.00447464
00009669_003.png,Effusion,0.0,0.00421906
00009669_003.png,Cardiomegaly,0.10974018340061449,0.0039978
00009669_003.png,Infiltration,0.0,0.00391006
00009669_003.png,Effusion,0.0,0.00347519
00009669_003.png,Effusion,0.0,0.00301933
00009669_003.png,Infiltration,0.0,0.00263977
00009669_003.png,Cardiomegaly,0.5126486255503528,0.00263977
00009669_003.png,Mass,0.0,0.00263023
00009669_003.png,Effusion,0.0,0.00240135
00009669_003.png,Cardiomegaly,0.19923312234461113,0.00235367
00009669_003.png,Infiltration,0.7966827524163538,0.00228882
00009669_003.png,Cardiomegaly,0.2689320181647258,0.00226593
00009669_003.png,Infiltration,0.0,0.00223351
00009669_003.png,Infiltration,0.0,0.00211143
00009669_003.png,Atelectasis,0.18899116881658348,0.00201797
00009669_003.png,Infiltration,0.0,0.00199318
00009669_003.png,Mass,0.0,0.00187302
00009669_003.png,Mass,0.0,0.00183296
00009669_003.png,Infiltration,0.0,0.00168514
00009669_003.png,Cardiomegaly,0.2856358989230795,0.00168228
00009669_003.png,Cardiomegaly,0.20130160309661993,0.00167847
00009669_003.png,Cardiomegaly,0.0353744245181736,0.00162125
00009669_003.png,Cardiomegaly,0.3297732836190378,0.00159168
00009669_003.png,Infiltration,0.3181946034879224,0.00154209
00009669_003.png,Cardiomegaly,0.1503856363152224,0.00154018
00009669_003.png,Atelectasis,0.0,0.00150776
00009669_003.png,Mass,0.0,0.00140953
00009669_003.png,Effusion,0.0,0.00136089
00009669_003.png,Cardiomegaly,0.12337179325244757,0.00135708
00009669_003.png,Infiltration,0.13880092885671994,0.00130653
00009669_003.png,Infiltration,0.04037121250398067,0.0012846
00009669_003.png,Mass,0.0,0.00124264
00009669_003.png,Mass,0.0,0.00123692
00009669_003.png,Effusion,0.0,0.00122166
00009669_003.png,Cardiomegaly,0.07608398739651755,0.00119019
00009669_003.png,Infiltration,0.0,0.00117588
00009669_003.png,Infiltration,0.0,0.00112343
00009669_003.png,Infiltration,0.0,0.00109577
00009669_003.png,Infiltration,0.0,0.0010767
00009669_003.png,Cardiomegaly,0.0,0.00107098
00009669_003.png,Infiltration,0.0,0.0010519
00029843_001.png,Cardiomegaly,0.0,0.0876465
00029843_001.png,Atelectasis,0.028556674592183428,0.0725708
00029843_001.png,Atelectasis,0.06040396731704204,0.0578003
00029843_001.png,Cardiomegaly,0.0,0.0308228
00029843_001.png,Cardiomegaly,0.12943945955029715,0.0296021
00029843_001.png,Infiltration,0.5777056941852833,0.00827789
00029843_001.png,Atelectasis,0.14672278281797554,0.00595856
00029843_001.png,Infiltration,0.49407300406531,0.0034523
00029843_001.png,Infiltration,0.18109710082525277,0.00297165
00029843_001.png,Infiltration,0.0,0.00291634
00029843_001.png,Infiltration,0.06008321633842709,0.00273132
00029843_001.png,Atelectasis,0.14837851123599907,0.00256729
00029843_001.png,Cardiomegaly,0.19705786699630454,0.00240898
00029843_001.png,Cardiomegaly,0.12835730761548614,0.0023098
00029843_001.png,Infiltration,0.34771347404990466,0.00222778
00029843_001.png,Cardiomegaly,0.0,0.00219536
00029843_001.png,Cardiomegaly,0.4293705729542622,0.00195503
00029843_001.png,Cardiomegaly,0.0,0.00186062
00029843_001.png,Cardiomegaly,0.0,0.00175762
00029843_001.png,Atelectasis,0.038713722440343386,0.0016861
00029843_001.png,Infiltration,0.3885299782100858,0.00162983
00029843_001.png,Mass,0.0,0.00149345
00029843_001.png,Cardiomegaly,0.34771347404990466,0.00146294
00029843_001.png,Infiltration,0.18583490836467534,0.00134468
00029843_001.png,Atelectasis,0.09235783211971782,0.00134277
00029843_001.png,Mass,0.0,0.00128365
00029843_001.png,Infiltration,0.0,0.00119019
00029843_001.png,Cardiomegaly,0.0,0.00111389
00029843_001.png,Infiltration,0.0993929012630411,0.00109673
00029843_001.png,Infiltration,0.015552257138233378,0.0010767
00029579_005.png,Atelectasis,0.0,0.463623
00029579_005.png,Effusion,0.6338404195995713,0.229736
00029579_005.png,Cardiomegaly,0.035580364233665805,0.195557
00029579_005.png,Cardiomegaly,0.012390402311554792,0.0583801
00029579_005.png,Effusion,0.0,0.0482178
00029579_005.png,Cardiomegaly,0.029874629266323612,0.0258331
00029579_005.png,Cardiomegaly,0.43995559792915534,0.0237427
00029579_005.png,Cardiomegaly,0.0,0.0211487
00029579_005.png,Cardiomegaly,0.01925156546373547,0.0210266
00029579_005.png,Cardiomegaly,0.02732151275252519,0.0167084
00029579_005.png,Mass,0.0,0.0148163
00029579_005.png,Cardiomegaly,0.01983099611778235,0.0143967
00029579_005.png,Infiltration,0.0,0.0134125
00029579_005.png,Infiltration,0.0,0.0121841
00029579_005.png,Cardiomegaly,0.0,0.00968933
00029579_005.png,Infiltration,0.0,0.00947571
00029579_005.png,Infiltration,0.0,0.00785065
00029579_005.png,Cardiomegaly,0.0,0.0063591
00029579_005.png,Cardiomegaly,0.15577765854795458,0.00632858
00029579_005.png,Cardiomegaly,0.02053050992307456,0.00527954
00029579_005.png,Cardiomegaly,0.0,0.00506973
00029579_005.png,Cardiomegaly,0.04080540467496315,0.00489044
00029579_005.png,Infiltration,0.0,0.00465393
00029579_005.png,Cardiomegaly,0.25910280102940686,0.00428009
00029579_005.png,Cardiomegaly,0.0,0.00412369
00029579_005.png,Infiltration,0.01983099611778235,0.00407028
00029579_005.png,Cardiomegaly,0.038436729254271766,0.00392151
00029579_005.png,Infiltration,0.0,0.00371933
00029579_005.png,Infiltration,0.0,0.0034523
00029579_005.png,Atelectasis,0.0,0.003088
00029579_005.png,Cardiomegaly,0.0,0.00297928
00029579_005.png,Effusion,0.0,0.00290871
00029579_005.png,Infiltration,0.035580364233665805,0.00282478
00029579_005.png,Cardiomegaly,0.009773069234133536,0.00256538
00029579_005.png,Cardiomegaly,0.01358792816625874,0.00252151
00029579_005.png,Infiltration,0.0,0.00251007
00029579_005.png,Cardiomegaly,0.07504571679316238,0.00232124
00029579_005.png,Cardiomegaly,0.0,0.00230408
00029579_005.png,Effusion,0.5634377609705687,0.00217819
00029579_005.png,Infiltration,0.6338404195995713,0.00217438
00029579_005.png,Infiltration,0.0,0.00211143
00029579_005.png,Mass,0.0,0.00207329
00029579_005.png,Infiltration,0.0,0.00200081
00029579_005.png,Effusion,0.0,0.00192356
00029579_005.png,Cardiomegaly,0.18093347714896246,0.00188065
00029579_005.png,Effusion,0.0,0.00186443
00029579_005.png,Effusion,0.0,0.0016737
00029579_005.png,Mass,0.023903242774562957,0.00164604
00029579_005.png,Mass,0.0,0.0016098
00029579_005.png,Cardiomegaly,0.0,0.0014782
00029579_005.png,Mass,0.18555718052534242,0.00136375
00029579_005.png,Infiltration,0.0,0.0013361
00029579_005.png,Mass,0.0,0.00126076
00029579_005.png,Infiltration,0.0,0.00125408
00029579_005.png,Cardiomegaly,0.12306676853221318,0.00120544
00029579_005.png,Cardiomegaly,0.0,0.00119495
00029579_005.png,Cardiomegaly,0.066373555767059,0.00115967
00029579_005.png,Effusion,0.0,0.0011425
00029579_005.png,Cardiomegaly,0.0,0.00100708
00012622_016.png,Atelectasis,0.0,0.325195
00012622_016.png,Cardiomegaly,0.19180737211894994,0.223633
00012622_016.png,Effusion,0.0,0.0604858
00012622_016.png,Cardiomegaly,0.0,0.0303802
00012622_016.png,Infiltration,0.0,0.0210876
00012622_016.png,Cardiomegaly,0.012929251185356566,0.0118561
00012622_016.png,Effusion,0.0,0.0101852
00012622_016.png,Cardiomegaly,0.0,0.00966644
00012622_016.png,Cardiomegaly,0.0,0.00920868
00012622_016.png,Mass,0.0,0.00907135
00012622_016.png,Cardiomegaly,0.0,0.00881195
00012622_016.png,Mass,0.0,0.00680923
00012622_016.png,Mass,0.0,0.00676727
00012622_016.png,Atelectasis,0.0,0.00642014
00012622_016.png,Cardiomegaly,0.0,0.00609207
00012622_016.png,Infiltration,0.0,0.00583649
00012622_016.png,Cardiomegaly,0.06488950206132843,0.00551987
00012622_016.png,Infiltration,0.0,0.00447464
00012622_016.png,Cardiomegaly,0.12387705920149242,0.00437546
00012622_016.png,Effusion,0.0,0.00360298
00012622_016.png,Cardiomegaly,0.0586587184781446,0.00352287
00012622_016.png,Cardiomegaly,0.0,0.00340843
00012622_016.png,Cardiomegaly,0.0,0.00294304
00012622_016.png,Infiltration,0.0,0.00272751
00012622_016.png,Cardiomegaly,0.0,0.00254059
00012622_016.png,Mass,0.0,0.00241852
00012622_016.png,Cardiomegaly,0.0,0.00221062
00012622_016.png,Mass,0.0,0.00208092
00012622_016.png,Infiltration,0.0,0.00205612
00012622_016.png,Infiltration,0.0,0.00204468
00012622_016.png,Infiltration,0.0,0.00201797
00012622_016.png,Mass,0.0,0.00175095
00012622_016.png,Mass,0.0,0.0017271
00012622_016.png,Infiltration,0.0,0.00167656
00012622_016.png,Cardiomegaly,0.0,0.00164318
00012622_016.png,Cardiomegaly,0.045015337893957695,0.00161552
00012622_016.png,Effusion,0.0,0.00160503
00012622_016.png,Cardiomegaly,0.0,0.00160217
00012622_016.png,Pneumonia,0.0,0.0014925
00012622_016.png,Infiltration,0.0,0.00141335
00012622_016.png,Mass,0.0,0.00137711
00012622_016.png,Mass,0.0,0.00131416
00012622_016.png,Edema,0.0,0.00125885
00012622_016.png,Atelectasis,0.2022817951121638,0.00121307
00012622_016.png,Infiltration,0.0,0.00116444
00012622_016.png,Nodule,0.0,0.00115681
00012622_016.png,Infiltration,0.0,0.00113678
00012622_016.png,Cardiomegaly,0.0,0.00113201
00012622_016.png,Infiltration,0.0,0.00112534
00012622_016.png,Effusion,0.0586587184781446,0.00111961
00012622_016.png,Emphysema,0.0,0.00107002
00012622_016.png,Effusion,0.0,0.00106812
00012622_016.png,Cardiomegaly,0.0,0.00106144
00012622_016.png,Atelectasis,0.0,0.0010519
00012622_016.png,Pleural_Thickening,0.0,0.00102997
00012622_016.png,Infiltration,0.0,0.00100613
00012622_016.png,Fibrosis,0.0,0.00100517
00021009_001.png,Atelectasis,0.867467471298373,0.484863
00021009_001.png,Cardiomegaly,0.20403577316345592,0.322021
00021009_001.png,Infiltration,0.0,0.313721
00021009_001.png,Cardiomegaly,0.20077036195760015,0.225098
00021009_001.png,Cardiomegaly,0.006331014109591358,0.164185
00021009_001.png,Effusion,0.0,0.126587
00021009_001.png,Cardiomegaly,0.06305195057691487,0.0967407
00021009_001.png,Cardiomegaly,0.0,0.0413208
00021009_001.png,Cardiomegaly,0.0,0.0365295
00021009_001.png,Cardiomegaly,0.17969080799536052,0.0356445
00021009_001.png,Cardiomegaly,0.10716910884038895,0.026825
00021009_001.png,Cardiomegaly,0.0,0.0239563
00021009_001.png,Mass,0.0,0.0205688
00021009_001.png,Cardiomegaly,0.0,0.019516
00021009_001.png,Mass,0.0,0.0144501
00021009_001.png,Infiltration,0.022257593113534768,0.0105133
00021009_001.png,Mass,0.0,0.0082016
00021009_001.png,Infiltration,0.1537836268405183,0.00605392
00021009_001.png,Effusion,0.0,0.00580978
00021009_001.png,Cardiomegaly,0.07527944991960649,0.00563049
00021009_001.png,Infiltration,0.4822232882504287,0.00549316
00021009_001.png,Infiltration,0.09556379562937051,0.00482178
00021009_001.png,Mass,0.0,0.00471497
00021009_001.png,Infiltration,0.010360773696909867,0.00421906
00021009_001.png,Cardiomegaly,0.0052692157756723595,0.00407028
00021009_001.png,Infiltration,0.47437987655424757,0.00398254
00021009_001.png,Infiltration,0.0,0.0037899
00021009_001.png,Effusion,0.0,0.00375748
00021009_001.png,Infiltration,0.8544265877977242,0.00367737
00021009_001.png,Cardiomegaly,0.47437987655424757,0.00304985
00021009_001.png,Cardiomegaly,0.0,0.00304794
00021009_001.png,Cardiomegaly,0.0,0.00297737
00021009_001.png,Atelectasis,0.18148853570079937,0.00293922
00021009_001.png,Effusion,0.0,0.00286865
00021009_001.png,Cardiomegaly,0.0,0.00260925
00021009_001.png,Effusion,0.8187382526916535,0.00260735
00021009_001.png,Cardiomegaly,0.0877323337745545,0.00217628
00021009_001.png,Infiltration,0.037309868033231684,0.00216293
00021009_001.png,Mass,0.0,0.00212288
00021009_001.png,Infiltration,0.0,0.00211334
00021009_001.png,Infiltration,0.33357987298211006,0.0020752
00021009_001.png,Effusion,0.0,0.00179195
00021009_001.png,Mass,0.8544265877977242,0.00167274
00021009_001.png,Cardiomegaly,0.0,0.00164795
00021009_001.png,Cardiomegaly,0.8544265877977242,0.0016346
00021009_001.png,Cardiomegaly,0.15477744856617598,0.00162315
00021009_001.png,Pneumonia,0.8187382526916535,0.00158405
00021009_001.png,Mass,0.0,0.00145435
00021009_001.png,Infiltration,0.5982236091967617,0.00145149
00021009_001.png,Infiltration,0.0,0.00136185
00021009_001.png,Cardiomegaly,0.0,0.00132084
00021009_001.png,Cardiomegaly,0.001197441653064258,0.0012598
00021009_001.png,Cardiomegaly,0.0,0.00125694
00021009_001.png,Mass,0.0,0.00123215
00021009_001.png,Infiltration,0.0,0.00122166
00021009_001.png,Edema,0.8187382526916535,0.00121784
00021009_001.png,Nodule,0.8187382526916535,0.00109768
00021009_001.png,Mass,0.0,0.00107193
00021009_001.png,Cardiomegaly,0.1099886287564921,0.00103664
00021009_001.png,Infiltration,0.24758962712758925,0.00103378
00021009_001.png,Emphysema,0.8187382526916535,0.00102806
00021009_001.png,Cardiomegaly,0.10651891766900094,0.00102711
00021009_001.png,Cardiomegaly,0.0,0.00100708
00025252_032.png,Mass,0.7726282785602031,0.733887
00025252_032.png,Cardiomegaly,0.03937945844890116,0.105774
00025252_032.png,Infiltration,0.0,0.0734253
00025252_032.png,Atelectasis,0.07084299529776085,0.0527039
00025252_032.png,Infiltration,0.0,0.026413
00025252_032.png,Cardiomegaly,0.0,0.0177612
00025252_032.png,Infiltration,0.0,0.015274
00025252_032.png,Infiltration,0.0,0.0147171
00025252_032.png,Cardiomegaly,0.0950219058824409,0.0145035
00025252_032.png,Effusion,0.0,0.0144882
00025252_032.png,Infiltration,0.0,0.0142212
00025252_032.png,Mass,0.08770179338744308,0.00891876
00025252_032.png,Mass,0.04028407734542851,0.00805664
00025252_032.png,Cardiomegaly,0.28335556816254304,0.00786591
00025252_032.png,Infiltration,0.0,0.00711441
00025252_032.png,Infiltration,0.0,0.00585175
00025252_032.png,Infiltration,0.0,0.00546646
00025252_032.png,Infiltration,0.0,0.00509262
00025252_032.png,Effusion,0.0,0.00485611
00025252_032.png,Atelectasis,0.8015100543092594,0.00388145
00025252_032.png,Cardiomegaly,0.0,0.00385475
00025252_032.png,Cardiomegaly,0.0,0.00379944
00025252_032.png,Infiltration,0.0,0.00352478
00025252_032.png,Cardiomegaly,0.0,0.0033741
00025252_032.png,Cardiomegaly,0.0,0.00317764
00025252_032.png,Mass,0.5735567908965171,0.00284767
00025252_032.png,Infiltration,0.0,0.00284004
00025252_032.png,Mass,0.377714421174806,0.00282478
00025252_032.png,Infiltration,0.0,0.00278854
00025252_032.png,Infiltration,0.040815371671226654,0.0027504
00025252_032.png,Infiltration,0.09398912039722888,0.00266266
00025252_032.png,Cardiomegaly,0.030153958175557598,0.00259399
00025252_032.png,Infiltration,0.06509369655721889,0.00239944
00025252_032.png,Infiltration,0.0,0.00225639
00025252_032.png,Cardiomegaly,0.0,0.00220108
00025252_032.png,Effusion,0.8015100543092594,0.00205994
00025252_032.png,Mass,0.028003949174396203,0.00195312
00025252_032.png,Cardiomegaly,0.0,0.00186825
00025252_032.png,Infiltration,0.0,0.00179386
00025252_032.png,Cardiomegaly,0.0,0.00170231
00025252_032.png,Cardiomegaly,0.8351620067128437,0.00166702
00025252_032.png,Cardiomegaly,0.1838400722144744,0.00161362
00025252_032.png,Infiltration,0.06934477451200426,0.00158978
00025252_032.png,Infiltration,0.0,0.00157356
00025252_032.png,Infiltration,0.0,0.00152588
00025252_032.png,Mass,0.16853221420685047,0.00149822
00025252_032.png,Cardiomegaly,0.0,0.00145721
00025252_032.png,Infiltration,0.0,0.00143433
00025252_032.png,Mass,0.30839224219354117,0.00138569
00025252_032.png,Cardiomegaly,0.0,0.00135708
00025252_032.png,Edema,0.8015100543092594,0.0013361
00025252_032.png,Mass,0.05889192509932559,0.00132847
00025252_032.png,Infiltration,0.0,0.00127316
00025252_032.png,Pleural_Thickening,0.8351620067128437,0.00125885
00025252_032.png,Infiltration,0.0,0.00124741
00025252_032.png,Infiltration,0.0,0.00123596
00025252_032.png,Mass,0.3248959178801608,0.00120068
00025252_032.png,Mass,0.39109079488403714,0.00119495
00025252_032.png,Infiltration,0.0,0.00118446
00025252_032.png,Emphysema,0.8015100543092594,0.00116158
00025252_032.png,Cardiomegaly,0.0,0.00113869
00025252_032.png,Pneumonia,0.8015100543092594,0.00113869
00025252_032.png,Infiltration,0.0,0.00109959
00025252_032.png,Infiltration,0.0,0.00109768
00025252_032.png,Hernia,0.8015100543092594,0.00108242
00025252_032.png,Cardiomegaly,0.0,0.00106907
00025252_032.png,Infiltration,0.0,0.00106525
00025252_032.png,Cardiomegaly,0.0,0.0010376
00025252_032.png,Mass,0.2553106467833125,0.00100994
00013751_003.png,Effusion,0.0,0.570801
00013751_003.png,Effusion,0.0,0.504395
00013751_003.png,Atelectasis,0.049553051839553774,0.202881
00013751_003.png,Effusion,0.0,0.0805664
00013751_003.png,Effusion,0.8193471209783545,0.078125
00013751_003.png,Effusion,0.0,0.0541077
00013751_003.png,Effusion,0.0,0.0238342
00013751_003.png,Effusion,0.0,0.0221863
00013751_003.png,Effusion,0.0,0.0220032
00013751_003.png,Effusion,0.0,0.0200958
00013751_003.png,Effusion,0.0,0.0180817
00013751_003.png,Effusion,0.0,0.0152893
00013751_003.png,Infiltration,0.0,0.0136719
00013751_003.png,Infiltration,0.6152026257960773,0.0127335
00013751_003.png,Infiltration,0.27873154820684504,0.00688934
00013751_003.png,Effusion,0.0,0.00655746
00013751_003.png,Effusion,0.0,0.00405502
00013751_003.png,Mass,0.0,0.00388527
00013751_003.png,Infiltration,0.0,0.003582
00013751_003.png,Effusion,0.0,0.00349617
00013751_003.png,Effusion,0.0,0.00333214
00013751_003.png,Effusion,0.05120417891591951,0.00330925
00013751_003.png,Atelectasis,0.0,0.00325012
00013751_003.png,Effusion,0.0,0.00324249
00013751_003.png,Mass,0.0,0.00321388
00013751_003.png,Atelectasis,0.0,0.00301933
00013751_003.png,Effusion,0.0,0.0028286
00013751_003.png,Infiltration,0.05120417891591951,0.00269508
00013751_003.png,Effusion,0.0,0.00245285
00013751_003.png,Mass,0.0,0.00235558
00013751_003.png,Effusion,0.0,0.00229836
00013751_003.png,Infiltration,0.8176926908513268,0.00216866
00013751_003.png,Mass,0.05120417891591951,0.00208664
00013751_003.png,Effusion,0.0,0.00203133
00013751_003.png,Effusion,0.0,0.00196648
00013751_003.png,Cardiomegaly,0.0,0.00192547
00013751_003.png,Effusion,0.0,0.0018425
00013751_003.png,Infiltration,0.0,0.00180531
00013751_003.png,Mass,0.0,0.00171852
00013751_003.png,Cardiomegaly,0.0,0.00170612
00013751_003.png,Effusion,0.0,0.00168037
00013751_003.png,Cardiomegaly,0.05120417891591951,0.0015316
00013751_003.png,Infiltration,0.0,0.00148296
00013751_003.png,Infiltration,0.0,0.00147533
00013751_003.png,Effusion,0.0,0.00138664
00013751_003.png,Infiltration,0.27170880194614494,0.00137138
00013751_003.png,Mass,0.0,0.00134373
00013751_003.png,Pneumonia,0.05120417891591951,0.00132751
00013751_003.png,Infiltration,0.0,0.00130653
00013751_003.png,Infiltration,0.49396734548578536,0.00130367
00013751_003.png,Cardiomegaly,0.0,0.00129223
00013751_003.png,Mass,0.0,0.00128269
00013751_003.png,Effusion,0.0,0.00122929
00013751_003.png,Infiltration,0.0,0.00121307
00013751_003.png,Mass,0.0,0.00114632
00013751_003.png,Edema,0.05120417891591951,0.00109959
00013751_003.png,Mass,0.0,0.00104904
00013751_003.png,Effusion,0.0,0.0010252
00013751_003.png,Nodule,0.05120417891591951,0.00102043
00013751_003.png,Effusion,0.0,0.00101662
00013249_052.png,Atelectasis,0.8533265287549706,0.668457
00013249_052.png,Cardiomegaly,0.12714783394594412,0.175659
00013249_052.png,Cardiomegaly,0.08967499757529263,0.0419617
00013249_052.png,Cardiomegaly,0.04223021418844453,0.0301361
00013249_052.png,Cardiomegaly,0.04656535559082765,0.015274
00013249_052.png,Atelectasis,0.641521482318383,0.00926971
00013249_052.png,Cardiomegaly,0.07240249363067049,0.00788116
00013249_052.png,Atelectasis,0.5520636200680481,0.00754929
00013249_052.png,Cardiomegaly,0.0,0.00628281
00013249_052.png,Cardiomegaly,0.0,0.00576782
00013249_052.png,Atelectasis,0.6023309218640303,0.00485611
00013249_052.png,Effusion,0.0,0.00471115
00013249_052.png,Cardiomegaly,0.03873074503130549,0.00408936
00013249_052.png,Cardiomegaly,0.11236578507256309,0.0035038
00013249_052.png,Infiltration,0.7497457853388204,0.00298691
00013249_052.png,Infiltration,0.08351004652194231,0.00293541
00013249_052.png,Infiltration,0.2569226208599801,0.00292969
00013249_052.png,Cardiomegaly,0.0,0.00277519
00013249_052.png,Effusion,0.876407939333681,0.00241852
00013249_052.png,Cardiomegaly,0.007028732935385875,0.00215912
00013249_052.png,Cardiomegaly,0.06249095591336456,0.00210762
00013249_052.png,Atelectasis,0.5499973404080176,0.00176525
00013249_052.png,Cardiomegaly,0.0,0.00165558
00013249_052.png,Cardiomegaly,0.05667561295176697,0.00157547
00013249_052.png,Cardiomegaly,0.16819636476517155,0.00153351
00013249_052.png,Pneumonia,0.8982592508321031,0.0015316
00013249_052.png,Effusion,0.0,0.00141048
00013249_052.png,Cardiomegaly,0.0,0.0013876
00013249_052.png,Mass,0.876407939333681,0.00137043
00013249_052.png,Cardiomegaly,0.0,0.00135899
00013249_052.png,Cardiomegaly,0.0,0.00132656
00013249_052.png,Cardiomegaly,0.0,0.00130272
00013249_052.png,Cardiomegaly,0.023165070146909557,0.00127888
00013249_052.png,Cardiomegaly,0.05688739159275759,0.00111485
00013249_052.png,Cardiomegaly,0.0,0.00110054
00013249_052.png,Infiltration,0.09174375953760582,0.00105953
00013249_052.png,Cardiomegaly,0.0,0.00105572
00013249_052.png,Infiltration,0.08930519944284696,0.00105
00013249_052.png,Edema,0.8982592508321031,0.00105
00013249_052.png,Nodule,0.8982592508321031,0.0010376
00017028_000.png,Effusion,0.0,0.611816
00017028_000.png,Effusion,0.0,0.24646
00017028_000.png,Mass,0.0,0.240234
00017028_000.png,Effusion,0.0,0.11438
00017028_000.png,Effusion,0.0,0.0643921
00017028_000.png,Effusion,0.0,0.0625
00017028_000.png,Effusion,0.8974501708840245,0.0311279
00017028_000.png,Infiltration,0.9254911259352995,0.030899
00017028_000.png,Infiltration,0.1734189287035115,0.0245667
00017028_000.png,Effusion,0.0,0.0187683
00017028_000.png,Mass,0.0,0.0169373
00017028_000.png,Effusion,0.0,0.015686
00017028_000.png,Effusion,0.0,0.00959778
00017028_000.png,Mass,0.0,0.00951385
00017028_000.png,Effusion,0.0,0.00670624
00017028_000.png,Effusion,0.0,0.00654602
00017028_000.png,Effusion,0.0,0.0055542
00017028_000.png,Effusion,0.0,0.00543594
00017028_000.png,Cardiomegaly,0.025330812972549525,0.0044632
00017028_000.png,Mass,0.0,0.00442505
00017028_000.png,Atelectasis,0.0,0.00441742
00017028_000.png,Cardiomegaly,0.0,0.00373077
00017028_000.png,Mass,0.0,0.0034256
00017028_000.png,Infiltration,0.0,0.00333786
00017028_000.png,Effusion,0.0006848779136325754,0.00294113
00017028_000.png,Mass,0.0,0.002882
00017028_000.png,Infiltration,0.0,0.0026741
00017028_000.png,Infiltration,0.0,0.00258255
00017028_000.png,Effusion,0.0,0.00250244
00017028_000.png,Effusion,0.0,0.00242996
00017028_000.png,Mass,0.0,0.00232315
00017028_000.png,Effusion,0.0,0.00229836
00017028_000.png,Infiltration,0.0,0.00225067
00017028_000.png,Mass,0.0,0.00219536
00017028_000.png,Effusion,0.0,0.00219536
00017028_000.png,Effusion,0.0,0.00216866
00017028_000.png,Mass,0.0,0.00216675
00017028_000.png,Mass,0.0,0.00209618
00017028_000.png,Mass,0.0,0.00207138
00017028_000.png,Infiltration,0.0,0.00185013
00017028_000.png,Effusion,0.0,0.00174427
00017028_000.png,Effusion,0.11803260689279399,0.00162506
00017028_000.png,Atelectasis,0.0,0.00162506
00017028_000.png,Effusion,0.0,0.00158119
00017028_000.png,Effusion,0.0,0.00157356
00017028_000.png,Effusion,0.0,0.00148582
00017028_000.png,Effusion,0.0058700975564343096,0.00146103
00017028_000.png,Effusion,0.0,0.00140953
00017028_000.png,Mass,0.0,0.00139332
00017028_000.png,Effusion,0.0,0.00134277
00017028_000.png,Effusion,0.0,0.00133419
00017028_000.png,Infiltration,0.0,0.00131989
00017028_000.png,Effusion,0.0,0.00131702
00017028_000.png,Effusion,0.0,0.00131607
00017028_000.png,Infiltration,0.0,0.00129604
00017028_000.png,Effusion,0.0,0.00128937
00017028_000.png,Atelectasis,0.0,0.00125313
00017028_000.png,Infiltration,0.0,0.00124168
00017028_000.png,Effusion,0.0,0.00122738
00017028_000.png,Mass,0.0,0.00121975
00017028_000.png,Infiltration,0.0,0.00121403
00017028_000.png,Mass,0.0,0.0011797
00017028_000.png,Mass,0.0,0.00116825
00017028_000.png,Cardiomegaly,0.019703615794212596,0.0011282
00017028_000.png,Effusion,0.017385541037124894,0.00110245
00017028_000.png,Infiltration,0.0,0.00109768
00017028_000.png,Effusion,0.0,0.00107861
00017028_000.png,Effusion,0.0,0.00107384
00017028_000.png,Effusion,0.0,0.00102997
00017028_000.png,Infiltration,0.0,0.00101566
00017028_000.png,Effusion,0.0,0.0010128
00006851_033.png,Infiltration,0.5379907352944254,0.398193
00006851_033.png,Atelectasis,0.0,0.218872
00006851_033.png,Effusion,0.11653067574503433,0.0388794
00006851_033.png,Cardiomegaly,0.0,0.0345154
00006851_033.png,Infiltration,0.5338787088651568,0.0339355
00006851_033.png,Effusion,0.0,0.0238495
00006851_033.png,Infiltration,0.017121739348726826,0.0195465
00006851_033.png,Infiltration,0.0,0.0189514
00006851_033.png,Infiltration,0.36158319261589267,0.0171661
00006851_033.png,Atelectasis,0.0,0.0135498
00006851_033.png,Infiltration,0.0,0.0115509
00006851_033.png,Cardiomegaly,0.05989420622269846,0.0114059
00006851_033.png,Infiltration,0.5430275180017016,0.0113754
00006851_033.png,Cardiomegaly,0.026245070037395946,0.00893402
00006851_033.png,Atelectasis,0.0,0.00748444
00006851_033.png,Infiltration,0.0,0.00582504
00006851_033.png,Cardiomegaly,0.09013784434439422,0.0056076
00006851_033.png,Infiltration,0.16810348684709855,0.00554657
00006851_033.png,Infiltration,0.4678485598182494,0.00527191
00006851_033.png,Effusion,0.0,0.0044899
00006851_033.png,Infiltration,0.44694779514090077,0.00424576
00006851_033.png,Cardiomegaly,0.08809858973690915,0.00391769
00006851_033.png,Cardiomegaly,0.1901171807103259,0.00391388
00006851_033.png,Infiltration,0.0,0.00344467
00006851_033.png,Infiltration,0.06487718209104819,0.00327301
00006851_033.png,Cardiomegaly,0.5379907352944254,0.00320435
00006851_033.png,Effusion,0.0,0.00289154
00006851_033.png,Cardiomegaly,0.0,0.00284195
00006851_033.png,Infiltration,0.1901171807103259,0.00282478
00006851_033.png,Infiltration,0.37281641565341567,0.00272369
00006851_033.png,Infiltration,0.0,0.00253296
00006851_033.png,Cardiomegaly,0.0,0.00250244
00006851_033.png,Effusion,0.0,0.00198174
00006851_033.png,Atelectasis,0.04708043518308675,0.00187111
00006851_033.png,Infiltration,0.0,0.00174522
00006851_033.png,Infiltration,0.11123349728636459,0.00170898
00006851_033.png,Effusion,0.0,0.0016861
00006851_033.png,Cardiomegaly,0.0726556780910896,0.00158596
00006851_033.png,Infiltration,0.0,0.00156784
00006851_033.png,Infiltration,0.0,0.00151825
00006851_033.png,Cardiomegaly,0.36158319261589267,0.00150776
00006851_033.png,Effusion,0.0,0.0014019
00006851_033.png,Cardiomegaly,0.0,0.00137424
00006851_033.png,Cardiomegaly,0.0,0.00133419
00006851_033.png,Infiltration,0.6313591191008612,0.00130844
00006851_033.png,Cardiomegaly,0.0,0.0012207
00006851_033.png,Infiltration,0.0,0.00121403
00006851_033.png,Mass,0.0,0.00118828
00006851_033.png,Cardiomegaly,0.0,0.00109577
00006851_033.png,Atelectasis,0.0,0.00108051
00006851_033.png,Mass,0.5379907352944254,0.00102615
00006851_033.png,Infiltration,0.0,0.00100327
00016587_069.png,Effusion,0.0,0.310547
00016587_069.png,Effusion,0.8009482001091491,0.112244
00016587_069.png,Infiltration,0.0,0.0606384
00016587_069.png,Infiltration,0.0,0.0281067
00016587_069.png,Infiltration,0.0,0.0236359
00016587_069.png,Infiltration,0.0,0.0210724
00016587_069.png,Infiltration,0.0,0.017395
00016587_069.png,Effusion,0.0,0.010704
00016587_069.png,Infiltration,0.0,0.0106277
00016587_069.png,Infiltration,0.0,0.0101929
00016587_069.png,Infiltration,0.0,0.00833893
00016587_069.png,Infiltration,0.0,0.00750351
00016587_069.png,Effusion,0.0,0.00618744
00016587_069.png,Infiltration,0.0,0.00570679
00016587_069.png,Effusion,0.0,0.00562668
00016587_069.png,Infiltration,0.0,0.00510025
00016587_069.png,Mass,0.0,0.00494003
00016587_069.png,Atelectasis,0.004659098566473179,0.00479126
00016587_069.png,Effusion,0.0,0.00460434
00016587_069.png,Infiltration,0.0,0.00440979
00016587_069.png,Effusion,0.0,0.00420761
00016587_069.png,Effusion,0.0,0.00401306
00016587_069.png,Atelectasis,0.003918052032902356,0.00344086
00016587_069.png,Effusion,0.0,0.00340652
00016587_069.png,Infiltration,0.0,0.00337219
00016587_069.png,Infiltration,0.0,0.00296974
00016587_069.png,Effusion,0.008967767218032528,0.00274277
00016587_069.png,Cardiomegaly,0.0,0.00236702
00016587_069.png,Cardiomegaly,0.0,0.00226974
00016587_069.png,Effusion,0.0,0.00216866
00016587_069.png,Infiltration,0.0,0.00210571
00016587_069.png,Infiltration,0.002182270691144927,0.00208855
00016587_069.png,Effusion,0.5680945953241561,0.00188541
00016587_069.png,Effusion,0.0,0.00151157
00016587_069.png,Infiltration,0.0,0.00147629
00016587_069.png,Mass,0.0,0.00135326
00016587_069.png,Infiltration,0.0,0.00134277
00016587_069.png,Infiltration,0.0,0.0013237
00016587_069.png,Effusion,0.0,0.00132179
00016587_069.png,Infiltration,0.0,0.00126839
00016587_069.png,Infiltration,0.0,0.00125885
00016587_069.png,Infiltration,0.0,0.00119686
00016587_069.png,Infiltration,0.0,0.00110245
00016587_069.png,Effusion,0.0,0.00109005
00016587_069.png,Infiltration,0.0,0.00104713
00016587_069.png,Effusion,0.0,0.00102139
00000740_000.png,Atelectasis,0.7857988303177545,0.3396
00000740_000.png,Infiltration,0.029477594121553718,0.287598
00000740_000.png,Infiltration,0.04787412745024478,0.0272827
00000740_000.png,Effusion,0.013546685544786132,0.0255432
00000740_000.png,Cardiomegaly,0.0,0.0224762
00000740_000.png,Infiltration,0.07230234850085146,0.0114059
00000740_000.png,Infiltration,0.7185982172956065,0.00716782
00000740_000.png,Cardiomegaly,0.10546657027695425,0.00664902
00000740_000.png,Atelectasis,0.49421717860127046,0.00650024
00000740_000.png,Cardiomegaly,0.0,0.00595093
00000740_000.png,Cardiomegaly,0.03887883990114058,0.00583649
00000740_000.png,Effusion,0.0026875333546749584,0.00477982
00000740_000.png,Infiltration,0.49421717860127046,0.00401688
00000740_000.png,Infiltration,0.03228464870122191,0.00370407
00000740_000.png,Cardiomegaly,0.0,0.00331879
00000740_000.png,Infiltration,0.004285769861775841,0.00316811
00000740_000.png,Infiltration,0.18314406761781424,0.00306511
00000740_000.png,Infiltration,0.3225668302037985,0.00291634
00000740_000.png,Effusion,0.7411812113163375,0.00259972
00000740_000.png,Infiltration,0.06560095527207582,0.00251579
00000740_000.png,Infiltration,0.2378660022880915,0.00188446
00000740_000.png,Cardiomegaly,0.013765524460237674,0.00185204
00000740_000.png,Mass,0.7411812113163375,0.00169373
00000740_000.png,Effusion,0.0,0.00159168
00000740_000.png,Cardiomegaly,0.0,0.00147438
00000740_000.png,Cardiomegaly,0.027472282733497617,0.00140095
00000740_000.png,Cardiomegaly,0.7411812113163375,0.00129986
00000740_000.png,Infiltration,0.48715370432612004,0.00123978
00000740_000.png,Cardiomegaly,0.0,0.00118637
00000740_000.png,Pneumonia,0.7411812113163375,0.00116634
00000740_000.png,Cardiomegaly,0.0,0.00115395
00000740_000.png,Mass,0.03539533349283983,0.00115299
00000740_000.png,Cardiomegaly,0.030393184867503878,0.00107861
00000740_000.png,Cardiomegaly,0.0,0.00106525
00000740_000.png,Infiltration,0.10346154183161449,0.00106335
00000740_000.png,Cardiomegaly,0.0,0.00103951
00027866_002.png,Infiltration,0.35928306408199606,0.0877686
00027866_002.png,Infiltration,0.1088122777504779,0.0598755
00027866_002.png,Atelectasis,0.59130134417879,0.0519104
00027866_002.png,Infiltration,0.1086807380923011,0.0464172
00027866_002.png,Infiltration,0.5872552078237305,0.0402832
00027866_002.png,Cardiomegaly,0.10278371660328492,0.0323486
00027866_002.png,Cardiomegaly,0.5872552078237305,0.0184174
00027866_002.png,Infiltration,0.0731642148839749,0.00965881
00027866_002.png,Cardiomegaly,0.18153875184592105,0.00902557
00027866_002.png,Infiltration,0.31351920566336383,0.0089035
00027866_002.png,Infiltration,0.16647656892568405,0.00596237
00027866_002.png,Cardiomegaly,0.15262823340989298,0.00532913
00027866_002.png,Cardiomegaly,0.12702590668750352,0.00476837
00027866_002.png,Infiltration,0.5832407884950319,0.00455475
00027866_002.png,Effusion,0.0,0.00435638
00027866_002.png,Cardiomegaly,0.11369533871636144,0.00380516
00027866_002.png,Infiltration,0.09479381654381666,0.00360298
00027866_002.png,Cardiomegaly,0.09777834289746479,0.00357056
00027866_002.png,Infiltration,0.21213733366386614,0.00343895
00027866_002.png,Effusion,0.031182187898443854,0.00296021
00027866_002.png,Cardiomegaly,0.11072833794178806,0.00234985
00027866_002.png,Cardiomegaly,0.15599055780615395,0.00232506
00027866_002.png,Infiltration,0.7564216726011311,0.00228691
00027866_002.png,Mass,0.0,0.00215721
00027866_002.png,Infiltration,0.12367249933480248,0.0020771
00027866_002.png,Cardiomegaly,0.10460991086199739,0.00198174
00027866_002.png,Cardiomegaly,0.11013037884735909,0.00194454
00027866_002.png,Infiltration,0.48005534579764075,0.00181675
00027866_002.png,Effusion,0.148274587668793,0.00162792
00027866_002.png,Mass,0.0,0.00162125
00027866_002.png,Cardiomegaly,0.25606548206000396,0.00151253
00027866_002.png,Cardiomegaly,0.13213820937519843,0.00142956
00027866_002.png,Infiltration,0.11072833794178806,0.00140285
00027866_002.png,Cardiomegaly,0.16647656892568405,0.00135136
00027866_002.png,Mass,0.0,0.00131989
00027866_002.png,Cardiomegaly,0.02527060075992324,0.00123882
00027866_002.png,Cardiomegaly,0.0071561597814729415,0.00119591
00027866_002.png,Infiltration,0.0,0.00115299
00027866_002.png,Cardiomegaly,0.1501390485502401,0.00110245
00027866_002.png,Infiltration,0.25606548206000396,0.00109673
00027866_002.png,Cardiomegaly,0.0,0.00108528
00027866_002.png,Infiltration,0.18153875184592105,0.00105762
00027866_002.png,Cardiomegaly,0.08722170202354258,0.00105
00027866_002.png,Atelectasis,0.3961934808351213,0.00104046
00027866_002.png,Infiltration,0.1064990352056249,0.00103092
00027866_002.png,Cardiomegaly,0.052146003849608415,0.00102043
00027464_033.png,Atelectasis,0.8037595622768418,0.448242
00027464_033.png,Infiltration,0.107552128326295,0.27124
00027464_033.png,Cardiomegaly,0.06327425681837291,0.138672
00027464_033.png,Effusion,0.03735843333437878,0.0430908
00027464_033.png,Effusion,0.012145624231592463,0.031311
00027464_033.png,Effusion,0.0023865376183128196,0.0168304
00027464_033.png,Infiltration,0.0,0.0164337
00027464_033.png,Atelectasis,0.5498789326103293,0.0157318
00027464_033.png,Infiltration,0.1081681458195799,0.0151138
00027464_033.png,Infiltration,0.0,0.0132141
00027464_033.png,Mass,0.0,0.00687027
00027464_033.png,Infiltration,0.0,0.00600052
00027464_033.png,Infiltration,0.1213999762767534,0.00499725
00027464_033.png,Cardiomegaly,0.10322372676837686,0.00484848
00027464_033.png,Infiltration,0.0,0.00421143
00027464_033.png,Cardiomegaly,0.029759917772846516,0.00420761
00027464_033.png,Infiltration,0.13199258915400494,0.00377274
00027464_033.png,Infiltration,0.8253037800899046,0.00340652
00027464_033.png,Effusion,0.8253037800899046,0.00297356
00027464_033.png,Infiltration,0.14561312587061284,0.00287247
00027464_033.png,Infiltration,0.0,0.00225067
00027464_033.png,Effusion,0.006337259112063881,0.00207138
00027464_033.png,Infiltration,0.0,0.00204086
00027464_033.png,Infiltration,0.0456949277626886,0.00182343
00027464_033.png,Effusion,0.0,0.00174713
00027464_033.png,Mass,0.8253037800899046,0.00166988
00027464_033.png,Pneumonia,0.8253037800899046,0.00154591
00027464_033.png,Infiltration,0.0009946170932907325,0.00151062
00027464_033.png,Atelectasis,0.3584860668491143,0.00142097
00027464_033.png,Effusion,0.06278993253758987,0.00141239
00027464_033.png,Cardiomegaly,0.0,0.00140953
00027464_033.png,Infiltration,0.0,0.00138187
00027464_033.png,Effusion,0.1019099445674673,0.00136185
00027464_033.png,Cardiomegaly,0.7769228298663942,0.00135326
00027464_033.png,Edema,0.8253037800899046,0.00131798
00027464_033.png,Cardiomegaly,0.20007780685098778,0.00129414
00027464_033.png,Nodule,0.8253037800899046,0.00121593
00027464_033.png,Fibrosis,0.8253037800899046,0.00112534
00027464_033.png,Atelectasis,0.07713022089602481,0.0011158
00027464_033.png,Pleural_Thickening,0.8253037800899046,0.00106525
00027464_033.png,Atelectasis,0.10322372676837686,0.00100613
00000049_002.png,Effusion,0.0,0.194702
00000049_002.png,Mass,0.0,0.142578
00000049_002.png,Mass,0.0,0.130615
00000049_002.png,Infiltration,0.0,0.0628662
00000049_002.png,Mass,0.0,0.0429382
00000049_002.png,Cardiomegaly,0.0,0.0282593
00000049_002.png,Mass,0.0,0.0279694
00000049_002.png,Infiltration,0.0,0.022522
00000049_002.png,Effusion,0.0,0.0219574
00000049_002.png,Atelectasis,0.0,0.0181885
00000049_002.png,Infiltration,0.0,0.0162659
00000049_002.png,Effusion,0.0,0.00856018
00000049_002.png,Mass,0.0,0.00845337
00000049_002.png,Mass,0.0,0.00810242
00000049_002.png,Mass,0.0,0.00704956
00000049_002.png,Effusion,0.0,0.0063324
00000049_002.png,Cardiomegaly,0.0,0.00583649
00000049_002.png,Mass,0.0,0.00546265
00000049_002.png,Cardiomegaly,0.0,0.00533295
00000049_002.png,Infiltration,0.0,0.00531769
00000049_002.png,Cardiomegaly,0.0,0.00517654
00000049_002.png,Infiltration,0.0,0.00463867
00000049_002.png,Effusion,0.0,0.00461578
00000049_002.png,Cardiomegaly,0.0,0.00430679
00000049_002.png,Effusion,0.0,0.00417328
00000049_002.png,Cardiomegaly,0.0,0.00408936
00000049_002.png,Cardiomegaly,0.0,0.00367546
00000049_002.png,Effusion,0.0,0.0035553
00000049_002.png,Cardiomegaly,0.0,0.00337219
00000049_002.png,Cardiomegaly,0.0,0.00333595
00000049_002.png,Effusion,0.0,0.00276947
00000049_002.png,Mass,0.0,0.00250626
00000049_002.png,Infiltration,0.0,0.00235367
00000049_002.png,Effusion,0.0,0.0021801
00000049_002.png,Cardiomegaly,0.0,0.00206375
00000049_002.png,Infiltration,0.0,0.00205803
00000049_002.png,Infiltration,0.0,0.00196838
00000049_002.png,Mass,0.0,0.00184441
00000049_002.png,Cardiomegaly,0.0,0.00180912
00000049_002.png,Mass,0.0,0.00172138
00000049_002.png,Cardiomegaly,0.0,0.00165844
00000049_002.png,Infiltration,0.0,0.00165558
00000049_002.png,Cardiomegaly,0.0,0.00163937
00000049_002.png,Effusion,0.0,0.00148582
00000049_002.png,Infiltration,0.0,0.00141239
00000049_002.png,Mass,0.0,0.00137711
00000049_002.png,Effusion,0.0,0.00136375
00000049_002.png,Infiltration,0.0,0.0013628
00000049_002.png,Infiltration,0.0,0.00135994
00000049_002.png,Cardiomegaly,0.0,0.00130844
00000049_002.png,Infiltration,0.0,0.0012846
00000049_002.png,Mass,0.0,0.00128365
00000049_002.png,Infiltration,0.0,0.00127888
00000049_002.png,Infiltration,0.0,0.00125504
00000049_002.png,Effusion,0.0,0.00123692
00000049_002.png,Cardiomegaly,0.0,0.00121307
00000049_002.png,Cardiomegaly,0.0,0.00113392
00000049_002.png,Cardiomegaly,0.0,0.0011282
00000049_002.png,Mass,0.0,0.00103283
00000049_002.png,Cardiomegaly,0.0,0.00102234
00025228_005.png,Infiltration,0.0,0.0919189
00025228_005.png,Cardiomegaly,0.3163585474131754,0.0889282
00025228_005.png,Effusion,0.0,0.0568237
00025228_005.png,Cardiomegaly,0.3329319501218202,0.0437012
00025228_005.png,Effusion,0.0,0.0342712
00025228_005.png,Cardiomegaly,0.43489671180034317,0.0169525
00025228_005.png,Effusion,0.0,0.0161133
00025228_005.png,Cardiomegaly,0.24302422863942752,0.0137863
00025228_005.png,Infiltration,0.0,0.00948334
00025228_005.png,Cardiomegaly,0.3301702764785056,0.00734329
00025228_005.png,Infiltration,0.2983344661438942,0.00718689
00025228_005.png,Effusion,0.0,0.00699234
00025228_005.png,Atelectasis,0.295545312545268,0.00693512
00025228_005.png,Infiltration,0.537409868273595,0.00600052
00025228_005.png,Infiltration,0.49228595951324905,0.00574112
00025228_005.png,Cardiomegaly,0.537409868273595,0.00563049
00025228_005.png,Effusion,0.011926217279082055,0.00533295
00025228_005.png,Effusion,0.0,0.00335693
00025228_005.png,Effusion,0.0,0.00316811
00025228_005.png,Effusion,0.0,0.00307083
00025228_005.png,Cardiomegaly,0.0,0.00299644
00025228_005.png,Cardiomegaly,0.19423354573276838,0.00296974
00025228_005.png,Infiltration,0.16247431023986572,0.00274277
00025228_005.png,Cardiomegaly,0.4213692997521873,0.0026741
00025228_005.png,Cardiomegaly,0.291399476398475,0.00265121
00025228_005.png,Effusion,0.0,0.00262642
00025228_005.png,Infiltration,0.6482424761461236,0.00245476
00025228_005.png,Cardiomegaly,0.0,0.00240135
00025228_005.png,Infiltration,0.0,0.00226212
00025228_005.png,Effusion,0.0,0.00205994
00025228_005.png,Atelectasis,0.44394866810031813,0.00200653
00025228_005.png,Cardiomegaly,0.15249552869028876,0.00196457
00025228_005.png,Cardiomegaly,0.0,0.00180149
00025228_005.png,Cardiomegaly,0.17847972046622562,0.00167561
00025228_005.png,Infiltration,0.43489671180034317,0.00153828
00025228_005.png,Effusion,0.0,0.00152302
00025228_005.png,Effusion,0.0,0.00149345
00025228_005.png,Infiltration,0.4055301990882805,0.0014658
00025228_005.png,Infiltration,0.32023595880406935,0.00143719
00025228_005.png,Effusion,0.0,0.00139427
00025228_005.png,Infiltration,0.060955239208031795,0.00138474
00025228_005.png,Infiltration,0.3097424334272618,0.00137711
00025228_005.png,Effusion,0.0,0.00136566
00025228_005.png,Infiltration,0.0,0.00135517
00025228_005.png,Cardiomegaly,0.4209934272415401,0.00126553
00025228_005.png,Infiltration,0.0,0.00123882
00025228_005.png,Effusion,0.0,0.0012188
00025228_005.png,Mass,0.0,0.00121021
00025228_005.png,Cardiomegaly,0.44394866810031813,0.0011549
00025228_005.png,Cardiomegaly,0.37225972225994236,0.00112915
00025228_005.png,Atelectasis,0.43489671180034317,0.00112152
00025228_005.png,Effusion,0.0,0.00111294
00025228_005.png,Cardiomegaly,0.23848338265912533,0.00106525
00025228_005.png,Infiltration,0.0,0.00102139
00025228_005.png,Effusion,0.020229724526510222,0.00101089
00023176_010.png,Infiltration,0.11381560346628317,0.0576172
00023176_010.png,Cardiomegaly,0.1473279277004562,0.0340271
00023176_010.png,Infiltration,0.36980898185529376,0.0241089
00023176_010.png,Cardiomegaly,0.13137876116231192,0.0200806
00023176_010.png,Infiltration,0.17761996999116622,0.0120239
00023176_010.png,Infiltration,0.12587135229406762,0.0113602
00023176_010.png,Mass,0.18505380038968786,0.0112762
00023176_010.png,Mass,0.0,0.0110245
00023176_010.png,Cardiomegaly,0.36980898185529376,0.00933075
00023176_010.png,Infiltration,0.13967972904984843,0.00888062
00023176_010.png,Infiltration,0.13078740425895752,0.00827789
00023176_010.png,Mass,0.12799463203769754,0.00622559
00023176_010.png,Infiltration,0.2053695426237242,0.00613403
00023176_010.png,Cardiomegaly,0.11920192402935358,0.005867
00023176_010.png,Effusion,0.0,0.0043335
00023176_010.png,Infiltration,0.11063585019360053,0.00424576
00023176_010.png,Infiltration,0.09146702278599195,0.00424194
00023176_010.png,Infiltration,0.22747673268192226,0.00383377
00023176_010.png,Infiltration,0.14143079867397176,0.00382614
00023176_010.png,Cardiomegaly,0.03207856175597662,0.00344849
00023176_010.png,Infiltration,0.22759479662696094,0.00334549
00023176_010.png,Mass,0.14152735620932283,0.00314522
00023176_010.png,Effusion,0.08165327205668588,0.00302124
00023176_010.png,Infiltration,0.26666562137794275,0.00300598
00023176_010.png,Cardiomegaly,0.0366280553122995,0.00297737
00023176_010.png,Cardiomegaly,0.22759479662696094,0.00270271
00023176_010.png,Mass,0.0,0.0026474
00023176_010.png,Infiltration,0.5555010499339996,0.00246048
00023176_010.png,Cardiomegaly,0.12829705196077243,0.00238419
00023176_010.png,Infiltration,0.09933504238342142,0.00235558
00023176_010.png,Infiltration,0.18776847755636605,0.00224686
00023176_010.png,Effusion,0.11376432138775143,0.00218582
00023176_010.png,Infiltration,0.10924308768851877,0.00212097
00023176_010.png,Infiltration,0.0931882001670676,0.00209618
00023176_010.png,Infiltration,0.12606647406282637,0.00204849
00023176_010.png,Mass,0.17427717347575084,0.00201988
00023176_010.png,Cardiomegaly,0.1768789894758712,0.00199318
00023176_010.png,Infiltration,0.0,0.00196075
00023176_010.png,Cardiomegaly,0.1264262617255472,0.00193787
00023176_010.png,Mass,0.007555647640256119,0.00193214
00023176_010.png,Mass,0.0,0.00192738
00023176_010.png,Infiltration,0.11054093565891188,0.0018158
00023176_010.png,Cardiomegaly,0.022153314864068237,0.00175285
00023176_010.png,Mass,0.2053695426237242,0.00172138
00023176_010.png,Cardiomegaly,0.09913818506065135,0.00150299
00023176_010.png,Cardiomegaly,0.1027428902045582,0.00146675
00023176_010.png,Cardiomegaly,0.19895838723467563,0.0013895
00023176_010.png,Cardiomegaly,0.050061899008021764,0.00132179
00023176_010.png,Mass,0.020917088964134696,0.00129318
00023176_010.png,Infiltration,0.3734917393148264,0.00126553
00023176_010.png,Cardiomegaly,0.0884682960830798,0.00119591
00023176_010.png,Infiltration,0.12934994028157862,0.00110054
00023176_010.png,Effusion,0.0,0.00106144
00023176_010.png,Cardiomegaly,0.0,0.00105286
00023176_010.png,Cardiomegaly,0.07605500560178297,0.00102711
00015058_024.png,Cardiomegaly,0.43365771341332643,0.104736
00015058_024.png,Atelectasis,0.06818390591270831,0.0897217
00015058_024.png,Cardiomegaly,0.0,0.0615234
00015058_024.png,Cardiomegaly,0.0,0.0603943
00015058_024.png,Infiltration,0.0,0.0463562
00015058_024.png,Cardiomegaly,0.0,0.0347595
00015058_024.png,Cardiomegaly,0.1282109941004359,0.0316162
00015058_024.png,Cardiomegaly,0.16814506328124135,0.0315857
00015058_024.png,Effusion,0.0,0.0253754
00015058_024.png,Cardiomegaly,0.1415524659528868,0.0151672
00015058_024.png,Cardiomegaly,0.0,0.0142059
00015058_024.png,Infiltration,0.0,0.0138702
00015058_024.png,Infiltration,0.0,0.0125046
00015058_024.png,Effusion,0.0,0.0117111
00015058_024.png,Infiltration,0.1282109941004359,0.0100861
00015058_024.png,Cardiomegaly,0.0,0.00920105
00015058_024.png,Cardiomegaly,0.0,0.00887299
00015058_024.png,Cardiomegaly,0.0,0.00801086
00015058_024.png,Cardiomegaly,0.28685983435714024,0.00654984
00015058_024.png,Cardiomegaly,0.0,0.00629807
00015058_024.png,Cardiomegaly,0.0,0.00592804
00015058_024.png,Cardiomegaly,0.3007550876282845,0.00525284
00015058_024.png,Infiltration,0.0,0.00489807
00015058_024.png,Cardiomegaly,0.0,0.0039711
00015058_024.png,Atelectasis,0.020217800530494663,0.00363731
00015058_024.png,Infiltration,0.0,0.0035038
00015058_024.png,Infiltration,0.06113354454505558,0.00346375
00015058_024.png,Infiltration,0.0,0.0031395
00015058_024.png,Cardiomegaly,0.0,0.00310516
00015058_024.png,Infiltration,0.0,0.00308037
00015058_024.png,Effusion,0.0,0.00292778
00015058_024.png,Infiltration,0.0,0.00288391
00015058_024.png,Infiltration,0.26101559791900075,0.0028553
00015058_024.png,Cardiomegaly,0.6837889933252426,0.00276566
00015058_024.png,Cardiomegaly,0.3121294963968763,0.00236893
00015058_024.png,Infiltration,0.0,0.0023632
00015058_024.png,Infiltration,0.0,0.00223732
00015058_024.png,Cardiomegaly,0.0,0.00222015
00015058_024.png,Effusion,0.0,0.00208092
00015058_024.png,Infiltration,0.0,0.00204849
00015058_024.png,Infiltration,0.14596857379957534,0.00197411
00015058_024.png,Cardiomegaly,0.25634278842697356,0.00195503
00015058_024.png,Infiltration,0.35657129838597384,0.0019455
00015058_024.png,Cardiomegaly,0.0,0.00190639
00015058_024.png,Effusion,0.0,0.00179005
00015058_024.png,Cardiomegaly,0.49219316929136936,0.00174332
00015058_024.png,Effusion,0.0,0.00172901
00015058_024.png,Cardiomegaly,0.0,0.00168324
00015058_024.png,Effusion,0.0,0.00161839
00015058_024.png,Cardiomegaly,0.0,0.00155163
00015058_024.png,Cardiomegaly,0.1022982314631781,0.00151062
00015058_024.png,Atelectasis,0.1476221446487143,0.00148869
00015058_024.png,Cardiomegaly,0.0,0.00138092
00015058_024.png,Cardiomegaly,0.09740945025311554,0.00137043
00015058_024.png,Cardiomegaly,0.220548691256052,0.00135517
00015058_024.png,Mass,0.0,0.00134373
00015058_024.png,Cardiomegaly,0.10344466825017021,0.00129414
00015058_024.png,Cardiomegaly,0.0,0.00129032
00015058_024.png,Infiltration,0.0,0.00124168
00015058_024.png,Cardiomegaly,0.2820244018611997,0.00121117
00015058_024.png,Effusion,0.06665572746200085,0.0011816
00015058_024.png,Cardiomegaly,0.0,0.00116253
00015058_024.png,Infiltration,0.06818390591270831,0.00109673
00015058_024.png,Effusion,0.0,0.00107861
00015058_024.png,Cardiomegaly,0.06113354454505558,0.00105572
00015058_024.png,Infiltration,0.0,0.00102425
00015831_008.png,Infiltration,0.0,0.0774536
00015831_008.png,Infiltration,0.0,0.0594177
00015831_008.png,Mass,0.0,0.0574341
00015831_008.png,Infiltration,0.0,0.0381775
00015831_008.png,Infiltration,0.5765790501860586,0.0345764
00015831_008.png,Mass,0.0,0.0328979
00015831_008.png,Infiltration,0.0,0.0295258
00015831_008.png,Effusion,0.0,0.020813
00015831_008.png,Infiltration,0.14423904177658975,0.0197144
00015831_008.png,Effusion,0.0,0.0187073
00015831_008.png,Infiltration,0.4071314897669059,0.0138397
00015831_008.png,Effusion,0.0,0.0137177
00015831_008.png,Mass,0.0,0.012085
00015831_008.png,Mass,0.0,0.00808716
00015831_008.png,Effusion,0.11614087028564477,0.0080719
00015831_008.png,Effusion,0.0,0.00791168
00015831_008.png,Infiltration,0.0,0.00608826
00015831_008.png,Effusion,0.0,0.00589371
00015831_008.png,Infiltration,0.2633602361560368,0.00550842
00015831_008.png,Infiltration,0.0,0.0054245
00015831_008.png,Effusion,0.03031923576717509,0.0052681
00015831_008.png,Infiltration,0.0,0.00494003
00015831_008.png,Infiltration,0.7534112374559945,0.0045166
00015831_008.png,Infiltration,0.0,0.00424576
00015831_008.png,Infiltration,0.0,0.00424576
00015831_008.png,Infiltration,0.0,0.00416946
00015831_008.png,Infiltration,0.06227384455573099,0.00407791
00015831_008.png,Effusion,0.09513016047211682,0.00375938
00015831_008.png,Cardiomegaly,0.0,0.00354576
00015831_008.png,Cardiomegaly,0.0,0.00337219
00015831_008.png,Infiltration,0.0,0.00309753
00015831_008.png,Infiltration,0.0,0.0030899
00015831_008.png,Infiltration,0.0,0.0030117
00015831_008.png,Infiltration,0.0,0.00296593
00015831_008.png,Infiltration,0.0,0.00287056
00015831_008.png,Infiltration,0.1544472332611301,0.00266647
00015831_008.png,Mass,0.0,0.00265312
00015831_008.png,Effusion,0.15222672218334982,0.0024662
00015831_008.png,Effusion,0.0,0.00227547
00015831_008.png,Infiltration,0.47644252111398977,0.00223923
00015831_008.png,Effusion,0.0,0.00220299
00015831_008.png,Effusion,0.0,0.00218391
00015831_008.png,Effusion,0.0,0.00200272
00015831_008.png,Mass,0.0,0.00190544
00015831_008.png,Effusion,0.0,0.00187302
00015831_008.png,Infiltration,0.1445625712730643,0.00175381
00015831_008.png,Effusion,0.0,0.00172234
00015831_008.png,Cardiomegaly,0.16113774911811904,0.00168991
00015831_008.png,Infiltration,0.0,0.00166416
00015831_008.png,Infiltration,0.0,0.00161648
00015831_008.png,Infiltration,0.0,0.00161362
00015831_008.png,Infiltration,0.33063875848755675,0.00158024
00015831_008.png,Infiltration,0.0,0.00156403
00015831_008.png,Effusion,0.0720984353746269,0.00152206
00015831_008.png,Infiltration,0.2593690770218964,0.00147915
00015831_008.png,Infiltration,0.0,0.00147152
00015831_008.png,Effusion,0.0,0.00145054
00015831_008.png,Effusion,0.0,0.00126457
00015831_008.png,Infiltration,0.0,0.00125122
00015831_008.png,Effusion,0.10184495276501951,0.00119019
00015831_008.png,Effusion,0.0,0.00112247
00015831_008.png,Infiltration,0.1825506144906097,0.00109673
00015831_008.png,Effusion,0.0,0.0010519
00015831_008.png,Effusion,0.0,0.00105
00015831_008.png,Infiltration,0.0,0.00103092
00015831_008.png,Infiltration,0.0,0.00102425
00023068_003.png,Atelectasis,0.0,0.466797
00023068_003.png,Mass,0.0,0.0766602
00023068_003.png,Effusion,0.6830539314738961,0.0319519
00023068_003.png,Infiltration,0.0,0.0276947
00023068_003.png,Effusion,0.0,0.0216675
00023068_003.png,Infiltration,0.0,0.00849915
00023068_003.png,Effusion,0.0,0.00791168
00023068_003.png,Cardiomegaly,0.007259870113997176,0.00775146
00023068_003.png,Cardiomegaly,0.0,0.00710678
00023068_003.png,Effusion,0.0,0.0043869
00023068_003.png,Cardiomegaly,0.0,0.00402069
00023068_003.png,Mass,0.0,0.00400543
00023068_003.png,Effusion,0.0,0.00382233
00023068_003.png,Infiltration,0.0,0.00333214
00023068_003.png,Infiltration,0.0,0.00328636
00023068_003.png,Mass,0.0,0.00296593
00023068_003.png,Infiltration,0.002929766534672811,0.00280571
00023068_003.png,Mass,0.0,0.0024395
00023068_003.png,Effusion,0.0,0.00240326
00023068_003.png,Mass,0.0,0.00223732
00023068_003.png,Infiltration,0.0,0.0021801
00023068_003.png,Mass,0.0,0.0021801
00023068_003.png,Effusion,0.0,0.00203323
00023068_003.png,Infiltration,0.0,0.00190163
00023068_003.png,Mass,0.0,0.00181293
00023068_003.png,Pneumonia,0.0,0.00169945
00023068_003.png,Mass,0.0,0.00166035
00023068_003.png,Cardiomegaly,0.0,0.00166035
00023068_003.png,Infiltration,0.0,0.00165367
00023068_003.png,Mass,0.0,0.00163555
00023068_003.png,Mass,0.0,0.00156403
00023068_003.png,Mass,0.0,0.00153542
00023068_003.png,Effusion,0.0,0.00150013
00023068_003.png,Mass,0.0,0.00139523
00023068_003.png,Mass,0.0,0.00139427
00023068_003.png,Infiltration,0.0,0.0013876
00023068_003.png,Nodule,0.0,0.00136852
00023068_003.png,Mass,0.0,0.00136375
00023068_003.png,Infiltration,0.0,0.00135612
00023068_003.png,Infiltration,0.0,0.00130653
00023068_003.png,Edema,0.0,0.00130081
00023068_003.png,Pneumothorax,0.0,0.00127602
00023068_003.png,Fibrosis,0.0,0.00125217
00023068_003.png,Infiltration,0.03239540759212175,0.00122356
00023068_003.png,Pleural_Thickening,0.0,0.00119495
00023068_003.png,Infiltration,0.0,0.00118446
00023068_003.png,Emphysema,0.0,0.00117207
00023068_003.png,Hernia,0.0,0.00114059
00023068_003.png,Effusion,0.0,0.00113106
00023068_003.png,Infiltration,0.0,0.00111866
00023068_003.png,Mass,0.0,0.00109673
00000050_001.png,Infiltration,0.0,0.192871
00000050_001.png,Effusion,0.0,0.109192
00000050_001.png,Infiltration,0.0,0.0687256
00000050_001.png,Effusion,0.0,0.0205841
00000050_001.png,Infiltration,0.0,0.0111008
00000050_001.png,Effusion,0.0,0.0110245
00000050_001.png,Mass,0.0,0.00977325
00000050_001.png,Effusion,0.0,0.00971222
00000050_001.png,Infiltration,0.0,0.00850677
00000050_001.png,Cardiomegaly,0.0,0.00843048
00000050_001.png,Effusion,0.0,0.00608063
00000050_001.png,Effusion,0.0,0.00571442
00000050_001.png,Effusion,0.0,0.00564575
00000050_001.png,Atelectasis,0.0,0.00487137
00000050_001.png,Effusion,0.0,0.00418854
00000050_001.png,Atelectasis,0.0,0.00313759
00000050_001.png,Effusion,0.0,0.00262642
00000050_001.png,Effusion,0.0,0.00261307
00000050_001.png,Cardiomegaly,0.0,0.0025444
00000050_001.png,Cardiomegaly,0.0,0.00173759
00000050_001.png,Infiltration,0.0,0.0016346
00000050_001.png,Infiltration,0.0,0.00151253
00000050_001.png,Effusion,0.0,0.00148392
00000050_001.png,Atelectasis,0.0,0.00143719
00000050_001.png,Mass,0.0,0.00138855
00000050_001.png,Infiltration,0.0,0.00128174
00000050_001.png,Cardiomegaly,0.0,0.0012722
00000050_001.png,Effusion,0.0,0.00121212
00000050_001.png,Infiltration,0.0,0.00118542
00000050_001.png,Atelectasis,0.0,0.00114822
00000050_001.png,Effusion,0.0,0.00112724
00000050_001.png,Mass,0.0,0.00111008
00011925_072.png,Effusion,0.5011919398608801,0.446045
00011925_072.png,Effusion,0.6365918754801555,0.141724
00011925_072.png,Infiltration,0.0018342266633801175,0.0791626
00011925_072.png,Cardiomegaly,0.0,0.0471191
00011925_072.png,Atelectasis,0.07739429255752736,0.0367432
00011925_072.png,Infiltration,0.02182603835472852,0.0357971
00011925_072.png,Cardiomegaly,0.006845426319194719,0.0316162
00011925_072.png,Cardiomegaly,0.13734446832954547,0.0228729
00011925_072.png,Infiltration,0.0,0.0227509
00011925_072.png,Cardiomegaly,0.0,0.0213318
00011925_072.png,Infiltration,0.097428657854021,0.0197144
00011925_072.png,Cardiomegaly,0.007473638356396905,0.0132599
00011925_072.png,Effusion,0.34892897354218644,0.0131989
00011925_072.png,Cardiomegaly,0.5080928426207436,0.011261
00011925_072.png,Effusion,0.097428657854021,0.00632477
00011925_072.png,Cardiomegaly,0.0,0.00627899
00011925_072.png,Infiltration,0.12265067354083382,0.00616455
00011925_072.png,Infiltration,0.008559051991262655,0.00606918
00011925_072.png,Infiltration,0.006812363921477615,0.00585938
00011925_072.png,Atelectasis,0.08519729315725962,0.00582123
00011925_072.png,Cardiomegaly,0.24873005523410896,0.00580978
00011925_072.png,Mass,0.5080928426207436,0.00570679
00011925_072.png,Cardiomegaly,0.07840077662065059,0.00553894
00011925_072.png,Infiltration,0.1802224071492761,0.00517273
00011925_072.png,Cardiomegaly,0.0,0.00470734
00011925_072.png,Atelectasis,0.5080928426207436,0.00454712
00011925_072.png,Cardiomegaly,0.0,0.00442886
00011925_072.png,Effusion,0.6605045168311564,0.00430679
00011925_072.png,Cardiomegaly,0.0,0.00405884
00011925_072.png,Cardiomegaly,0.0,0.00403976
00011925_072.png,Infiltration,0.1127874059574292,0.00318718
00011925_072.png,Infiltration,0.0,0.00276947
00011925_072.png,Cardiomegaly,0.01278766672293218,0.00276566
00011925_072.png,Infiltration,0.0,0.00252914
00011925_072.png,Cardiomegaly,0.41990491644715466,0.00234222
00011925_072.png,Infiltration,0.5080928426207436,0.0023098
00011925_072.png,Infiltration,0.1349249202396618,0.00224686
00011925_072.png,Infiltration,0.06430861526476211,0.00205994
00011925_072.png,Cardiomegaly,0.0,0.00191975
00011925_072.png,Infiltration,0.16300108203077254,0.0019083
00011925_072.png,Atelectasis,0.04527829720193878,0.00169849
00011925_072.png,Atelectasis,0.0,0.00169182
00011925_072.png,Infiltration,0.0,0.00164986
00011925_072.png,Effusion,0.21393119049479817,0.00161934
00011925_072.png,Infiltration,0.0,0.00159359
00011925_072.png,Infiltration,0.24057368130234896,0.00159168
00011925_072.png,Effusion,0.13905488348773362,0.00156498
00011925_072.png,Effusion,0.0,0.00155354
00011925_072.png,Cardiomegaly,0.10092137975901458,0.00155067
00011925_072.png,Cardiomegaly,0.02182603835472852,0.00152206
00011925_072.png,Cardiomegaly,0.45693406130158504,0.00145912
00011925_072.png,Effusion,0.2605354719808815,0.001441
00011925_072.png,Infiltration,0.08877186507051353,0.0014019
00011925_072.png,Infiltration,0.568455563376144,0.00138474
00011925_072.png,Cardiomegaly,0.0,0.00123405
00011925_072.png,Infiltration,0.10092137975901458,0.00120735
00011925_072.png,Effusion,0.20268782912842243,0.00118256
00011925_072.png,Infiltration,0.0,0.00114727
00011925_072.png,Effusion,0.12573625827012386,0.00114441
00011925_072.png,Infiltration,0.3708678161534477,0.00111961
00011925_072.png,Effusion,0.3708678161534477,0.00106621
00011925_072.png,Infiltration,0.03303644348946753,0.00106525
00011925_072.png,Cardiomegaly,0.12573625827012386,0.00103474
00017511_006.png,Atelectasis,0.8750866518945727,0.575195
00017511_006.png,Cardiomegaly,0.0,0.058136
00017511_006.png,Effusion,4.040202057234141e-05,0.032074
00017511_006.png,Effusion,0.0,0.0214081
00017511_006.png,Effusion,0.0,0.0104675
00017511_006.png,Effusion,0.0,0.00639725
00017511_006.png,Cardiomegaly,0.0,0.00564957
00017511_006.png,Mass,0.0,0.00538254
00017511_006.png,Infiltration,0.8915588747625379,0.00512695
00017511_006.png,Cardiomegaly,0.0,0.00503159
00017511_006.png,Infiltration,0.0,0.00495911
00017511_006.png,Effusion,0.8876208339494194,0.00469971
00017511_006.png,Cardiomegaly,0.0,0.00448608
00017511_006.png,Infiltration,0.16081053987400368,0.00306129
00017511_006.png,Atelectasis,0.35473434448041247,0.00281143
00017511_006.png,Pneumonia,0.8915588747625379,0.00271034
00017511_006.png,Mass,0.8876208339494194,0.00270462
00017511_006.png,Cardiomegaly,0.0,0.00264359
00017511_006.png,Infiltration,0.0,0.00249863
00017511_006.png,Cardiomegaly,0.0,0.00235367
00017511_006.png,Infiltration,0.05899724496636607,0.00204468
00017511_006.png,Cardiomegaly,0.0,0.00203896
00017511_006.png,Edema,0.8915588747625379,0.00199699
00017511_006.png,Emphysema,0.8915588747625379,0.00199699
00017511_006.png,Effusion,0.0,0.00184917
00017511_006.png,Effusion,0.0,0.00182819
00017511_006.png,Nodule,0.8915588747625379,0.00177097
00017511_006.png,Cardiomegaly,0.8915588747625379,0.00167179
00017511_006.png,Pleural_Thickening,0.8915588747625379,0.00158405
00017511_006.png,Effusion,0.0,0.00149441
00017511_006.png,Infiltration,0.047131772848767683,0.00149155
00017511_006.png,Infiltration,0.11695280176464283,0.00148582
00017511_006.png,Hernia,0.8915588747625379,0.00147152
00017511_006.png,Pneumothorax,0.8915588747625379,0.00136662
00017511_006.png,Fibrosis,0.8876208339494194,0.00134468
00017511_006.png,Infiltration,0.3431713859797842,0.00114727
00017511_006.png,Cardiomegaly,0.0,0.00112629
00017511_006.png,Consolidation,0.8915588747625379,0.00108242
00017511_006.png,Infiltration,0.3248465793211109,0.00106716
00017511_006.png,Atelectasis,0.6518727349558103,0.00106716
00017511_006.png,Cardiomegaly,0.0,0.00106239
00017511_006.png,Infiltration,0.0,0.00103378
00030408_013.png,Atelectasis,0.052049574110475415,0.615723
00030408_013.png,Infiltration,0.25497887270740927,0.246826
00030408_013.png,Infiltration,0.21229538800222914,0.0785522
00030408_013.png,Infiltration,0.0,0.0714111
00030408_013.png,Cardiomegaly,0.2201291031802091,0.0689697
00030408_013.png,Mass,0.0,0.0556335
00030408_013.png,Cardiomegaly,0.0,0.0534058
00030408_013.png,Infiltration,0.26223271430989303,0.0451355
00030408_013.png,Cardiomegaly,0.0,0.0239105
00030408_013.png,Cardiomegaly,0.16876936415721847,0.0225983
00030408_013.png,Cardiomegaly,0.2661655256243264,0.0220642
00030408_013.png,Effusion,0.0,0.0206146
00030408_013.png,Infiltration,0.23651807611091388,0.0193634
00030408_013.png,Cardiomegaly,0.0,0.0176544
00030408_013.png,Mass,0.0,0.0131989
00030408_013.png,Cardiomegaly,0.0,0.0125809
00030408_013.png,Infiltration,0.0,0.0113449
00030408_013.png,Infiltration,0.04952005487462239,0.00569916
00030408_013.png,Atelectasis,0.0,0.00513458
00030408_013.png,Mass,0.0,0.00507355
00030408_013.png,Infiltration,0.24357914823068036,0.00492859
00030408_013.png,Effusion,0.04952005487462239,0.00455856
00030408_013.png,Infiltration,0.0,0.00416946
00030408_013.png,Infiltration,0.0,0.00390244
00030408_013.png,Infiltration,0.0,0.00368118
00030408_013.png,Cardiomegaly,0.0,0.00346756
00030408_013.png,Mass,0.04952005487462239,0.00313187
00030408_013.png,Cardiomegaly,0.10913997850705873,0.00299072
00030408_013.png,Infiltration,0.0,0.00284195
00030408_013.png,Cardiomegaly,0.0,0.0028286
00030408_013.png,Infiltration,0.0,0.0027523
00030408_013.png,Infiltration,0.04148192003575593,0.00266838
00030408_013.png,Cardiomegaly,0.04952005487462239,0.00251198
00030408_013.png,Cardiomegaly,0.0,0.00250816
00030408_013.png,Effusion,0.0,0.00237656
00030408_013.png,Pneumonia,0.04952005487462239,0.0023365
00030408_013.png,Cardiomegaly,0.2354865044698692,0.00231743
00030408_013.png,Cardiomegaly,0.13622359513198992,0.00221062
00030408_013.png,Atelectasis,0.06112099678326469,0.0020771
00030408_013.png,Infiltration,0.0,0.00194168
00030408_013.png,Atelectasis,0.018941305384970637,0.00187492
00030408_013.png,Edema,0.04952005487462239,0.00179482
00030408_013.png,Cardiomegaly,0.23490919313532124,0.00166988
00030408_013.png,Pleural_Thickening,0.04952005487462239,0.00166702
00030408_013.png,Hernia,0.04952005487462239,0.00166702
00030408_013.png,Nodule,0.04952005487462239,0.00164127
00030408_013.png,Pneumothorax,0.04952005487462239,0.00164127
00030408_013.png,Mass,0.0,0.00162792
00030408_013.png,Infiltration,0.0,0.00162601
00030408_013.png,Mass,0.0,0.00161648
00030408_013.png,Emphysema,0.04952005487462239,0.00159168
00030408_013.png,Fibrosis,0.04952005487462239,0.00157928
00030408_013.png,Mass,0.0,0.00156689
00030408_013.png,Cardiomegaly,0.30920297793749063,0.00151062
00030408_013.png,Cardiomegaly,0.0,0.0014782
00030408_013.png,Cardiomegaly,0.05225853197091053,0.00139141
00030408_013.png,Cardiomegaly,0.0,0.00136375
00030408_013.png,Effusion,0.0,0.0013628
00030408_013.png,Infiltration,0.0,0.00131893
00030408_013.png,Atelectasis,0.018182029655160317,0.00131702
00030408_013.png,Cardiomegaly,0.0,0.00130749
00030408_013.png,Infiltration,0.0,0.00119114
00030408_013.png,Infiltration,0.0,0.00116539
00030408_013.png,Infiltration,0.0,0.0011158
00030408_013.png,Infiltration,0.15387126208104981,0.00110435
00030408_013.png,Consolidation,0.04952005487462239,0.00109673
00030408_013.png,Infiltration,0.14827488667589614,0.001091
00030408_013.png,Mass,0.0,0.00108051
00013187_002.png,Atelectasis,0.36764749035742045,0.516113
00013187_002.png,Infiltration,0.28528336055654474,0.200562
00013187_002.png,Cardiomegaly,0.29128792851612656,0.0570068
00013187_002.png,Cardiomegaly,0.13245959846768704,0.0319519
00013187_002.png,Infiltration,0.06818605614825395,0.0304413
00013187_002.png,Infiltration,0.06545751837455134,0.0296021
00013187_002.png,Cardiomegaly,0.16302556375010074,0.0257263
00013187_002.png,Infiltration,0.009676644773849639,0.0206757
00013187_002.png,Infiltration,0.7886779083806645,0.0154419
00013187_002.png,Infiltration,0.022824758904396836,0.0124817
00013187_002.png,Cardiomegaly,0.2888930238445653,0.0115356
00013187_002.png,Infiltration,0.03808822623591738,0.0114136
00013187_002.png,Infiltration,0.2399370617565482,0.010025
00013187_002.png,Cardiomegaly,0.09646206839336532,0.00952911
00013187_002.png,Cardiomegaly,0.12021902995581382,0.00843048
00013187_002.png,Cardiomegaly,0.0,0.00805664
00013187_002.png,Infiltration,0.16698978854831575,0.00707626
00013187_002.png,Cardiomegaly,0.008064940180534818,0.00700378
00013187_002.png,Cardiomegaly,0.1378486282752416,0.00682831
00013187_002.png,Infiltration,0.0,0.00660706
00013187_002.png,Infiltration,0.31517667895480017,0.00658417
00013187_002.png,Effusion,0.25247057160866837,0.00614929
00013187_002.png,Infiltration,0.1536683971844796,0.00558472
00013187_002.png,Effusion,0.359222331609453,0.00488281
00013187_002.png,Cardiomegaly,0.0,0.00481796
00013187_002.png,Cardiomegaly,0.10111626143201648,0.00450134
00013187_002.png,Infiltration,0.359222331609453,0.00426865
00013187_002.png,Infiltration,0.04421134790348956,0.00373268
00013187_002.png,Cardiomegaly,0.00241141754762881,0.00357819
00013187_002.png,Cardiomegaly,0.04980345486966702,0.0032959
00013187_002.png,Atelectasis,0.580322699354921,0.00302505
00013187_002.png,Infiltration,0.08410565522218358,0.0027504
00013187_002.png,Mass,0.359222331609453,0.0026989
00013187_002.png,Effusion,0.0,0.0025959
00013187_002.png,Cardiomegaly,0.016699764969832057,0.00256348
00013187_002.png,Infiltration,0.09558682438503277,0.00252342
00013187_002.png,Cardiomegaly,0.0,0.00247002
00013187_002.png,Infiltration,0.29137009815116205,0.00232506
00013187_002.png,Infiltration,0.21220503533513108,0.00210571
00013187_002.png,Atelectasis,0.4710335137823004,0.00199699
00013187_002.png,Cardiomegaly,0.359222331609453,0.0019455
00013187_002.png,Pneumonia,0.359222331609453,0.0019083
00013187_002.png,Effusion,0.01225357823342268,0.00188255
00013187_002.png,Cardiomegaly,0.12045056666909512,0.00187492
00013187_002.png,Cardiomegaly,0.1261101980975431,0.0017767
00013187_002.png,Atelectasis,0.3392577195114246,0.00174427
00013187_002.png,Infiltration,0.03481482642793252,0.00173092
00013187_002.png,Infiltration,0.23997374343214306,0.0017128
00013187_002.png,Effusion,0.0,0.00164318
00013187_002.png,Nodule,0.359222331609453,0.0016222
00013187_002.png,Infiltration,0.11834080568509443,0.00160885
00013187_002.png,Cardiomegaly,0.08303057777275788,0.0015955
00013187_002.png,Cardiomegaly,0.003903917709429792,0.00158882
00013187_002.png,Effusion,0.0,0.00157166
00013187_002.png,Effusion,0.0,0.00156975
00013187_002.png,Edema,0.359222331609453,0.00150108
00013187_002.png,Fibrosis,0.359222331609453,0.00148869
00013187_002.png,Infiltration,0.5211783771616109,0.00139618
00013187_002.png,Cardiomegaly,0.0,0.0013895
00013187_002.png,Pneumothorax,0.359222331609453,0.00134087
00013187_002.png,Infiltration,0.14878365670698063,0.00133705
00013187_002.png,Cardiomegaly,0.7886779083806645,0.00133419
00013187_002.png,Emphysema,0.359222331609453,0.00131512
00013187_002.png,Hernia,0.359222331609453,0.00129986
00013187_002.png,Pleural_Thickening,0.359222331609453,0.00127983
00013187_002.png,Cardiomegaly,0.17923914062139415,0.00127697
00013187_002.png,Cardiomegaly,0.021669041669056525,0.0012722
00013187_002.png,Effusion,0.027802657516842192,0.00124836
00013187_002.png,Cardiomegaly,0.092531097082451,0.00124359
00013187_002.png,Infiltration,0.23147539073452353,0.00123215
00013187_002.png,Cardiomegaly,0.11970178030949867,0.00121021
00013187_002.png,Effusion,0.0,0.0011282
00013187_002.png,Infiltration,0.143227312752631,0.0011158
00013187_002.png,Infiltration,0.06719476093749845,0.00111198
00013187_002.png,Atelectasis,0.2875041737877804,0.00107193
00013187_002.png,Infiltration,0.06355645469955518,0.00100994
00000050_002.png,Atelectasis,0.0,0.0457764
00000050_002.png,Infiltration,0.0,0.0412903
00000050_002.png,Infiltration,0.0,0.0367737
00000050_002.png,Infiltration,0.0,0.0220795
00000050_002.png,Infiltration,0.0,0.0144882
00000050_002.png,Effusion,0.0,0.013649
00000050_002.png,Mass,0.0,0.00593185
00000050_002.png,Atelectasis,0.0,0.00587463
00000050_002.png,Infiltration,0.0,0.00568771
00000050_002.png,Infiltration,0.0,0.00288963
00000050_002.png,Effusion,0.0,0.00283813
00000050_002.png,Infiltration,0.0,0.00269318
00000050_002.png,Infiltration,0.0,0.00260544
00000050_002.png,Effusion,0.0,0.002491
00000050_002.png,Atelectasis,0.0,0.00229263
00000050_002.png,Effusion,0.0,0.00226402
00000050_002.png,Atelectasis,0.0,0.00224304
00000050_002.png,Effusion,0.0,0.00205612
00000050_002.png,Infiltration,0.0,0.00183105
00000050_002.png,Infiltration,0.0,0.00174236
00000050_002.png,Infiltration,0.0,0.00164413
00000050_002.png,Effusion,0.0,0.00164223
00000050_002.png,Effusion,0.0,0.00156689
00000050_002.png,Infiltration,0.0,0.00139713
00000050_002.png,Effusion,0.0,0.00137615
00000050_002.png,Infiltration,0.0,0.00126934
00000050_002.png,Infiltration,0.0,0.00125313
00000050_002.png,Infiltration,0.0,0.00123882
00000050_002.png,Infiltration,0.0,0.00111198
00000050_002.png,Infiltration,0.0,0.00111103
00000050_002.png,Infiltration,0.0,0.0010891
00000050_002.png,Effusion,0.0,0.00108433
00000050_002.png,Effusion,0.0,0.00108242
00000050_002.png,Infiltration,0.0,0.00105858
00000050_002.png,Effusion,0.0,0.0010376
00000050_002.png,Infiltration,0.0,0.00102806
00000050_002.png,Infiltration,0.0,0.00101566
00019058_004.png,Infiltration,0.0,0.31543
00019058_004.png,Mass,0.0,0.109253
00019058_004.png,Infiltration,0.0,0.10199
00019058_004.png,Atelectasis,0.026709383615416256,0.0246735
00019058_004.png,Effusion,0.8342929718690435,0.0141525
00019058_004.png,Mass,0.0,0.0135117
00019058_004.png,Infiltration,3.643127396496552e-05,0.0119476
00019058_004.png,Effusion,0.0,0.0110245
00019058_004.png,Infiltration,0.2420984519681642,0.00932312
00019058_004.png,Infiltration,0.014033126514381652,0.00720596
00019058_004.png,Mass,0.0,0.0067749
00019058_004.png,Effusion,0.0,0.00548553
00019058_004.png,Atelectasis,0.07795254634335251,0.00399017
00019058_004.png,Infiltration,0.0,0.00379181
00019058_004.png,Infiltration,0.0,0.0037899
00019058_004.png,Infiltration,0.18804546714462897,0.00364685
00019058_004.png,Mass,0.0,0.00234604
00019058_004.png,Atelectasis,0.06125192126555628,0.0022831
00019058_004.png,Effusion,0.0,0.00226021
00019058_004.png,Effusion,0.0,0.00204086
00019058_004.png,Mass,0.0,0.00198555
00019058_004.png,Effusion,0.0,0.00193501
00019058_004.png,Infiltration,0.0,0.00190639
00019058_004.png,Infiltration,0.0,0.00164795
00019058_004.png,Mass,0.0,0.00157452
00019058_004.png,Effusion,0.06969552464154434,0.00150204
00019058_004.png,Effusion,0.0,0.00149345
00019058_004.png,Effusion,0.0,0.00141621
00019058_004.png,Infiltration,0.8342929718690435,0.00139332
00019058_004.png,Mass,0.0,0.00138855
00019058_004.png,Cardiomegaly,0.0,0.00122356
00019058_004.png,Infiltration,0.21797358174909318,0.00118828
00019058_004.png,Infiltration,0.11960037217017604,0.00115395
00019058_004.png,Mass,0.0,0.00113869
00019058_004.png,Mass,0.0,0.00113392
00019058_004.png,Mass,0.0,0.00111485
00019058_004.png,Mass,0.0,0.00110149
00019058_004.png,Cardiomegaly,0.0,0.00109291
00019058_004.png,Effusion,0.0,0.00103664
00019058_004.png,Mass,0.0,0.00100708
00018762_002.png,Atelectasis,0.09609405839367141,0.172852
00018762_002.png,Cardiomegaly,0.2049478985199723,0.0558777
00018762_002.png,Effusion,0.0,0.0383911
00018762_002.png,Cardiomegaly,0.740393377255877,0.0295105
00018762_002.png,Cardiomegaly,0.0,0.0235291
00018762_002.png,Infiltration,0.5837217623684224,0.0227814
00018762_002.png,Effusion,0.0,0.0129013
00018762_002.png,Infiltration,0.2708290800405844,0.00881195
00018762_002.png,Effusion,0.0,0.00876617
00018762_002.png,Cardiomegaly,0.057312004861203164,0.00650787
00018762_002.png,Effusion,0.0,0.00294113
00018762_002.png,Effusion,0.0,0.00283813
00018762_002.png,Cardiomegaly,0.03299240788712068,0.00277328
00018762_002.png,Cardiomegaly,0.4318195516401494,0.00275612
00018762_002.png,Cardiomegaly,0.08224327594719343,0.00269127
00018762_002.png,Infiltration,0.38102737914177753,0.00259399
00018762_002.png,Cardiomegaly,0.05255683789781671,0.00230026
00018762_002.png,Effusion,0.0,0.00218773
00018762_002.png,Cardiomegaly,0.0,0.00216103
00018762_002.png,Effusion,0.0,0.00214005
00018762_002.png,Cardiomegaly,0.0,0.0021019
00018762_002.png,Mass,0.0,0.00200653
00018762_002.png,Infiltration,0.09609405839367141,0.00197601
00018762_002.png,Effusion,0.0,0.00196457
00018762_002.png,Cardiomegaly,0.063325136366894,0.00189304
00018762_002.png,Cardiomegaly,0.0,0.00161839
00018762_002.png,Cardiomegaly,0.7600852103296006,0.00157261
00018762_002.png,Infiltration,0.0,0.00155544
00018762_002.png,Infiltration,0.0,0.00146961
00018762_002.png,Infiltration,0.03055839887728104,0.00144482
00018762_002.png,Effusion,0.09609405839367141,0.00144005
00018762_002.png,Effusion,0.0,0.00132656
00018762_002.png,Infiltration,0.2896616072301581,0.00131702
00018762_002.png,Cardiomegaly,0.04432416613667721,0.00129223
00018762_002.png,Cardiomegaly,0.01316900702185712,0.00126076
00018762_002.png,Cardiomegaly,0.0,0.0012331
00018762_002.png,Effusion,0.0,0.00122452
00018762_002.png,Effusion,0.0,0.00121498
00018762_002.png,Infiltration,0.0,0.00116062
00018762_002.png,Cardiomegaly,0.5753013634176114,0.0011301
00018762_002.png,Infiltration,0.2659268109044442,0.00110149
00018762_002.png,Effusion,0.0,0.00108624
00018762_002.png,Cardiomegaly,0.07771221528063918,0.00107002
00018762_002.png,Infiltration,0.14901593405927524,0.00102711
00013635_002.png,Atelectasis,0.8173394032438361,0.790527
00013635_002.png,Cardiomegaly,0.0,0.0245972
00013635_002.png,Cardiomegaly,0.012135679122905956,0.0233612
00013635_002.png,Effusion,0.04117694372603788,0.00738144
00013635_002.png,Effusion,0.0,0.00720978
00013635_002.png,Cardiomegaly,0.0,0.00684738
00013635_002.png,Infiltration,0.8111880529919635,0.00596619
00013635_002.png,Infiltration,0.0072136373951251845,0.00558472
00013635_002.png,Effusion,0.011197511433772856,0.00479126
00013635_002.png,Effusion,0.8111880529919635,0.00437927
00013635_002.png,Effusion,0.007792521924033325,0.00370026
00013635_002.png,Mass,0.8111880529919635,0.00304031
00013635_002.png,Cardiomegaly,0.0,0.00280952
00013635_002.png,Atelectasis,0.0,0.00266838
00013635_002.png,Cardiomegaly,0.8111880529919635,0.00257492
00013635_002.png,Infiltration,0.011197511433772856,0.00252914
00013635_002.png,Pneumonia,0.8985567363623516,0.00246048
00013635_002.png,Effusion,0.02811947618229289,0.00212479
00013635_002.png,Cardiomegaly,0.016351016850151428,0.00194454
00013635_002.png,Hernia,0.8111880529919635,0.00190449
00013635_002.png,Pleural_Thickening,0.8111880529919635,0.0018816
00013635_002.png,Edema,0.8111880529919635,0.00184536
00013635_002.png,Pneumothorax,0.8111880529919635,0.00183868
00013635_002.png,Fibrosis,0.8111880529919635,0.00174141
00013635_002.png,Nodule,0.8985567363623516,0.00168514
00013635_002.png,Emphysema,0.8985567363623516,0.00167847
00013635_002.png,Cardiomegaly,0.0017879445347259554,0.00133228
00013635_002.png,Cardiomegaly,0.0,0.00132942
00013635_002.png,Consolidation,0.8111880529919635,0.0012579
00013635_002.png,Effusion,0.009676606212278652,0.00125122
00013635_002.png,Cardiomegaly,0.0,0.00119305
00013635_002.png,Effusion,0.0,0.00110626
00000054_008.png,Atelectasis,0.0,0.12793
00000054_008.png,Effusion,0.0,0.0605469
00000054_008.png,Infiltration,0.0,0.00281715
00000054_008.png,Cardiomegaly,0.0,0.00235939
00000054_008.png,Effusion,0.0,0.00215149
00000054_008.png,Effusion,0.0,0.00199318
00000054_008.png,Infiltration,0.0,0.00191021
00000054_008.png,Effusion,0.0,0.00183296
00000054_008.png,Infiltration,0.0,0.00183105
00000054_008.png,Infiltration,0.0,0.0017519
00000054_008.png,Mass,0.0,0.00148869
00000054_008.png,Infiltration,0.0,0.00143147
00000054_008.png,Effusion,0.0,0.0011425
00000054_008.png,Infiltration,0.0,0.00113869
00000054_008.png,Effusion,0.0,0.00112915
00000054_008.png,Effusion,0.0,0.0010767
00000054_008.png,Effusion,0.0,0.00100231
00019495_004.png,Infiltration,0.0,0.239014
00019495_004.png,Infiltration,0.0,0.106873
00019495_004.png,Effusion,0.0,0.0340576
00019495_004.png,Infiltration,0.12542152547639596,0.0318298
00019495_004.png,Infiltration,0.2670733900516062,0.0219727
00019495_004.png,Infiltration,0.0,0.0187531
00019495_004.png,Effusion,0.0,0.0160522
00019495_004.png,Atelectasis,0.016524097918758057,0.0142059
00019495_004.png,Infiltration,0.0,0.0124435
00019495_004.png,Cardiomegaly,0.0,0.011879
00019495_004.png,Mass,0.0,0.00901031
00019495_004.png,Effusion,0.0,0.00771713
00019495_004.png,Infiltration,0.03807320925670453,0.00695801
00019495_004.png,Infiltration,0.0,0.00671005
00019495_004.png,Cardiomegaly,0.09349628037513716,0.00619125
00019495_004.png,Infiltration,0.0,0.00553131
00019495_004.png,Cardiomegaly,0.060966045155534845,0.00521469
00019495_004.png,Infiltration,0.10664213136009898,0.00408173
00019495_004.png,Infiltration,0.0,0.00368118
00019495_004.png,Infiltration,0.042039579180480964,0.00318718
00019495_004.png,Infiltration,0.0,0.00286674
00019495_004.png,Effusion,0.0,0.00284958
00019495_004.png,Cardiomegaly,0.07631258508152325,0.0024662
00019495_004.png,Infiltration,0.0773105427742581,0.00244713
00019495_004.png,Infiltration,0.0,0.00234985
00019495_004.png,Infiltration,0.0,0.00209618
00019495_004.png,Effusion,0.0,0.00193596
00019495_004.png,Effusion,0.0,0.00192547
00019495_004.png,Cardiomegaly,0.0,0.001894
00019495_004.png,Infiltration,0.0,0.00183868
00019495_004.png,Effusion,0.0,0.00175381
00019495_004.png,Cardiomegaly,0.03807320925670453,0.00157261
00019495_004.png,Effusion,0.0,0.00154591
00019495_004.png,Infiltration,0.0,0.0015049
00019495_004.png,Effusion,0.0,0.00141525
00019495_004.png,Cardiomegaly,0.12260247024527939,0.00139809
00019495_004.png,Cardiomegaly,0.0,0.00134659
00019495_004.png,Mass,0.0,0.00131798
00019495_004.png,Effusion,0.0,0.00131798
00019495_004.png,Cardiomegaly,0.0,0.00130939
00019495_004.png,Infiltration,0.0,0.00129128
00019495_004.png,Atelectasis,0.03807320925670453,0.00126362
00019495_004.png,Infiltration,0.0,0.00124264
00019495_004.png,Infiltration,0.2181697471720563,0.00118542
00019495_004.png,Mass,0.12260247024527939,0.00111675
00019495_004.png,Effusion,0.0,0.00109863
00019495_004.png,Infiltration,0.0,0.00104332
00019495_004.png,Mass,0.0,0.00102901
00019495_004.png,Infiltration,0.09825658415661581,0.0010252
00019495_004.png,Infiltration,0.0,0.00100899
00000583_008.png,Infiltration,0.10276329127603769,0.200806
00000583_008.png,Infiltration,0.2513399748817738,0.144165
00000583_008.png,Infiltration,0.5313976677942259,0.128784
00000583_008.png,Infiltration,0.0,0.0692749
00000583_008.png,Infiltration,0.08090979031642571,0.0456238
00000583_008.png,Infiltration,0.6137324612998336,0.0396423
00000583_008.png,Cardiomegaly,0.15460602933267054,0.0334167
00000583_008.png,Infiltration,0.0,0.0304718
00000583_008.png,Infiltration,0.29901946779698974,0.0223083
00000583_008.png,Cardiomegaly,0.11827173286784154,0.0185547
00000583_008.png,Infiltration,0.07494366871997972,0.0175018
00000583_008.png,Cardiomegaly,0.0,0.0140991
00000583_008.png,Infiltration,0.0,0.0126648
00000583_008.png,Infiltration,0.13528801705253282,0.0118561
00000583_008.png,Infiltration,0.38549445461174076,0.0114746
00000583_008.png,Effusion,0.0,0.00865936
00000583_008.png,Atelectasis,0.0,0.00827789
00000583_008.png,Infiltration,0.16707476889788364,0.00755692
00000583_008.png,Cardiomegaly,0.10276329127603769,0.00737381
00000583_008.png,Infiltration,0.5977993411386292,0.00660324
00000583_008.png,Infiltration,0.0,0.00638199
00000583_008.png,Infiltration,0.3376290511862327,0.0062294
00000583_008.png,Infiltration,0.12788290661097163,0.00587082
00000583_008.png,Infiltration,0.27421241940436,0.00563049
00000583_008.png,Infiltration,0.0,0.0054512
00000583_008.png,Effusion,0.0,0.00477219
00000583_008.png,Infiltration,0.10925973720272229,0.0044136
00000583_008.png,Cardiomegaly,0.20274700387975345,0.0042572
00000583_008.png,Infiltration,0.3585587844313885,0.00380325
00000583_008.png,Cardiomegaly,0.08415932941674654,0.00306892
00000583_008.png,Atelectasis,0.07494366871997972,0.0029335
00000583_008.png,Infiltration,0.0,0.00289154
00000583_008.png,Infiltration,0.0,0.00288963
00000583_008.png,Infiltration,0.1263934449865922,0.00274849
00000583_008.png,Cardiomegaly,0.0,0.0027256
00000583_008.png,Infiltration,0.0,0.00264168
00000583_008.png,Cardiomegaly,0.0,0.00255203
00000583_008.png,Cardiomegaly,0.0,0.00248528
00000583_008.png,Cardiomegaly,0.08672114465956064,0.00235939
00000583_008.png,Infiltration,0.0,0.00208473
00000583_008.png,Effusion,0.25573088280088085,0.00181961
00000583_008.png,Infiltration,0.44784233706994936,0.00178623
00000583_008.png,Effusion,0.0,0.00167751
00000583_008.png,Infiltration,0.22605503511686498,0.00159836
00000583_008.png,Effusion,0.0,0.00154018
00000583_008.png,Infiltration,0.11230135699548792,0.00153542
00000583_008.png,Atelectasis,0.25573088280088085,0.00150108
00000583_008.png,Cardiomegaly,0.08943318335562564,0.00141716
00000583_008.png,Infiltration,0.0,0.00136566
00000583_008.png,Infiltration,0.18281916044698843,0.00134468
00000583_008.png,Mass,0.10737847117894442,0.001297
00000583_008.png,Cardiomegaly,0.0,0.00127792
00000583_008.png,Cardiomegaly,0.2990817678801081,0.00123692
00000583_008.png,Effusion,0.0741364702304712,0.00120926
00000583_008.png,Infiltration,0.0,0.00117207
00000583_008.png,Cardiomegaly,0.0,0.00114155
00000583_008.png,Mass,0.0,0.00109482
00000583_008.png,Infiltration,0.0,0.00108624
00000583_008.png,Infiltration,0.04722292129994997,0.00106907
00000583_008.png,Cardiomegaly,0.0,0.00104046
00000583_008.png,Effusion,0.1134557900738235,0.00100613
00025787_039.png,Mass,0.0,0.0928345
00025787_039.png,Cardiomegaly,0.0,0.0684204
00025787_039.png,Mass,0.0,0.0441284
00025787_039.png,Atelectasis,0.0,0.026474
00025787_039.png,Mass,0.14908880617693845,0.0222626
00025787_039.png,Mass,0.6230696019113194,0.0204926
00025787_039.png,Effusion,0.0,0.0189972
00025787_039.png,Mass,0.3660547438798645,0.0116653
00025787_039.png,Atelectasis,0.0,0.00816345
00025787_039.png,Mass,0.29464203317713755,0.00802612
00025787_039.png,Cardiomegaly,0.0,0.00697708
00025787_039.png,Mass,0.06591059831789643,0.00566101
00025787_039.png,Mass,0.00245901813994038,0.0050621
00025787_039.png,Mass,0.0208166442841158,0.00478745
00025787_039.png,Mass,0.2817155127170103,0.00474548
00025787_039.png,Mass,0.44484402742290957,0.00470352
00025787_039.png,Mass,0.5262113594404093,0.00466919
00025787_039.png,Infiltration,0.0,0.00461197
00025787_039.png,Mass,0.0,0.00454712
00025787_039.png,Atelectasis,0.0,0.00452805
00025787_039.png,Atelectasis,0.02629123156518483,0.00311661
00025787_039.png,Mass,0.0,0.00287056
00025787_039.png,Mass,0.20461712372470894,0.00286293
00025787_039.png,Mass,0.07808909244878577,0.00281715
00025787_039.png,Infiltration,0.0,0.00271225
00025787_039.png,Mass,0.0,0.00234032
00025787_039.png,Mass,0.007479159292513783,0.00223732
00025787_039.png,Cardiomegaly,0.0,0.00212097
00025787_039.png,Mass,0.0,0.00206566
00025787_039.png,Atelectasis,0.0,0.00205231
00025787_039.png,Infiltration,0.0,0.00203323
00025787_039.png,Mass,0.0,0.00191212
00025787_039.png,Cardiomegaly,0.0,0.00189972
00025787_039.png,Cardiomegaly,0.0,0.00187397
00025787_039.png,Infiltration,0.0,0.00175381
00025787_039.png,Mass,0.09513191478536973,0.00169754
00025787_039.png,Mass,0.04116116642099728,0.00165844
00025787_039.png,Mass,0.0,0.00162506
00025787_039.png,Cardiomegaly,0.0,0.00159359
00025787_039.png,Mass,0.0,0.00153255
00025787_039.png,Mass,0.0,0.00152874
00025787_039.png,Cardiomegaly,0.6230696019113194,0.00152683
00025787_039.png,Cardiomegaly,0.0,0.00152016
00025787_039.png,Mass,0.034949935388285495,0.00151062
00025787_039.png,Mass,0.2446107241297049,0.00149918
00025787_039.png,Cardiomegaly,0.305341785854245,0.00148773
00025787_039.png,Mass,0.0,0.00144577
00025787_039.png,Mass,0.0,0.00143909
00025787_039.png,Cardiomegaly,0.0,0.00141335
00025787_039.png,Cardiomegaly,0.0,0.00138187
00025787_039.png,Cardiomegaly,0.0,0.00135803
00025787_039.png,Cardiomegaly,0.0,0.00135612
00025787_039.png,Mass,0.0,0.00135612
00025787_039.png,Mass,0.01987389423450496,0.00133801
00025787_039.png,Infiltration,0.0,0.00133514
00025787_039.png,Infiltration,0.0,0.00130844
00025787_039.png,Atelectasis,0.05908388312681699,0.00129795
00025787_039.png,Mass,0.0,0.00129414
00025787_039.png,Infiltration,0.018547319265910123,0.00122833
00025787_039.png,Mass,0.0,0.00118828
00025787_039.png,Cardiomegaly,0.15349486827931355,0.00117207
00025787_039.png,Mass,0.0,0.00117111
00025787_039.png,Mass,0.4396439989255724,0.00110149
00025787_039.png,Effusion,0.016153210787341346,0.00110054
00025787_039.png,Cardiomegaly,0.0,0.00108051
00025787_039.png,Effusion,0.0,0.00106525
00025787_039.png,Cardiomegaly,0.0,0.00103188
00025787_039.png,Infiltration,0.0,0.0010128
00012299_002.png,Infiltration,0.3181197696138318,0.337402
00012299_002.png,Mass,0.0,0.231201
00012299_002.png,Infiltration,0.23841335344601086,0.218384
00012299_002.png,Infiltration,0.1509098144065382,0.204346
00012299_002.png,Mass,0.0,0.174072
00012299_002.png,Mass,0.0,0.0799561
00012299_002.png,Mass,0.0,0.0797119
00012299_002.png,Cardiomegaly,0.29594132924257893,0.0646973
00012299_002.png,Infiltration,0.3076243099250359,0.0464478
00012299_002.png,Cardiomegaly,0.19201558232115906,0.0440674
00012299_002.png,Infiltration,0.23751129158124806,0.0410767
00012299_002.png,Infiltration,0.23187754976094194,0.0394592
00012299_002.png,Effusion,0.0,0.0290222
00012299_002.png,Mass,0.0,0.0234375
00012299_002.png,Infiltration,0.14632746124316962,0.0187531
00012299_002.png,Infiltration,0.21433499498726089,0.0132751
00012299_002.png,Mass,0.0,0.0125961
00012299_002.png,Mass,0.0,0.0125427
00012299_002.png,Infiltration,0.3247919062442793,0.0101547
00012299_002.png,Mass,0.0,0.00904846
00012299_002.png,Infiltration,0.3620625802398853,0.00872803
00012299_002.png,Cardiomegaly,0.08616583535009492,0.00820923
00012299_002.png,Mass,0.0,0.00590515
00012299_002.png,Infiltration,0.08863517975326107,0.00468063
00012299_002.png,Cardiomegaly,0.0,0.00404739
00012299_002.png,Infiltration,0.29025492602430925,0.00391388
00012299_002.png,Infiltration,0.16510614107542876,0.00384331
00012299_002.png,Infiltration,0.2049952303545616,0.00318718
00012299_002.png,Cardiomegaly,0.1427146256263119,0.00309944
00012299_002.png,Cardiomegaly,0.10016182700288763,0.00283241
00012299_002.png,Mass,0.0,0.00282097
00012299_002.png,Mass,0.0,0.00268745
00012299_002.png,Cardiomegaly,0.23841335344601086,0.00265503
00012299_002.png,Mass,0.0,0.00258255
00012299_002.png,Infiltration,0.0,0.00253677
00012299_002.png,Cardiomegaly,0.05622052438908538,0.00252724
00012299_002.png,Mass,0.0,0.00242996
00012299_002.png,Infiltration,0.24940997022129033,0.00229645
00012299_002.png,Infiltration,0.223974177313421,0.00224686
00012299_002.png,Cardiomegaly,0.14484213210716318,0.00219154
00012299_002.png,Cardiomegaly,0.2791096373142319,0.00203514
00012299_002.png,Mass,0.0,0.00177097
00012299_002.png,Infiltration,0.1427146256263119,0.00170517
00012299_002.png,Mass,0.0,0.00170135
00012299_002.png,Mass,0.10540268328369716,0.00160313
00012299_002.png,Cardiomegaly,0.11059133417095328,0.00157833
00012299_002.png,Atelectasis,0.0,0.00154495
00012299_002.png,Infiltration,0.19201558232115906,0.00138378
00012299_002.png,Effusion,0.0,0.00138187
00012299_002.png,Infiltration,0.2084577524434104,0.00137138
00012299_002.png,Mass,0.0,0.00134468
00012299_002.png,Mass,0.0,0.00134182
00012299_002.png,Infiltration,0.17647143156000425,0.00132942
00012299_002.png,Mass,0.0,0.00131798
00012299_002.png,Infiltration,0.19825861213954574,0.00130081
00012299_002.png,Mass,0.0,0.00128365
00012299_002.png,Infiltration,0.0,0.00127983
00012299_002.png,Infiltration,0.0,0.00127602
00012299_002.png,Cardiomegaly,0.08915420404235921,0.0012579
00012299_002.png,Infiltration,0.0,0.00125504
00012299_002.png,Mass,0.3181197696138318,0.00125408
00012299_002.png,Infiltration,0.0,0.00121975
00012299_002.png,Mass,0.0,0.00121498
00012299_002.png,Mass,0.0,0.001194
00012299_002.png,Mass,0.0,0.00119114
00012299_002.png,Mass,0.0,0.00115585
00012299_002.png,Mass,0.0,0.00107479
00012299_002.png,Infiltration,0.0,0.00105286
00012299_002.png,Mass,0.0,0.00105095
00012299_002.png,Mass,0.0,0.00104046
00012299_002.png,Cardiomegaly,0.0,0.00102329
00012299_002.png,Atelectasis,0.0,0.00100136
00016964_011.png,Cardiomegaly,0.08620378824205195,0.197754
00016964_011.png,Effusion,0.0,0.0810547
00016964_011.png,Infiltration,0.11941920415493092,0.0664062
00016964_011.png,Infiltration,0.0,0.0423584
00016964_011.png,Infiltration,0.056209512852014566,0.0238647
00016964_011.png,Cardiomegaly,0.1442042655586921,0.0191498
00016964_011.png,Cardiomegaly,0.0,0.017807
00016964_011.png,Cardiomegaly,0.062025302422426265,0.0169067
00016964_011.png,Cardiomegaly,0.08244269148348832,0.0162659
00016964_011.png,Mass,0.0,0.0129242
00016964_011.png,Infiltration,0.0,0.0111847
00016964_011.png,Infiltration,0.0902515462206077,0.0108566
00016964_011.png,Cardiomegaly,0.050797809120141105,0.0101852
00016964_011.png,Infiltration,0.043736439798078515,0.00923157
00016964_011.png,Mass,0.0,0.00798798
00016964_011.png,Cardiomegaly,0.0,0.00725937
00016964_011.png,Infiltration,0.0,0.00669098
00016964_011.png,Infiltration,0.03110583629113502,0.00627518
00016964_011.png,Cardiomegaly,0.102557781201849,0.00604248
00016964_011.png,Infiltration,0.0,0.00566483
00016964_011.png,Infiltration,0.0638638046864711,0.00403595
00016964_011.png,Infiltration,0.0,0.00400925
00016964_011.png,Cardiomegaly,0.05325998538741607,0.00365639
00016964_011.png,Infiltration,0.0,0.00350571
00016964_011.png,Cardiomegaly,0.0,0.0034008
00016964_011.png,Cardiomegaly,0.11191442200618139,0.00289917
00016964_011.png,Cardiomegaly,0.03939759640961291,0.00273514
00016964_011.png,Cardiomegaly,0.0,0.00270844
00016964_011.png,Effusion,0.026373671136766873,0.00264931
00016964_011.png,Mass,0.0,0.00221634
00016964_011.png,Infiltration,0.0,0.00215721
00016964_011.png,Infiltration,0.02075735381302999,0.00213242
00016964_011.png,Cardiomegaly,0.0,0.00192928
00016964_011.png,Cardiomegaly,0.1218681148844134,0.00190926
00016964_011.png,Cardiomegaly,0.1227235539011788,0.00187397
00016964_011.png,Effusion,0.0,0.00184631
00016964_011.png,Cardiomegaly,0.05428241163430105,0.00178242
00016964_011.png,Cardiomegaly,0.0,0.00177479
00016964_011.png,Effusion,0.0,0.00165749
00016964_011.png,Infiltration,0.0,0.00165272
00016964_011.png,Atelectasis,0.04015000029045869,0.00154495
00016964_011.png,Infiltration,0.09925087065201857,0.00150681
00016964_011.png,Cardiomegaly,0.0,0.00145245
00016964_011.png,Mass,0.0,0.00139523
00016964_011.png,Mass,0.0,0.00132847
00016964_011.png,Mass,0.0,0.0012722
00016964_011.png,Mass,0.0,0.0012722
00016964_011.png,Cardiomegaly,0.0,0.00122452
00016964_011.png,Infiltration,0.0,0.00121021
00016964_011.png,Infiltration,0.0,0.00117874
00016964_011.png,Cardiomegaly,0.0,0.00111961
00016964_011.png,Infiltration,0.02865959479157351,0.00111866
00016964_011.png,Cardiomegaly,0.0,0.00108242
00016964_011.png,Cardiomegaly,0.14639063260599278,0.0010767
00016964_011.png,Effusion,0.043736439798078515,0.00102139
00016964_011.png,Cardiomegaly,0.0,0.00101089
00021179_011.png,Effusion,0.1841580898360787,0.604492
00021179_011.png,Effusion,0.10836438930460739,0.279541
00021179_011.png,Effusion,0.15033537629397453,0.141235
00021179_011.png,Effusion,0.04886356715297641,0.0450439
00021179_011.png,Effusion,0.3506509756907976,0.0335083
00021179_011.png,Effusion,0.02064332480977941,0.0305786
00021179_011.png,Effusion,0.013422835307823566,0.0258026
00021179_011.png,Effusion,0.015407598522824204,0.0211029
00021179_011.png,Cardiomegaly,0.004859154175543576,0.02034
00021179_011.png,Effusion,0.0,0.0179138
00021179_011.png,Effusion,0.07494498894476888,0.0168152
00021179_011.png,Cardiomegaly,0.10710329545652254,0.0160065
00021179_011.png,Cardiomegaly,0.00280149106686962,0.0157166
00021179_011.png,Effusion,0.10978413584602238,0.0132294
00021179_011.png,Infiltration,0.05349567656447124,0.0110474
00021179_011.png,Effusion,0.0,0.0106888
00021179_011.png,Cardiomegaly,0.002198281319358157,0.0102921
00021179_011.png,Mass,0.19565736396757652,0.00957489
00021179_011.png,Effusion,0.06678248100748219,0.00925446
00021179_011.png,Effusion,0.21940359984627317,0.00859833
00021179_011.png,Effusion,0.22593617765966262,0.00850677
00021179_011.png,Infiltration,0.17572565600569381,0.00800323
00021179_011.png,Effusion,0.3907769087227421,0.00793457
00021179_011.png,Effusion,0.35728476505076673,0.00699234
00021179_011.png,Cardiomegaly,0.39050920669570305,0.00660706
00021179_011.png,Cardiomegaly,0.051807264996757744,0.00614166
00021179_011.png,Cardiomegaly,0.19565736396757652,0.00601578
00021179_011.png,Effusion,0.5845450133476235,0.00585556
00021179_011.png,Cardiomegaly,0.23089387965955277,0.00536346
00021179_011.png,Effusion,0.31095277999638954,0.00522232
00021179_011.png,Cardiomegaly,0.11263285280307049,0.00469208
00021179_011.png,Effusion,0.07046085241205034,0.0044136
00021179_011.png,Infiltration,0.056996652632071994,0.00404739
00021179_011.png,Cardiomegaly,0.1527948324202064,0.00401306
00021179_011.png,Mass,0.3506509756907976,0.00391006
00021179_011.png,Effusion,0.2198242205387716,0.00368309
00021179_011.png,Infiltration,0.0,0.00336266
00021179_011.png,Atelectasis,0.2848021844594643,0.00329399
00021179_011.png,Effusion,0.0,0.00326729
00021179_011.png,Infiltration,0.0,0.00323105
00021179_011.png,Cardiomegaly,0.0021818308769273233,0.00320625
00021179_011.png,Infiltration,0.07289720399736671,0.00318146
00021179_011.png,Infiltration,0.19565736396757652,0.00310326
00021179_011.png,Cardiomegaly,0.12007824078810038,0.00296783
00021179_011.png,Mass,0.12007824078810038,0.00290298
00021179_011.png,Effusion,0.046729976536393984,0.00268745
00021179_011.png,Cardiomegaly,0.0,0.00266266
00021179_011.png,Cardiomegaly,0.0015506878468404285,0.00263023
00021179_011.png,Cardiomegaly,0.5845450133476235,0.00249863
00021179_011.png,Effusion,0.22020488289865148,0.00247574
00021179_011.png,Infiltration,0.09136580561493679,0.00246048
00021179_011.png,Cardiomegaly,0.008001862408323228,0.00208855
00021179_011.png,Cardiomegaly,0.023160470025439715,0.00204468
00021179_011.png,Cardiomegaly,0.15686820349698063,0.00197983
00021179_011.png,Effusion,0.03599616040955627,0.00195312
00021179_011.png,Infiltration,0.17307156412871355,0.00193405
00021179_011.png,Mass,0.39050920669570305,0.00189972
00021179_011.png,Cardiomegaly,0.0,0.00182819
00021179_011.png,Infiltration,0.2198242205387716,0.00182629
00021179_011.png,Atelectasis,0.09205845481337165,0.00181389
00021179_011.png,Cardiomegaly,0.3907769087227421,0.00181198
00021179_011.png,Cardiomegaly,0.0,0.00179291
00021179_011.png,Infiltration,0.12007824078810038,0.00177383
00021179_011.png,Effusion,0.12374389929246506,0.00174332
00021179_011.png,Effusion,0.5072866426370859,0.00159264
00021179_011.png,Infiltration,0.0,0.00155926
00021179_011.png,Infiltration,0.141624486753741,0.00153255
00021179_011.png,Cardiomegaly,0.3506509756907976,0.00149822
00021179_011.png,Effusion,0.02115909687582039,0.00149632
00021179_011.png,Cardiomegaly,0.3830756805343637,0.00149155
00021179_011.png,Cardiomegaly,0.06019214579929948,0.00147152
00021179_011.png,Atelectasis,0.19565736396757652,0.00143719
00021179_011.png,Cardiomegaly,0.04966259694627376,0.0014019
00021179_011.png,Mass,0.15686820349698063,0.00138855
00021179_011.png,Effusion,0.31248013145944814,0.00134087
00021179_011.png,Effusion,0.3658884359169616,0.00132179
00021179_011.png,Infiltration,0.2317554001002005,0.00131416
00021179_011.png,Effusion,0.0038938154289183393,0.00131035
00021179_011.png,Effusion,0.5049446058875201,0.00128365
00021179_011.png,Infiltration,0.25165979891815426,0.00128078
00021179_011.png,Effusion,0.0,0.00125885
00021179_011.png,Effusion,0.2773404632072778,0.00125885
00021179_011.png,Infiltration,0.09205845481337165,0.00118351
00021179_011.png,Infiltration,0.048522676165155154,0.00116825
00021179_011.png,Infiltration,0.0,0.00115299
00021179_011.png,Effusion,0.0,0.00113487
00021179_011.png,Infiltration,0.0,0.00113487
00021179_011.png,Infiltration,0.1358926710876042,0.00111771
00021179_011.png,Cardiomegaly,0.0,0.00110245
00021179_011.png,Mass,0.22169657622978262,0.00109959
00021179_011.png,Infiltration,0.23654431681573845,0.00109482
00021179_011.png,Effusion,0.09551580614093233,0.00109386
00021179_011.png,Effusion,0.13477485266900735,0.00106239
00021179_011.png,Effusion,0.527636338089711,0.00105381
00021179_011.png,Cardiomegaly,0.01854912865661585,0.00100231
00020673_005.png,Atelectasis,0.35940201150312245,0.661133
00020673_005.png,Cardiomegaly,0.22503929952581223,0.111389
00020673_005.png,Infiltration,0.6519574975254488,0.0498657
00020673_005.png,Cardiomegaly,0.0,0.0310974
00020673_005.png,Infiltration,0.46902338489916096,0.0176544
00020673_005.png,Cardiomegaly,0.0,0.0141373
00020673_005.png,Atelectasis,0.2707442608701904,0.0124054
00020673_005.png,Infiltration,0.0,0.0089798
00020673_005.png,Cardiomegaly,0.24633687452925931,0.008255
00020673_005.png,Infiltration,0.0,0.0070343
00020673_005.png,Infiltration,0.07038038195052036,0.00629425
00020673_005.png,Infiltration,0.7359709824470977,0.00571442
00020673_005.png,Cardiomegaly,0.19141017367277297,0.00524902
00020673_005.png,Infiltration,0.26153922560938453,0.0050621
00020673_005.png,Infiltration,0.0,0.00505447
00020673_005.png,Effusion,0.3574888856302529,0.00479889
00020673_005.png,Infiltration,0.3574888856302529,0.0041275
00020673_005.png,Infiltration,0.4458718823607417,0.00394058
00020673_005.png,Cardiomegaly,0.29014212047797505,0.00313568
00020673_005.png,Mass,0.0,0.00302124
00020673_005.png,Infiltration,0.0,0.00300026
00020673_005.png,Mass,0.3574888856302529,0.00297546
00020673_005.png,Cardiomegaly,0.0,0.00296402
00020673_005.png,Cardiomegaly,0.0,0.0028286
00020673_005.png,Effusion,0.0,0.00270844
00020673_005.png,Infiltration,0.5388410168616719,0.0026226
00020673_005.png,Cardiomegaly,0.0,0.00259018
00020673_005.png,Pneumonia,0.3574888856302529,0.00233459
00020673_005.png,Cardiomegaly,0.3574888856302529,0.00221252
00020673_005.png,Atelectasis,0.5556308646127947,0.00216103
00020673_005.png,Cardiomegaly,0.0,0.00214577
00020673_005.png,Edema,0.3574888856302529,0.00186729
00020673_005.png,Nodule,0.3574888856302529,0.00185966
00020673_005.png,Emphysema,0.3574888856302529,0.00174904
00020673_005.png,Atelectasis,0.2239585118345311,0.0017004
00020673_005.png,Cardiomegaly,0.16602571496596272,0.00167751
00020673_005.png,Pleural_Thickening,0.3574888856302529,0.00160599
00020673_005.png,Effusion,0.0,0.00160313
00020673_005.png,Hernia,0.3574888856302529,0.00159359
00020673_005.png,Cardiomegaly,0.0,0.00153255
00020673_005.png,Pneumothorax,0.3574888856302529,0.00152588
00020673_005.png,Fibrosis,0.3574888856302529,0.00150871
00020673_005.png,Infiltration,0.0,0.0014801
00020673_005.png,Cardiomegaly,0.623817382262602,0.00145435
00020673_005.png,Infiltration,0.0,0.0014286
00020673_005.png,Cardiomegaly,0.0,0.00142002
00020673_005.png,Infiltration,0.0,0.00141811
00020673_005.png,Cardiomegaly,0.10488372304768731,0.00139046
00020673_005.png,Infiltration,0.14551469559197808,0.00134182
00020673_005.png,Cardiomegaly,0.0,0.00133514
00020673_005.png,Mass,0.0,0.00131226
00020673_005.png,Infiltration,0.13154370403959176,0.00125122
00020673_005.png,Consolidation,0.3574888856302529,0.00123405
00020673_005.png,Infiltration,0.0,0.00119019
00020673_005.png,Cardiomegaly,0.0,0.0011797
00020673_005.png,Atelectasis,0.38732473608443424,0.00116348
00020673_005.png,Infiltration,0.29014212047797505,0.00112629
00020673_005.png,Cardiomegaly,0.0,0.00107861
00020673_005.png,Infiltration,0.0,0.00106525
00020673_005.png,Cardiomegaly,0.05551260605958432,0.00103188
00014976_003.png,Atelectasis,0.11822750672641079,0.266357
00014976_003.png,Infiltration,0.0,0.0696411
00014976_003.png,Cardiomegaly,0.18315788956001003,0.0339355
00014976_003.png,Effusion,0.0,0.0172119
00014976_003.png,Effusion,0.0,0.0115128
00014976_003.png,Cardiomegaly,0.0,0.00911713
00014976_003.png,Infiltration,0.4119119458097941,0.008461
00014976_003.png,Cardiomegaly,0.5344062865057215,0.00800323
00014976_003.png,Cardiomegaly,0.0,0.00667953
00014976_003.png,Atelectasis,0.0,0.00600052
00014976_003.png,Cardiomegaly,0.0,0.00553513
00014976_003.png,Cardiomegaly,0.0,0.00475311
00014976_003.png,Atelectasis,0.23670484279643506,0.00421143
00014976_003.png,Infiltration,0.14682912626522118,0.00348854
00014976_003.png,Cardiomegaly,0.0,0.00295448
00014976_003.png,Infiltration,0.0,0.00289917
00014976_003.png,Effusion,0.0,0.00272369
00014976_003.png,Cardiomegaly,0.23670484279643506,0.00270271
00014976_003.png,Effusion,0.0,0.00240707
00014976_003.png,Cardiomegaly,0.0,0.00233078
00014976_003.png,Cardiomegaly,0.0,0.00231934
00014976_003.png,Effusion,0.12550260811361685,0.00210762
00014976_003.png,Cardiomegaly,0.0,0.00197792
00014976_003.png,Infiltration,0.0,0.00188637
00014976_003.png,Infiltration,0.0,0.00188065
00014976_003.png,Effusion,0.0,0.00181866
00014976_003.png,Cardiomegaly,0.0,0.00181389
00014976_003.png,Infiltration,0.0,0.00180912
00014976_003.png,Cardiomegaly,0.0,0.00178623
00014976_003.png,Cardiomegaly,0.0,0.00172043
00014976_003.png,Cardiomegaly,0.0,0.00160599
00014976_003.png,Cardiomegaly,0.0,0.00159645
00014976_003.png,Infiltration,0.13271946431127118,0.00157833
00014976_003.png,Infiltration,0.23670484279643506,0.00154781
00014976_003.png,Cardiomegaly,0.0,0.00154209
00014976_003.png,Effusion,0.0,0.00150108
00014976_003.png,Infiltration,0.09029584089260076,0.00148392
00014976_003.png,Mass,0.12550260811361685,0.00144672
00014976_003.png,Cardiomegaly,0.1973780650100243,0.00135517
00014976_003.png,Infiltration,0.1182432991712403,0.00124836
00014976_003.png,Effusion,0.0,0.00123596
00014976_003.png,Pneumonia,0.12550260811361685,0.00113773
00014976_003.png,Infiltration,0.47563049528071755,0.00113487
00014976_003.png,Cardiomegaly,0.0,0.00110817
00014976_003.png,Cardiomegaly,0.15326807737417933,0.00110245
00014976_003.png,Cardiomegaly,0.12550260811361685,0.00109482
00014976_003.png,Effusion,0.0,0.00109386
00014976_003.png,Cardiomegaly,0.0,0.00108814
00014976_003.png,Effusion,0.0,0.00106144
00014976_003.png,Cardiomegaly,0.0,0.00105095
00023176_017.png,Atelectasis,0.8875808712145498,0.23877
00023176_017.png,Infiltration,0.014335117388263,0.217529
00023176_017.png,Cardiomegaly,0.138024720612365,0.0761719
00023176_017.png,Cardiomegaly,0.0217129263852628,0.0611877
00023176_017.png,Effusion,0.010539048917512164,0.032135
00023176_017.png,Cardiomegaly,0.07347786332084046,0.0263367
00023176_017.png,Cardiomegaly,0.04229278437004658,0.0200348
00023176_017.png,Effusion,0.0,0.0157471
00023176_017.png,Atelectasis,0.5711753767474146,0.0121002
00023176_017.png,Infiltration,0.2341161814254524,0.0119019
00023176_017.png,Infiltration,0.3016092936206462,0.0117493
00023176_017.png,Cardiomegaly,0.3557373706253178,0.0101852
00023176_017.png,Cardiomegaly,0.07413237408475364,0.00913239
00023176_017.png,Cardiomegaly,0.02662328208512581,0.00601959
00023176_017.png,Infiltration,0.030078959920276992,0.00411606
00023176_017.png,Effusion,0.0029214982087687105,0.00406647
00023176_017.png,Effusion,0.0,0.00379753
00023176_017.png,Mass,0.0,0.00374794
00023176_017.png,Cardiomegaly,0.0,0.00350571
00023176_017.png,Infiltration,0.16391713759057738,0.00312233
00023176_017.png,Effusion,0.026761907961153887,0.00307465
00023176_017.png,Cardiomegaly,0.0,0.00291634
00023176_017.png,Infiltration,0.16347104326869105,0.00290108
00023176_017.png,Infiltration,0.09671877961910441,0.00274277
00023176_017.png,Atelectasis,0.3605329901681241,0.00269699
00023176_017.png,Mass,0.0,0.00263786
00023176_017.png,Infiltration,0.03970020742445763,0.00261116
00023176_017.png,Effusion,0.8416158546191556,0.002491
00023176_017.png,Infiltration,0.0,0.00232124
00023176_017.png,Atelectasis,0.016091455412841935,0.00223541
00023176_017.png,Effusion,0.06611943378593374,0.00222969
00023176_017.png,Cardiomegaly,0.12244470505881341,0.00214958
00023176_017.png,Effusion,0.0,0.00197983
00023176_017.png,Effusion,0.0,0.00196648
00023176_017.png,Infiltration,0.8416158546191556,0.00189686
00023176_017.png,Infiltration,0.09054326651702153,0.0018959
00023176_017.png,Infiltration,0.07119718889597497,0.00187683
00023176_017.png,Infiltration,0.14490977393262502,0.00185204
00023176_017.png,Infiltration,0.10168699673983128,0.0018301
00023176_017.png,Mass,0.016091455412841935,0.00182247
00023176_017.png,Cardiomegaly,0.5711753767474146,0.00176811
00023176_017.png,Mass,0.0,0.00172806
00023176_017.png,Cardiomegaly,0.015507176724113343,0.00167751
00023176_017.png,Cardiomegaly,0.1081282082648532,0.00167274
00023176_017.png,Cardiomegaly,0.0,0.00164413
00023176_017.png,Mass,0.10607744074891452,0.00155354
00023176_017.png,Infiltration,0.2616975449421674,0.00152397
00023176_017.png,Infiltration,0.5585758318353694,0.00146008
00023176_017.png,Mass,0.8416158546191556,0.001441
00023176_017.png,Infiltration,0.0,0.00136662
00023176_017.png,Cardiomegaly,0.0,0.0013485
00023176_017.png,Effusion,0.04639556728599245,0.00128746
00023176_017.png,Infiltration,0.67334885231501,0.00125027
00023176_017.png,Infiltration,0.40197504006900653,0.00124931
00023176_017.png,Infiltration,0.4921182312097433,0.00120544
00023176_017.png,Infiltration,0.05546720388053474,0.00120068
00023176_017.png,Effusion,0.025378088246819926,0.00117016
00023176_017.png,Cardiomegaly,0.8416158546191556,0.00115204
00023176_017.png,Cardiomegaly,0.0,0.00114059
00023176_017.png,Mass,0.0,0.00112152
00023176_017.png,Cardiomegaly,0.0,0.00105
00023176_017.png,Effusion,0.0,0.00101757
00019373_058.png,Effusion,0.8973242021028949,0.739258
00019373_058.png,Effusion,0.0,0.682129
00019373_058.png,Effusion,0.0,0.453125
00019373_058.png,Effusion,0.0,0.289062
00019373_058.png,Infiltration,0.0,0.107361
00019373_058.png,Atelectasis,0.021578842484332218,0.10376
00019373_058.png,Effusion,0.6236109429658573,0.0585632
00019373_058.png,Infiltration,0.0,0.0527344
00019373_058.png,Effusion,0.45709025235714185,0.0268707
00019373_058.png,Infiltration,0.0,0.024826
00019373_058.png,Effusion,0.0,0.0241547
00019373_058.png,Infiltration,0.0,0.0209198
00019373_058.png,Infiltration,0.0,0.0142136
00019373_058.png,Effusion,0.2366636020546224,0.00895691
00019373_058.png,Mass,0.0,0.00814819
00019373_058.png,Infiltration,0.0,0.00783539
00019373_058.png,Effusion,0.0,0.00661087
00019373_058.png,Mass,0.9357812817970752,0.00613022
00019373_058.png,Infiltration,0.0,0.00589752
00019373_058.png,Cardiomegaly,0.9290819850446195,0.00518799
00019373_058.png,Infiltration,0.0,0.00507736
00019373_058.png,Effusion,0.10644260364857207,0.00476074
00019373_058.png,Infiltration,0.0,0.00458908
00019373_058.png,Infiltration,0.0,0.00458527
00019373_058.png,Effusion,0.18491307350128516,0.00445557
00019373_058.png,Effusion,0.17148411869034322,0.00395203
00019373_058.png,Effusion,0.0,0.00352859
00019373_058.png,Infiltration,0.0,0.00350952
00019373_058.png,Infiltration,0.0,0.00346565
00019373_058.png,Effusion,0.0,0.00335503
00019373_058.png,Atelectasis,0.006777067978342171,0.00331116
00019373_058.png,Effusion,0.021950684572556695,0.00330162
00019373_058.png,Cardiomegaly,0.0,0.00308418
00019373_058.png,Effusion,0.09742925894391717,0.00281334
00019373_058.png,Effusion,0.07055816169706029,0.00277519
00019373_058.png,Atelectasis,0.0,0.00276947
00019373_058.png,Effusion,0.3046926009763926,0.00276756
00019373_058.png,Infiltration,0.0,0.00272179
00019373_058.png,Infiltration,0.9357812817970752,0.00258827
00019373_058.png,Mass,0.0,0.00248909
00019373_058.png,Effusion,0.10505256294036558,0.00236511
00019373_058.png,Infiltration,0.0,0.00225449
00019373_058.png,Cardiomegaly,0.0,0.00190735
00019373_058.png,Effusion,0.10529898675013163,0.00188446
00019373_058.png,Infiltration,0.0,0.00188255
00019373_058.png,Effusion,0.0,0.00184917
00019373_058.png,Effusion,0.5602931637080304,0.00183582
00019373_058.png,Effusion,0.0,0.00177574
00019373_058.png,Mass,0.4477277298464661,0.00173473
00019373_058.png,Effusion,0.0,0.00165749
00019373_058.png,Atelectasis,0.0,0.00161743
00019373_058.png,Effusion,0.0,0.00160027
00019373_058.png,Mass,0.20171551041468944,0.001544
00019373_058.png,Infiltration,0.0,0.00153923
00019373_058.png,Infiltration,0.021146163279562175,0.0015316
00019373_058.png,Effusion,0.11623171599669818,0.00144005
00019373_058.png,Effusion,0.17944424906074105,0.00143528
00019373_058.png,Infiltration,0.0,0.00142193
00019373_058.png,Infiltration,0.0,0.0013752
00019373_058.png,Cardiomegaly,0.4477277298464661,0.0013628
00019373_058.png,Infiltration,0.0,0.00135517
00019373_058.png,Infiltration,0.0,0.00134754
00019373_058.png,Mass,0.021146163279562175,0.00126743
00019373_058.png,Infiltration,0.0,0.00125694
00019373_058.png,Atelectasis,0.8667943010555585,0.0012455
00019373_058.png,Infiltration,0.0,0.00120926
00019373_058.png,Mass,0.0,0.001194
00019373_058.png,Cardiomegaly,0.0,0.00113678
00019373_058.png,Mass,0.0,0.00112915
00019373_058.png,Cardiomegaly,0.0,0.00111294
00019373_058.png,Cardiomegaly,0.021146163279562175,0.00111198
00019373_058.png,Consolidation,0.0,0.00109959
00019373_058.png,Effusion,0.0,0.0010891
00019373_058.png,Effusion,0.0,0.00107765
00019373_058.png,Effusion,0.12773978585814116,0.0010643
00019373_058.png,Infiltration,0.0,0.00104141
00019373_058.png,Infiltration,0.0,0.00104046
00019373_058.png,Fibrosis,0.9111723679928622,0.00102234
00019373_058.png,Consolidation,0.9034062366483553,0.00101852
00019373_058.png,Cardiomegaly,0.4256237480281612,0.00101662
00004968_004.png,Effusion,0.034291740247910416,0.09552
00004968_004.png,Cardiomegaly,0.0,0.0523682
00004968_004.png,Atelectasis,0.0,0.0419006
00004968_004.png,Infiltration,0.0,0.0256348
00004968_004.png,Effusion,0.0,0.0226898
00004968_004.png,Effusion,0.0,0.022644
00004968_004.png,Cardiomegaly,0.12338046597333553,0.0148544
00004968_004.png,Infiltration,0.0,0.00951385
00004968_004.png,Cardiomegaly,0.0,0.00771713
00004968_004.png,Cardiomegaly,0.0,0.00597382
00004968_004.png,Effusion,0.0,0.00590515
00004968_004.png,Infiltration,0.7531762038406782,0.00494003
00004968_004.png,Effusion,0.0,0.00365448
00004968_004.png,Atelectasis,0.0,0.00362206
00004968_004.png,Infiltration,0.6032987734211632,0.00344276
00004968_004.png,Effusion,0.0,0.00342178
00004968_004.png,Cardiomegaly,0.0,0.00332642
00004968_004.png,Infiltration,0.08054208924077688,0.00313759
00004968_004.png,Cardiomegaly,0.0,0.00271416
00004968_004.png,Infiltration,0.0,0.00252914
00004968_004.png,Effusion,0.0,0.00246048
00004968_004.png,Infiltration,0.19627534915211517,0.00237846
00004968_004.png,Cardiomegaly,0.0,0.00225067
00004968_004.png,Infiltration,0.0,0.00223732
00004968_004.png,Infiltration,0.6489522435370654,0.00214958
00004968_004.png,Infiltration,0.5547776907128902,0.00204659
00004968_004.png,Cardiomegaly,0.17443742564719605,0.00203133
00004968_004.png,Cardiomegaly,0.1468083273971821,0.0019474
00004968_004.png,Cardiomegaly,0.0,0.00190926
00004968_004.png,Infiltration,0.0,0.00183296
00004968_004.png,Cardiomegaly,0.13811896440467664,0.00179005
00004968_004.png,Mass,0.0,0.00172329
00004968_004.png,Cardiomegaly,0.058339095829139584,0.00164509
00004968_004.png,Infiltration,0.0,0.00152969
00004968_004.png,Cardiomegaly,0.08054208924077688,0.00152779
00004968_004.png,Cardiomegaly,0.0,0.00151634
00004968_004.png,Cardiomegaly,0.0,0.00144005
00004968_004.png,Infiltration,0.0,0.00140285
00004968_004.png,Atelectasis,0.10271351700397924,0.0013752
00004968_004.png,Cardiomegaly,0.0,0.00134659
00004968_004.png,Effusion,0.0,0.00132275
00004968_004.png,Cardiomegaly,0.13348391600500156,0.00131893
00004968_004.png,Atelectasis,0.0,0.00128746
00004968_004.png,Infiltration,0.0,0.00126743
00004968_004.png,Infiltration,0.39394173855798653,0.00125504
00004968_004.png,Effusion,0.0,0.00124073
00004968_004.png,Cardiomegaly,0.0,0.0012207
00004968_004.png,Infiltration,0.0,0.00116348
00004968_004.png,Cardiomegaly,0.0,0.00111389
00004968_004.png,Infiltration,0.0,0.00106812
00004968_004.png,Effusion,0.0,0.00106716
00004968_004.png,Mass,0.0,0.00104523
00004968_004.png,Infiltration,0.0,0.00104046
00000344_003.png,Cardiomegaly,0.0,0.184082
00000344_003.png,Cardiomegaly,0.14100620237459066,0.0541077
00000344_003.png,Cardiomegaly,0.0,0.0443115
00000344_003.png,Infiltration,0.0,0.0426941
00000344_003.png,Cardiomegaly,0.0,0.0423279
00000344_003.png,Infiltration,0.0,0.0287323
00000344_003.png,Cardiomegaly,0.0,0.0229492
00000344_003.png,Cardiomegaly,0.0,0.0172577
00000344_003.png,Infiltration,0.0,0.0166168
00000344_003.png,Cardiomegaly,0.0,0.0124664
00000344_003.png,Infiltration,0.0,0.0119934
00000344_003.png,Cardiomegaly,0.007024187165582173,0.0115585
00000344_003.png,Cardiomegaly,0.0,0.00991821
00000344_003.png,Cardiomegaly,0.27983156488448013,0.00896454
00000344_003.png,Atelectasis,0.0,0.00775146
00000344_003.png,Cardiomegaly,0.20231912533602833,0.00677872
00000344_003.png,Cardiomegaly,0.0,0.00466919
00000344_003.png,Infiltration,0.0,0.00453186
00000344_003.png,Cardiomegaly,0.020473011972809856,0.00440216
00000344_003.png,Cardiomegaly,0.20262042782123577,0.00348854
00000344_003.png,Effusion,0.0,0.00268173
00000344_003.png,Cardiomegaly,0.07973856905027815,0.00266266
00000344_003.png,Cardiomegaly,0.12650864194250966,0.00234413
00000344_003.png,Infiltration,0.0,0.00221062
00000344_003.png,Cardiomegaly,0.0,0.00208282
00000344_003.png,Cardiomegaly,0.0,0.00198936
00000344_003.png,Infiltration,0.0,0.00194263
00000344_003.png,Cardiomegaly,0.020379135742671018,0.00191307
00000344_003.png,Atelectasis,0.0,0.0018816
00000344_003.png,Cardiomegaly,0.0,0.00177574
00000344_003.png,Cardiomegaly,0.16352876905005523,0.00171661
00000344_003.png,Infiltration,0.0,0.0017004
00000344_003.png,Effusion,0.0,0.00165939
00000344_003.png,Cardiomegaly,0.0,0.00157928
00000344_003.png,Cardiomegaly,0.07958778248660876,0.00157738
00000344_003.png,Infiltration,0.0,0.0015564
00000344_003.png,Infiltration,0.0,0.00150681
00000344_003.png,Infiltration,0.0,0.00150585
00000344_003.png,Cardiomegaly,0.0,0.00150299
00000344_003.png,Infiltration,0.0,0.00149536
00000344_003.png,Infiltration,0.0,0.0014143
00000344_003.png,Cardiomegaly,0.0,0.00140381
00000344_003.png,Infiltration,0.0,0.00133419
00000344_003.png,Cardiomegaly,0.0,0.00128078
00000344_003.png,Infiltration,0.0,0.00126457
00000344_003.png,Infiltration,0.0,0.00125122
00000344_003.png,Cardiomegaly,0.0,0.00121784
00000344_003.png,Infiltration,0.0,0.001194
00000344_003.png,Cardiomegaly,0.0,0.00113487
00000344_003.png,Cardiomegaly,0.308410204770089,0.00110245
00000344_003.png,Cardiomegaly,0.0,0.00108814
00000344_003.png,Infiltration,0.0,0.00107384
00000344_003.png,Atelectasis,0.0,0.00107384
00000344_003.png,Cardiomegaly,0.0,0.00105762
00000344_003.png,Cardiomegaly,0.05001926158524397,0.00104523
00000344_003.png,Cardiomegaly,0.0,0.00103188
00000344_003.png,Mass,0.0,0.00102806
00027577_003.png,Cardiomegaly,0.0,0.218506
00027577_003.png,Infiltration,0.0,0.195923
00027577_003.png,Infiltration,0.0,0.104126
00027577_003.png,Infiltration,0.03936743910347297,0.0643311
00027577_003.png,Infiltration,0.0,0.0615845
00027577_003.png,Infiltration,0.0,0.0419922
00027577_003.png,Infiltration,0.0,0.0405273
00027577_003.png,Infiltration,0.0,0.0371704
00027577_003.png,Effusion,0.0,0.0349121
00027577_003.png,Atelectasis,0.0,0.0288696
00027577_003.png,Infiltration,8.649975261076695e-07,0.0215149
00027577_003.png,Infiltration,0.0,0.0205383
00027577_003.png,Cardiomegaly,0.0,0.0143051
00027577_003.png,Infiltration,0.0,0.0131836
00027577_003.png,Infiltration,0.0,0.0108109
00027577_003.png,Cardiomegaly,0.0,0.0101471
00027577_003.png,Infiltration,0.0,0.00962067
00027577_003.png,Infiltration,0.0,0.00906372
00027577_003.png,Atelectasis,0.0,0.00873566
00027577_003.png,Infiltration,0.0,0.00856781
00027577_003.png,Infiltration,0.0,0.00856018
00027577_003.png,Atelectasis,0.0,0.00848389
00027577_003.png,Infiltration,0.0,0.00843811
00027577_003.png,Cardiomegaly,0.0,0.00830078
00027577_003.png,Infiltration,0.0,0.00783539
00027577_003.png,Cardiomegaly,0.0,0.00604248
00027577_003.png,Atelectasis,0.029160253088083638,0.00590134
00027577_003.png,Infiltration,0.0,0.00564957
00027577_003.png,Infiltration,0.01510422694129573,0.00490189
00027577_003.png,Effusion,0.0,0.00485611
00027577_003.png,Cardiomegaly,0.0,0.00483322
00027577_003.png,Infiltration,0.0,0.00471878
00027577_003.png,Infiltration,0.0,0.00405884
00027577_003.png,Infiltration,0.046100157620010046,0.00359344
00027577_003.png,Effusion,0.0,0.00357056
00027577_003.png,Infiltration,0.0,0.00348473
00027577_003.png,Atelectasis,0.0,0.00335121
00027577_003.png,Cardiomegaly,0.0,0.00325203
00027577_003.png,Atelectasis,0.0,0.00307083
00027577_003.png,Cardiomegaly,0.0,0.00299263
00027577_003.png,Infiltration,0.0,0.00289726
00027577_003.png,Infiltration,0.0,0.00281143
00027577_003.png,Infiltration,0.0,0.0027523
00027577_003.png,Infiltration,0.0,0.00264931
00027577_003.png,Infiltration,0.0,0.00257111
00027577_003.png,Cardiomegaly,0.0,0.00228691
00027577_003.png,Cardiomegaly,0.0,0.00220108
00027577_003.png,Effusion,0.0,0.00204468
00027577_003.png,Infiltration,0.0,0.00178146
00027577_003.png,Infiltration,0.0,0.00173855
00027577_003.png,Infiltration,0.08119888997338556,0.00173569
00027577_003.png,Cardiomegaly,0.47124256375839546,0.00172329
00027577_003.png,Effusion,0.0,0.00161839
00027577_003.png,Infiltration,0.0,0.00158024
00027577_003.png,Atelectasis,0.0,0.00150394
00027577_003.png,Atelectasis,0.0,0.00142956
00027577_003.png,Cardiomegaly,0.15763324559968467,0.00138855
00027577_003.png,Infiltration,0.0,0.00136375
00027577_003.png,Infiltration,0.03775662681541933,0.00133419
00027577_003.png,Atelectasis,0.0,0.00133324
00027577_003.png,Cardiomegaly,0.226400082679208,0.00131798
00027577_003.png,Infiltration,0.0,0.00130177
00027577_003.png,Infiltration,0.0,0.00127888
00027577_003.png,Infiltration,0.0,0.00127792
00027577_003.png,Infiltration,0.0,0.00125122
00027577_003.png,Effusion,0.0,0.00122356
00027577_003.png,Infiltration,0.025477333172318047,0.00116253
00027577_003.png,Cardiomegaly,0.0,0.00109863
00027577_003.png,Mass,0.0,0.00106525
00017178_007.png,Infiltration,7.458212698679703e-05,0.337158
00017178_007.png,Effusion,0.1078583841722837,0.114685
00017178_007.png,Cardiomegaly,0.0022539298077292992,0.0897217
00017178_007.png,Effusion,0.04196245790792971,0.0670776
00017178_007.png,Atelectasis,0.6844333737497011,0.0333557
00017178_007.png,Effusion,0.259971277351129,0.0309753
00017178_007.png,Cardiomegaly,0.0,0.0300903
00017178_007.png,Cardiomegaly,0.0,0.0210724
00017178_007.png,Infiltration,0.008031650782286359,0.0181732
00017178_007.png,Infiltration,0.0,0.0181427
00017178_007.png,Cardiomegaly,0.0,0.0149384
00017178_007.png,Cardiomegaly,0.0,0.0139236
00017178_007.png,Infiltration,0.05795834560045035,0.0135651
00017178_007.png,Infiltration,0.026277061822098904,0.0129547
00017178_007.png,Infiltration,0.048882368921619096,0.0120087
00017178_007.png,Effusion,0.0,0.0115204
00017178_007.png,Cardiomegaly,0.0,0.0111389
00017178_007.png,Cardiomegaly,0.010254566835248976,0.0108795
00017178_007.png,Infiltration,0.0,0.0106888
00017178_007.png,Infiltration,0.0,0.0103226
00017178_007.png,Infiltration,0.09476661982088597,0.00991821
00017178_007.png,Cardiomegaly,0.11095103866696367,0.00954437
00017178_007.png,Mass,0.0,0.00871277
00017178_007.png,Infiltration,0.0,0.00843811
00017178_007.png,Mass,0.0,0.00839233
00017178_007.png,Effusion,0.0,0.0076561
00017178_007.png,Infiltration,0.0,0.00732803
00017178_007.png,Infiltration,0.0,0.00653458
00017178_007.png,Cardiomegaly,0.0,0.00601959
00017178_007.png,Cardiomegaly,0.048882368921619096,0.00598145
00017178_007.png,Effusion,0.09265125078508446,0.00541306
00017178_007.png,Infiltration,0.0,0.00486374
00017178_007.png,Effusion,0.013588811913069612,0.00476074
00017178_007.png,Cardiomegaly,0.0,0.00474548
00017178_007.png,Infiltration,0.0,0.00457382
00017178_007.png,Cardiomegaly,0.0,0.00439072
00017178_007.png,Atelectasis,0.43212783430703133,0.0042038
00017178_007.png,Infiltration,0.0,0.0039444
00017178_007.png,Effusion,0.11095103866696367,0.0039444
00017178_007.png,Infiltration,0.010666420576559784,0.00385094
00017178_007.png,Infiltration,0.1078583841722837,0.00368118
00017178_007.png,Infiltration,0.43574002576869547,0.00365829
00017178_007.png,Infiltration,0.0,0.00357819
00017178_007.png,Infiltration,0.0,0.00329208
00017178_007.png,Cardiomegaly,0.0,0.00314522
00017178_007.png,Infiltration,0.019781798135232932,0.00288773
00017178_007.png,Infiltration,0.4618816966510694,0.00258636
00017178_007.png,Cardiomegaly,0.0,0.00257874
00017178_007.png,Atelectasis,0.20912551028756307,0.00255775
00017178_007.png,Atelectasis,0.010996538488529557,0.00246239
00017178_007.png,Cardiomegaly,0.1027493390732334,0.00220108
00017178_007.png,Effusion,0.0,0.00202942
00017178_007.png,Effusion,0.018549918667583785,0.00196075
00017178_007.png,Cardiomegaly,0.0,0.00185204
00017178_007.png,Infiltration,0.0036319842094620788,0.00182152
00017178_007.png,Effusion,0.0,0.00182152
00017178_007.png,Cardiomegaly,0.0,0.00180721
00017178_007.png,Effusion,0.006656312753157464,0.00179195
00017178_007.png,Infiltration,0.011159047947948017,0.00178337
00017178_007.png,Cardiomegaly,0.0,0.00172615
00017178_007.png,Mass,0.0,0.00172234
00017178_007.png,Cardiomegaly,0.0027636203279142717,0.00170708
00017178_007.png,Cardiomegaly,0.04222021303188394,0.00169659
00017178_007.png,Atelectasis,0.4212092918894768,0.00166893
00017178_007.png,Effusion,0.0,0.00163174
00017178_007.png,Infiltration,0.15045607656028406,0.00159359
00017178_007.png,Mass,0.0,0.00158215
00017178_007.png,Mass,0.0,0.00153542
00017178_007.png,Cardiomegaly,0.0,0.00151157
00017178_007.png,Mass,0.04222021303188394,0.00149441
00017178_007.png,Mass,0.0,0.00148869
00017178_007.png,Effusion,0.0,0.00148582
00017178_007.png,Effusion,0.0,0.00146961
00017178_007.png,Infiltration,0.23104236374282225,0.00138092
00017178_007.png,Mass,0.0,0.00136566
00017178_007.png,Effusion,0.0,0.00126934
00017178_007.png,Effusion,0.0,0.0012331
00017178_007.png,Infiltration,0.08488824215580973,0.00122738
00017178_007.png,Infiltration,0.0,0.00116634
00017178_007.png,Mass,0.010996538488529557,0.00116539
00017178_007.png,Infiltration,0.36539578070238116,0.00112915
00017178_007.png,Cardiomegaly,0.0,0.00108624
00017178_007.png,Cardiomegaly,0.05819629005174003,0.00106335
00017178_007.png,Cardiomegaly,0.11650968949007179,0.00104427
00017178_007.png,Cardiomegaly,0.0,0.00102997
00019089_004.png,Cardiomegaly,0.0,0.0962524
00019089_004.png,Mass,0.0,0.0192413
00019089_004.png,Cardiomegaly,0.25777051454600675,0.0176544
00019089_004.png,Effusion,0.0,0.0155792
00019089_004.png,Effusion,0.01052851319819336,0.0148773
00019089_004.png,Infiltration,0.0,0.00961304
00019089_004.png,Atelectasis,0.2423440157936354,0.00961304
00019089_004.png,Infiltration,0.0,0.00948334
00019089_004.png,Infiltration,0.0,0.0059967
00019089_004.png,Infiltration,0.23409350652191951,0.00557709
00019089_004.png,Infiltration,0.0,0.00511551
00019089_004.png,Cardiomegaly,0.0,0.00450516
00019089_004.png,Infiltration,0.0,0.00440216
00019089_004.png,Infiltration,0.0,0.00396347
00019089_004.png,Cardiomegaly,0.0,0.00379181
00019089_004.png,Effusion,0.0,0.00366402
00019089_004.png,Effusion,0.0,0.00342751
00019089_004.png,Effusion,0.0,0.00318146
00019089_004.png,Effusion,0.0,0.00275612
00019089_004.png,Effusion,0.0,0.00262833
00019089_004.png,Infiltration,0.0,0.00255585
00019089_004.png,Cardiomegaly,0.0,0.00255585
00019089_004.png,Effusion,0.0,0.00248337
00019089_004.png,Cardiomegaly,0.0,0.00231361
00019089_004.png,Infiltration,0.0,0.00208855
00019089_004.png,Infiltration,0.06612894948273532,0.0020771
00019089_004.png,Mass,0.0,0.00192928
00019089_004.png,Cardiomegaly,0.0,0.00181866
00019089_004.png,Effusion,0.06612894948273532,0.0017643
00019089_004.png,Cardiomegaly,0.27014944368860194,0.0016346
00019089_004.png,Infiltration,0.01052851319819336,0.00162125
00019089_004.png,Infiltration,0.0,0.00146866
00019089_004.png,Infiltration,0.01753704185727989,0.00143147
00019089_004.png,Cardiomegaly,0.0,0.00129318
00019089_004.png,Infiltration,0.0,0.00123501
00019089_004.png,Mass,0.0,0.00123119
00019089_004.png,Infiltration,0.27944851218873845,0.00117302
00019089_004.png,Infiltration,0.0,0.0011549
00019089_004.png,Cardiomegaly,0.0,0.00114536
00019089_004.png,Cardiomegaly,0.0,0.00109291
00019089_004.png,Effusion,0.0,0.00106621
00019089_004.png,Effusion,0.0,0.00104332
00019089_004.png,Cardiomegaly,0.0,0.00100613
00000732_005.png,Atelectasis,0.7563240821435183,0.238892
00000732_005.png,Infiltration,0.0,0.104492
00000732_005.png,Cardiomegaly,0.0,0.0664062
00000732_005.png,Infiltration,0.0,0.0281372
00000732_005.png,Mass,0.12862038319884025,0.0280762
00000732_005.png,Infiltration,0.0,0.0189972
00000732_005.png,Mass,0.0,0.0141678
00000732_005.png,Cardiomegaly,0.0,0.0111313
00000732_005.png,Infiltration,0.007559830580033232,0.010704
00000732_005.png,Cardiomegaly,0.0,0.0102768
00000732_005.png,Cardiomegaly,0.18900935196686988,0.0096817
00000732_005.png,Cardiomegaly,0.19158594867268233,0.00965881
00000732_005.png,Cardiomegaly,0.0,0.00947571
00000732_005.png,Cardiomegaly,0.0,0.00766373
00000732_005.png,Mass,0.17034124881754992,0.00663376
00000732_005.png,Mass,0.18900935196686988,0.00646591
00000732_005.png,Infiltration,0.0191058061291531,0.00571442
00000732_005.png,Infiltration,0.457080880337637,0.00399017
00000732_005.png,Infiltration,0.0,0.00389481
00000732_005.png,Cardiomegaly,0.0,0.0034523
00000732_005.png,Infiltration,0.0,0.00342178
00000732_005.png,Cardiomegaly,0.0,0.00338936
00000732_005.png,Mass,0.5386221217180531,0.00312996
00000732_005.png,Cardiomegaly,0.0,0.00312614
00000732_005.png,Effusion,0.0,0.0031147
00000732_005.png,Effusion,0.7635171703329998,0.00272369
00000732_005.png,Mass,0.0,0.0026207
00000732_005.png,Cardiomegaly,0.0,0.00248528
00000732_005.png,Cardiomegaly,0.0,0.00246239
00000732_005.png,Cardiomegaly,0.0,0.00239754
00000732_005.png,Cardiomegaly,0.0,0.00230026
00000732_005.png,Infiltration,0.7363216255087207,0.00226021
00000732_005.png,Infiltration,0.38621044400373755,0.00223541
00000732_005.png,Infiltration,0.29654281906040564,0.00215912
00000732_005.png,Mass,0.7635171703329998,0.00209236
00000732_005.png,Cardiomegaly,0.0,0.00207901
00000732_005.png,Cardiomegaly,0.0,0.00187016
00000732_005.png,Cardiomegaly,0.0,0.0018549
00000732_005.png,Cardiomegaly,0.0,0.00183105
00000732_005.png,Infiltration,0.5721020921264194,0.00173855
00000732_005.png,Mass,0.21161415702353592,0.00162125
00000732_005.png,Cardiomegaly,0.0,0.00158215
00000732_005.png,Infiltration,0.0,0.00146008
00000732_005.png,Cardiomegaly,0.21161415702353592,0.0013628
00000732_005.png,Mass,0.5754401229110478,0.00135231
00000732_005.png,Cardiomegaly,0.20038169479333076,0.00128078
00000732_005.png,Cardiomegaly,0.0,0.00127697
00000732_005.png,Infiltration,0.0,0.0012598
00000732_005.png,Effusion,0.0,0.00122547
00000732_005.png,Cardiomegaly,0.17622231738583027,0.00113487
00000732_005.png,Mass,0.20038169479333076,0.00112724
00000732_005.png,Pneumonia,0.7635171703329998,0.00110722
00000732_005.png,Infiltration,0.0014007330104579589,0.00110149
00000732_005.png,Cardiomegaly,0.0,0.00108242
00000732_005.png,Cardiomegaly,0.0,0.00108147
00000732_005.png,Infiltration,0.2560728686792454,0.00106049
00000732_005.png,Cardiomegaly,0.7635171703329998,0.00101757
00000732_005.png,Cardiomegaly,0.0,0.00101185
00000732_005.png,Infiltration,0.24453894004943721,0.00100994
00000047_005.png,Infiltration,0.0,0.113037
00000047_005.png,Infiltration,0.0,0.0921631
00000047_005.png,Infiltration,0.0,0.0791626
00000047_005.png,Mass,0.0,0.069519
00000047_005.png,Mass,0.0,0.0617065
00000047_005.png,Infiltration,0.0,0.0571899
00000047_005.png,Infiltration,0.0,0.0192108
00000047_005.png,Infiltration,0.0,0.0185547
00000047_005.png,Effusion,0.0,0.0169067
00000047_005.png,Infiltration,0.0,0.0152283
00000047_005.png,Infiltration,0.0,0.0121994
00000047_005.png,Cardiomegaly,0.0,0.0112534
00000047_005.png,Mass,0.0,0.0101624
00000047_005.png,Infiltration,0.0,0.00991821
00000047_005.png,Effusion,0.0,0.00918579
00000047_005.png,Mass,0.0,0.00878143
00000047_005.png,Mass,0.0,0.00862885
00000047_005.png,Atelectasis,0.0,0.00827026
00000047_005.png,Infiltration,0.0,0.00789642
00000047_005.png,Infiltration,0.0,0.00715637
00000047_005.png,Infiltration,0.0,0.00629425
00000047_005.png,Cardiomegaly,0.0,0.00569534
00000047_005.png,Mass,0.0,0.00566101
00000047_005.png,Infiltration,0.0,0.00482941
00000047_005.png,Effusion,0.0,0.00471115
00000047_005.png,Infiltration,0.0,0.00443268
00000047_005.png,Infiltration,0.0,0.00428772
00000047_005.png,Cardiomegaly,0.0,0.0039444
00000047_005.png,Cardiomegaly,0.0,0.00392151
00000047_005.png,Cardiomegaly,0.0,0.00378036
00000047_005.png,Effusion,0.0,0.00362206
00000047_005.png,Mass,0.0,0.00349998
00000047_005.png,Cardiomegaly,0.0,0.00317001
00000047_005.png,Infiltration,0.0,0.00305939
00000047_005.png,Infiltration,0.0,0.00279427
00000047_005.png,Infiltration,0.0,0.00277138
00000047_005.png,Mass,0.0,0.00261879
00000047_005.png,Cardiomegaly,0.0,0.00225639
00000047_005.png,Cardiomegaly,0.0,0.00218964
00000047_005.png,Effusion,0.0,0.00199127
00000047_005.png,Infiltration,0.0,0.00189686
00000047_005.png,Cardiomegaly,0.0,0.00187206
00000047_005.png,Infiltration,0.0,0.00182056
00000047_005.png,Cardiomegaly,0.0,0.00170708
00000047_005.png,Infiltration,0.0,0.00163937
00000047_005.png,Mass,0.0,0.00161743
00000047_005.png,Infiltration,0.0,0.00158882
00000047_005.png,Effusion,0.0,0.00156498
00000047_005.png,Effusion,0.0,0.0014267
00000047_005.png,Effusion,0.0,0.00141716
00000047_005.png,Infiltration,0.0,0.00136662
00000047_005.png,Infiltration,0.0,0.00135422
00000047_005.png,Mass,0.0,0.00129223
00000047_005.png,Infiltration,0.0,0.00126839
00000047_005.png,Infiltration,0.0,0.00123024
00000047_005.png,Cardiomegaly,0.0,0.00121975
00000047_005.png,Infiltration,0.0,0.0011301
00000047_005.png,Infiltration,0.0,0.00112724
00000047_005.png,Effusion,0.0,0.00111485
00000047_005.png,Cardiomegaly,0.0,0.00108528
00000047_005.png,Effusion,0.0,0.0010519
00000047_005.png,Mass,0.0,0.00103092
00000047_005.png,Effusion,0.0,0.00100899
00012376_010.png,Effusion,0.06261817475968817,0.54248
00012376_010.png,Effusion,0.11248106717375353,0.444336
00012376_010.png,Effusion,0.07281031122020963,0.263916
00012376_010.png,Effusion,0.1162232541653725,0.123535
00012376_010.png,Cardiomegaly,0.013122135298050184,0.0958252
00012376_010.png,Atelectasis,0.06049091924040581,0.0705566
00012376_010.png,Mass,0.6577620181226351,0.0497742
00012376_010.png,Infiltration,0.0,0.0441589
00012376_010.png,Infiltration,0.0,0.0361938
00012376_010.png,Atelectasis,0.08105970015859477,0.0241547
00012376_010.png,Cardiomegaly,0.0,0.0141296
00012376_010.png,Infiltration,0.0,0.0135193
00012376_010.png,Infiltration,0.0,0.00894928
00012376_010.png,Infiltration,0.08170119811849366,0.00697708
00012376_010.png,Cardiomegaly,0.02010268684900421,0.00623322
00012376_010.png,Mass,0.07210567434740503,0.00548172
00012376_010.png,Effusion,0.07778572981391425,0.00540543
00012376_010.png,Atelectasis,0.06261817475968817,0.00534821
00012376_010.png,Mass,0.589903205505087,0.00507736
00012376_010.png,Infiltration,0.08763793522581878,0.00505829
00012376_010.png,Cardiomegaly,0.0,0.00496674
00012376_010.png,Cardiomegaly,0.0,0.00461197
00012376_010.png,Effusion,0.09788600665233617,0.00436783
00012376_010.png,Mass,0.44989266894101915,0.00432205
00012376_010.png,Infiltration,0.0,0.00416946
00012376_010.png,Infiltration,0.0,0.00379944
00012376_010.png,Cardiomegaly,0.0,0.0037632
00012376_010.png,Cardiomegaly,0.0,0.00363731
00012376_010.png,Infiltration,0.0,0.00348854
00012376_010.png,Mass,0.695090787809684,0.00341797
00012376_010.png,Infiltration,0.0,0.00337029
00012376_010.png,Effusion,0.03991810942082093,0.00328064
00012376_010.png,Infiltration,0.0,0.00325775
00012376_010.png,Cardiomegaly,0.0,0.00319862
00012376_010.png,Infiltration,0.06352065925633926,0.00310516
00012376_010.png,Mass,0.22110378401954328,0.00306702
00012376_010.png,Infiltration,0.06641891600226815,0.0030117
00012376_010.png,Effusion,0.035538499086466134,0.00299454
00012376_010.png,Cardiomegaly,0.02358532330077304,0.00295448
00012376_010.png,Cardiomegaly,0.03878903605062374,0.0026741
00012376_010.png,Infiltration,0.06833216757240544,0.00259399
00012376_010.png,Infiltration,0.11170772452346016,0.0025425
00012376_010.png,Infiltration,0.0,0.00252914
00012376_010.png,Cardiomegaly,0.0,0.00243568
00012376_010.png,Cardiomegaly,0.11248106717375353,0.00241852
00012376_010.png,Cardiomegaly,0.0,0.00234413
00012376_010.png,Infiltration,0.08451482577618595,0.00218391
00012376_010.png,Effusion,0.19166278615391552,0.00217819
00012376_010.png,Effusion,0.029138171157069293,0.00216675
00012376_010.png,Mass,0.3482289920168618,0.00203133
00012376_010.png,Cardiomegaly,0.0644871513303521,0.00199509
00012376_010.png,Effusion,0.007448952783894225,0.00197411
00012376_010.png,Cardiomegaly,0.0,0.00189209
00012376_010.png,Infiltration,0.0,0.00186348
00012376_010.png,Infiltration,0.0,0.00181007
00012376_010.png,Atelectasis,0.10615005338159814,0.00176239
00012376_010.png,Mass,0.0,0.00165939
00012376_010.png,Effusion,0.018364243493401697,0.00159454
00012376_010.png,Effusion,0.08397355546006363,0.00158501
00012376_010.png,Mass,0.5500721144456001,0.00154305
00012376_010.png,Cardiomegaly,0.0,0.00152683
00012376_010.png,Infiltration,0.11308256047550158,0.0014677
00012376_010.png,Effusion,0.16993012475912425,0.00146389
00012376_010.png,Infiltration,0.07924210194589425,0.00141811
00012376_010.png,Cardiomegaly,0.06938453969201933,0.00140858
00012376_010.png,Infiltration,0.0,0.00139809
00012376_010.png,Infiltration,0.020806866608295654,0.00137234
00012376_010.png,Infiltration,0.16993012475912425,0.00132179
00012376_010.png,Cardiomegaly,0.0,0.00130749
00012376_010.png,Atelectasis,0.06938453969201933,0.00128365
00012376_010.png,Infiltration,0.0,0.00127411
00012376_010.png,Infiltration,0.0,0.00124359
00012376_010.png,Infiltration,0.0,0.00124168
00012376_010.png,Infiltration,0.0,0.00116539
00012376_010.png,Infiltration,0.08055187711851026,0.00109196
00012376_010.png,Infiltration,0.0,0.00106621
00012376_010.png,Infiltration,0.08105970015859477,0.00105
00012376_010.png,Pleural_Thickening,0.06352065925633926,0.00103664
00012376_010.png,Pneumonia,0.06261817475968817,0.00101376
00012376_010.png,Edema,0.06261817475968817,0.00101376
00016184_040.png,Atelectasis,0.020153201787106615,0.606934
00016184_040.png,Infiltration,0.0,0.163086
00016184_040.png,Cardiomegaly,0.03224439108891293,0.111389
00016184_040.png,Infiltration,0.0,0.0715332
00016184_040.png,Effusion,0.0,0.0441895
00016184_040.png,Cardiomegaly,0.0,0.0427246
00016184_040.png,Effusion,0.3592980035606428,0.036499
00016184_040.png,Infiltration,0.0,0.0344238
00016184_040.png,Infiltration,0.0,0.0197449
00016184_040.png,Cardiomegaly,0.0,0.0158691
00016184_040.png,Cardiomegaly,0.0,0.0155411
00016184_040.png,Infiltration,0.0,0.0151672
00016184_040.png,Infiltration,0.0,0.0145721
00016184_040.png,Effusion,0.0,0.0136108
00016184_040.png,Cardiomegaly,0.0,0.0130081
00016184_040.png,Cardiomegaly,0.019852368803326866,0.0116806
00016184_040.png,Cardiomegaly,0.0,0.0110931
00016184_040.png,Infiltration,0.0,0.00886536
00016184_040.png,Cardiomegaly,0.01969563670116622,0.00780106
00016184_040.png,Infiltration,0.0,0.0068512
00016184_040.png,Infiltration,0.01969563670116622,0.00626755
00016184_040.png,Effusion,0.0,0.00529099
00016184_040.png,Cardiomegaly,0.0,0.00463104
00016184_040.png,Cardiomegaly,0.0,0.00452042
00016184_040.png,Infiltration,0.003929989656879028,0.00442505
00016184_040.png,Infiltration,0.0,0.00406265
00016184_040.png,Atelectasis,0.0,0.00404358
00016184_040.png,Infiltration,0.0,0.00386429
00016184_040.png,Cardiomegaly,0.020323886911383045,0.00380325
00016184_040.png,Atelectasis,0.0009507811472502798,0.00363922
00016184_040.png,Cardiomegaly,0.0,0.00351715
00016184_040.png,Cardiomegaly,0.0,0.00328445
00016184_040.png,Cardiomegaly,0.0,0.00311279
00016184_040.png,Infiltration,0.0045868773847800295,0.00300598
00016184_040.png,Atelectasis,0.0,0.00281715
00016184_040.png,Cardiomegaly,0.0,0.00280571
00016184_040.png,Infiltration,0.0,0.00279045
00016184_040.png,Cardiomegaly,0.0,0.0027504
00016184_040.png,Effusion,0.0,0.00269318
00016184_040.png,Infiltration,0.0,0.00266266
00016184_040.png,Infiltration,0.016667933968324,0.00221443
00016184_040.png,Effusion,0.0,0.00219154
00016184_040.png,Infiltration,0.017316168107108922,0.00217247
00016184_040.png,Cardiomegaly,0.0,0.00215912
00016184_040.png,Effusion,0.0,0.00213051
00016184_040.png,Infiltration,0.0,0.00201035
00016184_040.png,Infiltration,0.0,0.00191784
00016184_040.png,Cardiomegaly,0.0,0.00185871
00016184_040.png,Infiltration,0.0,0.0018425
00016184_040.png,Infiltration,0.014440918664957687,0.00182343
00016184_040.png,Atelectasis,0.016667933968324,0.00181675
00016184_040.png,Atelectasis,0.010194017131456257,0.00179958
00016184_040.png,Cardiomegaly,0.0,0.00179005
00016184_040.png,Atelectasis,0.013313541154242776,0.00168991
00016184_040.png,Infiltration,0.0,0.00159359
00016184_040.png,Effusion,0.018452631390944503,0.0015173
00016184_040.png,Cardiomegaly,0.021246379359271265,0.00146008
00016184_040.png,Effusion,0.0,0.00136471
00016184_040.png,Cardiomegaly,0.0,0.00133801
00016184_040.png,Cardiomegaly,0.0,0.00133705
00016184_040.png,Atelectasis,0.014699133668933821,0.00133514
00016184_040.png,Infiltration,0.0,0.00132561
00016184_040.png,Infiltration,0.0,0.00131321
00016184_040.png,Mass,0.0,0.00129318
00016184_040.png,Infiltration,0.03138124056243193,0.00126839
00016184_040.png,Mass,0.0,0.00122833
00016184_040.png,Infiltration,0.0,0.00118732
00016184_040.png,Cardiomegaly,0.0,0.00118065
00016184_040.png,Cardiomegaly,0.01575791863144666,0.0011282
00016184_040.png,Cardiomegaly,0.011297611901849426,0.00109291
00016184_040.png,Infiltration,0.0,0.00100994
00018865_008.png,Infiltration,0.0,0.256104
00018865_008.png,Mass,0.347006755733316,0.220337
00018865_008.png,Mass,0.18527646065289308,0.216309
00018865_008.png,Mass,0.0,0.122925
00018865_008.png,Infiltration,0.0,0.0401611
00018865_008.png,Infiltration,0.0,0.036499
00018865_008.png,Mass,0.45283685825759173,0.0324097
00018865_008.png,Mass,0.0813020186512381,0.026062
00018865_008.png,Mass,0.0,0.0205536
00018865_008.png,Mass,0.06562947866890957,0.0150223
00018865_008.png,Infiltration,0.0,0.00869751
00018865_008.png,Infiltration,0.0,0.00835419
00018865_008.png,Mass,0.05941244425807239,0.00780106
00018865_008.png,Infiltration,0.0,0.00731659
00018865_008.png,Infiltration,0.0,0.00614166
00018865_008.png,Mass,0.0,0.0059967
00018865_008.png,Infiltration,0.0,0.00542068
00018865_008.png,Cardiomegaly,0.0,0.00513458
00018865_008.png,Infiltration,0.0,0.00443268
00018865_008.png,Mass,0.0,0.00437927
00018865_008.png,Infiltration,0.0,0.00427246
00018865_008.png,Mass,0.0,0.00408173
00018865_008.png,Infiltration,0.0,0.00383949
00018865_008.png,Mass,0.016465420655678,0.00345039
00018865_008.png,Infiltration,0.0,0.00334549
00018865_008.png,Mass,0.0,0.00319099
00018865_008.png,Mass,0.7310489814677579,0.0031414
00018865_008.png,Mass,0.16522252808728524,0.00300217
00018865_008.png,Infiltration,0.0,0.00297737
00018865_008.png,Mass,0.028444504248675975,0.00292397
00018865_008.png,Mass,0.0,0.00291252
00018865_008.png,Effusion,0.0,0.00283241
00018865_008.png,Infiltration,0.0,0.00279999
00018865_008.png,Infiltration,0.0,0.00251579
00018865_008.png,Infiltration,0.0,0.00209808
00018865_008.png,Infiltration,0.0,0.00204849
00018865_008.png,Mass,0.10279546281396068,0.00204277
00018865_008.png,Mass,0.02303302768254624,0.00204086
00018865_008.png,Mass,0.4092989628854218,0.00201797
00018865_008.png,Infiltration,0.0,0.00200844
00018865_008.png,Mass,0.0,0.00197411
00018865_008.png,Infiltration,0.0,0.00169277
00018865_008.png,Mass,0.4114517497352609,0.00167656
00018865_008.png,Cardiomegaly,0.0,0.00163364
00018865_008.png,Cardiomegaly,0.04200106702245792,0.00159359
00018865_008.png,Mass,0.07589848187669578,0.00153255
00018865_008.png,Mass,0.0,0.00148773
00018865_008.png,Mass,0.0,0.0014782
00018865_008.png,Mass,0.0,0.00142288
00018865_008.png,Mass,0.0,0.0013752
00018865_008.png,Mass,0.0,0.00133896
00018865_008.png,Cardiomegaly,0.04481847910060768,0.00133419
00018865_008.png,Mass,0.0,0.00132465
00018865_008.png,Mass,0.19512669388465248,0.00131702
00018865_008.png,Infiltration,0.0,0.00129986
00018865_008.png,Effusion,0.0,0.00129509
00018865_008.png,Effusion,0.0,0.00127792
00018865_008.png,Mass,0.0,0.00125599
00018865_008.png,Mass,0.016900362840443585,0.00121593
00018865_008.png,Infiltration,0.0,0.00116825
00018865_008.png,Mass,0.0,0.00116444
00018865_008.png,Mass,0.0,0.00107288
00018865_008.png,Mass,0.0,0.00105953
00018865_008.png,Infiltration,0.0,0.00102329
00018865_008.png,Cardiomegaly,0.0,0.00101566
00018865_008.png,Effusion,0.0,0.00100517
00000048_000.png,Atelectasis,0.0,0.0544128
00000048_000.png,Effusion,0.0,0.0206757
00000048_000.png,Mass,0.0,0.0186157
00000048_000.png,Mass,0.0,0.0143433
00000048_000.png,Cardiomegaly,0.0,0.00856781
00000048_000.png,Effusion,0.0,0.00804901
00000048_000.png,Mass,0.0,0.00540161
00000048_000.png,Mass,0.0,0.00519943
00000048_000.png,Infiltration,0.0,0.0030365
00000048_000.png,Mass,0.0,0.00297546
00000048_000.png,Effusion,0.0,0.00250244
00000048_000.png,Mass,0.0,0.0024147
00000048_000.png,Mass,0.0,0.00237846
00000048_000.png,Mass,0.0,0.00197601
00000048_000.png,Mass,0.0,0.00180721
00000048_000.png,Mass,0.0,0.00168228
00000048_000.png,Effusion,0.0,0.00159931
00000048_000.png,Mass,0.0,0.0015564
00000048_000.png,Infiltration,0.0,0.00145912
00000048_000.png,Infiltration,0.0,0.0014267
00000048_000.png,Mass,0.0,0.00139618
00000048_000.png,Infiltration,0.0,0.00139332
00000048_000.png,Mass,0.0,0.00134563
00000048_000.png,Cardiomegaly,0.0,0.00134373
00000048_000.png,Mass,0.0,0.00118256
00000048_000.png,Effusion,0.0,0.0011816
00000048_000.png,Effusion,0.0,0.00117493
00000048_000.png,Mass,0.0,0.0011158
00000048_000.png,Cardiomegaly,0.0,0.00109005
00000048_000.png,Infiltration,0.0,0.00108051
00000048_000.png,Effusion,0.0,0.00107193
00026132_016.png,Cardiomegaly,0.04429802143265562,0.37915
00026132_016.png,Atelectasis,0.032126324654397465,0.171143
00026132_016.png,Cardiomegaly,0.06573771447508835,0.121216
00026132_016.png,Cardiomegaly,0.0,0.0825195
00026132_016.png,Infiltration,0.0,0.0617065
00026132_016.png,Cardiomegaly,0.04115261933897265,0.0472717
00026132_016.png,Cardiomegaly,0.050901407967766245,0.0266266
00026132_016.png,Infiltration,0.0,0.0183868
00026132_016.png,Atelectasis,0.01630277449151612,0.0182953
00026132_016.png,Infiltration,0.0,0.0125961
00026132_016.png,Cardiomegaly,0.09724545460406388,0.0121841
00026132_016.png,Mass,0.0,0.0108185
00026132_016.png,Mass,0.0,0.00914764
00026132_016.png,Cardiomegaly,0.0864673212619039,0.00736618
00026132_016.png,Infiltration,0.0,0.00658798
00026132_016.png,Cardiomegaly,0.0,0.00540161
00026132_016.png,Infiltration,0.0,0.00535965
00026132_016.png,Cardiomegaly,0.025676565734326452,0.00447083
00026132_016.png,Mass,0.0,0.00442505
00026132_016.png,Infiltration,0.0,0.00439072
00026132_016.png,Infiltration,0.0,0.00424576
00026132_016.png,Infiltration,0.0,0.0042038
00026132_016.png,Cardiomegaly,0.0386778388682678,0.00407028
00026132_016.png,Cardiomegaly,0.04784599029584967,0.00400925
00026132_016.png,Infiltration,0.0,0.00385094
00026132_016.png,Atelectasis,0.04429802143265562,0.00364304
00026132_016.png,Cardiomegaly,0.017151036510404186,0.00340652
00026132_016.png,Mass,0.0,0.00317955
00026132_016.png,Atelectasis,0.019171752653764758,0.00316238
00026132_016.png,Cardiomegaly,0.05343544015876969,0.00290298
00026132_016.png,Infiltration,0.01859485989695843,0.00283623
00026132_016.png,Cardiomegaly,0.0,0.00280571
00026132_016.png,Infiltration,0.0,0.00278854
00026132_016.png,Infiltration,0.0,0.00269127
00026132_016.png,Infiltration,0.0,0.00251198
00026132_016.png,Atelectasis,0.0,0.00243759
00026132_016.png,Effusion,0.03339488248944896,0.00227547
00026132_016.png,Cardiomegaly,0.08577636595123907,0.00218582
00026132_016.png,Infiltration,0.0,0.0019207
00026132_016.png,Infiltration,0.0,0.00191593
00026132_016.png,Infiltration,0.0,0.00190544
00026132_016.png,Infiltration,0.03339488248944896,0.00186539
00026132_016.png,Infiltration,0.1588095661900627,0.0017643
00026132_016.png,Cardiomegaly,0.0,0.00168228
00026132_016.png,Effusion,0.0,0.00165749
00026132_016.png,Infiltration,0.0,0.00157928
00026132_016.png,Cardiomegaly,0.0,0.00152206
00026132_016.png,Mass,0.0,0.00148773
00026132_016.png,Atelectasis,0.038648744366786426,0.00147438
00026132_016.png,Infiltration,0.0,0.00137901
00026132_016.png,Effusion,0.0,0.00136662
00026132_016.png,Infiltration,0.0,0.00135994
00026132_016.png,Mass,0.03339488248944896,0.00130939
00026132_016.png,Infiltration,0.0,0.00124836
00026132_016.png,Mass,0.03629898313008311,0.00123596
00026132_016.png,Infiltration,0.0,0.00123405
00026132_016.png,Infiltration,0.0,0.00118637
00026132_016.png,Infiltration,0.0,0.00113297
00026132_016.png,Infiltration,0.0534066337725857,0.00110245
00026132_016.png,Infiltration,0.0,0.00109768
00026132_016.png,Cardiomegaly,0.03339488248944896,0.00108528
00026132_016.png,Mass,0.0,0.00107098
00026132_016.png,Infiltration,0.0,0.00104141
00004344_018.png,Atelectasis,0.7105033843145088,0.370361
00004344_018.png,Cardiomegaly,0.2086310360697256,0.0870361
00004344_018.png,Effusion,0.021681466591884687,0.0532532
00004344_018.png,Cardiomegaly,0.14678691867198787,0.0470886
00004344_018.png,Infiltration,0.24588331576204292,0.0288391
00004344_018.png,Infiltration,0.5657518295810646,0.0166473
00004344_018.png,Infiltration,0.25531666385118484,0.0142517
00004344_018.png,Cardiomegaly,0.0,0.0119476
00004344_018.png,Cardiomegaly,0.30619228026859613,0.00757217
00004344_018.png,Infiltration,0.16712876287266637,0.00756454
00004344_018.png,Cardiomegaly,0.04518365006104664,0.00734711
00004344_018.png,Cardiomegaly,0.19650397598891178,0.00680923
00004344_018.png,Atelectasis,0.3817848018091524,0.00638962
00004344_018.png,Cardiomegaly,0.012026943560561668,0.00628281
00004344_018.png,Cardiomegaly,0.0,0.00613785
00004344_018.png,Atelectasis,0.4161426828970107,0.0058136
00004344_018.png,Mass,0.0,0.00471878
00004344_018.png,Atelectasis,0.0,0.00424957
00004344_018.png,Infiltration,0.021681466591884687,0.00400925
00004344_018.png,Cardiomegaly,0.0,0.00372696
00004344_018.png,Atelectasis,0.5120862034621821,0.00372314
00004344_018.png,Cardiomegaly,0.2585692912315645,0.00363159
00004344_018.png,Mass,0.0,0.00350952
00004344_018.png,Cardiomegaly,0.11673640724229661,0.00342941
00004344_018.png,Effusion,0.0,0.00338554
00004344_018.png,Infiltration,0.10185334056968334,0.0032196
00004344_018.png,Effusion,0.6418325243985115,0.00315666
00004344_018.png,Mass,0.0,0.00307274
00004344_018.png,Infiltration,0.3099317009879452,0.00299835
00004344_018.png,Effusion,0.08777420681178436,0.00283813
00004344_018.png,Infiltration,0.0,0.00270081
00004344_018.png,Infiltration,0.08777420681178436,0.00260162
00004344_018.png,Infiltration,0.014555595410786515,0.00251198
00004344_018.png,Infiltration,0.01711604740954926,0.00249863
00004344_018.png,Infiltration,0.31601430833079136,0.00247002
00004344_018.png,Infiltration,0.08051468594765179,0.00245667
00004344_018.png,Atelectasis,0.0,0.00245667
00004344_018.png,Mass,0.0,0.00243378
00004344_018.png,Cardiomegaly,0.24029871008300577,0.00231934
00004344_018.png,Cardiomegaly,0.02068261252623277,0.00230408
00004344_018.png,Atelectasis,0.48333713045188637,0.00229263
00004344_018.png,Cardiomegaly,0.0,0.00225639
00004344_018.png,Infiltration,0.1863434154280256,0.00225067
00004344_018.png,Infiltration,0.3067109493450979,0.00218201
00004344_018.png,Effusion,0.054199160399490555,0.00217438
00004344_018.png,Cardiomegaly,0.02430641901983659,0.00214386
00004344_018.png,Cardiomegaly,0.6418325243985115,0.00199127
00004344_018.png,Infiltration,0.5208709915771177,0.00195217
00004344_018.png,Mass,0.6418325243985115,0.00195217
00004344_018.png,Cardiomegaly,0.17584118923812792,0.00179863
00004344_018.png,Infiltration,0.01693191905407944,0.00178432
00004344_018.png,Infiltration,0.0,0.00171757
00004344_018.png,Cardiomegaly,0.11930807651144537,0.00167274
00004344_018.png,Effusion,0.0,0.00167084
00004344_018.png,Infiltration,0.13138062186211233,0.00162506
00004344_018.png,Cardiomegaly,0.0,0.00161076
00004344_018.png,Cardiomegaly,0.0,0.00159931
00004344_018.png,Infiltration,0.0,0.00152874
00004344_018.png,Cardiomegaly,0.07072750957955849,0.00146484
00004344_018.png,Cardiomegaly,0.0,0.00146198
00004344_018.png,Infiltration,0.13315500565990246,0.00138283
00004344_018.png,Infiltration,0.4213273690587628,0.00133514
00004344_018.png,Cardiomegaly,0.08306531530040909,0.00127602
00004344_018.png,Cardiomegaly,0.0,0.00125885
00004344_018.png,Infiltration,0.07078837485997276,0.00123119
00004344_018.png,Infiltration,0.11425606497026657,0.00122738
00004344_018.png,Effusion,0.0,0.00122452
00004344_018.png,Pneumonia,0.5857109653290907,0.00119972
00004344_018.png,Cardiomegaly,0.03889029034356718,0.00112152
00004344_018.png,Mass,0.0,0.00110626
00004344_018.png,Infiltration,0.05136038067218171,0.00109768
00004344_018.png,Nodule,0.6418325243985115,0.00105476
00004344_018.png,Infiltration,0.08023184747242598,0.00105095
00004344_018.png,Atelectasis,0.0014288218534631838,0.00103951
00004344_018.png,Cardiomegaly,0.0,0.00103855
00004344_018.png,Infiltration,0.0,0.00103474
00004344_018.png,Cardiomegaly,0.006301007900621171,0.00103283
00004344_018.png,Edema,0.6418325243985115,0.00101471
00004344_018.png,Fibrosis,0.6418325243985115,0.00100994
00023168_000.png,Effusion,0.03397856778672822,0.0957642
00023168_000.png,Mass,0.0,0.0779419
00023168_000.png,Infiltration,0.28463407944092645,0.0538025
00023168_000.png,Effusion,0.0,0.0505371
00023168_000.png,Effusion,0.0,0.0304108
00023168_000.png,Effusion,0.24136897688861145,0.0186005
00023168_000.png,Effusion,0.0,0.0169373
00023168_000.png,Infiltration,0.34925424386662846,0.016922
00023168_000.png,Mass,0.0,0.0137329
00023168_000.png,Effusion,0.0,0.0092392
00023168_000.png,Effusion,0.0,0.00862885
00023168_000.png,Mass,0.0,0.00692749
00023168_000.png,Atelectasis,0.0,0.00648499
00023168_000.png,Effusion,0.32787072858297317,0.00612259
00023168_000.png,Infiltration,0.0,0.00601578
00023168_000.png,Effusion,0.0,0.00592422
00023168_000.png,Infiltration,0.22630609262490362,0.00525284
00023168_000.png,Effusion,0.0,0.00520706
00023168_000.png,Mass,0.0,0.00471497
00023168_000.png,Effusion,0.0,0.00469208
00023168_000.png,Infiltration,0.2107856922230692,0.0046463
00023168_000.png,Infiltration,0.0,0.00426483
00023168_000.png,Effusion,0.0,0.00364494
00023168_000.png,Effusion,0.0,0.00337791
00023168_000.png,Infiltration,0.0,0.00328636
00023168_000.png,Mass,0.0,0.00271225
00023168_000.png,Effusion,0.08221204783817185,0.00259209
00023168_000.png,Infiltration,0.26948938293854996,0.00213814
00023168_000.png,Mass,0.0,0.00209808
00023168_000.png,Infiltration,0.08221204783817185,0.00185299
00023168_000.png,Effusion,0.3750791347755966,0.00181866
00023168_000.png,Cardiomegaly,0.005014224803510972,0.00171661
00023168_000.png,Effusion,0.0,0.0015564
00023168_000.png,Mass,0.0,0.00150013
00023168_000.png,Mass,0.0,0.00149918
00023168_000.png,Effusion,0.0,0.00149345
00023168_000.png,Effusion,0.0,0.00136852
00023168_000.png,Infiltration,0.347891301463653,0.00127411
00023168_000.png,Mass,0.18332890608392194,0.00124073
00023168_000.png,Effusion,0.0,0.00114918
00023168_000.png,Infiltration,0.0,0.00114822
00023168_000.png,Infiltration,0.0,0.00111866
00023168_000.png,Infiltration,0.0,0.00107098
00023168_000.png,Mass,0.0,0.00105572
00004968_003.png,Infiltration,0.3551308927591138,0.0224457
00004968_003.png,Infiltration,0.3981708713066121,0.0176849
00004968_003.png,Infiltration,0.4224917163914753,0.0148239
00004968_003.png,Mass,0.0,0.0141602
00004968_003.png,Mass,0.0,0.0133667
00004968_003.png,Atelectasis,0.12014213811461956,0.0119324
00004968_003.png,Cardiomegaly,0.0,0.00674438
00004968_003.png,Infiltration,0.5489981299837444,0.00523376
00004968_003.png,Cardiomegaly,0.12459275440007073,0.00488281
00004968_003.png,Mass,0.0,0.00283813
00004968_003.png,Effusion,0.0,0.00270081
00004968_003.png,Infiltration,0.0,0.00262451
00004968_003.png,Infiltration,0.6660127557973812,0.00224304
00004968_003.png,Infiltration,0.6694941989352873,0.00217819
00004968_003.png,Infiltration,0.0,0.0020256
00004968_003.png,Effusion,0.0,0.00199699
00004968_003.png,Cardiomegaly,0.3885127379726598,0.00188065
00004968_003.png,Cardiomegaly,0.0,0.00187969
00004968_003.png,Cardiomegaly,0.1810036154553907,0.00183296
00004968_003.png,Infiltration,0.0,0.00181484
00004968_003.png,Infiltration,0.15323700335316545,0.0017128
00004968_003.png,Infiltration,0.33890765378828575,0.00157738
00004968_003.png,Effusion,0.0,0.00156784
00004968_003.png,Cardiomegaly,0.0,0.00148869
00004968_003.png,Cardiomegaly,0.0012357359505725555,0.00147533
00004968_003.png,Effusion,0.0,0.00144577
00004968_003.png,Mass,0.0,0.00140858
00004968_003.png,Cardiomegaly,0.16937129266686646,0.00119495
00004968_003.png,Effusion,0.0,0.00119305
00004968_003.png,Cardiomegaly,0.3110922055736856,0.00117397
00004968_003.png,Cardiomegaly,0.3552521900897593,0.00111961
00004968_003.png,Infiltration,0.16075444135870592,0.00104523
00004968_003.png,Infiltration,0.3552521900897593,0.00101566
00012261_001.png,Atelectasis,0.7359602929656941,0.173584
00012261_001.png,Infiltration,0.23625131900408922,0.150391
00012261_001.png,Infiltration,0.01959080152487363,0.0863647
00012261_001.png,Effusion,0.009681939661727217,0.0542908
00012261_001.png,Infiltration,0.026447332187987557,0.0298309
00012261_001.png,Infiltration,0.330200543052225,0.0280151
00012261_001.png,Infiltration,0.4413828200634675,0.0214996
00012261_001.png,Effusion,0.05876425400067251,0.0205994
00012261_001.png,Effusion,0.005661835315998024,0.0180206
00012261_001.png,Mass,0.10721521304728995,0.0135269
00012261_001.png,Infiltration,0.6277727490944172,0.0103149
00012261_001.png,Infiltration,0.028167342086798452,0.00951385
00012261_001.png,Infiltration,0.047412902088549994,0.00772095
00012261_001.png,Infiltration,0.0,0.00692368
00012261_001.png,Infiltration,0.016176906994532093,0.00638199
00012261_001.png,Atelectasis,0.7816992662703711,0.00478363
00012261_001.png,Infiltration,0.14626879258171627,0.00446701
00012261_001.png,Cardiomegaly,0.0,0.00428772
00012261_001.png,Infiltration,0.22989836344215278,0.00425339
00012261_001.png,Cardiomegaly,0.0,0.00421524
00012261_001.png,Cardiomegaly,0.0,0.00374794
00012261_001.png,Cardiomegaly,0.15658316536234582,0.00354576
00012261_001.png,Infiltration,0.008679515410114925,0.00349045
00012261_001.png,Cardiomegaly,0.0,0.00344658
00012261_001.png,Atelectasis,0.4713941635654914,0.00327682
00012261_001.png,Mass,0.15862477612622683,0.00324249
00012261_001.png,Mass,0.026126158232913012,0.00321007
00012261_001.png,Cardiomegaly,0.02488673555830446,0.0030632
00012261_001.png,Infiltration,0.0,0.002985
00012261_001.png,Infiltration,0.0007123601342473287,0.00295639
00012261_001.png,Mass,0.0,0.00273132
00012261_001.png,Cardiomegaly,0.22730293848381733,0.00270081
00012261_001.png,Infiltration,0.2666598525781363,0.00263214
00012261_001.png,Infiltration,0.14163771693135715,0.00247574
00012261_001.png,Infiltration,0.04121293025772226,0.00239182
00012261_001.png,Atelectasis,0.3291932557833477,0.00232887
00012261_001.png,Effusion,0.009961181104848529,0.00216293
00012261_001.png,Infiltration,0.7531630706101545,0.00208855
00012261_001.png,Atelectasis,0.4745969621395757,0.00203133
00012261_001.png,Mass,0.0,0.00192833
00012261_001.png,Cardiomegaly,0.0,0.00186634
00012261_001.png,Atelectasis,0.22316513173452895,0.00181866
00012261_001.png,Infiltration,0.0,0.00178337
00012261_001.png,Mass,0.010412016861129214,0.00177383
00012261_001.png,Infiltration,0.15617300031049855,0.00174713
00012261_001.png,Infiltration,0.0,0.00174236
00012261_001.png,Mass,0.11527136621478429,0.00164032
00012261_001.png,Infiltration,0.02898472473873384,0.00162029
00012261_001.png,Infiltration,0.47898651660337355,0.00130939
00012261_001.png,Effusion,0.15984076019831336,0.00130272
00012261_001.png,Cardiomegaly,0.22316513173452895,0.00119019
00012261_001.png,Infiltration,0.1446838903530283,0.00113201
00012261_001.png,Mass,0.0,0.00111103
00012261_001.png,Infiltration,0.0,0.00108814
00012261_001.png,Effusion,0.0,0.00107098
00012261_001.png,Effusion,0.0,0.00102806
00012261_001.png,Infiltration,0.5392453063312053,0.00102234
00008386_000.png,Infiltration,0.0,0.110107
00008386_000.png,Atelectasis,0.0,0.0609131
00008386_000.png,Effusion,0.49451596011421,0.0284271
00008386_000.png,Infiltration,0.0,0.016922
00008386_000.png,Mass,0.0,0.0148621
00008386_000.png,Effusion,0.7150138215668439,0.00722885
00008386_000.png,Infiltration,0.0,0.00676727
00008386_000.png,Infiltration,0.0,0.00575638
00008386_000.png,Effusion,0.0,0.00494766
00008386_000.png,Effusion,0.26424036535877626,0.00337029
00008386_000.png,Effusion,0.0,0.002882
00008386_000.png,Infiltration,0.0,0.0028286
00008386_000.png,Infiltration,0.0,0.00254059
00008386_000.png,Infiltration,0.0,0.00249863
00008386_000.png,Effusion,0.0,0.00211143
00008386_000.png,Infiltration,0.012050313050753074,0.00197411
00008386_000.png,Effusion,0.0,0.00186253
00008386_000.png,Infiltration,0.0,0.00127602
00008386_000.png,Mass,0.0,0.00125313
00008386_000.png,Infiltration,0.0,0.00109768
00002059_008.png,Atelectasis,0.8576348357096727,0.741699
00002059_008.png,Infiltration,0.011039154504596718,0.321777
00002059_008.png,Infiltration,0.31741865946079845,0.0316162
00002059_008.png,Infiltration,0.03271391864779733,0.0254211
00002059_008.png,Infiltration,0.38850411178741745,0.022171
00002059_008.png,Infiltration,0.12743716774886177,0.0107117
00002059_008.png,Infiltration,0.002456272286998852,0.00992584
00002059_008.png,Effusion,0.0,0.00946808
00002059_008.png,Cardiomegaly,0.0,0.00944519
00002059_008.png,Infiltration,0.0,0.00944519
00002059_008.png,Cardiomegaly,0.0,0.00834656
00002059_008.png,Infiltration,0.5433779218130732,0.00795746
00002059_008.png,Atelectasis,0.5335834701040059,0.00782013
00002059_008.png,Cardiomegaly,0.015406471663169725,0.00646591
00002059_008.png,Infiltration,0.7239937895199926,0.00583267
00002059_008.png,Infiltration,0.0036390991363773537,0.00579834
00002059_008.png,Infiltration,0.01047392327293244,0.00546646
00002059_008.png,Effusion,0.0,0.00489426
00002059_008.png,Infiltration,0.030839225600269794,0.00486755
00002059_008.png,Effusion,0.7672253209923343,0.00413513
00002059_008.png,Atelectasis,0.6298111385645614,0.00379372
00002059_008.png,Infiltration,0.018432884665267345,0.00357246
00002059_008.png,Infiltration,0.013383150100708062,0.00353241
00002059_008.png,Cardiomegaly,0.0,0.00303841
00002059_008.png,Cardiomegaly,0.032475905487919926,0.00294876
00002059_008.png,Infiltration,0.007548644068012669,0.00294685
00002059_008.png,Cardiomegaly,0.0,0.00276184
00002059_008.png,Infiltration,0.07554193759371841,0.00271416
00002059_008.png,Infiltration,0.07191557087718381,0.00270271
00002059_008.png,Effusion,0.31741865946079845,0.00260925
00002059_008.png,Mass,0.7672253209923343,0.00259399
00002059_008.png,Cardiomegaly,0.0,0.00258636
00002059_008.png,Effusion,0.009818323098066562,0.00239182
00002059_008.png,Infiltration,0.011648619658803407,0.00238419
00002059_008.png,Infiltration,0.437755796404157,0.00233078
00002059_008.png,Infiltration,0.0,0.00211906
00002059_008.png,Pneumonia,0.7239937895199926,0.00211716
00002059_008.png,Atelectasis,0.5433779218130732,0.00204277
00002059_008.png,Infiltration,0.0,0.00201225
00002059_008.png,Infiltration,0.029936613518437384,0.00200272
00002059_008.png,Cardiomegaly,0.037397054204393515,0.00200081
00002059_008.png,Effusion,0.016965591850909376,0.00194168
00002059_008.png,Cardiomegaly,0.7672253209923343,0.00185394
00002059_008.png,Effusion,0.0,0.00175858
00002059_008.png,Cardiomegaly,0.007853079350931541,0.00170517
00002059_008.png,Infiltration,0.27538595709817065,0.00163651
00002059_008.png,Edema,0.7239937895199926,0.00163269
00002059_008.png,Cardiomegaly,0.025884265490990578,0.00162792
00002059_008.png,Infiltration,0.0,0.0015955
00002059_008.png,Effusion,0.38850411178741745,0.00158215
00002059_008.png,Hernia,0.7239937895199926,0.00148296
00002059_008.png,Effusion,0.011039154504596718,0.00147533
00002059_008.png,Infiltration,0.0,0.00145435
00002059_008.png,Infiltration,0.04594064378779599,0.00144482
00002059_008.png,Emphysema,0.7239937895199926,0.00144386
00002059_008.png,Fibrosis,0.7672253209923343,0.00141907
00002059_008.png,Pleural_Thickening,0.7239937895199926,0.00138855
00002059_008.png,Nodule,0.7239937895199926,0.00136662
00002059_008.png,Pneumothorax,0.7672253209923343,0.00136471
00002059_008.png,Infiltration,0.010542698977200693,0.00136089
00002059_008.png,Infiltration,0.016255046093846988,0.00135326
00002059_008.png,Infiltration,0.0,0.0012598
00002059_008.png,Atelectasis,0.5499875044360005,0.00120449
00002059_008.png,Infiltration,0.11877346370072368,0.00119781
00002059_008.png,Cardiomegaly,0.008662405089649487,0.00118732
00002059_008.png,Infiltration,0.5499875044360005,0.00114822
00002059_008.png,Cardiomegaly,0.009712633631673762,0.00110245
00002059_008.png,Infiltration,0.0,0.00103283
00002059_008.png,Infiltration,0.012788227478166788,0.00102234
00002059_008.png,Infiltration,0.0004613222246482983,0.00100803
00003072_028.png,Mass,0.0,0.430908
00003072_028.png,Cardiomegaly,0.5834350015990917,0.338623
00003072_028.png,Infiltration,0.0,0.26709
00003072_028.png,Mass,0.0,0.0701904
00003072_028.png,Mass,0.0,0.0590515
00003072_028.png,Cardiomegaly,0.2390594524795397,0.04953
00003072_028.png,Cardiomegaly,0.18040252064108875,0.0487671
00003072_028.png,Infiltration,0.0,0.0437012
00003072_028.png,Mass,0.0,0.0365906
00003072_028.png,Mass,0.0,0.0260468
00003072_028.png,Cardiomegaly,0.1197254182660325,0.0204468
00003072_028.png,Mass,0.0,0.0145035
00003072_028.png,Infiltration,0.0,0.0139542
00003072_028.png,Mass,0.0,0.0136337
00003072_028.png,Infiltration,0.1982316505947372,0.0134735
00003072_028.png,Mass,0.0,0.0132599
00003072_028.png,Cardiomegaly,0.18771611486994375,0.0128708
00003072_028.png,Effusion,0.0,0.0116806
00003072_028.png,Mass,0.0,0.0115433
00003072_028.png,Cardiomegaly,0.37436775251868876,0.0111771
00003072_028.png,Effusion,0.0,0.0109787
00003072_028.png,Mass,0.0,0.0104828
00003072_028.png,Cardiomegaly,0.28437483796265084,0.00974274
00003072_028.png,Infiltration,0.0,0.0096817
00003072_028.png,Effusion,0.0,0.00933075
00003072_028.png,Cardiomegaly,0.064139439019685,0.0092392
00003072_028.png,Effusion,0.1513349181616529,0.00876617
00003072_028.png,Mass,0.0,0.00866699
00003072_028.png,Effusion,0.0,0.00841522
00003072_028.png,Mass,0.0,0.00823975
00003072_028.png,Infiltration,0.0,0.00775528
00003072_028.png,Infiltration,0.0,0.00728989
00003072_028.png,Cardiomegaly,0.0,0.00697327
00003072_028.png,Cardiomegaly,0.5354482321957248,0.00683975
00003072_028.png,Cardiomegaly,0.42221681046200915,0.00628662
00003072_028.png,Mass,0.0,0.00611877
00003072_028.png,Infiltration,0.0,0.00553513
00003072_028.png,Effusion,0.034917348069798175,0.00515366
00003072_028.png,Cardiomegaly,0.32521785452098184,0.00508499
00003072_028.png,Mass,0.0,0.00507736
00003072_028.png,Mass,0.0,0.00499725
00003072_028.png,Cardiomegaly,0.4528816848908371,0.0044632
00003072_028.png,Effusion,0.0,0.00439072
00003072_028.png,Mass,0.0,0.00435257
00003072_028.png,Infiltration,0.28365328385753424,0.00404358
00003072_028.png,Infiltration,0.0,0.00402451
00003072_028.png,Cardiomegaly,0.0,0.00398636
00003072_028.png,Atelectasis,0.0,0.00392151
00003072_028.png,Cardiomegaly,0.5904704573335414,0.00389481
00003072_028.png,Cardiomegaly,0.10645132673691335,0.00384331
00003072_028.png,Cardiomegaly,0.2291663367994258,0.00365257
00003072_028.png,Infiltration,0.0,0.00356102
00003072_028.png,Effusion,0.0,0.00349617
00003072_028.png,Mass,0.0,0.00333214
00003072_028.png,Cardiomegaly,0.3762937246074813,0.00331497
00003072_028.png,Mass,0.0,0.00307846
00003072_028.png,Cardiomegaly,0.5555708731803878,0.00277138
00003072_028.png,Cardiomegaly,0.17155047478125446,0.00271225
00003072_028.png,Effusion,0.0,0.00267029
00003072_028.png,Infiltration,0.1513349181616529,0.00263023
00003072_028.png,Effusion,0.0,0.00248909
00003072_028.png,Cardiomegaly,0.27617536980559704,0.00246048
00003072_028.png,Cardiomegaly,0.20873311320158072,0.00239182
00003072_028.png,Mass,0.0,0.00238609
00003072_028.png,Effusion,0.0,0.00231552
00003072_028.png,Mass,0.0,0.00230598
00003072_028.png,Infiltration,0.0,0.00226021
00003072_028.png,Cardiomegaly,0.2834745582870179,0.00216103
00003072_028.png,Infiltration,0.0,0.00212479
00003072_028.png,Mass,0.0,0.00208664
00003072_028.png,Atelectasis,0.634067179406143,0.00205421
00003072_028.png,Cardiomegaly,0.33356561468044243,0.00204468
00003072_028.png,Effusion,0.0,0.00202751
00003072_028.png,Infiltration,0.0,0.00197411
00003072_028.png,Cardiomegaly,0.0,0.00195026
00003072_028.png,Infiltration,0.0,0.00192833
00003072_028.png,Infiltration,0.23598869003346765,0.00183678
00003072_028.png,Cardiomegaly,0.5400372117451825,0.00182438
00003072_028.png,Effusion,0.0,0.00174522
00003072_028.png,Mass,0.0,0.00170994
00003072_028.png,Infiltration,0.0,0.00170708
00003072_028.png,Infiltration,0.18040252064108875,0.00170326
00003072_028.png,Infiltration,0.4684265174353087,0.00167656
00003072_028.png,Cardiomegaly,0.0,0.00164127
00003072_028.png,Infiltration,0.0,0.00162029
00003072_028.png,Cardiomegaly,0.16448898081134514,0.0015974
00003072_028.png,Infiltration,0.0,0.00142574
00003072_028.png,Mass,0.0,0.00140381
00003072_028.png,Infiltration,0.0,0.00139713
00003072_028.png,Cardiomegaly,0.19502647773398082,0.00135899
00003072_028.png,Effusion,0.0,0.00132751
00003072_028.png,Mass,0.0,0.0013113
00003072_028.png,Mass,0.0,0.0012598
00003072_028.png,Cardiomegaly,0.3594168017663197,0.00123787
00003072_028.png,Infiltration,0.1496147241608175,0.00116062
00003072_028.png,Mass,0.0,0.0011034
00003072_028.png,Mass,0.18086931698947847,0.0010891
00003072_028.png,Mass,0.0,0.0010891
00003072_028.png,Effusion,0.10302650062019014,0.00105286
00003072_028.png,Mass,0.007382430349963044,0.00104523
00003072_028.png,Mass,0.0,0.00103951
00003072_028.png,Infiltration,0.0,0.00102806
00003072_028.png,Effusion,0.06669855385238678,0.00101852
00003072_028.png,Infiltration,0.0,0.00100803
00003072_028.png,Cardiomegaly,0.3743253207633999,0.00100803
00003072_028.png,Infiltration,0.0,0.00100613
00000865_006.png,Atelectasis,0.0,0.157715
00000865_006.png,Infiltration,0.0,0.0540466
00000865_006.png,Infiltration,0.06860470380956261,0.0266266
00000865_006.png,Infiltration,0.0,0.0216064
00000865_006.png,Infiltration,0.0,0.0178223
00000865_006.png,Infiltration,0.0,0.0130997
00000865_006.png,Infiltration,0.0,0.0127029
00000865_006.png,Infiltration,0.0,0.0117874
00000865_006.png,Infiltration,0.0,0.0102234
00000865_006.png,Infiltration,0.09016319654942173,0.00930023
00000865_006.png,Infiltration,0.0,0.00815582
00000865_006.png,Infiltration,0.0661827200838028,0.00668716
00000865_006.png,Mass,0.0,0.00622559
00000865_006.png,Infiltration,0.02296104467718359,0.00447464
00000865_006.png,Infiltration,0.0,0.00415802
00000865_006.png,Infiltration,0.12560464065762894,0.00401306
00000865_006.png,Infiltration,0.0,0.00391769
00000865_006.png,Mass,0.0,0.00383949
00000865_006.png,Infiltration,0.0,0.00377846
00000865_006.png,Infiltration,0.0,0.00373077
00000865_006.png,Infiltration,0.0,0.00346184
00000865_006.png,Infiltration,0.0,0.00325966
00000865_006.png,Effusion,0.0,0.00285912
00000865_006.png,Infiltration,0.01676204073748667,0.00252151
00000865_006.png,Infiltration,0.0,0.00251389
00000865_006.png,Effusion,0.0,0.00240326
00000865_006.png,Infiltration,0.0,0.002285
00000865_006.png,Cardiomegaly,0.02296104467718359,0.00220299
00000865_006.png,Infiltration,0.0,0.00209999
00000865_006.png,Mass,0.0,0.00209427
00000865_006.png,Mass,0.0,0.00203514
00000865_006.png,Infiltration,0.0,0.00202751
00000865_006.png,Infiltration,0.0,0.00197029
00000865_006.png,Infiltration,0.08243635210300389,0.00192547
00000865_006.png,Infiltration,0.0,0.00190353
00000865_006.png,Effusion,0.0,0.00183773
00000865_006.png,Infiltration,0.009716242327082488,0.00180435
00000865_006.png,Infiltration,0.04705662928185916,0.00179958
00000865_006.png,Infiltration,0.0,0.00179386
00000865_006.png,Infiltration,0.0,0.00169468
00000865_006.png,Infiltration,0.0,0.00163174
00000865_006.png,Infiltration,0.0,0.00138855
00000865_006.png,Atelectasis,0.013407596525801837,0.00125027
00000865_006.png,Cardiomegaly,0.0,0.0012331
00000865_006.png,Infiltration,0.0,0.00120831
00000865_006.png,Effusion,0.0,0.00115967
00000865_006.png,Infiltration,0.0,0.00113964
00000865_006.png,Effusion,0.0,0.00106525
00000865_006.png,Infiltration,0.0,0.00101662
00000865_006.png,Effusion,0.0,0.00100613
00000865_006.png,Infiltration,0.0,0.00100136
00000054_001.png,Atelectasis,0.0,0.32666
00000054_001.png,Effusion,0.0,0.0624084
00000054_001.png,Cardiomegaly,0.0,0.0161133
00000054_001.png,Infiltration,0.0,0.0124664
00000054_001.png,Infiltration,0.0,0.0101471
00000054_001.png,Cardiomegaly,0.0,0.00827789
00000054_001.png,Cardiomegaly,0.0,0.00518799
00000054_001.png,Infiltration,0.0,0.00505829
00000054_001.png,Infiltration,0.0,0.00348854
00000054_001.png,Cardiomegaly,0.0,0.00342751
00000054_001.png,Infiltration,0.0,0.00341225
00000054_001.png,Infiltration,0.0,0.00325584
00000054_001.png,Cardiomegaly,0.0,0.00323677
00000054_001.png,Cardiomegaly,0.0,0.00301743
00000054_001.png,Infiltration,0.0,0.00295448
00000054_001.png,Infiltration,0.0,0.00292206
00000054_001.png,Effusion,0.0,0.00290489
00000054_001.png,Infiltration,0.0,0.00288773
00000054_001.png,Effusion,0.0,0.0026207
00000054_001.png,Effusion,0.0,0.00252151
00000054_001.png,Cardiomegaly,0.0,0.00235748
00000054_001.png,Effusion,0.0,0.00217438
00000054_001.png,Cardiomegaly,0.0,0.00210571
00000054_001.png,Cardiomegaly,0.0,0.00202751
00000054_001.png,Infiltration,0.0,0.0019722
00000054_001.png,Infiltration,0.0,0.00193214
00000054_001.png,Infiltration,0.0,0.00168324
00000054_001.png,Infiltration,0.0,0.00166416
00000054_001.png,Mass,0.0,0.00158596
00000054_001.png,Cardiomegaly,0.0,0.00150013
00000054_001.png,Cardiomegaly,0.0,0.00147533
00000054_001.png,Cardiomegaly,0.0,0.00144672
00000054_001.png,Infiltration,0.0,0.00133419
00000054_001.png,Infiltration,0.0,0.00133228
00000054_001.png,Infiltration,0.0,0.0013237
00000054_001.png,Effusion,0.0,0.00132275
00000054_001.png,Infiltration,0.0,0.00130081
00000054_001.png,Atelectasis,0.0,0.00129986
00000054_001.png,Cardiomegaly,0.0,0.00123787
00000054_001.png,Infiltration,0.0,0.00119781
00000054_001.png,Infiltration,0.0,0.00116444
00000054_001.png,Atelectasis,0.0,0.00116444
00000054_001.png,Infiltration,0.0,0.00115395
00000054_001.png,Cardiomegaly,0.0,0.00113392
00000054_001.png,Infiltration,0.0,0.00111485
00000054_001.png,Cardiomegaly,0.0,0.00102711
00018419_001.png,Atelectasis,0.016961432997169935,0.294434
00018419_001.png,Mass,0.0,0.0451965
00018419_001.png,Infiltration,0.0,0.028717
00018419_001.png,Effusion,0.0,0.0270538
00018419_001.png,Effusion,0.0,0.014389
00018419_001.png,Mass,0.0,0.00790405
00018419_001.png,Infiltration,0.0,0.00662613
00018419_001.png,Cardiomegaly,0.09295840517833015,0.00658035
00018419_001.png,Effusion,0.0,0.00550079
00018419_001.png,Mass,0.0,0.00512314
00018419_001.png,Atelectasis,0.0,0.00427628
00018419_001.png,Infiltration,0.0,0.0037899
00018419_001.png,Effusion,0.0,0.003582
00018419_001.png,Mass,0.0,0.00356483
00018419_001.png,Infiltration,0.0,0.0034008
00018419_001.png,Infiltration,0.0,0.00331116
00018419_001.png,Effusion,0.015171484474793316,0.00305176
00018419_001.png,Infiltration,0.017098571312988302,0.00293541
00018419_001.png,Infiltration,0.0,0.00193214
00018419_001.png,Mass,0.015171484474793316,0.00187588
00018419_001.png,Mass,0.0,0.00171375
00018419_001.png,Cardiomegaly,0.015171484474793316,0.00153446
00018419_001.png,Mass,0.0,0.00144386
00018419_001.png,Cardiomegaly,0.0,0.00142574
00018419_001.png,Effusion,0.0,0.00133991
00018419_001.png,Cardiomegaly,0.15123910395747564,0.00118732
00018419_001.png,Pneumonia,0.017098571312988302,0.00118256
00018419_001.png,Cardiomegaly,0.0,0.00113201
00018419_001.png,Effusion,0.0,0.0010767
00018419_001.png,Infiltration,0.0,0.00101089
00000050_000.png,Atelectasis,0.0,0.0870361
00000050_000.png,Effusion,0.0,0.0056839
00000050_000.png,Effusion,0.0,0.00557709
00000050_000.png,Effusion,0.0,0.00414276
00000050_000.png,Effusion,0.0,0.00308609
00000050_000.png,Mass,0.0,0.00279427
00000050_000.png,Effusion,0.0,0.00232315
00000050_000.png,Cardiomegaly,0.0,0.00225449
00000050_000.png,Effusion,0.0,0.00203896
00000050_000.png,Atelectasis,0.0,0.0017643
00000050_000.png,Cardiomegaly,0.0,0.00144196
00000050_000.png,Infiltration,0.0,0.00142574
00000050_000.png,Mass,0.0,0.00130081
00000050_000.png,Mass,0.0,0.00127888
00000050_000.png,Cardiomegaly,0.0,0.00121403
00000050_000.png,Mass,0.0,0.00114727
00018496_006.png,Mass,0.0,0.098999
00018496_006.png,Cardiomegaly,0.2931971723125658,0.0848389
00018496_006.png,Cardiomegaly,0.15629993343993018,0.0451965
00018496_006.png,Infiltration,0.7551491423717672,0.0236969
00018496_006.png,Infiltration,0.16318907605842753,0.0119934
00018496_006.png,Cardiomegaly,0.7551491423717672,0.0102234
00018496_006.png,Mass,0.0,0.00960541
00018496_006.png,Cardiomegaly,0.1908593174268556,0.00907898
00018496_006.png,Cardiomegaly,0.17307625965223344,0.00876617
00018496_006.png,Cardiomegaly,0.10352464164326868,0.00782013
00018496_006.png,Effusion,0.0,0.00753403
00018496_006.png,Effusion,0.0050086600769205375,0.00671005
00018496_006.png,Effusion,0.00616218105019455,0.00567245
00018496_006.png,Infiltration,0.0,0.00536728
00018496_006.png,Effusion,0.006452666577151551,0.00479507
00018496_006.png,Cardiomegaly,0.15457042609683408,0.00398254
00018496_006.png,Cardiomegaly,0.0627207774173808,0.00357246
00018496_006.png,Effusion,0.0,0.00345421
00018496_006.png,Cardiomegaly,0.12171670366133867,0.00322151
00018496_006.png,Mass,0.0,0.00320435
00018496_006.png,Infiltration,0.37432260033551795,0.00316811
00018496_006.png,Infiltration,0.744629523659076,0.00314331
00018496_006.png,Cardiomegaly,0.29584265114467256,0.00311279
00018496_006.png,Cardiomegaly,0.09229830090143311,0.00304222
00018496_006.png,Effusion,0.0,0.00297546
00018496_006.png,Infiltration,0.05599565989852714,0.00268173
00018496_006.png,Infiltration,0.11455692271163606,0.00251579
00018496_006.png,Infiltration,0.22974594046328775,0.00230598
00018496_006.png,Effusion,0.0,0.00222969
00018496_006.png,Infiltration,0.2808371883314942,0.00197792
00018496_006.png,Atelectasis,0.4535112075068625,0.00196457
00018496_006.png,Cardiomegaly,0.018315415308374657,0.00192165
00018496_006.png,Cardiomegaly,0.1289813312322591,0.00188065
00018496_006.png,Mass,0.0,0.00182629
00018496_006.png,Effusion,0.0,0.00173569
00018496_006.png,Effusion,0.28541112345046216,0.00170994
00018496_006.png,Mass,0.0,0.00163174
00018496_006.png,Cardiomegaly,0.14721577844933723,0.00160694
00018496_006.png,Effusion,0.0,0.00154972
00018496_006.png,Effusion,0.0,0.00134182
00018496_006.png,Cardiomegaly,0.18572984706888954,0.00121021
00018496_006.png,Infiltration,0.4840152359391853,0.00115871
00018496_006.png,Cardiomegaly,0.12506926948545816,0.00115776
00018496_006.png,Cardiomegaly,0.05485653732821025,0.0011549
00018496_006.png,Infiltration,0.09499490562287538,0.0011282
00018496_006.png,Effusion,0.0,0.00111866
00018496_006.png,Cardiomegaly,0.5992857812290147,0.00109386
00018496_006.png,Effusion,0.0,0.001091
00018496_006.png,Infiltration,0.3382829082679949,0.00107765
00018496_006.png,Mass,0.0,0.00105476
00018496_006.png,Effusion,0.0,0.00102997
00018496_006.png,Infiltration,0.0,0.00100517
00000047_007.png,Cardiomegaly,0.0,0.0214386
00000047_007.png,Cardiomegaly,0.0,0.0152893
00000047_007.png,Effusion,0.0,0.0150604
00000047_007.png,Cardiomegaly,0.0,0.0139847
00000047_007.png,Effusion,0.0,0.0133057
00000047_007.png,Cardiomegaly,0.0,0.00904846
00000047_007.png,Atelectasis,0.0,0.00643158
00000047_007.png,Cardiomegaly,0.0,0.00579453
00000047_007.png,Cardiomegaly,0.0,0.00537872
00000047_007.png,Effusion,0.0,0.00443268
00000047_007.png,Infiltration,0.0,0.00431442
00000047_007.png,Infiltration,0.0,0.00414658
00000047_007.png,Effusion,0.0,0.00414276
00000047_007.png,Infiltration,0.0,0.00399399
00000047_007.png,Cardiomegaly,0.0,0.00393295
00000047_007.png,Mass,0.0,0.00332642
00000047_007.png,Cardiomegaly,0.0,0.00299644
00000047_007.png,Cardiomegaly,0.0,0.00299454
00000047_007.png,Cardiomegaly,0.0,0.00297737
00000047_007.png,Cardiomegaly,0.0,0.00276756
00000047_007.png,Cardiomegaly,0.0,0.00276184
00000047_007.png,Infiltration,0.0,0.00274467
00000047_007.png,Cardiomegaly,0.0,0.00250053
00000047_007.png,Cardiomegaly,0.0,0.00229263
00000047_007.png,Cardiomegaly,0.0,0.00221443
00000047_007.png,Effusion,0.0,0.00218964
00000047_007.png,Cardiomegaly,0.0,0.00199318
00000047_007.png,Effusion,0.0,0.00187683
00000047_007.png,Effusion,0.0,0.0018177
00000047_007.png,Cardiomegaly,0.0,0.00174046
00000047_007.png,Cardiomegaly,0.0,0.00156212
00000047_007.png,Effusion,0.0,0.00144291
00000047_007.png,Infiltration,0.0,0.00143719
00000047_007.png,Infiltration,0.0,0.00137234
00000047_007.png,Infiltration,0.0,0.00130367
00000047_007.png,Infiltration,0.0,0.00128555
00000047_007.png,Effusion,0.0,0.00124741
00000047_007.png,Infiltration,0.0,0.0012188
00000047_007.png,Infiltration,0.0,0.00118637
00000047_007.png,Mass,0.0,0.0011816
00000047_007.png,Infiltration,0.0,0.00114346
00000047_007.png,Cardiomegaly,0.0,0.00111103
00000047_007.png,Infiltration,0.0,0.0011034
00000047_007.png,Infiltration,0.0,0.00102806
00008005_004.png,Atelectasis,0.10136642929273952,0.589355
00008005_004.png,Infiltration,0.0,0.056488
00008005_004.png,Effusion,0.0,0.0246277
00008005_004.png,Infiltration,0.0,0.019043
00008005_004.png,Infiltration,0.0,0.0130157
00008005_004.png,Infiltration,0.0,0.0092392
00008005_004.png,Effusion,0.0,0.00810242
00008005_004.png,Effusion,0.09928187608490574,0.00523758
00008005_004.png,Infiltration,0.0,0.00481796
00008005_004.png,Infiltration,0.09928187608490574,0.0045166
00008005_004.png,Infiltration,0.0,0.00426483
00008005_004.png,Mass,0.09928187608490574,0.00323486
00008005_004.png,Pneumonia,0.09928187608490574,0.00255585
00008005_004.png,Atelectasis,0.0,0.00229073
00008005_004.png,Infiltration,0.0,0.00223351
00008005_004.png,Cardiomegaly,0.09928187608490574,0.00213242
00008005_004.png,Edema,0.09928187608490574,0.00197983
00008005_004.png,Nodule,0.09928187608490574,0.00186253
00008005_004.png,Emphysema,0.09928187608490574,0.00183392
00008005_004.png,Cardiomegaly,0.0,0.00177097
00008005_004.png,Infiltration,0.0,0.00162125
00008005_004.png,Fibrosis,0.09928187608490574,0.00161934
00008005_004.png,Pneumothorax,0.09928187608490574,0.0015955
00008005_004.png,Pleural_Thickening,0.09928187608490574,0.00157642
00008005_004.png,Infiltration,0.09945594622921013,0.00153446
00008005_004.png,Hernia,0.09928187608490574,0.00146484
00008005_004.png,Infiltration,0.0,0.00138187
00008005_004.png,Cardiomegaly,0.0,0.00132561
00008005_004.png,Cardiomegaly,0.0,0.0013237
00008005_004.png,Infiltration,0.0,0.00130749
00008005_004.png,Consolidation,0.09928187608490574,0.00123501
00008005_004.png,Cardiomegaly,0.0,0.00108719
00008005_004.png,Cardiomegaly,0.0,0.00108624
00008005_004.png,Cardiomegaly,0.0,0.00102806
00008005_004.png,Infiltration,0.0,0.00102425
00008005_004.png,Infiltration,0.0,0.00101948
00014083_023.png,Mass,0.0,0.617676
00014083_023.png,Mass,0.0,0.308594
00014083_023.png,Infiltration,0.0,0.129028
00014083_023.png,Atelectasis,0.16026584177340605,0.0475769
00014083_023.png,Mass,0.0,0.0422974
00014083_023.png,Mass,0.0,0.0250244
00014083_023.png,Mass,0.0,0.0221558
00014083_023.png,Mass,0.5936739827583825,0.0175018
00014083_023.png,Mass,0.0,0.0121841
00014083_023.png,Infiltration,0.0,0.00926971
00014083_023.png,Mass,0.39210366938443453,0.00920868
00014083_023.png,Mass,0.0,0.00698853
00014083_023.png,Mass,0.0,0.00651932
00014083_023.png,Mass,0.0,0.0061264
00014083_023.png,Mass,0.0,0.00576019
00014083_023.png,Mass,0.0,0.00519562
00014083_023.png,Mass,0.1678192112994271,0.00453186
00014083_023.png,Atelectasis,0.0,0.00356293
00014083_023.png,Mass,0.7409176568822856,0.00354958
00014083_023.png,Infiltration,0.30722111638793,0.00298882
00014083_023.png,Infiltration,0.0,0.00283241
00014083_023.png,Atelectasis,0.0,0.00283241
00014083_023.png,Mass,0.0,0.00278091
00014083_023.png,Effusion,0.0,0.00274849
00014083_023.png,Effusion,0.0,0.00239372
00014083_023.png,Infiltration,0.0,0.00236511
00014083_023.png,Mass,0.0,0.00234413
00014083_023.png,Mass,0.14100015119287265,0.00219345
00014083_023.png,Infiltration,0.0,0.00214767
00014083_023.png,Infiltration,0.0,0.00197792
00014083_023.png,Mass,0.0,0.0019331
00014083_023.png,Cardiomegaly,0.0,0.0019207
00014083_023.png,Infiltration,0.0,0.00189018
00014083_023.png,Mass,0.16330021480572202,0.00186729
00014083_023.png,Cardiomegaly,0.0,0.00177002
00014083_023.png,Mass,0.0,0.00175476
00014083_023.png,Infiltration,0.1678192112994271,0.00170898
00014083_023.png,Infiltration,0.0,0.00169754
00014083_023.png,Mass,0.0,0.00161934
00014083_023.png,Mass,0.0,0.00160313
00014083_023.png,Infiltration,0.0,0.00158596
00014083_023.png,Mass,0.0,0.00158405
00014083_023.png,Mass,0.0,0.00157833
00014083_023.png,Mass,0.0,0.00153542
00014083_023.png,Infiltration,0.0,0.00152969
00014083_023.png,Mass,0.0,0.00151253
00014083_023.png,Mass,0.0,0.00144863
00014083_023.png,Infiltration,0.0,0.00143242
00014083_023.png,Infiltration,0.0,0.00140762
00014083_023.png,Mass,0.0,0.00139713
00014083_023.png,Infiltration,0.0,0.00133991
00014083_023.png,Mass,0.1349809004525705,0.00119877
00014083_023.png,Effusion,0.0,0.00119781
00014083_023.png,Mass,0.11976989742831017,0.00119305
00014083_023.png,Cardiomegaly,0.1802019082036676,0.00119019
00014083_023.png,Infiltration,0.0,0.00117016
00014083_023.png,Effusion,0.0,0.00115681
00014083_023.png,Mass,0.0,0.00115585
00014083_023.png,Mass,0.0,0.00110722
00014083_023.png,Mass,0.0,0.00109863
00014083_023.png,Infiltration,0.0,0.001091
00014083_023.png,Mass,0.0,0.00107193
00014083_023.png,Cardiomegaly,0.0,0.00103283
00015300_000.png,Cardiomegaly,0.19560491531189306,0.288574
00015300_000.png,Infiltration,0.3782005146369796,0.113892
00015300_000.png,Infiltration,0.07848338631014584,0.0653076
00015300_000.png,Atelectasis,0.06727740606018193,0.0602417
00015300_000.png,Cardiomegaly,0.1664077292514375,0.0509949
00015300_000.png,Infiltration,0.3699473061914698,0.0492859
00015300_000.png,Infiltration,0.27457544505001763,0.0397339
00015300_000.png,Effusion,0.0,0.0360413
00015300_000.png,Effusion,0.0,0.0327759
00015300_000.png,Infiltration,0.1482258266515841,0.026413
00015300_000.png,Cardiomegaly,0.15901892958295155,0.0233154
00015300_000.png,Infiltration,0.08411115880628188,0.0157471
00015300_000.png,Atelectasis,0.0,0.0154114
00015300_000.png,Cardiomegaly,0.2177889567996897,0.0149307
00015300_000.png,Infiltration,0.2773988445221642,0.0136108
00015300_000.png,Infiltration,0.2832164887344354,0.0128174
00015300_000.png,Effusion,0.0,0.0127182
00015300_000.png,Infiltration,0.08035383553301172,0.0127182
00015300_000.png,Effusion,0.0,0.0110779
00015300_000.png,Effusion,0.0,0.010849
00015300_000.png,Infiltration,0.11463652194735756,0.00911713
00015300_000.png,Cardiomegaly,0.1574102553998313,0.00833893
00015300_000.png,Cardiomegaly,0.12081502821947948,0.00696182
00015300_000.png,Cardiomegaly,0.22983752654026143,0.00670624
00015300_000.png,Infiltration,0.05982985428178806,0.00632858
00015300_000.png,Infiltration,0.11982736906800912,0.00619125
00015300_000.png,Cardiomegaly,0.0916450042885516,0.00518036
00015300_000.png,Cardiomegaly,0.11088141681734656,0.00462341
00015300_000.png,Infiltration,0.0,0.00382233
00015300_000.png,Mass,0.0,0.00369453
00015300_000.png,Mass,0.0,0.0033474
00015300_000.png,Infiltration,0.06022039377017254,0.00331879
00015300_000.png,Infiltration,0.049588171492668955,0.00321579
00015300_000.png,Infiltration,0.21605321153382703,0.0030632
00015300_000.png,Infiltration,0.45079438988682574,0.0030117
00015300_000.png,Effusion,0.0,0.0029583
00015300_000.png,Cardiomegaly,0.13059376568557912,0.00294113
00015300_000.png,Infiltration,0.08093655218456937,0.00279617
00015300_000.png,Infiltration,0.38281807142062324,0.00260735
00015300_000.png,Infiltration,0.0,0.00250435
00015300_000.png,Mass,0.0,0.00247383
00015300_000.png,Cardiomegaly,0.0,0.00245285
00015300_000.png,Effusion,0.0,0.00226402
00015300_000.png,Effusion,0.0,0.0021801
00015300_000.png,Infiltration,0.48134783657082464,0.0020504
00015300_000.png,Infiltration,0.3420528722844884,0.00198174
00015300_000.png,Cardiomegaly,0.23708294784124273,0.00195694
00015300_000.png,Infiltration,0.19560491531189306,0.00165081
00015300_000.png,Infiltration,0.16328049996838298,0.00162792
00015300_000.png,Cardiomegaly,0.0,0.00160599
00015300_000.png,Infiltration,0.4302315704568706,0.00155926
00015300_000.png,Cardiomegaly,0.07848338631014584,0.0014925
00015300_000.png,Effusion,0.4331957040542558,0.00148678
00015300_000.png,Infiltration,0.0,0.0014658
00015300_000.png,Cardiomegaly,0.0,0.00143337
00015300_000.png,Mass,0.0,0.00137615
00015300_000.png,Infiltration,0.048362382267093794,0.00132847
00015300_000.png,Cardiomegaly,0.0,0.00126553
00015300_000.png,Infiltration,0.0,0.00119114
00015300_000.png,Atelectasis,0.0,0.00118732
00015300_000.png,Cardiomegaly,0.2142721930205905,0.00117779
00015300_000.png,Cardiomegaly,0.0,0.00116158
00015300_000.png,Infiltration,0.14438722885647595,0.00112343
00015300_000.png,Effusion,0.0,0.00102615
00015300_000.png,Atelectasis,0.1848122576067746,0.00101566
00015300_000.png,Mass,0.0,0.0010128
00014795_002.png,Effusion,0.0,0.115845
00014795_002.png,Mass,0.0,0.0438232
00014795_002.png,Infiltration,0.0,0.0385132
00014795_002.png,Atelectasis,0.023209768426052345,0.0354004
00014795_002.png,Mass,0.0,0.0315857
00014795_002.png,Effusion,0.0,0.0189514
00014795_002.png,Cardiomegaly,0.0,0.017395
00014795_002.png,Infiltration,0.0,0.0167542
00014795_002.png,Effusion,0.0,0.00722885
00014795_002.png,Mass,0.0,0.0042572
00014795_002.png,Mass,0.0,0.00397873
00014795_002.png,Effusion,0.0,0.00387955
00014795_002.png,Mass,0.0,0.00367546
00014795_002.png,Effusion,0.0,0.00357056
00014795_002.png,Cardiomegaly,0.0,0.00307655
00014795_002.png,Infiltration,0.2839194432705178,0.00271225
00014795_002.png,Infiltration,0.0,0.00249672
00014795_002.png,Infiltration,0.0,0.00243187
00014795_002.png,Effusion,0.0,0.00231743
00014795_002.png,Mass,0.0,0.00208282
00014795_002.png,Infiltration,0.0,0.0020256
00014795_002.png,Mass,0.0,0.00190258
00014795_002.png,Mass,0.0,0.0017786
00014795_002.png,Cardiomegaly,0.0,0.00159454
00014795_002.png,Mass,0.0,0.00151825
00014795_002.png,Infiltration,0.0,0.00150013
00014795_002.png,Effusion,0.0,0.00145721
00014795_002.png,Infiltration,0.5420663039695339,0.00144768
00014795_002.png,Mass,0.0,0.00134373
00014795_002.png,Infiltration,0.0,0.00130177
00014795_002.png,Mass,0.0,0.00127983
00014795_002.png,Cardiomegaly,0.0,0.00124359
00014795_002.png,Mass,0.0,0.00123882
00014795_002.png,Effusion,0.0,0.00120258
00014795_002.png,Mass,0.0,0.00119019
00014795_002.png,Effusion,0.0,0.00113678
00014795_002.png,Mass,0.0,0.00106716
00014795_002.png,Atelectasis,0.02010262532859418,0.00106335
00014795_002.png,Infiltration,0.0,0.0010519
00014795_002.png,Mass,0.0,0.00100136
00012973_005.png,Infiltration,0.0,0.0587769
00012973_005.png,Cardiomegaly,0.42362233915689673,0.0167389
00012973_005.png,Infiltration,0.044032828209738216,0.0163879
00012973_005.png,Cardiomegaly,0.0,0.0122604
00012973_005.png,Infiltration,0.059505698477389776,0.0113297
00012973_005.png,Atelectasis,0.0,0.0111237
00012973_005.png,Cardiomegaly,0.42909543480587387,0.0109177
00012973_005.png,Infiltration,0.1370075914415638,0.00991821
00012973_005.png,Cardiomegaly,0.8860502386995042,0.00947571
00012973_005.png,Infiltration,0.14978046676446727,0.00919342
00012973_005.png,Cardiomegaly,0.28082843508290906,0.00624847
00012973_005.png,Infiltration,0.0,0.00596619
00012973_005.png,Cardiomegaly,0.2450520355830008,0.00542831
00012973_005.png,Effusion,0.044032828209738216,0.00512695
00012973_005.png,Infiltration,0.22254372903676978,0.00506973
00012973_005.png,Infiltration,0.14887086217048923,0.00495911
00012973_005.png,Mass,0.0,0.00460434
00012973_005.png,Infiltration,0.4190734640892698,0.00437546
00012973_005.png,Cardiomegaly,0.0,0.00346565
00012973_005.png,Atelectasis,0.18615681053560545,0.00343132
00012973_005.png,Infiltration,0.1967888619672626,0.00342369
00012973_005.png,Infiltration,0.1711625720460432,0.00320625
00012973_005.png,Infiltration,0.20660838014558017,0.00316429
00012973_005.png,Cardiomegaly,0.23900439312865498,0.00315475
00012973_005.png,Cardiomegaly,0.3066669343411226,0.00268173
00012973_005.png,Infiltration,0.260093948379258,0.00243568
00012973_005.png,Cardiomegaly,0.6430166504351225,0.00239944
00012973_005.png,Effusion,0.05493039149928792,0.00237274
00012973_005.png,Mass,0.0,0.00233459
00012973_005.png,Infiltration,0.16476861895148,0.00230408
00012973_005.png,Effusion,0.0,0.00224495
00012973_005.png,Atelectasis,0.034865183830278215,0.00221634
00012973_005.png,Cardiomegaly,0.0,0.00209236
00012973_005.png,Cardiomegaly,0.23426446480800536,0.00194931
00012973_005.png,Infiltration,0.13403532190067832,0.00192928
00012973_005.png,Infiltration,0.0,0.00190258
00012973_005.png,Cardiomegaly,0.0,0.00177097
00012973_005.png,Infiltration,0.08080882806562781,0.00175285
00012973_005.png,Cardiomegaly,0.3261948394289195,0.00174236
00012973_005.png,Infiltration,0.03244571504330786,0.00166035
00012973_005.png,Cardiomegaly,0.0,0.00165653
00012973_005.png,Cardiomegaly,0.4701429953937822,0.0016346
00012973_005.png,Cardiomegaly,0.23881477388293804,0.00160599
00012973_005.png,Infiltration,0.09744223672468891,0.00160408
00012973_005.png,Cardiomegaly,0.1502582460641779,0.00158691
00012973_005.png,Cardiomegaly,0.11876968571786228,0.00156403
00012973_005.png,Infiltration,0.0,0.00150681
00012973_005.png,Cardiomegaly,0.2732223654488872,0.00148296
00012973_005.png,Mass,0.0,0.00145626
00012973_005.png,Infiltration,0.0,0.00140667
00012973_005.png,Infiltration,0.0,0.00139999
00012973_005.png,Infiltration,0.2052028357288816,0.00137424
00012973_005.png,Infiltration,0.13759044313626978,0.00130367
00012973_005.png,Infiltration,0.11752089250977543,0.00129414
00012973_005.png,Mass,0.1690416761213851,0.00126839
00012973_005.png,Effusion,0.006770017893494808,0.00125408
00012973_005.png,Cardiomegaly,0.0,0.00124073
00012973_005.png,Infiltration,0.0009729235261617982,0.00122547
00012973_005.png,Cardiomegaly,0.0,0.00122547
00012973_005.png,Infiltration,0.0,0.00122261
00012973_005.png,Cardiomegaly,0.0,0.00119877
00012973_005.png,Cardiomegaly,0.1887791668869487,0.00115871
00012973_005.png,Effusion,0.05487808171647328,0.00115585
00012973_005.png,Effusion,0.011523450403838528,0.0011425
00012973_005.png,Infiltration,0.0,0.00114155
00012973_005.png,Mass,0.0,0.00111866
00012973_005.png,Mass,0.0,0.00110722
00012973_005.png,Cardiomegaly,0.4980137277639573,0.00108528
00012973_005.png,Infiltration,0.0,0.00108337
00012973_005.png,Atelectasis,0.23647289734007834,0.00107861
00012973_005.png,Cardiomegaly,1.9717821738919763e-05,0.0010767
00012973_005.png,Mass,0.0,0.00106716
00012973_005.png,Cardiomegaly,0.3437066135538253,0.00102901
00014198_000.png,Infiltration,0.5219823297073785,0.181885
00014198_000.png,Atelectasis,0.10888279785728097,0.143433
00014198_000.png,Effusion,0.0,0.0249939
00014198_000.png,Cardiomegaly,0.0,0.0172577
00014198_000.png,Mass,0.0,0.0131607
00014198_000.png,Cardiomegaly,0.0,0.0124283
00014198_000.png,Mass,0.0,0.010498
00014198_000.png,Mass,0.0,0.00892639
00014198_000.png,Effusion,0.0,0.00827789
00014198_000.png,Infiltration,0.020358500352749886,0.00799561
00014198_000.png,Mass,0.0,0.00751495
00014198_000.png,Mass,0.0,0.00653458
00014198_000.png,Infiltration,0.0,0.00564957
00014198_000.png,Effusion,0.0,0.00386429
00014198_000.png,Infiltration,0.484184391564914,0.00370026
00014198_000.png,Effusion,0.0,0.00336075
00014198_000.png,Effusion,0.0,0.00294876
00014198_000.png,Effusion,0.0,0.00283623
00014198_000.png,Infiltration,0.0,0.00278664
00014198_000.png,Mass,0.0,0.00260925
00014198_000.png,Infiltration,0.06398208752963859,0.00255394
00014198_000.png,Infiltration,0.0,0.00247002
00014198_000.png,Infiltration,0.1151971550962028,0.0021534
00014198_000.png,Effusion,0.0,0.00206947
00014198_000.png,Effusion,0.0,0.00203514
00014198_000.png,Effusion,0.0,0.0020256
00014198_000.png,Effusion,0.1151971550962028,0.00202179
00014198_000.png,Mass,0.0,0.00197411
00014198_000.png,Mass,0.0,0.00186539
00014198_000.png,Effusion,0.0,0.00175953
00014198_000.png,Effusion,0.0,0.0017252
00014198_000.png,Infiltration,0.0,0.00170612
00014198_000.png,Cardiomegaly,0.1151971550962028,0.00151062
00014198_000.png,Mass,0.1151971550962028,0.00148201
00014198_000.png,Infiltration,0.0,0.00142765
00014198_000.png,Mass,0.0,0.00139141
00014198_000.png,Effusion,0.0,0.00136185
00014198_000.png,Effusion,0.0,0.0013485
00014198_000.png,Effusion,0.4802937358146298,0.00127792
00014198_000.png,Mass,0.0,0.00126457
00014198_000.png,Mass,0.0,0.00124264
00014198_000.png,Infiltration,0.0,0.00119591
00014198_000.png,Effusion,0.0,0.00117493
00014198_000.png,Cardiomegaly,0.0,0.00110626
00014198_000.png,Cardiomegaly,0.0,0.00109482
00014198_000.png,Infiltration,0.0,0.00103569
00014198_000.png,Effusion,0.0,0.00102425
00014198_000.png,Effusion,0.0,0.00101566
00013750_016.png,Effusion,0.0,0.154541
00013750_016.png,Infiltration,0.0,0.12561
00013750_016.png,Infiltration,0.0,0.0386963
00013750_016.png,Infiltration,0.0,0.0362854
00013750_016.png,Infiltration,0.0,0.018692
00013750_016.png,Effusion,0.0,0.0175171
00013750_016.png,Infiltration,0.03935525742315739,0.0162048
00013750_016.png,Cardiomegaly,0.0,0.0148849
00013750_016.png,Infiltration,0.0,0.0142822
00013750_016.png,Infiltration,0.0,0.0141373
00013750_016.png,Cardiomegaly,0.0,0.0130386
00013750_016.png,Infiltration,0.03292780206985698,0.0109711
00013750_016.png,Infiltration,0.0,0.0102768
00013750_016.png,Infiltration,0.0,0.00999451
00013750_016.png,Effusion,0.02011093229135924,0.00741959
00013750_016.png,Cardiomegaly,0.0,0.00738525
00013750_016.png,Infiltration,0.038923535735609915,0.00605011
00013750_016.png,Cardiomegaly,0.0,0.00600433
00013750_016.png,Infiltration,0.0,0.00591278
00013750_016.png,Infiltration,0.061739482520690954,0.00578308
00013750_016.png,Effusion,0.0,0.00576019
00013750_016.png,Cardiomegaly,0.139887242174796,0.00510406
00013750_016.png,Effusion,0.0,0.00426865
00013750_016.png,Cardiomegaly,0.0,0.00345612
00013750_016.png,Infiltration,0.0,0.00341606
00013750_016.png,Infiltration,0.0,0.00329971
00013750_016.png,Cardiomegaly,0.0,0.00324059
00013750_016.png,Infiltration,0.0,0.00287819
00013750_016.png,Cardiomegaly,0.23372764938618454,0.00265884
00013750_016.png,Mass,0.2623838247658464,0.00260925
00013750_016.png,Infiltration,0.0,0.00239754
00013750_016.png,Cardiomegaly,0.0,0.00233841
00013750_016.png,Effusion,0.0,0.00230598
00013750_016.png,Infiltration,0.0,0.00198936
00013750_016.png,Effusion,0.030165497418006393,0.00198936
00013750_016.png,Effusion,0.0,0.00194454
00013750_016.png,Mass,0.1726419907902911,0.00186539
00013750_016.png,Cardiomegaly,0.0,0.00186062
00013750_016.png,Cardiomegaly,0.0,0.00184631
00013750_016.png,Effusion,0.0015145554966423161,0.00166035
00013750_016.png,Cardiomegaly,0.008820407004316489,0.00165749
00013750_016.png,Effusion,0.0,0.00157642
00013750_016.png,Cardiomegaly,0.0,0.00149155
00013750_016.png,Infiltration,0.0,0.00148392
00013750_016.png,Infiltration,0.0,0.00145912
00013750_016.png,Cardiomegaly,0.0,0.0013895
00013750_016.png,Infiltration,0.0,0.00137043
00013750_016.png,Infiltration,0.0,0.00132656
00013750_016.png,Mass,0.0,0.00121021
00013750_016.png,Cardiomegaly,0.0,0.00118923
00013750_016.png,Cardiomegaly,0.0,0.00116253
00013750_016.png,Effusion,0.038923535735609915,0.00114059
00013750_016.png,Infiltration,0.0,0.00110817
00013750_016.png,Cardiomegaly,0.05973998020615029,0.00109386
00013750_016.png,Effusion,0.0,0.00106812
00013750_016.png,Atelectasis,0.0,0.00105
00013750_016.png,Mass,0.20062122524126097,0.00101089
00030674_000.png,Effusion,0.0,0.219971
00030674_000.png,Effusion,0.0,0.0881348
00030674_000.png,Effusion,0.6363750338987862,0.0365295
00030674_000.png,Infiltration,0.0,0.0310059
00030674_000.png,Effusion,0.0,0.0255127
00030674_000.png,Effusion,0.18678583898786486,0.0201111
00030674_000.png,Effusion,0.0,0.013382
00030674_000.png,Infiltration,0.16824538315881105,0.00814819
00030674_000.png,Atelectasis,0.019441855626266633,0.00800323
00030674_000.png,Infiltration,0.0,0.00792694
00030674_000.png,Infiltration,0.0,0.00522995
00030674_000.png,Infiltration,0.0,0.0032196
00030674_000.png,Infiltration,0.0,0.00285912
00030674_000.png,Infiltration,0.0,0.00284576
00030674_000.png,Infiltration,0.0,0.00260925
00030674_000.png,Infiltration,0.0,0.00258255
00030674_000.png,Infiltration,0.0,0.00239563
00030674_000.png,Infiltration,0.0,0.00190926
00030674_000.png,Effusion,0.0,0.00189018
00030674_000.png,Effusion,0.3396813009351903,0.00188637
00030674_000.png,Effusion,0.0,0.00170135
00030674_000.png,Cardiomegaly,0.623683888862924,0.00168896
00030674_000.png,Effusion,0.0,0.00148964
00030674_000.png,Infiltration,0.0,0.0014801
00030674_000.png,Cardiomegaly,0.0,0.00145245
00030674_000.png,Effusion,0.0,0.00142765
00030674_000.png,Effusion,0.47900236477248015,0.0013895
00030674_000.png,Atelectasis,0.0,0.00131416
00030674_000.png,Effusion,0.0,0.00121975
00030674_000.png,Infiltration,0.0,0.00121021
00030674_000.png,Infiltration,0.39227233034401504,0.00118637
00030674_000.png,Cardiomegaly,0.0,0.00100517
00007037_000.png,Atelectasis,0.8018860672261316,0.762207
00007037_000.png,Mass,0.0,0.258789
00007037_000.png,Effusion,0.0,0.159912
00007037_000.png,Mass,0.0,0.0397644
00007037_000.png,Mass,0.0,0.0217743
00007037_000.png,Infiltration,0.07651795746410849,0.0150681
00007037_000.png,Effusion,0.0,0.0113754
00007037_000.png,Mass,0.0,0.0105591
00007037_000.png,Infiltration,0.06895606442042156,0.00951385
00007037_000.png,Infiltration,0.8442698187095251,0.00727081
00007037_000.png,Mass,0.0,0.00680161
00007037_000.png,Mass,0.0,0.00676727
00007037_000.png,Infiltration,0.15282974507269972,0.00605392
00007037_000.png,Effusion,0.8442698187095251,0.00485611
00007037_000.png,Effusion,0.0,0.00453186
00007037_000.png,Mass,0.0,0.00435638
00007037_000.png,Cardiomegaly,0.8442698187095251,0.00358009
00007037_000.png,Mass,0.8442698187095251,0.00352669
00007037_000.png,Mass,0.0,0.00304413
00007037_000.png,Mass,0.0,0.00266457
00007037_000.png,Mass,0.0,0.00230598
00007037_000.png,Pneumonia,0.8442698187095251,0.00221634
00007037_000.png,Cardiomegaly,0.0,0.00220299
00007037_000.png,Mass,0.0,0.00219727
00007037_000.png,Effusion,0.0,0.00214195
00007037_000.png,Pleural_Thickening,0.8442698187095251,0.00198746
00007037_000.png,Mass,0.0,0.00192547
00007037_000.png,Nodule,0.7677528633810374,0.00184345
00007037_000.png,Edema,0.8442698187095251,0.00183964
00007037_000.png,Hernia,0.8442698187095251,0.00177574
00007037_000.png,Infiltration,0.0,0.00173187
00007037_000.png,Fibrosis,0.8442698187095251,0.00170803
00007037_000.png,Mass,0.0,0.00164604
00007037_000.png,Mass,0.0,0.0016346
00007037_000.png,Cardiomegaly,0.0,0.00162697
00007037_000.png,Pneumothorax,0.8442698187095251,0.00162315
00007037_000.png,Infiltration,0.0,0.00143147
00007037_000.png,Emphysema,0.8442698187095251,0.00137901
00007037_000.png,Infiltration,0.0,0.00126362
00007037_000.png,Mass,0.0,0.00124741
00007037_000.png,Infiltration,0.1255095536602965,0.00119972
00007037_000.png,Infiltration,0.04650905029859413,0.00118351
00007037_000.png,Consolidation,0.8442698187095251,0.00113583
00007037_000.png,Cardiomegaly,0.0,0.00112629
00007037_000.png,Infiltration,0.14368938881981697,0.00111961
00007037_000.png,Mass,0.0,0.00111866
00007037_000.png,Effusion,0.0,0.00111008
00007037_000.png,Atelectasis,0.6340732196791686,0.00110054
00007037_000.png,Cardiomegaly,0.006491074572168499,0.00109959
00007037_000.png,Mass,0.0,0.00107098
00007037_000.png,Mass,0.0,0.00102806
00007037_000.png,Effusion,0.003225810597585213,0.00101566
00007037_000.png,Effusion,0.0,0.00100994
00007037_000.png,Effusion,0.03761099947005389,0.00100803
00007037_000.png,Mass,0.0,0.00100708
00029909_003.png,Effusion,0.0,0.325684
00029909_003.png,Infiltration,0.0,0.115601
00029909_003.png,Effusion,0.0,0.0877075
00029909_003.png,Effusion,0.0,0.0559082
00029909_003.png,Cardiomegaly,0.0,0.0480652
00029909_003.png,Atelectasis,0.0,0.0328064
00029909_003.png,Effusion,0.0,0.0238342
00029909_003.png,Cardiomegaly,0.0,0.0208435
00029909_003.png,Cardiomegaly,0.0,0.0141144
00029909_003.png,Infiltration,0.0,0.0129776
00029909_003.png,Infiltration,0.0,0.0111008
00029909_003.png,Effusion,0.0,0.00863647
00029909_003.png,Effusion,0.0,0.00800323
00029909_003.png,Infiltration,0.0,0.00733566
00029909_003.png,Cardiomegaly,0.0,0.00694656
00029909_003.png,Cardiomegaly,0.022391471979120742,0.00621796
00029909_003.png,Cardiomegaly,0.24319486158154047,0.00561142
00029909_003.png,Infiltration,0.0,0.00489044
00029909_003.png,Effusion,0.0,0.00400925
00029909_003.png,Effusion,0.0,0.00357437
00029909_003.png,Effusion,0.0,0.00337982
00029909_003.png,Cardiomegaly,0.0,0.00290108
00029909_003.png,Effusion,0.0,0.00282097
00029909_003.png,Effusion,0.0,0.00280571
00029909_003.png,Effusion,0.0,0.00274277
00029909_003.png,Infiltration,0.0,0.00271606
00029909_003.png,Effusion,0.0,0.002491
00029909_003.png,Cardiomegaly,0.0,0.00239563
00029909_003.png,Cardiomegaly,0.0,0.00233459
00029909_003.png,Infiltration,0.0,0.002285
00029909_003.png,Infiltration,0.0,0.00216103
00029909_003.png,Infiltration,0.0,0.00212097
00029909_003.png,Infiltration,0.0,0.0020752
00029909_003.png,Infiltration,0.0,0.00194073
00029909_003.png,Cardiomegaly,0.0,0.00192356
00029909_003.png,Cardiomegaly,0.0,0.00184727
00029909_003.png,Effusion,0.0,0.0018177
00029909_003.png,Cardiomegaly,0.0,0.00181293
00029909_003.png,Cardiomegaly,0.0,0.0017786
00029909_003.png,Cardiomegaly,0.0,0.00175285
00029909_003.png,Effusion,0.0,0.00174332
00029909_003.png,Effusion,0.0,0.00172329
00029909_003.png,Cardiomegaly,0.0,0.00167179
00029909_003.png,Cardiomegaly,0.0,0.0015974
00029909_003.png,Cardiomegaly,0.0,0.00158978
00029909_003.png,Infiltration,0.0,0.00155735
00029909_003.png,Effusion,0.0,0.00147629
00029909_003.png,Cardiomegaly,0.0,0.00145912
00029909_003.png,Cardiomegaly,0.0,0.00137615
00029909_003.png,Infiltration,0.0,0.0013237
00029909_003.png,Atelectasis,0.0,0.00125217
00029909_003.png,Effusion,0.0,0.00124073
00029909_003.png,Cardiomegaly,0.05917879726094872,0.00120449
00029909_003.png,Infiltration,0.0,0.0011797
00029909_003.png,Cardiomegaly,0.0,0.0011549
00029909_003.png,Cardiomegaly,0.0,0.00113201
00029909_003.png,Effusion,0.0,0.00106144
00029909_003.png,Infiltration,0.0,0.00105572
00029909_003.png,Cardiomegaly,0.0,0.00104618
00029909_003.png,Cardiomegaly,0.0,0.00104237
00029909_003.png,Infiltration,0.0,0.00101566
00029909_003.png,Infiltration,0.0,0.00100613
00029909_003.png,Cardiomegaly,0.0,0.00100327
00005532_016.png,Atelectasis,0.751333635309869,0.721191
00005532_016.png,Cardiomegaly,0.0,0.0212402
00005532_016.png,Effusion,0.04575014349885845,0.0151291
00005532_016.png,Cardiomegaly,0.0,0.0131683
00005532_016.png,Cardiomegaly,0.0,0.0122681
00005532_016.png,Cardiomegaly,0.0,0.0098877
00005532_016.png,Infiltration,0.755539354826502,0.00709152
00005532_016.png,Cardiomegaly,0.0,0.0060463
00005532_016.png,Effusion,0.755539354826502,0.00602722
00005532_016.png,Mass,0.755539354826502,0.00420761
00005532_016.png,Pneumonia,0.755539354826502,0.0041275
00005532_016.png,Atelectasis,0.6061919196642364,0.00319672
00005532_016.png,Emphysema,0.755539354826502,0.00316429
00005532_016.png,Cardiomegaly,0.08322983299178648,0.00315857
00005532_016.png,Cardiomegaly,0.0,0.00315666
00005532_016.png,Edema,0.755539354826502,0.00296211
00005532_016.png,Cardiomegaly,0.755539354826502,0.00289345
00005532_016.png,Cardiomegaly,0.09614966546482123,0.00257301
00005532_016.png,Nodule,0.755539354826502,0.0024395
00005532_016.png,Hernia,0.755539354826502,0.00235748
00005532_016.png,Pleural_Thickening,0.755539354826502,0.00230217
00005532_016.png,Cardiomegaly,0.0,0.00226784
00005532_016.png,Pneumothorax,0.755539354826502,0.00226593
00005532_016.png,Cardiomegaly,0.0,0.00218964
00005532_016.png,Fibrosis,0.755539354826502,0.00207329
00005532_016.png,Cardiomegaly,0.0,0.00175858
00005532_016.png,Cardiomegaly,0.0,0.00172997
00005532_016.png,Consolidation,0.755539354826502,0.00169468
00005532_016.png,Effusion,0.0,0.00167751
00005532_016.png,Cardiomegaly,0.0,0.001647
00005532_016.png,Effusion,0.0,0.00151539
00005532_016.png,Cardiomegaly,0.0,0.00143433
00005532_016.png,Infiltration,0.0,0.00143147
00005532_016.png,Cardiomegaly,0.0,0.00137234
00005532_016.png,Cardiomegaly,0.0,0.00123024
00005532_016.png,Atelectasis,0.3209199011269432,0.00122833
00005532_016.png,Cardiomegaly,0.0,0.00111103
00005532_016.png,Cardiomegaly,0.0,0.00109673
00005532_016.png,Cardiomegaly,0.0,0.00108719
00005532_016.png,Cardiomegaly,0.0,0.00107956
00005532_016.png,Infiltration,0.0,0.00103569
00005532_016.png,Infiltration,0.05812567625932529,0.00102997
00019861_010.png,Mass,0.004407697988514906,0.293213
00019861_010.png,Infiltration,0.06530893039956946,0.130615
00019861_010.png,Atelectasis,0.8937866462134835,0.117615
00019861_010.png,Infiltration,0.009225789707343115,0.0948486
00019861_010.png,Mass,0.0,0.0792236
00019861_010.png,Infiltration,0.09908205701205243,0.0577698
00019861_010.png,Infiltration,0.0,0.0551758
00019861_010.png,Cardiomegaly,0.013804316297009157,0.0341187
00019861_010.png,Cardiomegaly,0.014794143151641072,0.0336304
00019861_010.png,Mass,0.0,0.0214233
00019861_010.png,Mass,0.0,0.0212097
00019861_010.png,Mass,0.0,0.019043
00019861_010.png,Mass,0.005443340413221283,0.014061
00019861_010.png,Effusion,0.019807099063539082,0.00906372
00019861_010.png,Infiltration,0.10955759401507205,0.00843811
00019861_010.png,Infiltration,0.03719157950783299,0.00779724
00019861_010.png,Mass,0.002072886133102452,0.0077858
00019861_010.png,Infiltration,0.12384209809877039,0.00740814
00019861_010.png,Effusion,0.014426672941665998,0.00704956
00019861_010.png,Mass,0.0,0.00482941
00019861_010.png,Infiltration,0.003214544829780282,0.00477219
00019861_010.png,Infiltration,0.044498945861206396,0.00448608
00019861_010.png,Cardiomegaly,0.0,0.00403595
00019861_010.png,Cardiomegaly,0.0,0.00391388
00019861_010.png,Infiltration,0.0041898598431435044,0.00360107
00019861_010.png,Mass,0.009984215532710073,0.00336266
00019861_010.png,Infiltration,0.2444314340995814,0.00317574
00019861_010.png,Effusion,0.03864151308963291,0.00291061
00019861_010.png,Infiltration,0.06495915834983305,0.00291061
00019861_010.png,Infiltration,0.4303384424249846,0.00289726
00019861_010.png,Effusion,0.0,0.00271606
00019861_010.png,Infiltration,0.18834710906053223,0.00269127
00019861_010.png,Mass,0.0,0.00260925
00019861_010.png,Cardiomegaly,0.006360485352514331,0.00238991
00019861_010.png,Infiltration,0.026646972035215287,0.0022316
00019861_010.png,Cardiomegaly,0.006419197096411168,0.00218773
00019861_010.png,Infiltration,0.014136811721429967,0.0021534
00019861_010.png,Mass,0.0,0.00206566
00019861_010.png,Cardiomegaly,0.007389061981686578,0.00203896
00019861_010.png,Mass,0.0,0.00203323
00019861_010.png,Infiltration,0.006519960597357489,0.00202179
00019861_010.png,Infiltration,0.12761275243057538,0.0019083
00019861_010.png,Infiltration,0.6865894288149996,0.00182247
00019861_010.png,Mass,0.0,0.00178146
00019861_010.png,Infiltration,0.023948509609053543,0.00156879
00019861_010.png,Infiltration,0.14584517345639136,0.00154972
00019861_010.png,Mass,0.0,0.00149632
00019861_010.png,Mass,0.0,0.00146389
00019861_010.png,Infiltration,0.0715567937971839,0.00145817
00019861_010.png,Cardiomegaly,0.02632938239203712,0.00143719
00019861_010.png,Cardiomegaly,0.007556306503915254,0.00136757
00019861_010.png,Cardiomegaly,0.003214544829780282,0.00134945
00019861_010.png,Effusion,0.008584980951559537,0.00131607
00019861_010.png,Infiltration,0.0,0.00130177
00019861_010.png,Infiltration,0.1458521406177204,0.00129128
00019861_010.png,Infiltration,0.0,0.00122547
00019861_010.png,Cardiomegaly,0.05518127367990317,0.00121021
00019861_010.png,Effusion,0.8199540582434306,0.00115395
00019861_010.png,Infiltration,0.035777753126231375,0.00115108
00019861_010.png,Infiltration,0.2086266138064418,0.00111103
00019861_010.png,Cardiomegaly,0.4303384424249846,0.0010376
00005532_000.png,Atelectasis,0.7535149249624389,0.811035
00005532_000.png,Effusion,0.040389334164321465,0.0733032
00005532_000.png,Infiltration,0.0018027243537919453,0.0469666
00005532_000.png,Cardiomegaly,0.0,0.017334
00005532_000.png,Effusion,0.0,0.0154724
00005532_000.png,Cardiomegaly,0.02010623954837347,0.0100861
00005532_000.png,Atelectasis,0.4864683989182722,0.00757599
00005532_000.png,Infiltration,0.748153296745674,0.0071907
00005532_000.png,Effusion,0.748153296745674,0.00684357
00005532_000.png,Infiltration,0.0,0.0063324
00005532_000.png,Effusion,0.0,0.00541687
00005532_000.png,Cardiomegaly,0.0,0.00482559
00005532_000.png,Mass,0.748153296745674,0.00443268
00005532_000.png,Effusion,0.024105417663906028,0.00421906
00005532_000.png,Infiltration,0.0,0.00409698
00005532_000.png,Effusion,0.0055254084681801326,0.00398254
00005532_000.png,Cardiomegaly,0.0062989671430390025,0.00396729
00005532_000.png,Pneumonia,0.748153296745674,0.00380135
00005532_000.png,Cardiomegaly,0.748153296745674,0.0030365
00005532_000.png,Infiltration,0.019768836416406824,0.00290489
00005532_000.png,Effusion,0.0,0.00283432
00005532_000.png,Emphysema,0.748153296745674,0.00281143
00005532_000.png,Effusion,0.0068497844280484095,0.00274849
00005532_000.png,Edema,0.748153296745674,0.00273705
00005532_000.png,Effusion,0.0,0.00265503
00005532_000.png,Pneumothorax,0.748153296745674,0.00252151
00005532_000.png,Hernia,0.748153296745674,0.00248337
00005532_000.png,Pleural_Thickening,0.748153296745674,0.00238991
00005532_000.png,Nodule,0.748153296745674,0.00235176
00005532_000.png,Infiltration,0.0,0.00230408
00005532_000.png,Fibrosis,0.748153296745674,0.00225449
00005532_000.png,Effusion,0.0,0.00200653
00005532_000.png,Infiltration,0.015690668051862772,0.00193787
00005532_000.png,Effusion,0.0,0.00178814
00005532_000.png,Consolidation,0.748153296745674,0.0017519
00005532_000.png,Cardiomegaly,0.0,0.00152779
00005532_000.png,Effusion,0.0,0.00137043
00005532_000.png,Infiltration,0.0,0.00135136
00005532_000.png,Cardiomegaly,0.0,0.00126839
00005532_000.png,Cardiomegaly,0.0576472313768506,0.0012455
00005532_000.png,Cardiomegaly,0.0,0.00122643
00005532_000.png,Infiltration,0.0,0.00115776
00005532_000.png,Infiltration,0.0,0.00115585
00005532_000.png,Effusion,0.0,0.00109291
00005532_000.png,Infiltration,0.00813293487752183,0.00107956
00005532_000.png,Cardiomegaly,0.0,0.00100136
00001534_005.png,Atelectasis,0.8130914781589704,0.749512
00001534_005.png,Effusion,0.04433801542470178,0.141602
00001534_005.png,Effusion,0.0,0.0360413
00001534_005.png,Infiltration,0.03700906183959212,0.0128403
00001534_005.png,Infiltration,0.01327255772296065,0.0120163
00001534_005.png,Effusion,0.0,0.0091095
00001534_005.png,Effusion,0.0,0.00843811
00001534_005.png,Infiltration,0.8018285963383777,0.00738525
00001534_005.png,Effusion,0.0,0.00596237
00001534_005.png,Effusion,0.8162980513379178,0.00477219
00001534_005.png,Infiltration,0.02223916838002639,0.00409698
00001534_005.png,Infiltration,0.008197488274390438,0.00349236
00001534_005.png,Mass,0.8018285963383777,0.00319481
00001534_005.png,Infiltration,0.0035230338172037886,0.00316429
00001534_005.png,Pneumonia,0.8162980513379178,0.00305939
00001534_005.png,Cardiomegaly,0.8018285963383777,0.00290108
00001534_005.png,Mass,0.0,0.00286674
00001534_005.png,Cardiomegaly,0.0,0.00284386
00001534_005.png,Infiltration,0.09456892700327423,0.00257874
00001534_005.png,Edema,0.8162980513379178,0.00229836
00001534_005.png,Cardiomegaly,0.0,0.00208092
00001534_005.png,Infiltration,0.0005315915730230507,0.00207138
00001534_005.png,Pleural_Thickening,0.8018285963383777,0.00203323
00001534_005.png,Atelectasis,0.575987641921988,0.00199318
00001534_005.png,Emphysema,0.8162980513379178,0.00199127
00001534_005.png,Nodule,0.8162980513379178,0.00196838
00001534_005.png,Hernia,0.8018285963383777,0.00195503
00001534_005.png,Pneumothorax,0.8018285963383777,0.00193977
00001534_005.png,Fibrosis,0.8018285963383777,0.00180149
00001534_005.png,Mass,0.0,0.00171757
00001534_005.png,Effusion,0.0,0.00152588
00001534_005.png,Cardiomegaly,0.0,0.00144005
00001534_005.png,Infiltration,0.0,0.00123215
00001534_005.png,Infiltration,0.03126413722167774,0.00121403
00001534_005.png,Consolidation,0.8018285963383777,0.00120735
00001534_005.png,Effusion,0.0,0.00119495
00001534_005.png,Infiltration,0.04600525685842021,0.00103855
00001373_009.png,Atelectasis,0.9461100960730369,0.638184
00001373_009.png,Effusion,0.0,0.0149536
00001373_009.png,Infiltration,0.12215618983930253,0.011673
00001373_009.png,Effusion,0.9061829381982708,0.00557327
00001373_009.png,Effusion,0.04898237710553595,0.00546646
00001373_009.png,Infiltration,0.8992942580010184,0.00451279
00001373_009.png,Infiltration,0.008434777823649993,0.00430679
00001373_009.png,Effusion,0.011460461237302861,0.00406647
00001373_009.png,Infiltration,0.08029700092431688,0.00405121
00001373_009.png,Mass,0.9061829381982708,0.00336647
00001373_009.png,Mass,0.0,0.00305176
00001373_009.png,Cardiomegaly,0.9061829381982708,0.00295258
00001373_009.png,Effusion,0.0,0.00222206
00001373_009.png,Mass,0.0,0.00210953
00001373_009.png,Pneumonia,0.9061829381982708,0.00208282
00001373_009.png,Fibrosis,0.9061829381982708,0.00205803
00001373_009.png,Edema,0.9061829381982708,0.00204086
00001373_009.png,Nodule,0.9061829381982708,0.00183105
00001373_009.png,Pleural_Thickening,0.9061829381982708,0.00181007
00001373_009.png,Hernia,0.9061829381982708,0.00174141
00001373_009.png,Infiltration,0.0769671065977708,0.00160313
00001373_009.png,Infiltration,0.0,0.00151443
00001373_009.png,Infiltration,0.019995146579784965,0.00142479
00001373_009.png,Infiltration,0.07327701851459599,0.00140667
00001373_009.png,Emphysema,0.9061829381982708,0.00133133
00001373_009.png,Consolidation,0.9061829381982708,0.00129509
00001373_009.png,Pneumothorax,0.9061829381982708,0.00124168
00001373_009.png,Mass,0.0,0.00123024
00001373_009.png,Infiltration,0.04898237710553595,0.00117588
00001373_009.png,Cardiomegaly,0.04961436881975372,0.00112152
00000054_007.png,Effusion,0.0,0.101318
00000054_007.png,Atelectasis,0.0,0.101257
00000054_007.png,Infiltration,0.0,0.0441589
00000054_007.png,Cardiomegaly,0.0,0.0257721
00000054_007.png,Infiltration,0.0,0.0253143
00000054_007.png,Cardiomegaly,0.0,0.0192413
00000054_007.png,Cardiomegaly,0.0,0.00578308
00000054_007.png,Infiltration,0.0,0.00511169
00000054_007.png,Cardiomegaly,0.0,0.00416946
00000054_007.png,Infiltration,0.0,0.0041275
00000054_007.png,Cardiomegaly,0.0,0.00328445
00000054_007.png,Infiltration,0.0,0.00296974
00000054_007.png,Cardiomegaly,0.0,0.00251961
00000054_007.png,Infiltration,0.0,0.00244522
00000054_007.png,Cardiomegaly,0.0,0.00241661
00000054_007.png,Infiltration,0.0,0.00238609
00000054_007.png,Cardiomegaly,0.0,0.00232697
00000054_007.png,Effusion,0.0,0.00227928
00000054_007.png,Cardiomegaly,0.0,0.00197601
00000054_007.png,Cardiomegaly,0.0,0.00170422
00000054_007.png,Effusion,0.0,0.0016861
00000054_007.png,Infiltration,0.0,0.00166035
00000054_007.png,Cardiomegaly,0.0,0.00164413
00000054_007.png,Cardiomegaly,0.0,0.00161171
00000054_007.png,Cardiomegaly,0.0,0.00152493
00000054_007.png,Infiltration,0.0,0.00146294
00000054_007.png,Effusion,0.0,0.00128174
00000054_007.png,Effusion,0.0,0.00127602
00000054_007.png,Cardiomegaly,0.0,0.00121975
00000054_007.png,Effusion,0.0,0.00121212
00000054_007.png,Infiltration,0.0,0.00112057
00000054_007.png,Infiltration,0.0,0.00106049
00028620_000.png,Infiltration,0.0,0.477539
00028620_000.png,Infiltration,0.0,0.256592
00028620_000.png,Infiltration,0.6945968519626452,0.20166
00028620_000.png,Cardiomegaly,0.0,0.0384216
00028620_000.png,Infiltration,0.40600052864984054,0.0370483
00028620_000.png,Infiltration,0.0,0.0330811
00028620_000.png,Mass,0.0,0.0264587
00028620_000.png,Infiltration,0.0,0.0227509
00028620_000.png,Atelectasis,0.05700871617696958,0.0215759
00028620_000.png,Infiltration,0.0,0.0190582
00028620_000.png,Infiltration,0.0,0.0118027
00028620_000.png,Effusion,0.0,0.010582
00028620_000.png,Infiltration,0.03336883961864488,0.00997925
00028620_000.png,Infiltration,0.0,0.00614166
00028620_000.png,Cardiomegaly,0.0,0.00581741
00028620_000.png,Infiltration,0.17668001120802057,0.00556564
00028620_000.png,Infiltration,0.0,0.00505066
00028620_000.png,Infiltration,0.0,0.00500107
00028620_000.png,Effusion,0.0,0.00471497
00028620_000.png,Cardiomegaly,0.3659908682076549,0.00454712
00028620_000.png,Infiltration,0.0,0.00453568
00028620_000.png,Atelectasis,0.0,0.00453186
00028620_000.png,Infiltration,0.5693622975833353,0.00415802
00028620_000.png,Mass,0.0,0.00398636
00028620_000.png,Infiltration,0.15168655646425555,0.00385857
00028620_000.png,Infiltration,0.07724392857240552,0.00355911
00028620_000.png,Infiltration,0.23525501008677163,0.00349808
00028620_000.png,Infiltration,0.5722772693511929,0.00346756
00028620_000.png,Infiltration,0.3659908682076549,0.00340652
00028620_000.png,Mass,0.0,0.00314331
00028620_000.png,Mass,0.0,0.00247383
00028620_000.png,Mass,0.0,0.00239372
00028620_000.png,Infiltration,0.0,0.00216866
00028620_000.png,Effusion,0.1045002955461751,0.00197983
00028620_000.png,Infiltration,0.0,0.00184155
00028620_000.png,Mass,0.0,0.00183678
00028620_000.png,Cardiomegaly,0.3315135003927146,0.0016737
00028620_000.png,Effusion,0.0,0.00167179
00028620_000.png,Atelectasis,0.0,0.00167084
00028620_000.png,Infiltration,0.0,0.00166798
00028620_000.png,Mass,0.0,0.00163555
00028620_000.png,Effusion,0.0,0.0016098
00028620_000.png,Infiltration,0.14411552954417794,0.0015955
00028620_000.png,Infiltration,0.2986726048869708,0.00144005
00028620_000.png,Effusion,0.03336883961864488,0.00137997
00028620_000.png,Cardiomegaly,0.0,0.00136089
00028620_000.png,Effusion,0.0644649310560681,0.00134277
00028620_000.png,Mass,0.0,0.00124741
00028620_000.png,Cardiomegaly,0.0,0.0012331
00028620_000.png,Infiltration,0.0,0.00117874
00028620_000.png,Effusion,0.0,0.00116348
00028620_000.png,Cardiomegaly,0.5693622975833353,0.00113487
00028620_000.png,Atelectasis,0.0,0.00108242
00028620_000.png,Mass,0.0,0.00102139
00026196_001.png,Effusion,0.0,0.238037
00026196_001.png,Infiltration,0.03741258554198896,0.0732422
00026196_001.png,Infiltration,0.015851150535865433,0.0662842
00026196_001.png,Mass,0.0,0.0627441
00026196_001.png,Infiltration,0.0,0.0555115
00026196_001.png,Infiltration,0.032093030911201005,0.0445862
00026196_001.png,Infiltration,0.0,0.0289459
00026196_001.png,Infiltration,0.0,0.0228271
00026196_001.png,Effusion,0.0,0.0218201
00026196_001.png,Mass,0.0,0.0212097
00026196_001.png,Effusion,0.0,0.0155716
00026196_001.png,Infiltration,0.026949040642220392,0.0148315
00026196_001.png,Infiltration,0.0,0.0127182
00026196_001.png,Effusion,0.04223565728457318,0.0104904
00026196_001.png,Infiltration,0.0,0.00829315
00026196_001.png,Infiltration,0.0,0.0058136
00026196_001.png,Effusion,0.0,0.00535583
00026196_001.png,Effusion,0.0,0.00516891
00026196_001.png,Infiltration,0.0,0.00492096
00026196_001.png,Infiltration,0.015251714316420379,0.00484848
00026196_001.png,Infiltration,0.0,0.00434875
00026196_001.png,Infiltration,0.0,0.00410461
00026196_001.png,Mass,0.0,0.00401688
00026196_001.png,Infiltration,0.020713573219599043,0.00393677
00026196_001.png,Infiltration,0.03406308218786301,0.00362968
00026196_001.png,Infiltration,0.0,0.00344849
00026196_001.png,Mass,0.0,0.00334167
00026196_001.png,Infiltration,0.0,0.00315666
00026196_001.png,Effusion,0.0,0.00282478
00026196_001.png,Atelectasis,0.02581759818941824,0.00278091
00026196_001.png,Infiltration,0.0,0.00277328
00026196_001.png,Mass,0.0,0.00245857
00026196_001.png,Cardiomegaly,0.0,0.002285
00026196_001.png,Mass,0.0,0.00226402
00026196_001.png,Effusion,0.0,0.00220299
00026196_001.png,Infiltration,0.0,0.00216103
00026196_001.png,Cardiomegaly,0.0,0.00198174
00026196_001.png,Infiltration,0.0,0.00195885
00026196_001.png,Infiltration,0.0,0.001894
00026196_001.png,Effusion,0.015851150535865433,0.00182247
00026196_001.png,Atelectasis,0.018740646614557484,0.00168419
00026196_001.png,Infiltration,0.0,0.00162125
00026196_001.png,Infiltration,0.0,0.00155735
00026196_001.png,Infiltration,0.0,0.00155354
00026196_001.png,Mass,0.0,0.00153637
00026196_001.png,Infiltration,0.0,0.00147724
00026196_001.png,Effusion,0.0,0.00144196
00026196_001.png,Infiltration,0.0,0.00142193
00026196_001.png,Infiltration,0.0,0.00139046
00026196_001.png,Cardiomegaly,0.0,0.0013876
00026196_001.png,Effusion,0.009034526349036367,0.00136566
00026196_001.png,Effusion,0.02581759818941824,0.0012722
00026196_001.png,Infiltration,0.02001493134689352,0.00124168
00026196_001.png,Infiltration,0.0,0.00119972
00026196_001.png,Mass,0.0,0.00119019
00026196_001.png,Effusion,0.0,0.0011692
00026196_001.png,Cardiomegaly,0.0,0.00114632
00026196_001.png,Infiltration,0.0,0.00112152
00026196_001.png,Infiltration,0.0,0.00107002
00026196_001.png,Infiltration,0.0,0.00105858
00016990_000.png,Atelectasis,0.8055678592654597,0.831055
00016990_000.png,Mass,0.0,0.19873
00016990_000.png,Infiltration,0.027054786681273497,0.0541382
00016990_000.png,Cardiomegaly,0.0,0.0116882
00016990_000.png,Effusion,0.0,0.0104675
00016990_000.png,Mass,0.0,0.00992584
00016990_000.png,Atelectasis,0.6807968933971211,0.00891113
00016990_000.png,Infiltration,0.8658826827921678,0.00649643
00016990_000.png,Effusion,0.770093443087498,0.00580978
00016990_000.png,Mass,0.0,0.00469208
00016990_000.png,Effusion,0.010501398783532527,0.00426102
00016990_000.png,Mass,0.0,0.00426102
00016990_000.png,Infiltration,0.0,0.00408554
00016990_000.png,Infiltration,0.01965229076483397,0.00371552
00016990_000.png,Effusion,0.0,0.00363922
00016990_000.png,Mass,0.8582418549905968,0.0035305
00016990_000.png,Cardiomegaly,0.017192935519819586,0.00309372
00016990_000.png,Mass,0.0,0.00299263
00016990_000.png,Infiltration,0.010917741355842609,0.00293159
00016990_000.png,Cardiomegaly,0.8582418549905968,0.00277901
00016990_000.png,Infiltration,0.02040240282152953,0.00262642
00016990_000.png,Pneumonia,0.770093443087498,0.00251198
00016990_000.png,Infiltration,0.057663643323146725,0.00230217
00016990_000.png,Effusion,0.0415453308107333,0.00212479
00016990_000.png,Edema,0.770093443087498,0.00203896
00016990_000.png,Mass,0.0,0.00201035
00016990_000.png,Pneumothorax,0.8582418549905968,0.00191593
00016990_000.png,Nodule,0.770093443087498,0.00188637
00016990_000.png,Hernia,0.8582418549905968,0.00185776
00016990_000.png,Pleural_Thickening,0.8582418549905968,0.00183582
00016990_000.png,Fibrosis,0.8582418549905968,0.00180054
00016990_000.png,Atelectasis,0.444084253880213,0.00161934
00016990_000.png,Emphysema,0.770093443087498,0.0016098
00016990_000.png,Infiltration,0.0,0.00144291
00016990_000.png,Infiltration,0.025405620199873594,0.00129986
00016990_000.png,Cardiomegaly,0.0,0.00129509
00016990_000.png,Cardiomegaly,0.0,0.00121975
00016990_000.png,Consolidation,0.770093443087498,0.00117016
00016990_000.png,Cardiomegaly,0.0,0.0011692
00016990_000.png,Infiltration,0.0,0.00115585
00016990_000.png,Atelectasis,0.2705389434477705,0.00113869
00016990_000.png,Effusion,0.0,0.0011282
00016990_000.png,Atelectasis,0.6507106630252713,0.00105
00016990_000.png,Cardiomegaly,0.0,0.00102139
00016990_000.png,Infiltration,0.0,0.00100803
00016990_000.png,Mass,0.0,0.00100327
00001153_004.png,Atelectasis,0.1310216367682673,0.236084
00001153_004.png,Infiltration,0.25944996006744186,0.0422668
00001153_004.png,Cardiomegaly,0.0,0.038269
00001153_004.png,Infiltration,0.11577104833731915,0.0336304
00001153_004.png,Infiltration,0.07692304321423502,0.0174713
00001153_004.png,Infiltration,0.0,0.0139542
00001153_004.png,Infiltration,0.0,0.0126114
00001153_004.png,Cardiomegaly,0.0,0.011322
00001153_004.png,Cardiomegaly,0.0,0.0087738
00001153_004.png,Cardiomegaly,0.2063554554643683,0.00802612
00001153_004.png,Infiltration,0.12986644311368603,0.00606918
00001153_004.png,Cardiomegaly,0.17784681982568085,0.00577164
00001153_004.png,Infiltration,0.2785905314851887,0.00572968
00001153_004.png,Infiltration,0.0,0.00546265
00001153_004.png,Cardiomegaly,0.2935425106813217,0.00541687
00001153_004.png,Effusion,0.12986644311368603,0.00475693
00001153_004.png,Cardiomegaly,0.28904195608255767,0.0043602
00001153_004.png,Cardiomegaly,0.0,0.00370026
00001153_004.png,Infiltration,0.20886025429895863,0.0036602
00001153_004.png,Infiltration,0.04361354803698166,0.00318718
00001153_004.png,Infiltration,0.0,0.00304031
00001153_004.png,Cardiomegaly,0.0,0.00263596
00001153_004.png,Cardiomegaly,0.2676753992996608,0.00258446
00001153_004.png,Cardiomegaly,0.0,0.002491
00001153_004.png,Cardiomegaly,0.07692304321423502,0.00247574
00001153_004.png,Infiltration,0.0,0.00247192
00001153_004.png,Cardiomegaly,0.09399583691758331,0.00242996
00001153_004.png,Cardiomegaly,0.4691249179307617,0.00229263
00001153_004.png,Atelectasis,0.0,0.00222969
00001153_004.png,Infiltration,0.0,0.00203323
00001153_004.png,Cardiomegaly,0.0,0.0018301
00001153_004.png,Infiltration,0.05670376900395003,0.00180817
00001153_004.png,Infiltration,0.19588899113818967,0.00175953
00001153_004.png,Cardiomegaly,0.0,0.0017519
00001153_004.png,Cardiomegaly,0.4647536401890951,0.00174141
00001153_004.png,Cardiomegaly,0.12104588882114488,0.00164795
00001153_004.png,Cardiomegaly,0.0,0.00154018
00001153_004.png,Cardiomegaly,0.04466230504551218,0.0014286
00001153_004.png,Effusion,0.09228960875829575,0.0014267
00001153_004.png,Infiltration,0.21099085733583603,0.00139141
00001153_004.png,Infiltration,0.06615885337665355,0.00138474
00001153_004.png,Cardiomegaly,0.0,0.00132561
00001153_004.png,Cardiomegaly,0.0,0.00132465
00001153_004.png,Infiltration,0.09518105651641287,0.00120544
00001153_004.png,Cardiomegaly,0.011884036825344906,0.00118256
00001153_004.png,Cardiomegaly,0.0,0.00116539
00001153_004.png,Cardiomegaly,0.1744186822673958,0.0011425
00001153_004.png,Atelectasis,0.08328914482349538,0.00111008
00001153_004.png,Infiltration,0.0,0.00110626
00001153_004.png,Infiltration,0.0,0.00106621
00001153_004.png,Effusion,0.0,0.00105858
00001153_004.png,Infiltration,0.07885586531211299,0.0010519
00001153_004.png,Cardiomegaly,0.01780305364660334,0.00100899
00001153_004.png,Effusion,0.0,0.00100803
00014015_003.png,Cardiomegaly,0.610341587974474,0.433105
00014015_003.png,Atelectasis,0.055157610818373046,0.247437
00014015_003.png,Cardiomegaly,0.4115206970401645,0.175781
00014015_003.png,Effusion,0.0,0.147583
00014015_003.png,Cardiomegaly,0.3859943918258731,0.0880737
00014015_003.png,Cardiomegaly,0.5150330713896064,0.0307617
00014015_003.png,Infiltration,0.08614932453428609,0.0239716
00014015_003.png,Atelectasis,0.24778371325415519,0.0072937
00014015_003.png,Cardiomegaly,0.262981942014476,0.00666809
00014015_003.png,Infiltration,0.24778371325415519,0.00514984
00014015_003.png,Cardiomegaly,0.041209988496199744,0.00482178
00014015_003.png,Infiltration,0.22793774569667918,0.00477219
00014015_003.png,Effusion,0.13267175469204784,0.00470734
00014015_003.png,Cardiomegaly,0.2850039938065801,0.00466919
00014015_003.png,Effusion,0.0852325435494863,0.00400543
00014015_003.png,Cardiomegaly,0.07462230236338034,0.00374603
00014015_003.png,Cardiomegaly,0.31471113143057927,0.00342751
00014015_003.png,Effusion,0.0,0.00322533
00014015_003.png,Infiltration,0.0,0.00322342
00014015_003.png,Infiltration,0.0730667611529509,0.00312233
00014015_003.png,Infiltration,0.13737632674264352,0.00306892
00014015_003.png,Mass,0.0,0.00284958
00014015_003.png,Cardiomegaly,0.6743324890654029,0.00283241
00014015_003.png,Atelectasis,0.06533233441703466,0.00264359
00014015_003.png,Cardiomegaly,0.23346141090428332,0.00260735
00014015_003.png,Effusion,0.04502444025508072,0.0024929
00014015_003.png,Atelectasis,0.06391708868527606,0.00237274
00014015_003.png,Cardiomegaly,0.4157455180620204,0.00236893
00014015_003.png,Cardiomegaly,0.3622002484614097,0.00234413
00014015_003.png,Infiltration,0.40337841172290395,0.00221825
00014015_003.png,Infiltration,0.04502444025508072,0.00218582
00014015_003.png,Effusion,0.21850691790243823,0.00216103
00014015_003.png,Infiltration,0.18283544001641475,0.00211906
00014015_003.png,Infiltration,0.0,0.00207138
00014015_003.png,Infiltration,0.42675099159824675,0.00203705
00014015_003.png,Cardiomegaly,0.3273404864245933,0.00195503
00014015_003.png,Cardiomegaly,0.010757125057623355,0.0019455
00014015_003.png,Cardiomegaly,0.19632129438290283,0.00194454
00014015_003.png,Cardiomegaly,0.4214698446318911,0.00189686
00014015_003.png,Mass,0.04502444025508072,0.00170422
00014015_003.png,Effusion,0.0,0.00160599
00014015_003.png,Cardiomegaly,0.5503843012156993,0.00154972
00014015_003.png,Cardiomegaly,0.04502444025508072,0.00144482
00014015_003.png,Cardiomegaly,0.009170472247740001,0.00142097
00014015_003.png,Cardiomegaly,0.5098730183534369,0.00141907
00014015_003.png,Atelectasis,0.6093807535221374,0.00141144
00014015_003.png,Cardiomegaly,0.3039679301232977,0.00140667
00014015_003.png,Infiltration,0.22842161867394853,0.00138569
00014015_003.png,Infiltration,0.06391708868527606,0.00134754
00014015_003.png,Infiltration,0.13267175469204784,0.00128651
00014015_003.png,Effusion,0.0,0.0012598
00014015_003.png,Cardiomegaly,0.20443091152832457,0.00123405
00014015_003.png,Cardiomegaly,0.023400489128965453,0.00121498
00014015_003.png,Effusion,0.0,0.00121117
00014015_003.png,Cardiomegaly,0.22842161867394853,0.00116062
00014015_003.png,Cardiomegaly,0.3900143501897831,0.00115299
00014015_003.png,Infiltration,0.07337929233770563,0.00113583
00014015_003.png,Cardiomegaly,0.17305426920133027,0.00112343
00014015_003.png,Infiltration,0.6093807535221374,0.00109577
00014015_003.png,Infiltration,0.0,0.00108528
00014015_003.png,Cardiomegaly,0.19576252627699395,0.00104713
00014015_003.png,Infiltration,0.21850691790243823,0.00102615
