Image,Class,IoU,Confidence
00000740_000.png,Atelectasis,0.806170550498502,0.109375
00000740_000.png,Effusion,0.05465963449665252,0.105469
00000740_000.png,Effusion,0.06737090755668458,0.0608215
00000740_000.png,Infiltration,0.03638922498935514,0.0436401
00000740_000.png,Effusion,0.012069240056181842,0.0411377
00000740_000.png,Infiltration,0.03104112181883707,0.0375671
00000740_000.png,Infiltration,0.04616361660473841,0.0203552
00000740_000.png,Atelectasis,0.4730380198735109,0.0198212
00000740_000.png,Effusion,0.05503115886316795,0.0196075
00000740_000.png,Cardiomegaly,0.0,0.0182648
00000740_000.png,Infiltration,0.05373546996105002,0.0172729
00000740_000.png,Infiltration,0.03203803991720855,0.0130157
00000740_000.png,Cardiomegaly,0.12694290526864715,0.0120544
00000740_000.png,Effusion,0.02014314396836323,0.0112686
00000740_000.png,Effusion,0.007211263396303846,0.010582
00000740_000.png,Infiltration,0.031048055637824406,0.0103073
00000740_000.png,Effusion,0.0,0.0101318
00000740_000.png,Infiltration,0.021825088126901274,0.0101089
00000740_000.png,Effusion,0.0239497446475368,0.00993347
00000740_000.png,Infiltration,0.1672893991602976,0.00814819
00000740_000.png,Infiltration,0.07322823582461092,0.00792694
00000740_000.png,Infiltration,0.03754903455533813,0.00772858
00000740_000.png,Infiltration,0.02014314396836323,0.00741577
00000740_000.png,Infiltration,0.05533629935250509,0.00664902
00000740_000.png,Infiltration,0.03793452944843814,0.00651932
00000740_000.png,Infiltration,0.2648973727646301,0.00597382
00000740_000.png,Cardiomegaly,0.0,0.00585938
00000740_000.png,Cardiomegaly,0.02168975498540619,0.00532532
00000740_000.png,Effusion,0.0,0.00495148
00000740_000.png,Infiltration,0.008283980652439125,0.00477982
00000740_000.png,Atelectasis,0.4375968447822471,0.00470352
00000740_000.png,Effusion,0.021825088126901274,0.00468063
00000740_000.png,Effusion,0.0,0.00445938
00000740_000.png,Effusion,0.03104112181883707,0.00442886
00000740_000.png,Effusion,0.0,0.00439453
00000740_000.png,Cardiomegaly,0.0,0.00432587
00000740_000.png,Infiltration,0.03415393252913083,0.00415802
00000740_000.png,Infiltration,0.05520333633121155,0.00415421
00000740_000.png,Infiltration,0.022863741585400308,0.00404358
00000740_000.png,Infiltration,0.0789375197295309,0.00400543
00000740_000.png,Effusion,0.05533629935250509,0.00372124
00000740_000.png,Cardiomegaly,0.0,0.00370407
00000740_000.png,Cardiomegaly,0.04811933974760205,0.00367928
00000740_000.png,Cardiomegaly,0.08962909097476879,0.00365067
00000740_000.png,Mass,0.0,0.00356483
00000740_000.png,Infiltration,0.07260895357381696,0.00347328
00000740_000.png,Effusion,0.0,0.00345421
00000740_000.png,Infiltration,0.0017258639847437254,0.00331116
00000740_000.png,Cardiomegaly,0.11932046500562118,0.00322533
00000740_000.png,Cardiomegaly,0.057025868290467074,0.00314903
00000740_000.png,Effusion,0.03638922498935514,0.00312233
00000740_000.png,Infiltration,0.03812751228736934,0.0030899
00000740_000.png,Effusion,0.07865964233506692,0.00292015
00000740_000.png,Cardiomegaly,0.0,0.00289154
00000740_000.png,Cardiomegaly,0.0,0.00273705
00000740_000.png,Cardiomegaly,0.0,0.00270462
00000740_000.png,Mass,0.0,0.0025692
00000740_000.png,Effusion,0.015822447558255924,0.00256538
00000740_000.png,Effusion,0.024544374839948285,0.00254059
00000740_000.png,Cardiomegaly,0.04483620240646114,0.00240517
00000740_000.png,Cardiomegaly,0.0,0.00239182
00000740_000.png,Effusion,0.0030663547596498832,0.00236511
00000740_000.png,Cardiomegaly,0.0632977377531533,0.00235367
00000740_000.png,Cardiomegaly,0.021996837484926215,0.00234032
00000740_000.png,Effusion,0.03724827458690405,0.00231171
00000740_000.png,Mass,0.0,0.00229263
00000740_000.png,Cardiomegaly,0.0,0.00225639
00000740_000.png,Cardiomegaly,0.0,0.00222397
00000740_000.png,Effusion,0.0,0.00214767
00000740_000.png,Cardiomegaly,0.0018218705751902584,0.00213242
00000740_000.png,Mass,0.0,0.00211143
00000740_000.png,Infiltration,0.05465963449665252,0.00203133
00000740_000.png,Effusion,0.0,0.0020256
00000740_000.png,Effusion,0.05520333633121155,0.00201035
00000740_000.png,Infiltration,0.10339935807633702,0.00197983
00000740_000.png,Cardiomegaly,0.0,0.00195503
00000740_000.png,Effusion,0.0,0.00194836
00000740_000.png,Infiltration,0.06581394500058271,0.0019331
00000740_000.png,Cardiomegaly,0.031048055637824406,0.00190735
00000740_000.png,Infiltration,0.04980280930254953,0.00189114
00000740_000.png,Infiltration,0.10547557734561495,0.00184822
00000740_000.png,Effusion,0.0,0.00182629
00000740_000.png,Infiltration,0.04117970176769194,0.00182056
00000740_000.png,Infiltration,0.001968899061432919,0.0017662
00000740_000.png,Infiltration,0.1938399280220455,0.00175762
00000740_000.png,Infiltration,0.025598890001826663,0.00175667
00000740_000.png,Infiltration,0.024544374839948285,0.00175667
00000740_000.png,Infiltration,0.06268320989050744,0.00167847
00000740_000.png,Effusion,0.0,0.00166416
00000740_000.png,Infiltration,0.03724827458690405,0.00166321
00000740_000.png,Cardiomegaly,0.06923409301676775,0.00159645
00000740_000.png,Effusion,0.0,0.0015955
00000740_000.png,Effusion,0.04117970176769194,0.00158882
00000740_000.png,Cardiomegaly,0.021176759300505478,0.00157928
00000740_000.png,Effusion,0.06136444443248384,0.00155449
00000740_000.png,Infiltration,0.06825766078585556,0.00152397
00000740_000.png,Effusion,0.02713877984416254,0.00151157
00000740_000.png,Infiltration,0.4291721021951345,0.00150776
00000740_000.png,Cardiomegaly,0.0,0.00149345
00000740_000.png,Infiltration,0.03966245688528579,0.00149345
00000740_000.png,Cardiomegaly,0.0,0.00142193
00000740_000.png,Effusion,0.0,0.00133896
00000740_000.png,Mass,0.0007826218137481037,0.00130081
00000740_000.png,Effusion,0.0,0.00126934
00000740_000.png,Mass,0.0,0.00125504
00000740_000.png,Infiltration,0.01416420155703052,0.00124454
00000740_000.png,Effusion,0.0,0.00122929
00000740_000.png,Cardiomegaly,0.0,0.00122929
00000740_000.png,Infiltration,0.07693649183368924,0.00120926
00000740_000.png,Effusion,0.0,0.00117683
00000740_000.png,Cardiomegaly,0.01416420155703052,0.00117683
00000740_000.png,Cardiomegaly,0.04402787498525993,0.00117493
00000740_000.png,Infiltration,0.08043277981779752,0.00115776
00000740_000.png,Cardiomegaly,0.0,0.00114632
00000740_000.png,Effusion,0.01080444878536867,0.00111771
00000740_000.png,Effusion,0.005070285866291621,0.00110245
00000740_000.png,Infiltration,0.11605907655156568,0.00110054
00000740_000.png,Effusion,0.012972232713925447,0.00109482
00000740_000.png,Cardiomegaly,0.0,0.00106812
00000740_000.png,Cardiomegaly,0.07941932439660186,0.00106239
00000740_000.png,Cardiomegaly,0.0,0.00106239
00000740_000.png,Cardiomegaly,0.0,0.00105572
00000740_000.png,Cardiomegaly,0.0,0.00102997
00000740_000.png,Mass,0.0,0.00102139
00000740_000.png,Cardiomegaly,0.09195589767530603,0.00101757
00000740_000.png,Effusion,0.030946197486121138,0.00100708
00005140_001.png,Atelectasis,0.0,0.0848999
00005140_001.png,Cardiomegaly,0.47589684072779614,0.0552979
00005140_001.png,Cardiomegaly,0.21322928585600318,0.0503235
00005140_001.png,Cardiomegaly,0.18820878159127982,0.0293121
00005140_001.png,Cardiomegaly,0.0,0.0194855
00005140_001.png,Cardiomegaly,0.0,0.0193481
00005140_001.png,Effusion,0.0,0.0174713
00005140_001.png,Cardiomegaly,0.2987980647375035,0.0171967
00005140_001.png,Mass,0.0,0.016922
00005140_001.png,Cardiomegaly,0.5705342412931101,0.0167999
00005140_001.png,Infiltration,0.08925926255399538,0.0164948
00005140_001.png,Infiltration,0.14744657735266767,0.0120239
00005140_001.png,Infiltration,0.1414104783851057,0.0119476
00005140_001.png,Infiltration,0.0,0.011322
00005140_001.png,Mass,0.2163927991584416,0.0112152
00005140_001.png,Infiltration,0.0,0.0111237
00005140_001.png,Infiltration,0.1115723407358095,0.0110931
00005140_001.png,Cardiomegaly,0.0,0.0106735
00005140_001.png,Cardiomegaly,0.4534168709758181,0.0101776
00005140_001.png,Cardiomegaly,0.0,0.00945282
00005140_001.png,Infiltration,0.0322800684531462,0.00880432
00005140_001.png,Infiltration,0.18508539867937146,0.00856018
00005140_001.png,Cardiomegaly,0.3931785950918591,0.00856018
00005140_001.png,Effusion,0.0,0.008461
00005140_001.png,Mass,0.0,0.00795746
00005140_001.png,Infiltration,0.0,0.00780106
00005140_001.png,Mass,0.0,0.00689316
00005140_001.png,Mass,0.0,0.00601959
00005140_001.png,Mass,0.0,0.00595856
00005140_001.png,Cardiomegaly,0.0,0.0057106
00005140_001.png,Effusion,0.10239465266170947,0.00565338
00005140_001.png,Effusion,0.0,0.00520706
00005140_001.png,Mass,0.12869786546965029,0.00514603
00005140_001.png,Infiltration,0.0,0.00508881
00005140_001.png,Cardiomegaly,0.10729519105848806,0.00498199
00005140_001.png,Cardiomegaly,0.3405601113636895,0.00491333
00005140_001.png,Effusion,0.0,0.00485992
00005140_001.png,Infiltration,0.10799559625038609,0.00458908
00005140_001.png,Infiltration,0.17445413368740545,0.00450134
00005140_001.png,Cardiomegaly,0.7004467188481265,0.0044632
00005140_001.png,Cardiomegaly,0.0,0.00445175
00005140_001.png,Mass,0.0,0.00441742
00005140_001.png,Effusion,0.02651131393002007,0.00439072
00005140_001.png,Cardiomegaly,0.32654404701026074,0.00421524
00005140_001.png,Effusion,0.06717399748330964,0.0042038
00005140_001.png,Mass,0.0,0.00389099
00005140_001.png,Cardiomegaly,0.0,0.00377083
00005140_001.png,Cardiomegaly,0.0,0.0037632
00005140_001.png,Effusion,0.36459597586386594,0.00376129
00005140_001.png,Cardiomegaly,0.29504944139002076,0.00374031
00005140_001.png,Cardiomegaly,0.5983090010085185,0.00364113
00005140_001.png,Effusion,0.0,0.00347519
00005140_001.png,Cardiomegaly,0.58817990364924,0.00343895
00005140_001.png,Effusion,0.0,0.00329018
00005140_001.png,Cardiomegaly,0.0,0.0032444
00005140_001.png,Mass,0.0,0.00322342
00005140_001.png,Infiltration,0.16120738931181983,0.00319862
00005140_001.png,Cardiomegaly,0.0,0.00314903
00005140_001.png,Effusion,0.0,0.00313377
00005140_001.png,Effusion,0.0,0.00313377
00005140_001.png,Cardiomegaly,0.18201951793089133,0.00306129
00005140_001.png,Cardiomegaly,0.0,0.00304604
00005140_001.png,Infiltration,0.0,0.00303459
00005140_001.png,Infiltration,0.0,0.00296783
00005140_001.png,Infiltration,0.08842532569870759,0.00287437
00005140_001.png,Mass,0.0,0.00287437
00005140_001.png,Cardiomegaly,0.5004831078918032,0.00287056
00005140_001.png,Mass,0.0,0.00286484
00005140_001.png,Mass,0.28602434480054517,0.00275993
00005140_001.png,Infiltration,0.0,0.0027504
00005140_001.png,Effusion,0.0,0.00274467
00005140_001.png,Cardiomegaly,0.5176117857838293,0.00271797
00005140_001.png,Cardiomegaly,0.0,0.0026989
00005140_001.png,Mass,0.0,0.0026722
00005140_001.png,Cardiomegaly,0.0,0.00265694
00005140_001.png,Mass,0.0,0.00255394
00005140_001.png,Infiltration,0.09763009491825904,0.00251961
00005140_001.png,Mass,0.0,0.00251579
00005140_001.png,Cardiomegaly,0.02016895886247459,0.00246239
00005140_001.png,Mass,0.02378341805859035,0.00243187
00005140_001.png,Mass,0.0,0.00242615
00005140_001.png,Effusion,0.0,0.00233841
00005140_001.png,Effusion,0.0,0.0023365
00005140_001.png,Effusion,0.0,0.00230408
00005140_001.png,Mass,0.0,0.00224495
00005140_001.png,Cardiomegaly,0.0,0.00217247
00005140_001.png,Infiltration,0.0,0.00216293
00005140_001.png,Mass,0.033422899422834156,0.00213814
00005140_001.png,Infiltration,0.0,0.00207329
00005140_001.png,Atelectasis,0.019871502296122678,0.0020504
00005140_001.png,Cardiomegaly,0.34172953236311937,0.00196075
00005140_001.png,Infiltration,0.19094018950925262,0.00195312
00005140_001.png,Effusion,0.0,0.00192165
00005140_001.png,Cardiomegaly,0.10054152851257654,0.001894
00005140_001.png,Mass,0.0,0.00188732
00005140_001.png,Atelectasis,0.0,0.00185966
00005140_001.png,Effusion,0.0,0.00183678
00005140_001.png,Mass,0.0,0.0018301
00005140_001.png,Effusion,0.0,0.00181675
00005140_001.png,Effusion,0.0,0.00181389
00005140_001.png,Infiltration,0.03674566037029726,0.00174522
00005140_001.png,Cardiomegaly,0.0,0.00174236
00005140_001.png,Effusion,0.0,0.00173569
00005140_001.png,Mass,0.0,0.00169945
00005140_001.png,Effusion,0.0,0.00168037
00005140_001.png,Mass,0.0,0.00166035
00005140_001.png,Effusion,0.0,0.00165176
00005140_001.png,Cardiomegaly,0.0,0.00163937
00005140_001.png,Infiltration,0.0,0.00163746
00005140_001.png,Cardiomegaly,0.3847157128480064,0.00163364
00005140_001.png,Cardiomegaly,0.0,0.00162792
00005140_001.png,Infiltration,0.0,0.00162029
00005140_001.png,Cardiomegaly,0.18844175049090053,0.00160694
00005140_001.png,Mass,0.16474560995432067,0.00158596
00005140_001.png,Effusion,0.0,0.00158215
00005140_001.png,Infiltration,0.0,0.00155067
00005140_001.png,Infiltration,0.0,0.00153255
00005140_001.png,Infiltration,0.0,0.00152874
00005140_001.png,Infiltration,0.2687595851793273,0.00152779
00005140_001.png,Cardiomegaly,0.0,0.00150299
00005140_001.png,Cardiomegaly,0.0,0.00148487
00005140_001.png,Infiltration,0.0,0.00145817
00005140_001.png,Effusion,0.018976179662071883,0.00144291
00005140_001.png,Effusion,0.0,0.00141716
00005140_001.png,Effusion,0.0,0.00140953
00005140_001.png,Infiltration,0.0,0.00139904
00005140_001.png,Mass,0.0,0.00136852
00005140_001.png,Cardiomegaly,0.36459597586386594,0.00131893
00005140_001.png,Effusion,0.0,0.00130367
00005140_001.png,Effusion,0.03285300681734917,0.0012989
00005140_001.png,Effusion,0.0,0.00129128
00005140_001.png,Effusion,0.0,0.00126362
00005140_001.png,Effusion,0.0,0.00126266
00005140_001.png,Mass,0.0,0.00123978
00005140_001.png,Effusion,0.0,0.00122452
00005140_001.png,Mass,0.0,0.00121498
00005140_001.png,Effusion,0.0,0.00120926
00005140_001.png,Mass,0.0,0.00117493
00005140_001.png,Cardiomegaly,0.0,0.00117207
00005140_001.png,Mass,0.0,0.00113678
00005140_001.png,Cardiomegaly,0.12869786546965029,0.0011282
00005140_001.png,Effusion,0.0,0.00112629
00005140_001.png,Effusion,0.0,0.00111103
00005140_001.png,Cardiomegaly,0.0,0.00110626
00005140_001.png,Cardiomegaly,0.0,0.00110626
00005140_001.png,Cardiomegaly,0.43618127951090874,0.00105667
00005140_001.png,Cardiomegaly,0.0,0.00105381
00005140_001.png,Effusion,0.0,0.00104141
00005140_001.png,Effusion,0.0,0.00102234
00005140_001.png,Effusion,0.0,0.00102139
00005140_001.png,Effusion,0.0,0.00101852
00005140_001.png,Effusion,0.0,0.00101852
00005140_001.png,Effusion,0.0,0.00101376
00005140_001.png,Infiltration,0.0,0.00100803
00005140_001.png,Cardiomegaly,0.0,0.00100231
00014015_003.png,Atelectasis,0.06919990817939838,0.340332
00014015_003.png,Effusion,0.0,0.282715
00014015_003.png,Cardiomegaly,0.5984243771308531,0.192749
00014015_003.png,Effusion,0.1324381394719212,0.107239
00014015_003.png,Cardiomegaly,0.32122030659846756,0.0626831
00014015_003.png,Effusion,0.18222692074923177,0.0603638
00014015_003.png,Effusion,0.0,0.0342102
00014015_003.png,Cardiomegaly,0.533697815995237,0.0318909
00014015_003.png,Cardiomegaly,0.027638075149429505,0.0318604
00014015_003.png,Cardiomegaly,0.15166046756129925,0.0290222
00014015_003.png,Cardiomegaly,0.2573659432745835,0.0237427
00014015_003.png,Cardiomegaly,0.30183355238706155,0.0236511
00014015_003.png,Cardiomegaly,0.20851487834339347,0.021286
00014015_003.png,Cardiomegaly,0.8048714739918774,0.0206604
00014015_003.png,Cardiomegaly,0.29277056153718817,0.020462
00014015_003.png,Atelectasis,0.2241297354121878,0.0192261
00014015_003.png,Infiltration,0.0,0.0191498
00014015_003.png,Cardiomegaly,0.5606501986089298,0.0189362
00014015_003.png,Cardiomegaly,0.5371298490163214,0.0163422
00014015_003.png,Cardiomegaly,0.0,0.0141907
00014015_003.png,Cardiomegaly,0.09937168858738488,0.0141602
00014015_003.png,Infiltration,0.0,0.0132446
00014015_003.png,Cardiomegaly,0.1892257223237597,0.013031
00014015_003.png,Effusion,0.04015812140024427,0.0122681
00014015_003.png,Atelectasis,0.011195550798207365,0.0114136
00014015_003.png,Cardiomegaly,0.21857648767182972,0.0102005
00014015_003.png,Cardiomegaly,0.3688933460908017,0.00959015
00014015_003.png,Infiltration,0.0,0.00904083
00014015_003.png,Mass,0.0,0.00888062
00014015_003.png,Effusion,0.0,0.0087738
00014015_003.png,Cardiomegaly,0.17486553323434711,0.00873566
00014015_003.png,Cardiomegaly,0.15919424147631311,0.00730133
00014015_003.png,Effusion,0.010285482805944797,0.0072937
00014015_003.png,Atelectasis,0.12816155525289646,0.00702667
00014015_003.png,Effusion,0.0,0.00679779
00014015_003.png,Effusion,0.1782675643785816,0.00671005
00014015_003.png,Mass,0.0,0.00669098
00014015_003.png,Infiltration,0.24302530437480493,0.0066185
00014015_003.png,Mass,0.0,0.00657654
00014015_003.png,Cardiomegaly,0.0,0.00657272
00014015_003.png,Mass,0.0,0.00632095
00014015_003.png,Cardiomegaly,0.2801062206653315,0.00594711
00014015_003.png,Cardiomegaly,0.5671529852176246,0.00593185
00014015_003.png,Mass,0.0,0.00584412
00014015_003.png,Infiltration,0.007878381346075523,0.0056572
00014015_003.png,Cardiomegaly,0.36123057904288913,0.0056572
00014015_003.png,Infiltration,0.0,0.00558853
00014015_003.png,Cardiomegaly,0.39171327863615724,0.00520325
00014015_003.png,Effusion,0.35608630725746204,0.00491714
00014015_003.png,Infiltration,0.2547808229731759,0.00491714
00014015_003.png,Cardiomegaly,0.19844865305958095,0.00473404
00014015_003.png,Effusion,0.0,0.00435257
00014015_003.png,Effusion,0.0,0.00434113
00014015_003.png,Effusion,0.0,0.00411606
00014015_003.png,Cardiomegaly,0.2740598115080052,0.00379562
00014015_003.png,Cardiomegaly,0.4717418893653189,0.00375748
00014015_003.png,Cardiomegaly,0.0,0.00360107
00014015_003.png,Mass,0.0,0.00356483
00014015_003.png,Cardiomegaly,0.2609589345228602,0.00338936
00014015_003.png,Infiltration,0.33958281570856,0.00333786
00014015_003.png,Mass,0.0,0.00328255
00014015_003.png,Cardiomegaly,0.24143824046154336,0.00323296
00014015_003.png,Mass,0.0,0.00322914
00014015_003.png,Infiltration,0.0,0.0032196
00014015_003.png,Cardiomegaly,0.19725055212879433,0.00310898
00014015_003.png,Effusion,0.20446716151159017,0.00306892
00014015_003.png,Infiltration,0.2715290791632636,0.00304794
00014015_003.png,Infiltration,0.011195550798207365,0.00300407
00014015_003.png,Cardiomegaly,0.18222692074923177,0.00297356
00014015_003.png,Effusion,0.0,0.00287628
00014015_003.png,Cardiomegaly,0.1970146511432872,0.00282669
00014015_003.png,Infiltration,0.0,0.00278664
00014015_003.png,Effusion,0.5671529852176246,0.00275803
00014015_003.png,Cardiomegaly,0.0,0.00274467
00014015_003.png,Infiltration,0.18895229168509423,0.00271988
00014015_003.png,Mass,0.0,0.00264931
00014015_003.png,Effusion,0.0,0.00264168
00014015_003.png,Atelectasis,0.22533093727558826,0.00259018
00014015_003.png,Effusion,0.06553805583872431,0.00258446
00014015_003.png,Cardiomegaly,0.2568095173354702,0.00253105
00014015_003.png,Effusion,0.015609168061016733,0.00244713
00014015_003.png,Effusion,0.051492907599252916,0.00241089
00014015_003.png,Infiltration,0.0,0.00239182
00014015_003.png,Cardiomegaly,0.0,0.00235748
00014015_003.png,Cardiomegaly,0.0,0.00227165
00014015_003.png,Effusion,0.0,0.00226784
00014015_003.png,Cardiomegaly,0.3475020935857943,0.00222397
00014015_003.png,Mass,0.0,0.00218964
00014015_003.png,Cardiomegaly,0.4890518187847779,0.0021801
00014015_003.png,Cardiomegaly,0.0,0.00215149
00014015_003.png,Infiltration,0.0,0.00210762
00014015_003.png,Cardiomegaly,0.0,0.00204086
00014015_003.png,Effusion,0.0,0.00199509
00014015_003.png,Infiltration,0.33810296233452714,0.00198746
00014015_003.png,Cardiomegaly,0.0,0.00197029
00014015_003.png,Mass,0.0,0.00190639
00014015_003.png,Infiltration,0.0536414740425751,0.00189209
00014015_003.png,Cardiomegaly,0.3276285976172555,0.00186348
00014015_003.png,Cardiomegaly,0.3322058508352183,0.00178814
00014015_003.png,Cardiomegaly,0.13622273666380244,0.00177574
00014015_003.png,Effusion,0.0,0.0017252
00014015_003.png,Effusion,0.0,0.00171757
00014015_003.png,Cardiomegaly,0.0,0.00170994
00014015_003.png,Effusion,0.0,0.00168514
00014015_003.png,Mass,0.0,0.00157642
00014015_003.png,Infiltration,0.0,0.00151825
00014015_003.png,Infiltration,0.0,0.00150108
00014015_003.png,Cardiomegaly,0.19521443303303992,0.00148296
00014015_003.png,Mass,0.0,0.00146866
00014015_003.png,Cardiomegaly,0.21376316229673212,0.00145912
00014015_003.png,Cardiomegaly,0.0,0.00144863
00014015_003.png,Effusion,0.0,0.00144577
00014015_003.png,Mass,0.0,0.00144291
00014015_003.png,Cardiomegaly,0.0,0.00141525
00014015_003.png,Effusion,0.0,0.00140953
00014015_003.png,Effusion,0.08055181554940581,0.0013876
00014015_003.png,Effusion,0.0,0.00137901
00014015_003.png,Infiltration,0.24076937042890373,0.00135994
00014015_003.png,Mass,0.0,0.00134468
00014015_003.png,Infiltration,0.2789310317852126,0.00132847
00014015_003.png,Effusion,0.0,0.00132179
00014015_003.png,Effusion,0.0,0.00130367
00014015_003.png,Cardiomegaly,0.0,0.00130177
00014015_003.png,Effusion,0.0,0.00124454
00014015_003.png,Effusion,0.0,0.00121689
00014015_003.png,Cardiomegaly,0.16888405135124845,0.00121212
00014015_003.png,Infiltration,0.18222692074923177,0.00119686
00014015_003.png,Cardiomegaly,0.4106688801473919,0.00115871
00014015_003.png,Infiltration,0.48182061114051083,0.00112247
00014015_003.png,Effusion,0.1305528697047389,0.00111675
00014015_003.png,Mass,0.16901325052228922,0.00111485
00014015_003.png,Effusion,0.0,0.00109386
00014015_003.png,Effusion,0.0,0.00108528
00014015_003.png,Effusion,0.0,0.00107861
00014015_003.png,Infiltration,0.0,0.00107861
00014015_003.png,Mass,0.0,0.00107574
00014015_003.png,Mass,0.0,0.00105572
00014015_003.png,Effusion,0.22836386334485323,0.00105095
00014015_003.png,Effusion,0.0,0.00104332
00014015_003.png,Infiltration,0.0,0.00102997
00014015_003.png,Infiltration,0.2442418663022542,0.00100994
00017611_002.png,Effusion,0.09264321260889054,0.568359
00017611_002.png,Atelectasis,0.014565632221167087,0.310547
00017611_002.png,Effusion,0.0,0.151489
00017611_002.png,Effusion,0.0,0.0594482
00017611_002.png,Effusion,0.7265130769507869,0.0523376
00017611_002.png,Infiltration,0.0,0.0522461
00017611_002.png,Effusion,0.5142207349217723,0.0149536
00017611_002.png,Infiltration,0.0,0.0134125
00017611_002.png,Effusion,0.6743323496707957,0.0126038
00017611_002.png,Infiltration,0.0,0.0122223
00017611_002.png,Effusion,0.0,0.0109634
00017611_002.png,Effusion,0.0,0.0101089
00017611_002.png,Effusion,0.49061230099996667,0.00787354
00017611_002.png,Infiltration,0.0,0.00669479
00017611_002.png,Infiltration,0.0,0.00667191
00017611_002.png,Cardiomegaly,0.0,0.00656128
00017611_002.png,Infiltration,0.0,0.00632095
00017611_002.png,Mass,0.1254297130942484,0.00595474
00017611_002.png,Infiltration,0.0,0.0059433
00017611_002.png,Infiltration,0.0,0.00576401
00017611_002.png,Mass,0.2974069142594387,0.00541687
00017611_002.png,Effusion,0.0,0.0052948
00017611_002.png,Effusion,0.3774096642636783,0.00501251
00017611_002.png,Effusion,0.01697961378998883,0.00475311
00017611_002.png,Infiltration,0.0,0.00431061
00017611_002.png,Mass,0.15335250673676779,0.0042572
00017611_002.png,Effusion,0.0,0.00418472
00017611_002.png,Infiltration,0.0,0.00392532
00017611_002.png,Mass,0.10791913263508117,0.00385475
00017611_002.png,Infiltration,0.0,0.00350571
00017611_002.png,Effusion,0.009360444475008035,0.00347519
00017611_002.png,Effusion,0.0,0.00322151
00017611_002.png,Effusion,0.0,0.00320816
00017611_002.png,Effusion,0.06441343189924287,0.00320816
00017611_002.png,Mass,0.0,0.00309563
00017611_002.png,Infiltration,0.0,0.00301361
00017611_002.png,Mass,0.18513801391136173,0.00281906
00017611_002.png,Cardiomegaly,0.0,0.0026741
00017611_002.png,Infiltration,0.0,0.00252533
00017611_002.png,Cardiomegaly,0.007457442644929026,0.00247955
00017611_002.png,Infiltration,0.0,0.00221062
00017611_002.png,Effusion,0.0,0.00218773
00017611_002.png,Infiltration,0.0,0.00216484
00017611_002.png,Mass,0.18131084313008347,0.00214958
00017611_002.png,Effusion,0.21842511078851654,0.00211334
00017611_002.png,Effusion,0.04967737981801312,0.0020752
00017611_002.png,Mass,0.20499995490192208,0.00204468
00017611_002.png,Effusion,0.04737021631071864,0.00203323
00017611_002.png,Mass,0.0,0.00197029
00017611_002.png,Atelectasis,0.0,0.00193596
00017611_002.png,Effusion,0.18863565862688042,0.00190926
00017611_002.png,Effusion,0.036558610562567394,0.00189209
00017611_002.png,Effusion,0.0,0.00187206
00017611_002.png,Atelectasis,0.05935686532405684,0.00186825
00017611_002.png,Effusion,0.0,0.00183773
00017611_002.png,Effusion,0.21556957956230915,0.00180531
00017611_002.png,Infiltration,0.0,0.00179672
00017611_002.png,Infiltration,0.0,0.00177765
00017611_002.png,Effusion,0.26868593611968256,0.00176907
00017611_002.png,Mass,0.19473437508861757,0.00176334
00017611_002.png,Effusion,0.0,0.00175858
00017611_002.png,Infiltration,0.0,0.00170422
00017611_002.png,Infiltration,0.009360444475008035,0.00162983
00017611_002.png,Mass,0.0,0.00162792
00017611_002.png,Effusion,0.0,0.00161552
00017611_002.png,Infiltration,0.0,0.00157452
00017611_002.png,Effusion,0.18131084313008347,0.00156116
00017611_002.png,Effusion,0.0,0.00155258
00017611_002.png,Infiltration,0.0,0.00154781
00017611_002.png,Mass,0.0,0.00154591
00017611_002.png,Effusion,0.2974069142594387,0.00154114
00017611_002.png,Effusion,0.1849251275440628,0.00153065
00017611_002.png,Mass,0.13516591375456913,0.00151062
00017611_002.png,Mass,0.0,0.00147152
00017611_002.png,Effusion,0.21971623619172742,0.00142765
00017611_002.png,Cardiomegaly,0.0,0.00140858
00017611_002.png,Mass,0.0,0.00139904
00017611_002.png,Effusion,0.009982851344854007,0.00139809
00017611_002.png,Infiltration,0.0,0.00137424
00017611_002.png,Infiltration,0.00916771540642577,0.00137329
00017611_002.png,Mass,0.2244740212652741,0.00137234
00017611_002.png,Cardiomegaly,0.0,0.00133038
00017611_002.png,Infiltration,0.0,0.0012989
00017611_002.png,Hernia,0.09264321260889054,0.00128555
00017611_002.png,Infiltration,0.0,0.00127697
00017611_002.png,Effusion,0.0,0.00127602
00017611_002.png,Cardiomegaly,0.0,0.0012722
00017611_002.png,Effusion,0.1539029079809607,0.00126934
00017611_002.png,Cardiomegaly,0.011292333028716064,0.00126457
00017611_002.png,Effusion,0.1262852433924243,0.00126362
00017611_002.png,Effusion,0.0,0.00125217
00017611_002.png,Effusion,0.0,0.0012455
00017611_002.png,Mass,0.0,0.00123882
00017611_002.png,Effusion,0.0,0.00123405
00017611_002.png,Fibrosis,0.09264321260889054,0.00120735
00017611_002.png,Infiltration,0.0,0.00117779
00017611_002.png,Mass,0.039555984364570786,0.00116348
00017611_002.png,Mass,0.0,0.00115871
00017611_002.png,Effusion,0.0,0.00115585
00017611_002.png,Mass,0.0,0.0011549
00017611_002.png,Effusion,0.460631603009337,0.00115299
00017611_002.png,Atelectasis,0.09264321260889054,0.00114727
00017611_002.png,Cardiomegaly,0.0,0.00113297
00017611_002.png,Mass,0.1539029079809607,0.00110722
00017611_002.png,Edema,0.0951141105296714,0.00110149
00017611_002.png,Mass,0.20031528878741386,0.00110054
00017611_002.png,Effusion,0.0,0.001091
00017611_002.png,Cardiomegaly,0.0,0.00108719
00017611_002.png,Infiltration,0.0,0.0010767
00017611_002.png,Mass,0.11942327522963257,0.00107479
00017611_002.png,Infiltration,0.0,0.0010643
00017611_002.png,Cardiomegaly,0.0,0.00106239
00017611_002.png,Cardiomegaly,0.0750038271872665,0.00101757
00017611_002.png,Effusion,0.0,0.00101566
00017611_002.png,Mass,0.09264321260889054,0.00100899
00017611_002.png,Effusion,0.0,0.00100517
00020673_005.png,Atelectasis,0.2906769685674087,0.0808716
00020673_005.png,Infiltration,0.4254203401026975,0.0695801
00020673_005.png,Infiltration,0.0,0.0645752
00020673_005.png,Infiltration,0.0,0.0610962
00020673_005.png,Infiltration,0.0,0.0481873
00020673_005.png,Cardiomegaly,0.0,0.024231
00020673_005.png,Infiltration,0.6246261082580189,0.0224457
00020673_005.png,Infiltration,0.0,0.0163269
00020673_005.png,Cardiomegaly,0.11360347934516989,0.0161285
00020673_005.png,Cardiomegaly,0.0,0.0155334
00020673_005.png,Infiltration,0.0,0.0147324
00020673_005.png,Atelectasis,0.029955610582668376,0.0132675
00020673_005.png,Infiltration,0.45897975184318124,0.0112762
00020673_005.png,Infiltration,0.0,0.0102158
00020673_005.png,Infiltration,0.0,0.0098114
00020673_005.png,Atelectasis,0.23254941385687286,0.00847626
00020673_005.png,Infiltration,0.0,0.0075531
00020673_005.png,Cardiomegaly,0.0,0.00749588
00020673_005.png,Atelectasis,0.25281785417911296,0.00720978
00020673_005.png,Atelectasis,0.44136844076168863,0.00679779
00020673_005.png,Effusion,0.0,0.00550461
00020673_005.png,Cardiomegaly,0.0,0.00532913
00020673_005.png,Cardiomegaly,0.18984731110275047,0.00532532
00020673_005.png,Cardiomegaly,0.10306215986136176,0.00531387
00020673_005.png,Infiltration,0.39592923532113183,0.00480652
00020673_005.png,Infiltration,0.0,0.00477982
00020673_005.png,Infiltration,0.27316410979304845,0.00469208
00020673_005.png,Atelectasis,0.15319133347088454,0.00466919
00020673_005.png,Cardiomegaly,0.0,0.00457001
00020673_005.png,Effusion,0.0,0.0044136
00020673_005.png,Infiltration,0.35989109127415103,0.00363731
00020673_005.png,Atelectasis,0.027686542752039196,0.00355721
00020673_005.png,Effusion,0.0,0.00353622
00020673_005.png,Cardiomegaly,0.0,0.00348282
00020673_005.png,Cardiomegaly,0.17807917262243736,0.00347519
00020673_005.png,Cardiomegaly,0.0,0.00344467
00020673_005.png,Mass,0.0,0.00337219
00020673_005.png,Cardiomegaly,0.0,0.00309181
00020673_005.png,Infiltration,0.0,0.00300217
00020673_005.png,Cardiomegaly,0.2394166185013728,0.00295639
00020673_005.png,Effusion,0.0,0.00275612
00020673_005.png,Effusion,0.0,0.00271034
00020673_005.png,Cardiomegaly,0.0,0.00266075
00020673_005.png,Atelectasis,0.13764599657904036,0.00265884
00020673_005.png,Effusion,0.0,0.00260735
00020673_005.png,Infiltration,0.0,0.00251007
00020673_005.png,Effusion,0.0,0.0023632
00020673_005.png,Infiltration,0.0,0.00229263
00020673_005.png,Cardiomegaly,0.0,0.0022831
00020673_005.png,Cardiomegaly,0.2544543234328129,0.00220108
00020673_005.png,Effusion,0.0,0.00216293
00020673_005.png,Cardiomegaly,0.0,0.0021553
00020673_005.png,Infiltration,0.46337069576255707,0.00211143
00020673_005.png,Cardiomegaly,0.0,0.00200081
00020673_005.png,Effusion,0.0,0.00199509
00020673_005.png,Infiltration,0.0,0.0019722
00020673_005.png,Effusion,0.0,0.00195312
00020673_005.png,Infiltration,0.0,0.00193405
00020673_005.png,Infiltration,0.23637527961694846,0.00190735
00020673_005.png,Cardiomegaly,0.0,0.00181293
00020673_005.png,Effusion,0.0,0.00178623
00020673_005.png,Infiltration,0.27213195074141255,0.00175667
00020673_005.png,Infiltration,0.0,0.00174809
00020673_005.png,Cardiomegaly,0.0,0.00170898
00020673_005.png,Infiltration,0.20207054998697058,0.00170708
00020673_005.png,Infiltration,0.013486007385560207,0.00156212
00020673_005.png,Effusion,0.0,0.00154686
00020673_005.png,Effusion,0.0,0.0015316
00020673_005.png,Infiltration,0.0,0.00149822
00020673_005.png,Effusion,0.0,0.00148106
00020673_005.png,Infiltration,0.5583134485262558,0.00145149
00020673_005.png,Effusion,0.0,0.00141716
00020673_005.png,Mass,0.0,0.00141239
00020673_005.png,Effusion,0.0,0.0014019
00020673_005.png,Effusion,0.0,0.00139713
00020673_005.png,Cardiomegaly,0.0,0.00138474
00020673_005.png,Mass,0.0,0.00136471
00020673_005.png,Effusion,0.0,0.00134468
00020673_005.png,Cardiomegaly,0.32004346230239,0.00131226
00020673_005.png,Infiltration,0.0,0.00128174
00020673_005.png,Effusion,0.0,0.0012598
00020673_005.png,Infiltration,0.4246573171319427,0.00120544
00020673_005.png,Cardiomegaly,0.0,0.00120449
00020673_005.png,Mass,0.0,0.00119495
00020673_005.png,Effusion,0.0,0.00117302
00020673_005.png,Effusion,0.0,0.00114059
00020673_005.png,Infiltration,0.0,0.00113583
00020673_005.png,Cardiomegaly,0.19685771038695016,0.00113201
00020673_005.png,Infiltration,0.3535287195809365,0.00113106
00020673_005.png,Effusion,0.0,0.0011301
00020673_005.png,Cardiomegaly,0.0,0.00112724
00020673_005.png,Cardiomegaly,0.24484869708112225,0.00109386
00020673_005.png,Cardiomegaly,0.0,0.00109196
00020673_005.png,Mass,0.0,0.00105476
00020673_005.png,Infiltration,0.060191535024120946,0.00105095
00020673_005.png,Infiltration,0.0,0.0010128
00020673_005.png,Mass,0.0,0.00100899
00020673_005.png,Infiltration,0.3118153067333957,0.00100136
00013751_003.png,Effusion,0.0,0.648438
00013751_003.png,Atelectasis,0.04159677856132205,0.409912
00013751_003.png,Effusion,0.0,0.133667
00013751_003.png,Infiltration,0.0,0.0239716
00013751_003.png,Effusion,0.0,0.0215912
00013751_003.png,Mass,0.1265719032889404,0.0185852
00013751_003.png,Cardiomegaly,0.0,0.0174255
00013751_003.png,Effusion,0.0,0.0170441
00013751_003.png,Effusion,0.0,0.0135345
00013751_003.png,Effusion,0.0,0.0133057
00013751_003.png,Mass,0.0,0.012413
00013751_003.png,Cardiomegaly,0.0,0.0111923
00013751_003.png,Effusion,0.0,0.0105362
00013751_003.png,Effusion,0.0,0.0103226
00013751_003.png,Effusion,0.0,0.00946808
00013751_003.png,Effusion,0.0,0.00910187
00013751_003.png,Effusion,0.0,0.00898743
00013751_003.png,Infiltration,0.3178341380714622,0.00850677
00013751_003.png,Cardiomegaly,0.0,0.00705719
00013751_003.png,Infiltration,0.0,0.00698471
00013751_003.png,Infiltration,0.5104150037322924,0.00672531
00013751_003.png,Infiltration,0.0,0.00666809
00013751_003.png,Infiltration,0.0,0.00658417
00013751_003.png,Effusion,0.0,0.00645828
00013751_003.png,Cardiomegaly,0.0,0.00643921
00013751_003.png,Effusion,0.4375618213849479,0.00630569
00013751_003.png,Effusion,0.0,0.0059967
00013751_003.png,Mass,0.1064334700435083,0.00584793
00013751_003.png,Infiltration,0.0,0.00535583
00013751_003.png,Mass,0.0,0.00526428
00013751_003.png,Infiltration,0.0,0.00509262
00013751_003.png,Cardiomegaly,0.0,0.00466156
00013751_003.png,Mass,0.0,0.00458908
00013751_003.png,Effusion,0.0,0.00454712
00013751_003.png,Effusion,0.4761563001503785,0.00450516
00013751_003.png,Effusion,0.7590458279391366,0.0044899
00013751_003.png,Infiltration,0.0,0.00381279
00013751_003.png,Effusion,0.0,0.00380325
00013751_003.png,Infiltration,0.0,0.00367928
00013751_003.png,Effusion,0.0,0.00317764
00013751_003.png,Mass,0.002320597666066512,0.00317383
00013751_003.png,Infiltration,0.0,0.00315666
00013751_003.png,Effusion,0.0,0.00308609
00013751_003.png,Cardiomegaly,0.0,0.00308418
00013751_003.png,Infiltration,0.0,0.00300598
00013751_003.png,Atelectasis,0.0,0.002985
00013751_003.png,Atelectasis,0.06704065396195383,0.00283241
00013751_003.png,Mass,0.0,0.00281143
00013751_003.png,Cardiomegaly,0.0,0.0027504
00013751_003.png,Effusion,0.0,0.00270653
00013751_003.png,Atelectasis,0.030175961124453792,0.00265312
00013751_003.png,Cardiomegaly,0.0,0.00263405
00013751_003.png,Infiltration,0.10659191763090603,0.00258827
00013751_003.png,Mass,0.02642766096069642,0.00258636
00013751_003.png,Infiltration,0.0,0.00257301
00013751_003.png,Cardiomegaly,0.0,0.00245667
00013751_003.png,Cardiomegaly,0.0,0.00245285
00013751_003.png,Effusion,0.0,0.00234413
00013751_003.png,Effusion,0.0,0.0022831
00013751_003.png,Effusion,0.0,0.0022831
00013751_003.png,Cardiomegaly,0.03449996752276347,0.0022316
00013751_003.png,Infiltration,0.0,0.00219154
00013751_003.png,Cardiomegaly,0.05502680409245692,0.00213242
00013751_003.png,Infiltration,0.16595764631910545,0.00206566
00013751_003.png,Effusion,0.0,0.00204468
00013751_003.png,Effusion,0.0,0.00202942
00013751_003.png,Mass,0.2726676105510395,0.00199127
00013751_003.png,Mass,0.0,0.00193405
00013751_003.png,Cardiomegaly,0.0,0.00190926
00013751_003.png,Effusion,0.0,0.00187397
00013751_003.png,Infiltration,0.0,0.00182152
00013751_003.png,Cardiomegaly,0.0,0.00182152
00013751_003.png,Effusion,0.0,0.0017519
00013751_003.png,Mass,0.0891550653721391,0.00174904
00013751_003.png,Mass,0.0,0.00167084
00013751_003.png,Cardiomegaly,0.0,0.00164509
00013751_003.png,Atelectasis,0.0,0.00161457
00013751_003.png,Effusion,0.0,0.00158215
00013751_003.png,Mass,0.0,0.00156593
00013751_003.png,Mass,0.0,0.00155354
00013751_003.png,Mass,0.0,0.00153255
00013751_003.png,Effusion,0.002365834734664148,0.00152111
00013751_003.png,Infiltration,0.0,0.00151539
00013751_003.png,Mass,0.0,0.00149155
00013751_003.png,Infiltration,0.0,0.00148392
00013751_003.png,Cardiomegaly,0.06539933902250564,0.00147724
00013751_003.png,Effusion,0.0,0.00145531
00013751_003.png,Effusion,0.0,0.00143909
00013751_003.png,Effusion,0.0,0.0014286
00013751_003.png,Mass,0.0,0.0014019
00013751_003.png,Mass,0.0,0.00139332
00013751_003.png,Effusion,0.0,0.00137615
00013751_003.png,Effusion,0.0,0.00134754
00013751_003.png,Effusion,0.0,0.00134373
00013751_003.png,Effusion,0.0,0.00134087
00013751_003.png,Infiltration,0.10452878729003484,0.00133228
00013751_003.png,Cardiomegaly,0.08718977371436154,0.00132751
00013751_003.png,Infiltration,0.2455176661560961,0.00132179
00013751_003.png,Mass,0.0,0.00131798
00013751_003.png,Effusion,0.0,0.0013113
00013751_003.png,Effusion,0.0,0.00126553
00013751_003.png,Effusion,0.0,0.00124168
00013751_003.png,Infiltration,0.0,0.00124168
00013751_003.png,Effusion,0.0,0.00123692
00013751_003.png,Mass,0.0,0.00123596
00013751_003.png,Infiltration,0.0,0.00123215
00013751_003.png,Edema,0.0,0.00122643
00013751_003.png,Effusion,0.0,0.00121021
00013751_003.png,Pneumonia,0.0,0.00119877
00013751_003.png,Effusion,0.0,0.00119495
00013751_003.png,Effusion,0.23900047966856272,0.00118637
00013751_003.png,Infiltration,0.0,0.00118351
00013751_003.png,Hernia,0.0,0.00116348
00013751_003.png,Mass,0.07263414120902181,0.00115871
00013751_003.png,Effusion,0.0,0.00112724
00013751_003.png,Cardiomegaly,0.0,0.00112629
00013751_003.png,Infiltration,0.04009512354852838,0.00112152
00013751_003.png,Cardiomegaly,0.0,0.00111675
00013751_003.png,Effusion,0.0,0.00111103
00013751_003.png,Cardiomegaly,0.07693629842684285,0.00108814
00013751_003.png,Fibrosis,0.0,0.00108433
00013751_003.png,Infiltration,0.0,0.00107765
00013751_003.png,Infiltration,0.0,0.00107193
00013751_003.png,Cardiomegaly,0.030885343574453827,0.00106144
00013751_003.png,Infiltration,0.0,0.00105286
00013751_003.png,Effusion,0.0,0.00103188
00013751_003.png,Pleural_Thickening,0.0,0.00102901
00013751_003.png,Effusion,0.0,0.00102329
00013751_003.png,Mass,0.016448152418521544,0.00101948
00013751_003.png,Effusion,0.0,0.00100899
00021179_011.png,Atelectasis,0.2388404080859369,0.0838623
00021179_011.png,Effusion,0.044435835957239364,0.0415649
00021179_011.png,Mass,0.06399285058355512,0.0344238
00021179_011.png,Effusion,0.023051937665110562,0.0293121
00021179_011.png,Effusion,0.0,0.0278625
00021179_011.png,Effusion,0.26185218472515703,0.0209503
00021179_011.png,Infiltration,0.0,0.0186768
00021179_011.png,Cardiomegaly,0.03864281081664327,0.0186615
00021179_011.png,Infiltration,0.0,0.0183258
00021179_011.png,Effusion,0.03548117587636461,0.0179291
00021179_011.png,Atelectasis,0.04016235041113054,0.0168304
00021179_011.png,Infiltration,0.0,0.0161896
00021179_011.png,Cardiomegaly,0.02614397638356168,0.0153427
00021179_011.png,Atelectasis,0.12799948311854428,0.0148239
00021179_011.png,Cardiomegaly,0.12277737686190214,0.0130539
00021179_011.png,Infiltration,0.0,0.0121307
00021179_011.png,Cardiomegaly,0.02320178111509466,0.0118866
00021179_011.png,Cardiomegaly,0.01517048256040057,0.0118103
00021179_011.png,Infiltration,0.0,0.0117264
00021179_011.png,Effusion,0.0,0.0110016
00021179_011.png,Effusion,0.0,0.0109634
00021179_011.png,Cardiomegaly,0.0557363861135199,0.00947571
00021179_011.png,Mass,0.5838042216043898,0.00846863
00021179_011.png,Infiltration,0.02320178111509466,0.00811005
00021179_011.png,Infiltration,0.0,0.00774002
00021179_011.png,Mass,0.13799417528429564,0.00717163
00021179_011.png,Effusion,0.0,0.00692368
00021179_011.png,Effusion,0.0823648595960224,0.00665283
00021179_011.png,Effusion,0.04547416949999995,0.00660706
00021179_011.png,Atelectasis,0.0,0.00619125
00021179_011.png,Mass,0.24186998338463417,0.00595474
00021179_011.png,Effusion,0.6067172470559757,0.005867
00021179_011.png,Infiltration,0.0,0.00558853
00021179_011.png,Mass,0.0,0.0055542
00021179_011.png,Infiltration,0.0,0.00540924
00021179_011.png,Cardiomegaly,0.24186998338463417,0.00508881
00021179_011.png,Effusion,0.40286419863481177,0.00480652
00021179_011.png,Effusion,0.2497150217897985,0.00468826
00021179_011.png,Effusion,0.10027830277500162,0.00467682
00021179_011.png,Mass,0.27215469647152557,0.00464249
00021179_011.png,Cardiomegaly,0.08876048602354566,0.00426865
00021179_011.png,Cardiomegaly,0.023973310460762884,0.00426865
00021179_011.png,Effusion,0.0,0.00423431
00021179_011.png,Effusion,0.015784279219906765,0.00406647
00021179_011.png,Infiltration,0.0,0.00402832
00021179_011.png,Effusion,0.03612423935597918,0.00385094
00021179_011.png,Cardiomegaly,0.396253938979026,0.00374031
00021179_011.png,Cardiomegaly,0.15486552839003295,0.00373077
00021179_011.png,Cardiomegaly,0.3865431502438378,0.00362587
00021179_011.png,Effusion,0.0745060519552375,0.00361824
00021179_011.png,Effusion,0.051452638167955526,0.00360489
00021179_011.png,Mass,0.0,0.00352097
00021179_011.png,Effusion,0.194419863489164,0.00343895
00021179_011.png,Mass,0.6259615312217678,0.00338745
00021179_011.png,Effusion,0.02269699497278809,0.00312996
00021179_011.png,Cardiomegaly,0.040872830691410914,0.00308609
00021179_011.png,Effusion,0.1770804114227813,0.00305367
00021179_011.png,Cardiomegaly,0.08127896240642815,0.00297356
00021179_011.png,Atelectasis,0.29738601762364986,0.00291443
00021179_011.png,Mass,0.3629352380154867,0.00274658
00021179_011.png,Effusion,0.0,0.00267792
00021179_011.png,Effusion,0.0,0.00267029
00021179_011.png,Cardiomegaly,0.03616676325514949,0.00263405
00021179_011.png,Effusion,0.11363686286951934,0.00255013
00021179_011.png,Mass,0.40507560376117224,0.00251198
00021179_011.png,Mass,0.24959188265412752,0.00246048
00021179_011.png,Infiltration,0.0,0.00240326
00021179_011.png,Effusion,0.0,0.00237656
00021179_011.png,Effusion,0.0,0.00237274
00021179_011.png,Infiltration,0.0,0.00229073
00021179_011.png,Mass,0.0,0.00228119
00021179_011.png,Mass,0.08130237393894667,0.00225258
00021179_011.png,Effusion,0.0977730804492647,0.0022316
00021179_011.png,Effusion,0.0365299450710488,0.00222969
00021179_011.png,Effusion,0.03611145607349537,0.00222588
00021179_011.png,Infiltration,0.0,0.00222015
00021179_011.png,Cardiomegaly,0.0,0.0022049
00021179_011.png,Effusion,0.06853913951562078,0.00219727
00021179_011.png,Effusion,0.0,0.00218582
00021179_011.png,Effusion,0.024732443034096864,0.00218391
00021179_011.png,Effusion,0.03513561681625748,0.00211334
00021179_011.png,Effusion,0.048824823148464126,0.00210571
00021179_011.png,Mass,0.30111754634789883,0.00209236
00021179_011.png,Effusion,0.0,0.00203896
00021179_011.png,Mass,0.14404708505267105,0.00198936
00021179_011.png,Effusion,0.024082863156458377,0.00195503
00021179_011.png,Effusion,0.03320158934299027,0.00194073
00021179_011.png,Effusion,0.034017013295920794,0.00193119
00021179_011.png,Effusion,0.031054157232052352,0.00191689
00021179_011.png,Effusion,0.34860637470279765,0.001894
00021179_011.png,Infiltration,0.0,0.00185871
00021179_011.png,Effusion,0.04070860537499993,0.00184059
00021179_011.png,Mass,0.0,0.00184059
00021179_011.png,Mass,0.17302122018889202,0.0018301
00021179_011.png,Mass,0.0,0.00182629
00021179_011.png,Mass,0.16116633373142616,0.00181293
00021179_011.png,Effusion,0.13940205298405076,0.00176239
00021179_011.png,Mass,0.08149546040780926,0.00175762
00021179_011.png,Effusion,0.0,0.00175571
00021179_011.png,Effusion,0.019773272389406633,0.00174522
00021179_011.png,Effusion,0.028160036569256964,0.00173855
00021179_011.png,Cardiomegaly,0.2497150217897985,0.00173569
00021179_011.png,Effusion,0.003067611349217936,0.00171471
00021179_011.png,Cardiomegaly,0.07414223580958067,0.00168419
00021179_011.png,Effusion,0.27215469647152557,0.00165844
00021179_011.png,Infiltration,0.0,0.00163651
00021179_011.png,Cardiomegaly,0.19383433144031129,0.0016346
00021179_011.png,Cardiomegaly,0.1595157180350386,0.00162125
00021179_011.png,Infiltration,0.03616676325514949,0.00160789
00021179_011.png,Effusion,0.0,0.00158501
00021179_011.png,Effusion,0.0,0.00158405
00021179_011.png,Effusion,0.14404708505267105,0.00153923
00021179_011.png,Effusion,0.020829536343843526,0.00153637
00021179_011.png,Effusion,0.0,0.00153542
00021179_011.png,Effusion,0.0,0.00153065
00021179_011.png,Cardiomegaly,0.0,0.00152493
00021179_011.png,Infiltration,0.0,0.00152397
00021179_011.png,Effusion,0.059813873069046904,0.00152397
00021179_011.png,Effusion,0.017428378827487503,0.0015173
00021179_011.png,Effusion,0.016135518643638398,0.00151539
00021179_011.png,Effusion,0.055859833294827944,0.00151062
00021179_011.png,Infiltration,0.0,0.00150585
00021179_011.png,Infiltration,0.0,0.00149632
00021179_011.png,Effusion,0.07353213127986338,0.00148964
00021179_011.png,Effusion,0.1123195169660931,0.00146866
00021179_011.png,Infiltration,0.051452638167955526,0.00145626
00021179_011.png,Mass,0.1789759703895491,0.00141525
00021179_011.png,Effusion,0.0,0.00138569
00021179_011.png,Cardiomegaly,0.5052639622713154,0.00135422
00021179_011.png,Cardiomegaly,0.30111754634789883,0.00133896
00021179_011.png,Effusion,0.02259350679577316,0.00132561
00021179_011.png,Effusion,0.0,0.0013237
00021179_011.png,Cardiomegaly,0.0,0.00130272
00021179_011.png,Effusion,0.07508685267048432,0.00128746
00021179_011.png,Effusion,0.0,0.00127792
00021179_011.png,Effusion,0.0,0.00126839
00021179_011.png,Effusion,0.012896982624140177,0.00125313
00021179_011.png,Effusion,0.396253938979026,0.00123978
00021179_011.png,Cardiomegaly,0.10027830277500162,0.00123596
00021179_011.png,Infiltration,0.19397187155039256,0.00123119
00021179_011.png,Effusion,0.03498770066489722,0.00122738
00021179_011.png,Infiltration,0.2548366667740625,0.00121307
00021179_011.png,Effusion,0.09070142916218156,0.00120544
00021179_011.png,Infiltration,0.022636837096520233,0.00119591
00021179_011.png,Effusion,0.03585490039766501,0.00119209
00021179_011.png,Effusion,0.1671205670566419,0.00117683
00021179_011.png,Effusion,0.06322388003724722,0.00117111
00021179_011.png,Effusion,0.040940826524172934,0.00115871
00021179_011.png,Infiltration,0.0,0.00115013
00021179_011.png,Mass,0.0,0.00115013
00021179_011.png,Effusion,0.0,0.00114155
00021179_011.png,Cardiomegaly,0.18477042011196754,0.00113392
00021179_011.png,Effusion,0.0,0.0011301
00021179_011.png,Atelectasis,0.25610572239427565,0.00112343
00021179_011.png,Mass,0.0,0.00112343
00021179_011.png,Effusion,0.3314337209565182,0.00110531
00021179_011.png,Cardiomegaly,0.0,0.00109577
00021179_011.png,Mass,0.05250044889042605,0.00109577
00021179_011.png,Infiltration,0.0,0.00106716
00021179_011.png,Cardiomegaly,0.0,0.00103664
00021179_011.png,Cardiomegaly,0.0,0.00101757
00021179_011.png,Mass,0.404598593800347,0.00100899
00021179_011.png,Cardiomegaly,0.0,0.00100327
00000055_000.png,Effusion,0.0,0.159424
00000055_000.png,Atelectasis,0.0,0.126953
00000055_000.png,Cardiomegaly,0.0,0.0531311
00000055_000.png,Atelectasis,0.0,0.0527344
00000055_000.png,Effusion,0.0,0.0379028
00000055_000.png,Infiltration,0.0,0.0297699
00000055_000.png,Atelectasis,0.0,0.0261688
00000055_000.png,Cardiomegaly,0.0,0.0246887
00000055_000.png,Effusion,0.0,0.0208435
00000055_000.png,Effusion,0.0,0.019516
00000055_000.png,Infiltration,0.0,0.0163269
00000055_000.png,Mass,0.0,0.0161896
00000055_000.png,Atelectasis,0.0,0.0106659
00000055_000.png,Infiltration,0.0,0.0105209
00000055_000.png,Cardiomegaly,0.0,0.00939178
00000055_000.png,Effusion,0.0,0.00936127
00000055_000.png,Infiltration,0.0,0.00913239
00000055_000.png,Cardiomegaly,0.0,0.00876617
00000055_000.png,Effusion,0.0,0.00850677
00000055_000.png,Infiltration,0.0,0.00840759
00000055_000.png,Effusion,0.0,0.00814819
00000055_000.png,Cardiomegaly,0.0,0.00788116
00000055_000.png,Infiltration,0.0,0.00671387
00000055_000.png,Effusion,0.0,0.00614929
00000055_000.png,Effusion,0.0,0.00573349
00000055_000.png,Effusion,0.0,0.00568771
00000055_000.png,Effusion,0.0,0.00563049
00000055_000.png,Effusion,0.0,0.00555801
00000055_000.png,Cardiomegaly,0.0,0.00529861
00000055_000.png,Mass,0.0,0.00488281
00000055_000.png,Effusion,0.0,0.00487518
00000055_000.png,Infiltration,0.0,0.00481415
00000055_000.png,Cardiomegaly,0.0,0.00476074
00000055_000.png,Infiltration,0.0,0.00473022
00000055_000.png,Cardiomegaly,0.0,0.00463867
00000055_000.png,Mass,0.0,0.00429916
00000055_000.png,Cardiomegaly,0.0,0.0041008
00000055_000.png,Effusion,0.0,0.00399399
00000055_000.png,Mass,0.0,0.00398636
00000055_000.png,Effusion,0.0,0.00398254
00000055_000.png,Infiltration,0.0,0.00387383
00000055_000.png,Infiltration,0.0,0.00383377
00000055_000.png,Infiltration,0.0,0.00375366
00000055_000.png,Infiltration,0.0,0.00348473
00000055_000.png,Infiltration,0.0,0.00343704
00000055_000.png,Infiltration,0.0,0.00341415
00000055_000.png,Cardiomegaly,0.0,0.0032177
00000055_000.png,Cardiomegaly,0.0,0.00319862
00000055_000.png,Effusion,0.0,0.00317955
00000055_000.png,Cardiomegaly,0.0,0.00316048
00000055_000.png,Mass,0.0,0.00316048
00000055_000.png,Infiltration,0.0,0.00305748
00000055_000.png,Effusion,0.0,0.00297356
00000055_000.png,Cardiomegaly,0.0,0.00297165
00000055_000.png,Infiltration,0.0,0.00296593
00000055_000.png,Effusion,0.0,0.00295258
00000055_000.png,Mass,0.0,0.0029335
00000055_000.png,Cardiomegaly,0.0,0.00292206
00000055_000.png,Effusion,0.0,0.00291252
00000055_000.png,Mass,0.0,0.00287628
00000055_000.png,Infiltration,0.0,0.00282478
00000055_000.png,Cardiomegaly,0.0,0.00273323
00000055_000.png,Effusion,0.0,0.00271225
00000055_000.png,Effusion,0.0,0.00263977
00000055_000.png,Cardiomegaly,0.0,0.00263786
00000055_000.png,Mass,0.0,0.00259972
00000055_000.png,Cardiomegaly,0.0,0.00258827
00000055_000.png,Infiltration,0.0,0.00258446
00000055_000.png,Infiltration,0.0,0.00257301
00000055_000.png,Cardiomegaly,0.0,0.00246048
00000055_000.png,Effusion,0.0,0.00240707
00000055_000.png,Infiltration,0.0,0.00236702
00000055_000.png,Effusion,0.0,0.00234413
00000055_000.png,Infiltration,0.0,0.00227737
00000055_000.png,Cardiomegaly,0.0,0.0022049
00000055_000.png,Infiltration,0.0,0.00218964
00000055_000.png,Cardiomegaly,0.0,0.00217056
00000055_000.png,Infiltration,0.0,0.00216103
00000055_000.png,Mass,0.0,0.00215912
00000055_000.png,Cardiomegaly,0.0,0.00214767
00000055_000.png,Cardiomegaly,0.0,0.00211906
00000055_000.png,Mass,0.0,0.00211334
00000055_000.png,Infiltration,0.0,0.00209236
00000055_000.png,Effusion,0.0,0.00206375
00000055_000.png,Infiltration,0.0,0.00204086
00000055_000.png,Effusion,0.0,0.00202942
00000055_000.png,Cardiomegaly,0.0,0.0020256
00000055_000.png,Cardiomegaly,0.0,0.00201035
00000055_000.png,Infiltration,0.0,0.00199318
00000055_000.png,Infiltration,0.0,0.00198936
00000055_000.png,Infiltration,0.0,0.00196648
00000055_000.png,Cardiomegaly,0.0,0.00193024
00000055_000.png,Infiltration,0.0,0.00191498
00000055_000.png,Effusion,0.0,0.00187588
00000055_000.png,Infiltration,0.0,0.00180244
00000055_000.png,Infiltration,0.0,0.00179386
00000055_000.png,Effusion,0.0,0.00179005
00000055_000.png,Infiltration,0.0,0.00176716
00000055_000.png,Cardiomegaly,0.0,0.00176525
00000055_000.png,Cardiomegaly,0.0,0.00174809
00000055_000.png,Infiltration,0.0,0.00174427
00000055_000.png,Effusion,0.0,0.00174332
00000055_000.png,Infiltration,0.0,0.00173378
00000055_000.png,Mass,0.0,0.00173092
00000055_000.png,Cardiomegaly,0.0,0.00173092
00000055_000.png,Infiltration,0.0,0.00168419
00000055_000.png,Effusion,0.0,0.00167561
00000055_000.png,Effusion,0.0,0.00167179
00000055_000.png,Infiltration,0.0,0.00166893
00000055_000.png,Effusion,0.0,0.00166702
00000055_000.png,Cardiomegaly,0.0,0.00166607
00000055_000.png,Effusion,0.0,0.00165749
00000055_000.png,Infiltration,0.0,0.00164223
00000055_000.png,Effusion,0.0,0.00163364
00000055_000.png,Infiltration,0.0,0.00162888
00000055_000.png,Effusion,0.0,0.00161552
00000055_000.png,Mass,0.0,0.00157642
00000055_000.png,Infiltration,0.0,0.00157166
00000055_000.png,Effusion,0.0,0.0015707
00000055_000.png,Effusion,0.0,0.00156689
00000055_000.png,Infiltration,0.0,0.00152302
00000055_000.png,Cardiomegaly,0.0,0.00151634
00000055_000.png,Mass,0.0,0.00150585
00000055_000.png,Mass,0.0,0.00149441
00000055_000.png,Mass,0.0,0.00148773
00000055_000.png,Infiltration,0.0,0.0014658
00000055_000.png,Cardiomegaly,0.0,0.00144672
00000055_000.png,Effusion,0.0,0.001441
00000055_000.png,Infiltration,0.0,0.00141525
00000055_000.png,Cardiomegaly,0.0,0.00141525
00000055_000.png,Cardiomegaly,0.0,0.00140667
00000055_000.png,Effusion,0.0,0.00139904
00000055_000.png,Cardiomegaly,0.0,0.00137997
00000055_000.png,Effusion,0.0,0.00137615
00000055_000.png,Effusion,0.0,0.00137043
00000055_000.png,Infiltration,0.0,0.00135231
00000055_000.png,Effusion,0.0,0.00134563
00000055_000.png,Cardiomegaly,0.0,0.00132942
00000055_000.png,Effusion,0.0,0.00132275
00000055_000.png,Mass,0.0,0.00131416
00000055_000.png,Cardiomegaly,0.0,0.001297
00000055_000.png,Infiltration,0.0,0.00129318
00000055_000.png,Cardiomegaly,0.0,0.00128365
00000055_000.png,Effusion,0.0,0.00126076
00000055_000.png,Infiltration,0.0,0.00125313
00000055_000.png,Infiltration,0.0,0.00124741
00000055_000.png,Effusion,0.0,0.00124359
00000055_000.png,Mass,0.0,0.00123978
00000055_000.png,Infiltration,0.0,0.0012331
00000055_000.png,Cardiomegaly,0.0,0.00123024
00000055_000.png,Infiltration,0.0,0.0012064
00000055_000.png,Cardiomegaly,0.0,0.00117302
00000055_000.png,Infiltration,0.0,0.00116634
00000055_000.png,Mass,0.0,0.00115681
00000055_000.png,Infiltration,0.0,0.00114346
00000055_000.png,Mass,0.0,0.00111961
00000055_000.png,Effusion,0.0,0.0011034
00000055_000.png,Mass,0.0,0.0011034
00000055_000.png,Mass,0.0,0.00108719
00000055_000.png,Infiltration,0.0,0.00105667
00000055_000.png,Infiltration,0.0,0.00105572
00000055_000.png,Cardiomegaly,0.0,0.00103951
00000055_000.png,Infiltration,0.0,0.00103664
00000055_000.png,Effusion,0.0,0.00103569
00000055_000.png,Mass,0.0,0.00100327
00022369_013.png,Effusion,0.020531312359176903,0.112366
00022369_013.png,Atelectasis,0.0,0.056488
00022369_013.png,Cardiomegaly,0.21655020879688736,0.0471497
00022369_013.png,Infiltration,0.0,0.0354614
00022369_013.png,Effusion,0.0,0.0333862
00022369_013.png,Cardiomegaly,0.33649716045844186,0.0287933
00022369_013.png,Cardiomegaly,0.17128826148949156,0.0269928
00022369_013.png,Cardiomegaly,0.0,0.0251465
00022369_013.png,Effusion,0.0,0.0223846
00022369_013.png,Infiltration,0.0,0.0203552
00022369_013.png,Infiltration,0.0,0.0195465
00022369_013.png,Infiltration,0.0,0.0191803
00022369_013.png,Cardiomegaly,0.0,0.0172882
00022369_013.png,Infiltration,0.0,0.015625
00022369_013.png,Cardiomegaly,0.2522067393352243,0.0139694
00022369_013.png,Infiltration,0.0,0.0130005
00022369_013.png,Effusion,0.0,0.0123596
00022369_013.png,Infiltration,0.5013785817338258,0.0115662
00022369_013.png,Atelectasis,0.0,0.011528
00022369_013.png,Cardiomegaly,0.4931169587201096,0.0112686
00022369_013.png,Atelectasis,0.0,0.0105286
00022369_013.png,Infiltration,0.0,0.0100021
00022369_013.png,Infiltration,0.0,0.00986481
00022369_013.png,Cardiomegaly,0.0,0.00904083
00022369_013.png,Effusion,0.0,0.00785828
00022369_013.png,Cardiomegaly,0.0,0.00771332
00022369_013.png,Cardiomegaly,0.0,0.00756836
00022369_013.png,Cardiomegaly,0.0,0.00753021
00022369_013.png,Infiltration,0.0,0.00743484
00022369_013.png,Cardiomegaly,0.0,0.00713348
00022369_013.png,Infiltration,0.1279325310723888,0.00671768
00022369_013.png,Infiltration,0.0,0.00651169
00022369_013.png,Infiltration,0.0,0.00647354
00022369_013.png,Infiltration,0.2680795837202084,0.00638199
00022369_013.png,Mass,0.0,0.00626373
00022369_013.png,Cardiomegaly,0.28823307688858446,0.00608063
00022369_013.png,Effusion,0.0,0.00606537
00022369_013.png,Cardiomegaly,0.0,0.00601196
00022369_013.png,Infiltration,0.0,0.00579834
00022369_013.png,Infiltration,0.22345229741726189,0.0057373
00022369_013.png,Mass,0.0,0.0056839
00022369_013.png,Cardiomegaly,0.2942488733186404,0.0056076
00022369_013.png,Infiltration,0.0,0.00556946
00022369_013.png,Infiltration,0.0,0.00539017
00022369_013.png,Infiltration,0.21899046067452785,0.00533676
00022369_013.png,Infiltration,0.44691083700761064,0.00528336
00022369_013.png,Cardiomegaly,0.0,0.00515747
00022369_013.png,Mass,0.0,0.00513458
00022369_013.png,Atelectasis,0.2052631887274282,0.00507355
00022369_013.png,Cardiomegaly,0.2680795837202084,0.00502014
00022369_013.png,Infiltration,0.0,0.00470734
00022369_013.png,Infiltration,0.0,0.00457382
00022369_013.png,Cardiomegaly,0.0,0.00452423
00022369_013.png,Mass,0.0,0.00448227
00022369_013.png,Effusion,0.0,0.00442886
00022369_013.png,Effusion,0.05629043489314555,0.00442505
00022369_013.png,Cardiomegaly,0.24090051073653385,0.00437927
00022369_013.png,Cardiomegaly,0.3776356024998473,0.00434494
00022369_013.png,Effusion,0.0020230674350370107,0.00429535
00022369_013.png,Infiltration,0.2722887255141752,0.00397491
00022369_013.png,Cardiomegaly,0.0,0.00395584
00022369_013.png,Infiltration,0.08538922148968554,0.00387383
00022369_013.png,Atelectasis,0.03631780937116294,0.003685
00022369_013.png,Cardiomegaly,0.0,0.00360107
00022369_013.png,Mass,0.0,0.00359154
00022369_013.png,Mass,0.0,0.00351143
00022369_013.png,Cardiomegaly,0.0,0.00349045
00022369_013.png,Atelectasis,0.05790763546116602,0.00346375
00022369_013.png,Cardiomegaly,0.0,0.00333977
00022369_013.png,Infiltration,0.17529986807141965,0.00325966
00022369_013.png,Mass,0.0,0.00322533
00022369_013.png,Cardiomegaly,0.0,0.00316429
00022369_013.png,Effusion,0.0,0.00307083
00022369_013.png,Cardiomegaly,0.5015692990796294,0.00304413
00022369_013.png,Cardiomegaly,0.0,0.00302887
00022369_013.png,Cardiomegaly,0.0,0.00290489
00022369_013.png,Infiltration,0.0,0.00289345
00022369_013.png,Cardiomegaly,0.0,0.002882
00022369_013.png,Cardiomegaly,0.0,0.00280952
00022369_013.png,Cardiomegaly,0.0,0.0027771
00022369_013.png,Cardiomegaly,0.5241386160620414,0.00266457
00022369_013.png,Effusion,0.0,0.00264359
00022369_013.png,Effusion,0.0,0.00261307
00022369_013.png,Infiltration,0.3776356024998473,0.00261116
00022369_013.png,Infiltration,0.0,0.00260353
00022369_013.png,Mass,0.0,0.00255775
00022369_013.png,Cardiomegaly,0.14011268245812675,0.00245476
00022369_013.png,Effusion,0.0,0.00233078
00022369_013.png,Effusion,0.0,0.00232124
00022369_013.png,Mass,0.0,0.00223351
00022369_013.png,Infiltration,0.10141418559139953,0.00216103
00022369_013.png,Cardiomegaly,0.3514702362202177,0.0021553
00022369_013.png,Infiltration,0.08371296407416458,0.00210762
00022369_013.png,Effusion,0.0,0.00207138
00022369_013.png,Cardiomegaly,0.3126183192468233,0.00206184
00022369_013.png,Effusion,0.0,0.00204468
00022369_013.png,Cardiomegaly,0.10193073599396435,0.00201225
00022369_013.png,Effusion,0.0,0.00193882
00022369_013.png,Infiltration,0.3514702362202177,0.00193596
00022369_013.png,Mass,0.0,0.00184727
00022369_013.png,Effusion,0.28940251305740156,0.00181198
00022369_013.png,Cardiomegaly,0.0,0.00180817
00022369_013.png,Mass,0.0,0.00176716
00022369_013.png,Mass,0.0,0.00174332
00022369_013.png,Effusion,0.0,0.00172329
00022369_013.png,Cardiomegaly,0.0,0.00169563
00022369_013.png,Infiltration,0.0,0.00167847
00022369_013.png,Effusion,0.0,0.00167084
00022369_013.png,Effusion,0.0,0.00165272
00022369_013.png,Effusion,0.09575375627555684,0.00155449
00022369_013.png,Effusion,0.0,0.00151062
00022369_013.png,Cardiomegaly,0.15040655039151002,0.00150871
00022369_013.png,Mass,0.0,0.00148964
00022369_013.png,Infiltration,0.039643920681528944,0.00147915
00022369_013.png,Mass,0.0,0.00145531
00022369_013.png,Effusion,0.0,0.0014534
00022369_013.png,Cardiomegaly,0.0,0.00144196
00022369_013.png,Effusion,0.0,0.00142288
00022369_013.png,Effusion,0.0,0.00140667
00022369_013.png,Cardiomegaly,0.2490487980135305,0.00139523
00022369_013.png,Effusion,0.0011535365503832493,0.0013876
00022369_013.png,Cardiomegaly,0.16970501407394586,0.0013752
00022369_013.png,Effusion,0.0,0.00137424
00022369_013.png,Effusion,0.0,0.00134468
00022369_013.png,Mass,0.0,0.00132942
00022369_013.png,Effusion,0.0,0.00130558
00022369_013.png,Effusion,0.16498181295457148,0.00129509
00022369_013.png,Cardiomegaly,0.22322763894458753,0.00129128
00022369_013.png,Effusion,0.0,0.00128555
00022369_013.png,Effusion,0.0,0.00128365
00022369_013.png,Mass,0.0,0.00127316
00022369_013.png,Cardiomegaly,0.0,0.00127125
00022369_013.png,Cardiomegaly,0.0,0.00126743
00022369_013.png,Mass,0.0,0.00125694
00022369_013.png,Cardiomegaly,0.0,0.00124836
00022369_013.png,Cardiomegaly,0.11723205480184334,0.00124645
00022369_013.png,Mass,0.0,0.00123024
00022369_013.png,Effusion,0.0,0.00120449
00022369_013.png,Infiltration,0.0,0.00118446
00022369_013.png,Infiltration,0.0,0.00117207
00022369_013.png,Cardiomegaly,0.4544949218400953,0.00116444
00022369_013.png,Mass,0.0,0.00116253
00022369_013.png,Effusion,0.0,0.00116158
00022369_013.png,Cardiomegaly,0.0,0.00115299
00022369_013.png,Mass,0.0,0.00114727
00022369_013.png,Effusion,0.0,0.00113869
00022369_013.png,Cardiomegaly,0.0,0.00113869
00022369_013.png,Infiltration,0.19279498481754054,0.00113297
00022369_013.png,Infiltration,0.02980953576279169,0.0011301
00022369_013.png,Cardiomegaly,0.04931720735051563,0.0011301
00022369_013.png,Infiltration,0.08285134100603636,0.00111771
00022369_013.png,Effusion,0.0,0.00111675
00022369_013.png,Effusion,0.0,0.00111294
00022369_013.png,Infiltration,0.31442882192526234,0.00110722
00022369_013.png,Infiltration,0.00012185629086838859,0.00109577
00022369_013.png,Effusion,0.0,0.00106812
00022369_013.png,Mass,0.0,0.00106525
00022369_013.png,Mass,0.0,0.00104904
00022369_013.png,Effusion,0.0,0.00104618
00022369_013.png,Effusion,0.0,0.00104523
00022369_013.png,Cardiomegaly,0.1838883141413371,0.00103664
00022369_013.png,Cardiomegaly,0.0,0.00103664
00022369_013.png,Effusion,0.0,0.00102901
00022369_013.png,Infiltration,0.0,0.00102043
00022369_013.png,Cardiomegaly,0.08572051596356982,0.00101852
00022369_013.png,Cardiomegaly,0.0,0.00101471
00011925_072.png,Cardiomegaly,0.0,0.0286407
00011925_072.png,Cardiomegaly,0.04805903509685351,0.0241089
00011925_072.png,Effusion,0.5269166049149482,0.0204926
00011925_072.png,Cardiomegaly,0.017922614915624694,0.0150146
00011925_072.png,Atelectasis,0.16380017308509898,0.0138474
00011925_072.png,Cardiomegaly,0.04301035342510455,0.0122757
00011925_072.png,Cardiomegaly,0.1184101685903462,0.0119476
00011925_072.png,Mass,0.0,0.0108948
00011925_072.png,Cardiomegaly,0.0,0.0104752
00011925_072.png,Effusion,0.10436606636418214,0.00959015
00011925_072.png,Cardiomegaly,0.023907076868008362,0.00850677
00011925_072.png,Cardiomegaly,0.5738441422207072,0.00826263
00011925_072.png,Cardiomegaly,0.47663588309319643,0.00736237
00011925_072.png,Cardiomegaly,0.056169571891912705,0.00730515
00011925_072.png,Effusion,0.20071940666838162,0.00696564
00011925_072.png,Cardiomegaly,0.02589975345816636,0.00679398
00011925_072.png,Effusion,0.311601507471911,0.00675201
00011925_072.png,Cardiomegaly,0.0,0.00629807
00011925_072.png,Effusion,0.4809696400871208,0.0060463
00011925_072.png,Effusion,0.17861857431844885,0.00576401
00011925_072.png,Atelectasis,0.22661098516267136,0.00573349
00011925_072.png,Effusion,0.485221409511204,0.00563812
00011925_072.png,Effusion,0.010526528996607292,0.00497437
00011925_072.png,Mass,0.08217887461493399,0.00466919
00011925_072.png,Cardiomegaly,0.19718940501241985,0.00466156
00011925_072.png,Effusion,0.0,0.0045433
00011925_072.png,Mass,0.0,0.00450897
00011925_072.png,Mass,0.0,0.00434494
00011925_072.png,Effusion,0.0,0.00423813
00011925_072.png,Mass,0.207858519414253,0.00415421
00011925_072.png,Effusion,0.06730863177758731,0.00413132
00011925_072.png,Mass,0.0,0.00406265
00011925_072.png,Mass,0.0,0.00399017
00011925_072.png,Infiltration,0.0,0.00388718
00011925_072.png,Mass,0.0,0.00369835
00011925_072.png,Cardiomegaly,0.0,0.00364494
00011925_072.png,Mass,0.02082767571273807,0.00361824
00011925_072.png,Infiltration,0.041396507122168365,0.00359344
00011925_072.png,Mass,0.0,0.00345039
00011925_072.png,Cardiomegaly,0.0,0.0033474
00011925_072.png,Mass,0.24264539006063185,0.0032196
00011925_072.png,Effusion,0.6146932859394815,0.00321198
00011925_072.png,Cardiomegaly,0.012837489514615726,0.00293922
00011925_072.png,Cardiomegaly,0.22406265812181733,0.00290298
00011925_072.png,Mass,0.0,0.00281334
00011925_072.png,Effusion,0.0,0.00270271
00011925_072.png,Infiltration,0.0,0.00258446
00011925_072.png,Cardiomegaly,0.0,0.00236893
00011925_072.png,Cardiomegaly,0.0,0.00234413
00011925_072.png,Mass,0.0,0.00230026
00011925_072.png,Cardiomegaly,0.12620287950665063,0.00225067
00011925_072.png,Cardiomegaly,0.0,0.00222397
00011925_072.png,Cardiomegaly,0.0,0.00213432
00011925_072.png,Mass,0.0,0.0020771
00011925_072.png,Mass,0.0451646789387801,0.00203323
00011925_072.png,Atelectasis,0.09642743068850837,0.00203133
00011925_072.png,Effusion,0.0,0.00200844
00011925_072.png,Atelectasis,0.40519119894864386,0.00195885
00011925_072.png,Cardiomegaly,0.0,0.00195503
00011925_072.png,Mass,0.0,0.00194645
00011925_072.png,Mass,0.0,0.00188351
00011925_072.png,Infiltration,0.0,0.00183964
00011925_072.png,Cardiomegaly,0.03201862895059718,0.00180531
00011925_072.png,Cardiomegaly,0.0,0.00178146
00011925_072.png,Infiltration,0.0,0.00176048
00011925_072.png,Mass,0.04561975229413959,0.00174236
00011925_072.png,Cardiomegaly,0.0046728944404477455,0.00171089
00011925_072.png,Effusion,0.082375544682456,0.00167561
00011925_072.png,Cardiomegaly,0.12845168959265246,0.00164509
00011925_072.png,Cardiomegaly,0.0,0.00160885
00011925_072.png,Mass,0.1596179255351561,0.00159645
00011925_072.png,Cardiomegaly,0.018609031341327138,0.00149155
00011925_072.png,Cardiomegaly,0.06745397586359045,0.00148106
00011925_072.png,Effusion,0.0,0.00146294
00011925_072.png,Effusion,0.5643458464945909,0.00141621
00011925_072.png,Effusion,0.0,0.00137329
00011925_072.png,Mass,0.006852671210058093,0.0012989
00011925_072.png,Atelectasis,0.06421755261930423,0.00129414
00011925_072.png,Cardiomegaly,0.6533609164791065,0.00123692
00011925_072.png,Infiltration,0.0,0.00123119
00011925_072.png,Effusion,0.0,0.00122261
00011925_072.png,Mass,0.041396507122168365,0.00122261
00011925_072.png,Mass,0.0,0.00121498
00011925_072.png,Effusion,0.0,0.00118256
00011925_072.png,Cardiomegaly,0.0,0.00113678
00011925_072.png,Effusion,0.0,0.00113297
00011925_072.png,Atelectasis,0.17132920020385572,0.00112915
00011925_072.png,Mass,0.35380107442186276,0.00110054
00011925_072.png,Effusion,0.017524609958706902,0.00109863
00011925_072.png,Mass,0.2041815316775669,0.00109863
00011925_072.png,Mass,0.08917580700835691,0.00108433
00011925_072.png,Effusion,0.0,0.00107384
00011925_072.png,Infiltration,0.03909362804989571,0.00106716
00011925_072.png,Mass,0.0,0.00105572
00011925_072.png,Cardiomegaly,0.0,0.00103092
00011925_072.png,Infiltration,0.0,0.00102901
00011925_072.png,Atelectasis,0.0772572610719183,0.00100613
00011925_072.png,Effusion,0.0,0.00100136
00029909_003.png,Atelectasis,0.0,0.520996
00029909_003.png,Effusion,0.0,0.158325
00029909_003.png,Effusion,0.0,0.0607605
00029909_003.png,Effusion,0.0,0.049469
00029909_003.png,Effusion,0.0,0.0389099
00029909_003.png,Infiltration,0.0,0.0193481
00029909_003.png,Infiltration,0.0,0.0182037
00029909_003.png,Effusion,0.0,0.0161591
00029909_003.png,Infiltration,0.0,0.0159912
00029909_003.png,Cardiomegaly,0.0,0.0154266
00029909_003.png,Cardiomegaly,0.0,0.0151672
00029909_003.png,Effusion,0.0,0.0123215
00029909_003.png,Effusion,0.0,0.0106735
00029909_003.png,Effusion,0.0,0.00969696
00029909_003.png,Effusion,0.0,0.00920868
00029909_003.png,Infiltration,0.0,0.00899506
00029909_003.png,Effusion,0.0,0.00885773
00029909_003.png,Effusion,0.0,0.0085144
00029909_003.png,Infiltration,0.0,0.00844574
00029909_003.png,Effusion,0.0,0.00795746
00029909_003.png,Effusion,0.0,0.0065155
00029909_003.png,Effusion,0.0,0.00624466
00029909_003.png,Infiltration,0.0,0.00614548
00029909_003.png,Effusion,0.0,0.00609589
00029909_003.png,Cardiomegaly,0.0,0.0056839
00029909_003.png,Mass,0.0,0.00556564
00029909_003.png,Infiltration,0.0,0.00547791
00029909_003.png,Effusion,0.0,0.00546265
00029909_003.png,Effusion,0.0,0.00455856
00029909_003.png,Infiltration,0.0,0.00437164
00029909_003.png,Effusion,0.0,0.00424957
00029909_003.png,Effusion,0.0,0.00419617
00029909_003.png,Cardiomegaly,0.0,0.00409698
00029909_003.png,Mass,0.10115178807845654,0.00398636
00029909_003.png,Cardiomegaly,0.0,0.00366402
00029909_003.png,Infiltration,0.0,0.00353622
00029909_003.png,Infiltration,0.0,0.00334358
00029909_003.png,Effusion,0.0,0.00290871
00029909_003.png,Cardiomegaly,0.033905269365022674,0.00289154
00029909_003.png,Effusion,0.0,0.00286484
00029909_003.png,Effusion,0.0,0.0028038
00029909_003.png,Effusion,0.0,0.00279808
00029909_003.png,Effusion,0.0,0.00278282
00029909_003.png,Cardiomegaly,0.0,0.00273323
00029909_003.png,Effusion,0.0,0.00269127
00029909_003.png,Cardiomegaly,0.0,0.00266838
00029909_003.png,Effusion,0.0,0.00256348
00029909_003.png,Infiltration,0.0,0.00237465
00029909_003.png,Effusion,0.0,0.00227356
00029909_003.png,Mass,0.0,0.00223351
00029909_003.png,Mass,0.0,0.00221443
00029909_003.png,Effusion,0.0,0.00199699
00029909_003.png,Mass,0.0,0.00195026
00029909_003.png,Effusion,0.0,0.00191402
00029909_003.png,Effusion,0.0,0.00186443
00029909_003.png,Effusion,0.0,0.0018158
00029909_003.png,Effusion,0.0,0.00172424
00029909_003.png,Effusion,0.0,0.00171757
00029909_003.png,Infiltration,0.0,0.00167179
00029909_003.png,Infiltration,0.0,0.00165749
00029909_003.png,Effusion,0.0,0.0016098
00029909_003.png,Effusion,0.00043562351368581237,0.00157642
00029909_003.png,Infiltration,0.0,0.0015707
00029909_003.png,Infiltration,0.0,0.00156498
00029909_003.png,Effusion,0.0,0.00155258
00029909_003.png,Infiltration,0.0,0.00152302
00029909_003.png,Effusion,0.0,0.00150776
00029909_003.png,Infiltration,0.0,0.00146389
00029909_003.png,Effusion,0.0,0.00146008
00029909_003.png,Infiltration,0.0,0.00145149
00029909_003.png,Mass,0.16716729877829872,0.00142002
00029909_003.png,Infiltration,0.0,0.00140572
00029909_003.png,Cardiomegaly,0.0,0.00139809
00029909_003.png,Cardiomegaly,0.1034440470898875,0.00138092
00029909_003.png,Infiltration,0.0,0.00136852
00029909_003.png,Cardiomegaly,0.0,0.00136566
00029909_003.png,Effusion,0.0,0.00136089
00029909_003.png,Effusion,0.0,0.00133419
00029909_003.png,Infiltration,0.0,0.00133133
00029909_003.png,Effusion,0.0,0.00131798
00029909_003.png,Effusion,0.0,0.001297
00029909_003.png,Cardiomegaly,0.0,0.00127697
00029909_003.png,Effusion,0.0,0.00127029
00029909_003.png,Effusion,0.0,0.00124741
00029909_003.png,Cardiomegaly,0.0,0.00123882
00029909_003.png,Effusion,0.0,0.00123787
00029909_003.png,Infiltration,0.0,0.00122738
00029909_003.png,Effusion,0.0,0.0012064
00029909_003.png,Infiltration,0.0,0.00120449
00029909_003.png,Infiltration,0.0,0.00120449
00029909_003.png,Infiltration,0.0,0.00119781
00029909_003.png,Effusion,0.0,0.00118637
00029909_003.png,Effusion,0.0,0.00118065
00029909_003.png,Infiltration,0.0,0.00115871
00029909_003.png,Infiltration,0.0,0.00114727
00029909_003.png,Effusion,0.0,0.00114536
00029909_003.png,Mass,0.18874757228361527,0.00113297
00029909_003.png,Effusion,0.0,0.00112724
00029909_003.png,Effusion,0.0,0.00111961
00029909_003.png,Cardiomegaly,0.06159751060100624,0.00111675
00029909_003.png,Effusion,0.0,0.00108147
00029909_003.png,Effusion,0.0,0.00107956
00029909_003.png,Effusion,0.0,0.00103664
00029909_003.png,Infiltration,0.0,0.00103664
00029909_003.png,Mass,0.0,0.00102329
00029909_003.png,Effusion,0.0,0.00101852
00029909_003.png,Effusion,0.0,0.00101185
00029909_003.png,Mass,0.11984803575268552,0.00100422
00029909_003.png,Mass,0.0,0.00100327
00000181_061.png,Effusion,0.0,0.12793
00000181_061.png,Effusion,0.0,0.0502014
00000181_061.png,Infiltration,0.5145761608882218,0.0374756
00000181_061.png,Cardiomegaly,0.0795741407272486,0.0300751
00000181_061.png,Cardiomegaly,0.2138631925477774,0.025116
00000181_061.png,Infiltration,0.0,0.018219
00000181_061.png,Atelectasis,0.1559224269709689,0.0181427
00000181_061.png,Infiltration,0.0,0.0156021
00000181_061.png,Effusion,0.0,0.015564
00000181_061.png,Infiltration,0.4711910715800542,0.0132446
00000181_061.png,Atelectasis,0.27187630603456225,0.0131912
00000181_061.png,Cardiomegaly,0.16741045430455898,0.0127716
00000181_061.png,Infiltration,0.0,0.0124207
00000181_061.png,Effusion,0.0,0.0123596
00000181_061.png,Cardiomegaly,0.035666302812031384,0.012352
00000181_061.png,Cardiomegaly,0.18681259690556692,0.0121536
00000181_061.png,Infiltration,0.0,0.0114975
00000181_061.png,Atelectasis,0.372785128572055,0.0111389
00000181_061.png,Cardiomegaly,0.11250141346311575,0.0109482
00000181_061.png,Effusion,0.0,0.0102844
00000181_061.png,Cardiomegaly,0.26207080765401713,0.0102386
00000181_061.png,Infiltration,0.0,0.0100021
00000181_061.png,Effusion,0.0,0.009552
00000181_061.png,Infiltration,0.0,0.0077095
00000181_061.png,Cardiomegaly,0.38425465262859126,0.00720215
00000181_061.png,Effusion,0.0,0.00688171
00000181_061.png,Cardiomegaly,0.05592257056033793,0.00679398
00000181_061.png,Atelectasis,0.29619294056386614,0.00662613
00000181_061.png,Infiltration,0.32508007402218064,0.00635147
00000181_061.png,Infiltration,0.0,0.00634766
00000181_061.png,Infiltration,0.0,0.00620651
00000181_061.png,Infiltration,0.0,0.00610352
00000181_061.png,Cardiomegaly,0.1212589902229054,0.00597382
00000181_061.png,Effusion,0.0,0.00554276
00000181_061.png,Cardiomegaly,0.23218555638413285,0.00540924
00000181_061.png,Infiltration,0.0,0.0052948
00000181_061.png,Effusion,0.0,0.00521469
00000181_061.png,Infiltration,0.0,0.00474548
00000181_061.png,Infiltration,0.0,0.00452042
00000181_061.png,Infiltration,0.0,0.00415039
00000181_061.png,Cardiomegaly,0.32508007402218064,0.00413513
00000181_061.png,Effusion,0.0,0.00390625
00000181_061.png,Infiltration,0.0,0.00387955
00000181_061.png,Infiltration,0.0,0.00378609
00000181_061.png,Infiltration,0.0925804368688502,0.00351906
00000181_061.png,Infiltration,0.1462266680226671,0.00351143
00000181_061.png,Cardiomegaly,0.5076175485698146,0.00348854
00000181_061.png,Cardiomegaly,0.0,0.00342751
00000181_061.png,Effusion,0.0,0.00338364
00000181_061.png,Mass,0.0,0.00333786
00000181_061.png,Infiltration,0.25227815685269683,0.00318527
00000181_061.png,Cardiomegaly,0.3148988581136536,0.00312805
00000181_061.png,Mass,0.00989757945302271,0.00311661
00000181_061.png,Cardiomegaly,0.3295124163898236,0.00296402
00000181_061.png,Effusion,0.0,0.00291061
00000181_061.png,Cardiomegaly,0.19963867559947315,0.00253868
00000181_061.png,Infiltration,0.0,0.00253487
00000181_061.png,Infiltration,0.0,0.00245094
00000181_061.png,Effusion,0.0,0.00243187
00000181_061.png,Effusion,0.0,0.00233269
00000181_061.png,Effusion,0.0,0.0022831
00000181_061.png,Cardiomegaly,0.00989757945302271,0.00226021
00000181_061.png,Cardiomegaly,0.0,0.00225067
00000181_061.png,Cardiomegaly,0.283558985339973,0.0021019
00000181_061.png,Effusion,0.0,0.00201607
00000181_061.png,Cardiomegaly,0.0,0.00201035
00000181_061.png,Effusion,0.0,0.00196075
00000181_061.png,Effusion,0.0,0.00195885
00000181_061.png,Infiltration,0.0,0.00192928
00000181_061.png,Cardiomegaly,0.1654889714954085,0.00187778
00000181_061.png,Infiltration,0.0,0.00181293
00000181_061.png,Infiltration,0.0,0.00173569
00000181_061.png,Effusion,0.0,0.00173473
00000181_061.png,Infiltration,0.0,0.00169754
00000181_061.png,Mass,0.0,0.00164127
00000181_061.png,Effusion,0.0,0.00160789
00000181_061.png,Mass,0.0,0.00160408
00000181_061.png,Infiltration,0.0,0.00159073
00000181_061.png,Effusion,0.0,0.00158215
00000181_061.png,Mass,0.0,0.00155449
00000181_061.png,Effusion,0.0,0.00155354
00000181_061.png,Cardiomegaly,0.0,0.00154591
00000181_061.png,Mass,0.0,0.00154209
00000181_061.png,Cardiomegaly,0.1204396226446936,0.00153542
00000181_061.png,Infiltration,0.1081490166595021,0.00151253
00000181_061.png,Cardiomegaly,0.0,0.00150394
00000181_061.png,Cardiomegaly,0.0,0.00148487
00000181_061.png,Cardiomegaly,0.0,0.00147057
00000181_061.png,Mass,0.0,0.00143528
00000181_061.png,Infiltration,0.0,0.00143337
00000181_061.png,Cardiomegaly,0.0,0.00142765
00000181_061.png,Mass,0.15162726886117175,0.00140858
00000181_061.png,Infiltration,0.0,0.00140762
00000181_061.png,Infiltration,0.0,0.00140476
00000181_061.png,Infiltration,0.0,0.0013895
00000181_061.png,Infiltration,0.0,0.00137615
00000181_061.png,Mass,0.0,0.00136662
00000181_061.png,Effusion,0.0,0.0012989
00000181_061.png,Cardiomegaly,0.2525882669549936,0.001297
00000181_061.png,Effusion,0.0,0.00129032
00000181_061.png,Mass,0.16840394129239242,0.00128937
00000181_061.png,Cardiomegaly,0.07400220436813529,0.0012722
00000181_061.png,Mass,0.0,0.00126934
00000181_061.png,Effusion,0.0,0.00121021
00000181_061.png,Effusion,0.0,0.00119686
00000181_061.png,Atelectasis,0.43132257657317763,0.001194
00000181_061.png,Infiltration,0.0076954409630873325,0.00119114
00000181_061.png,Effusion,0.0,0.00118828
00000181_061.png,Effusion,0.0,0.00118732
00000181_061.png,Effusion,0.0,0.00118065
00000181_061.png,Cardiomegaly,0.25742402813767457,0.00116444
00000181_061.png,Mass,0.0,0.00116348
00000181_061.png,Mass,0.0,0.00114155
00000181_061.png,Effusion,0.0,0.00113964
00000181_061.png,Cardiomegaly,0.4980029832197762,0.00113678
00000181_061.png,Cardiomegaly,0.0,0.00113106
00000181_061.png,Infiltration,0.0,0.00112629
00000181_061.png,Infiltration,0.0,0.00110912
00000181_061.png,Effusion,0.0,0.00110817
00000181_061.png,Mass,0.0,0.00110626
00000181_061.png,Infiltration,0.15945390015402067,0.00108433
00000181_061.png,Effusion,0.0,0.00100994
00000181_061.png,Effusion,0.0,0.00100327
00000181_061.png,Effusion,0.0,0.00100231
00011355_011.png,Effusion,0.0019510301220187528,0.0563354
00011355_011.png,Mass,0.0,0.0166321
00011355_011.png,Cardiomegaly,0.0,0.0163879
00011355_011.png,Mass,0.0,0.0155945
00011355_011.png,Cardiomegaly,0.0,0.0148773
00011355_011.png,Infiltration,0.0,0.0146637
00011355_011.png,Mass,0.0,0.0132599
00011355_011.png,Cardiomegaly,0.0,0.00878906
00011355_011.png,Effusion,0.08376531296356754,0.00809479
00011355_011.png,Cardiomegaly,0.0,0.00656128
00011355_011.png,Mass,0.0,0.00559616
00011355_011.png,Cardiomegaly,0.3972105354269644,0.00524902
00011355_011.png,Mass,0.0,0.00496292
00011355_011.png,Mass,0.0,0.00494385
00011355_011.png,Infiltration,0.0,0.00489426
00011355_011.png,Effusion,0.0,0.00481033
00011355_011.png,Infiltration,0.0,0.00469971
00011355_011.png,Atelectasis,0.10330288459645899,0.00447845
00011355_011.png,Cardiomegaly,0.0,0.00440979
00011355_011.png,Infiltration,0.0,0.00439835
00011355_011.png,Cardiomegaly,0.0,0.00437927
00011355_011.png,Effusion,0.0,0.00417709
00011355_011.png,Effusion,0.0,0.00388336
00011355_011.png,Cardiomegaly,0.5572155270815088,0.00363731
00011355_011.png,Mass,0.0,0.0034256
00011355_011.png,Cardiomegaly,0.0,0.00336647
00011355_011.png,Infiltration,0.0,0.00318718
00011355_011.png,Infiltration,0.001135541771020551,0.00304794
00011355_011.png,Effusion,0.019632973637107438,0.00300407
00011355_011.png,Infiltration,0.0,0.00300026
00011355_011.png,Infiltration,0.0,0.00293159
00011355_011.png,Effusion,0.0,0.00284386
00011355_011.png,Atelectasis,0.0,0.00264168
00011355_011.png,Infiltration,0.0,0.00256729
00011355_011.png,Cardiomegaly,0.0,0.00254631
00011355_011.png,Infiltration,0.06883040233159504,0.00242996
00011355_011.png,Effusion,0.06834924765953684,0.00239563
00011355_011.png,Cardiomegaly,0.0,0.00234413
00011355_011.png,Infiltration,0.0,0.00226402
00011355_011.png,Infiltration,0.0,0.00222397
00011355_011.png,Infiltration,0.0,0.00221825
00011355_011.png,Infiltration,0.03613856108983531,0.00218964
00011355_011.png,Infiltration,0.0,0.00216103
00011355_011.png,Infiltration,0.06447150072717073,0.00213623
00011355_011.png,Mass,0.0,0.00210571
00011355_011.png,Infiltration,0.0,0.00204468
00011355_011.png,Effusion,0.006670394206848796,0.00203133
00011355_011.png,Effusion,0.00852688524911091,0.00203133
00011355_011.png,Infiltration,0.0,0.00199509
00011355_011.png,Cardiomegaly,0.0,0.00198555
00011355_011.png,Infiltration,0.0,0.00195885
00011355_011.png,Cardiomegaly,0.0,0.00195885
00011355_011.png,Infiltration,0.0,0.00190735
00011355_011.png,Effusion,0.0,0.00190639
00011355_011.png,Effusion,0.0,0.00187874
00011355_011.png,Effusion,0.013411446850499156,0.00185013
00011355_011.png,Effusion,0.0,0.00180721
00011355_011.png,Cardiomegaly,0.0,0.00179386
00011355_011.png,Effusion,0.0,0.00179291
00011355_011.png,Effusion,0.0,0.0017786
00011355_011.png,Effusion,0.0,0.00177288
00011355_011.png,Cardiomegaly,0.0,0.00175762
00011355_011.png,Effusion,0.0,0.00174904
00011355_011.png,Cardiomegaly,0.0,0.00166607
00011355_011.png,Mass,0.0,0.00156498
00011355_011.png,Effusion,0.0,0.00156212
00011355_011.png,Cardiomegaly,0.0,0.00153065
00011355_011.png,Infiltration,0.07534429549825598,0.00152969
00011355_011.png,Effusion,0.0,0.00150871
00011355_011.png,Infiltration,0.0,0.00150204
00011355_011.png,Effusion,0.0,0.00148201
00011355_011.png,Effusion,0.0,0.00145817
00011355_011.png,Cardiomegaly,0.0,0.00144291
00011355_011.png,Mass,0.4789814946324287,0.00142193
00011355_011.png,Infiltration,0.0807763241023341,0.00141525
00011355_011.png,Effusion,0.0,0.00141239
00011355_011.png,Effusion,0.023341317509525786,0.00140858
00011355_011.png,Cardiomegaly,0.0,0.00136089
00011355_011.png,Infiltration,0.0,0.00134373
00011355_011.png,Effusion,0.0,0.00129318
00011355_011.png,Mass,0.0,0.00129032
00011355_011.png,Cardiomegaly,0.0,0.00127602
00011355_011.png,Infiltration,0.0,0.00127506
00011355_011.png,Cardiomegaly,0.0,0.0012598
00011355_011.png,Effusion,0.19807325383477004,0.00125217
00011355_011.png,Effusion,0.02075942639930261,0.0012455
00011355_011.png,Infiltration,0.0,0.0012331
00011355_011.png,Infiltration,0.0,0.00122738
00011355_011.png,Effusion,0.0,0.00122166
00011355_011.png,Effusion,0.0,0.0012207
00011355_011.png,Effusion,0.0,0.00121021
00011355_011.png,Infiltration,0.019933223180832883,0.00118256
00011355_011.png,Infiltration,0.0,0.00116253
00011355_011.png,Cardiomegaly,0.0,0.00115871
00011355_011.png,Effusion,0.0,0.00115204
00011355_011.png,Effusion,0.03559087537711501,0.00115204
00011355_011.png,Infiltration,0.0,0.00113773
00011355_011.png,Infiltration,0.08521459858459707,0.00113487
00011355_011.png,Cardiomegaly,0.4337731615103199,0.00113106
00011355_011.png,Effusion,0.06780535789348432,0.00111866
00011355_011.png,Effusion,0.01285935810431661,0.00109291
00011355_011.png,Infiltration,0.0,0.001091
00011355_011.png,Effusion,0.023378406133229956,0.00109005
00011355_011.png,Effusion,0.06892780690281992,0.00108051
00011355_011.png,Cardiomegaly,0.2987906876200255,0.00106907
00011355_011.png,Effusion,0.044979200298836286,0.00105953
00011355_011.png,Infiltration,0.0,0.00105762
00011355_011.png,Effusion,0.0,0.00104427
00011355_011.png,Effusion,0.0,0.00104332
00011355_011.png,Effusion,0.0,0.00103188
00025662_006.png,Mass,0.0,0.254639
00025662_006.png,Mass,0.0,0.0836182
00025662_006.png,Effusion,0.7526747313913305,0.0693359
00025662_006.png,Atelectasis,0.0,0.0404968
00025662_006.png,Effusion,0.0,0.0377808
00025662_006.png,Infiltration,0.0,0.0326233
00025662_006.png,Effusion,0.0,0.0278931
00025662_006.png,Effusion,0.0,0.0158539
00025662_006.png,Effusion,0.0,0.0126801
00025662_006.png,Mass,0.0,0.0119553
00025662_006.png,Effusion,0.0,0.0118027
00025662_006.png,Mass,0.0,0.0110397
00025662_006.png,Mass,0.0,0.0105286
00025662_006.png,Effusion,0.0,0.0101776
00025662_006.png,Cardiomegaly,0.0,0.00947571
00025662_006.png,Infiltration,0.0,0.0083847
00025662_006.png,Effusion,0.0,0.00777054
00025662_006.png,Effusion,0.6360839575251757,0.00765991
00025662_006.png,Cardiomegaly,0.0,0.00761414
00025662_006.png,Effusion,0.0,0.00738144
00025662_006.png,Mass,0.0,0.00692749
00025662_006.png,Mass,0.0,0.00667953
00025662_006.png,Effusion,0.0,0.0066185
00025662_006.png,Mass,0.0,0.00584793
00025662_006.png,Cardiomegaly,0.0,0.00579071
00025662_006.png,Effusion,0.0,0.0054245
00025662_006.png,Effusion,0.0,0.00481033
00025662_006.png,Effusion,0.0,0.00428772
00025662_006.png,Effusion,0.0,0.00419998
00025662_006.png,Mass,0.0,0.00416565
00025662_006.png,Cardiomegaly,0.0,0.0041008
00025662_006.png,Effusion,0.0,0.00409698
00025662_006.png,Cardiomegaly,0.02498406611687052,0.00405121
00025662_006.png,Cardiomegaly,0.0,0.00398636
00025662_006.png,Effusion,0.0,0.00393295
00025662_006.png,Cardiomegaly,0.0,0.00389099
00025662_006.png,Cardiomegaly,0.0,0.00347328
00025662_006.png,Cardiomegaly,0.0,0.00339127
00025662_006.png,Effusion,0.0,0.00337219
00025662_006.png,Mass,0.0,0.00324631
00025662_006.png,Mass,0.0,0.00314903
00025662_006.png,Mass,0.0,0.00314522
00025662_006.png,Cardiomegaly,0.0,0.00306129
00025662_006.png,Infiltration,0.0,0.00296593
00025662_006.png,Infiltration,0.0,0.00293159
00025662_006.png,Effusion,0.0,0.00280571
00025662_006.png,Effusion,0.0,0.00275612
00025662_006.png,Effusion,0.0,0.00274658
00025662_006.png,Effusion,0.0,0.00273705
00025662_006.png,Cardiomegaly,0.0,0.0027256
00025662_006.png,Mass,0.0,0.00269318
00025662_006.png,Effusion,0.0,0.00266457
00025662_006.png,Effusion,0.0,0.00265121
00025662_006.png,Effusion,0.0,0.00263405
00025662_006.png,Infiltration,0.0,0.00260353
00025662_006.png,Cardiomegaly,0.0,0.00258827
00025662_006.png,Effusion,0.0,0.00257874
00025662_006.png,Mass,0.0,0.0025444
00025662_006.png,Cardiomegaly,0.0,0.00243568
00025662_006.png,Effusion,0.0,0.00239563
00025662_006.png,Effusion,0.0,0.00233269
00025662_006.png,Infiltration,0.0,0.00233269
00025662_006.png,Effusion,0.0,0.00230408
00025662_006.png,Effusion,0.0,0.00227737
00025662_006.png,Cardiomegaly,0.0,0.0022583
00025662_006.png,Effusion,0.0,0.00225067
00025662_006.png,Effusion,0.0,0.00221443
00025662_006.png,Effusion,0.0,0.00221062
00025662_006.png,Effusion,0.0,0.00220871
00025662_006.png,Effusion,0.0,0.0022068
00025662_006.png,Mass,0.0,0.00213051
00025662_006.png,Infiltration,0.0,0.00209618
00025662_006.png,Effusion,0.0,0.0019989
00025662_006.png,Infiltration,0.0,0.00193119
00025662_006.png,Mass,0.0,0.00192547
00025662_006.png,Effusion,0.0,0.00191498
00025662_006.png,Effusion,0.0,0.00190926
00025662_006.png,Effusion,0.3758790517396815,0.00183487
00025662_006.png,Effusion,0.0,0.00181293
00025662_006.png,Effusion,0.0,0.00178337
00025662_006.png,Effusion,0.0,0.00177002
00025662_006.png,Infiltration,0.0,0.00176144
00025662_006.png,Cardiomegaly,0.0,0.00173855
00025662_006.png,Effusion,0.0,0.00171661
00025662_006.png,Mass,0.0,0.00171185
00025662_006.png,Effusion,0.0,0.00169086
00025662_006.png,Effusion,0.0,0.00165176
00025662_006.png,Cardiomegaly,0.0,0.00164986
00025662_006.png,Effusion,0.0,0.00162601
00025662_006.png,Cardiomegaly,0.0,0.00162506
00025662_006.png,Effusion,0.0,0.00161457
00025662_006.png,Effusion,0.0,0.0015831
00025662_006.png,Cardiomegaly,0.02666889177679585,0.00152588
00025662_006.png,Mass,0.0,0.00152397
00025662_006.png,Cardiomegaly,0.0,0.00151157
00025662_006.png,Mass,0.0,0.00148392
00025662_006.png,Effusion,0.0,0.00147629
00025662_006.png,Effusion,0.0,0.00146294
00025662_006.png,Effusion,0.0,0.0014267
00025662_006.png,Mass,0.0,0.0013876
00025662_006.png,Infiltration,0.0,0.00138664
00025662_006.png,Mass,0.0,0.0013752
00025662_006.png,Effusion,0.0,0.00136662
00025662_006.png,Effusion,0.0,0.00136375
00025662_006.png,Effusion,0.0,0.00132942
00025662_006.png,Cardiomegaly,0.0,0.00132275
00025662_006.png,Infiltration,0.3758790517396815,0.00131989
00025662_006.png,Effusion,0.0,0.0012989
00025662_006.png,Effusion,0.0,0.00129604
00025662_006.png,Infiltration,0.0,0.00127506
00025662_006.png,Infiltration,0.03139051302660492,0.00127506
00025662_006.png,Cardiomegaly,0.0,0.00126648
00025662_006.png,Effusion,0.0,0.0012598
00025662_006.png,Atelectasis,0.008225947663443978,0.0012579
00025662_006.png,Effusion,0.0,0.00122261
00025662_006.png,Effusion,0.0,0.00121403
00025662_006.png,Effusion,0.0,0.00121307
00025662_006.png,Effusion,0.0,0.00121021
00025662_006.png,Effusion,0.0,0.00120926
00025662_006.png,Effusion,0.16805771871792788,0.00120354
00025662_006.png,Effusion,0.0,0.00120068
00025662_006.png,Effusion,0.0,0.00119591
00025662_006.png,Effusion,0.0,0.00119495
00025662_006.png,Effusion,0.0,0.0011692
00025662_006.png,Effusion,0.0,0.00116253
00025662_006.png,Infiltration,0.0,0.0011549
00025662_006.png,Effusion,0.0,0.00115013
00025662_006.png,Mass,0.0,0.00114346
00025662_006.png,Infiltration,0.0,0.00113106
00025662_006.png,Effusion,0.0,0.00109863
00025662_006.png,Cardiomegaly,0.0,0.00109863
00025662_006.png,Effusion,0.0,0.00109386
00025662_006.png,Cardiomegaly,0.029129743405608984,0.00109291
00025662_006.png,Effusion,0.0,0.00106525
00025662_006.png,Effusion,0.0,0.00106049
00025662_006.png,Mass,0.0,0.00105953
00025662_006.png,Effusion,0.0,0.00104141
00025662_006.png,Effusion,0.0,0.00103092
00025662_006.png,Cardiomegaly,0.0,0.00102901
00025662_006.png,Effusion,0.0,0.00102329
00025662_006.png,Effusion,0.0,0.0010128
00025662_006.png,Mass,0.0,0.00101185
00018496_006.png,Atelectasis,0.36065267849929417,0.124146
00018496_006.png,Effusion,0.0,0.0508423
00018496_006.png,Infiltration,0.2892605768803371,0.0396118
00018496_006.png,Infiltration,0.0946929019518389,0.03479
00018496_006.png,Infiltration,0.07242909519843738,0.0339661
00018496_006.png,Effusion,0.0,0.03125
00018496_006.png,Effusion,0.0,0.026123
00018496_006.png,Mass,0.0,0.0236664
00018496_006.png,Mass,0.0,0.020401
00018496_006.png,Mass,0.0,0.0199738
00018496_006.png,Cardiomegaly,0.07238238890435289,0.0164948
00018496_006.png,Effusion,0.0,0.0155945
00018496_006.png,Effusion,0.04224595824446983,0.0145416
00018496_006.png,Infiltration,0.1119170923405843,0.012207
00018496_006.png,Infiltration,0.0,0.0119476
00018496_006.png,Effusion,0.0,0.0103989
00018496_006.png,Effusion,0.0,0.0103912
00018496_006.png,Effusion,0.0,0.0102005
00018496_006.png,Cardiomegaly,0.044088328809987164,0.0100632
00018496_006.png,Cardiomegaly,0.10166820810914985,0.00899506
00018496_006.png,Cardiomegaly,0.15874732365927166,0.00870514
00018496_006.png,Mass,0.16171965255409085,0.0085144
00018496_006.png,Infiltration,0.07982143781417331,0.00791931
00018496_006.png,Infiltration,0.31579222992620515,0.00754166
00018496_006.png,Effusion,0.0,0.00746155
00018496_006.png,Effusion,0.006347452417162217,0.00741959
00018496_006.png,Effusion,0.0,0.00731659
00018496_006.png,Cardiomegaly,0.10956450418720359,0.007267
00018496_006.png,Infiltration,0.0,0.0071373
00018496_006.png,Cardiomegaly,0.1475372649511115,0.00698853
00018496_006.png,Effusion,0.025460997780857048,0.00664902
00018496_006.png,Mass,0.2491930427212155,0.00638199
00018496_006.png,Mass,0.0,0.00612259
00018496_006.png,Effusion,0.0,0.00591278
00018496_006.png,Cardiomegaly,0.11505123573309245,0.00585938
00018496_006.png,Cardiomegaly,0.0,0.00585175
00018496_006.png,Cardiomegaly,0.09806618471545776,0.00579834
00018496_006.png,Effusion,0.0,0.00563812
00018496_006.png,Infiltration,0.0,0.00543213
00018496_006.png,Effusion,0.0,0.0054245
00018496_006.png,Infiltration,0.14275207346809057,0.0050354
00018496_006.png,Infiltration,0.04939529864566543,0.00498581
00018496_006.png,Effusion,0.0,0.004879
00018496_006.png,Effusion,0.0,0.00487137
00018496_006.png,Mass,0.0,0.00476074
00018496_006.png,Effusion,0.0,0.00475311
00018496_006.png,Cardiomegaly,0.054608470053778946,0.00434494
00018496_006.png,Effusion,0.0,0.00429153
00018496_006.png,Mass,0.10166820810914985,0.00429153
00018496_006.png,Effusion,0.0,0.00419617
00018496_006.png,Mass,0.28259146633887405,0.00410843
00018496_006.png,Infiltration,0.0,0.00410461
00018496_006.png,Infiltration,0.0,0.00391006
00018496_006.png,Infiltration,0.0,0.00389481
00018496_006.png,Effusion,0.0,0.0038166
00018496_006.png,Infiltration,0.28897487510447567,0.00371933
00018496_006.png,Effusion,0.0,0.00353622
00018496_006.png,Cardiomegaly,0.12284395013300684,0.00349998
00018496_006.png,Infiltration,0.044088328809987164,0.00346947
00018496_006.png,Cardiomegaly,0.10489220155648973,0.0033474
00018496_006.png,Cardiomegaly,0.08784692926425938,0.00319481
00018496_006.png,Atelectasis,0.3625493170293929,0.00317574
00018496_006.png,Cardiomegaly,0.10722887042870231,0.0031414
00018496_006.png,Infiltration,0.11637798679867965,0.00312042
00018496_006.png,Atelectasis,0.2861584431823613,0.00307846
00018496_006.png,Mass,0.031719058428277346,0.00304031
00018496_006.png,Effusion,0.0,0.00295258
00018496_006.png,Cardiomegaly,0.09429611202712997,0.00294304
00018496_006.png,Cardiomegaly,0.09144554030959452,0.00286484
00018496_006.png,Infiltration,0.0,0.00271034
00018496_006.png,Effusion,0.03032949209029105,0.00269508
00018496_006.png,Infiltration,0.0,0.0026741
00018496_006.png,Effusion,0.0,0.0026722
00018496_006.png,Mass,0.0,0.00263596
00018496_006.png,Infiltration,0.0,0.0025959
00018496_006.png,Effusion,0.0,0.00250244
00018496_006.png,Effusion,0.0,0.00248528
00018496_006.png,Effusion,0.009128417907375085,0.00245094
00018496_006.png,Infiltration,0.2861584431823613,0.0024395
00018496_006.png,Effusion,0.0,0.0024147
00018496_006.png,Mass,0.0,0.00238609
00018496_006.png,Cardiomegaly,0.15538611735415506,0.00231743
00018496_006.png,Effusion,0.0,0.00217819
00018496_006.png,Mass,0.0,0.00216293
00018496_006.png,Infiltration,0.054608470053778946,0.0021286
00018496_006.png,Effusion,0.0,0.00210381
00018496_006.png,Infiltration,0.0,0.0020504
00018496_006.png,Infiltration,0.0,0.00204277
00018496_006.png,Effusion,0.0,0.00199318
00018496_006.png,Cardiomegaly,0.08594043071019607,0.00196838
00018496_006.png,Mass,0.0,0.00186443
00018496_006.png,Infiltration,0.2573975977442474,0.0018568
00018496_006.png,Infiltration,0.06357887700555746,0.00182533
00018496_006.png,Mass,0.10736117849293624,0.0018158
00018496_006.png,Cardiomegaly,0.05558799071155399,0.00181293
00018496_006.png,Mass,0.0,0.00180435
00018496_006.png,Cardiomegaly,0.053000652863722526,0.00176907
00018496_006.png,Cardiomegaly,0.21686208784329936,0.00174236
00018496_006.png,Effusion,0.0,0.00172043
00018496_006.png,Infiltration,0.061459379361351645,0.00171471
00018496_006.png,Mass,0.05946942149958408,0.00168324
00018496_006.png,Mass,0.09377219304535767,0.00165558
00018496_006.png,Effusion,0.0,0.00163651
00018496_006.png,Infiltration,0.0,0.00161839
00018496_006.png,Effusion,0.0,0.00158882
00018496_006.png,Infiltration,0.0,0.00157452
00018496_006.png,Infiltration,0.055451197170053666,0.00156021
00018496_006.png,Cardiomegaly,0.08350794565495442,0.00153923
00018496_006.png,Infiltration,0.0,0.00149536
00018496_006.png,Effusion,0.01611710630387662,0.0014801
00018496_006.png,Effusion,0.04327455070451374,0.00147343
00018496_006.png,Cardiomegaly,0.12251233416883331,0.00144386
00018496_006.png,Infiltration,0.0,0.00143242
00018496_006.png,Cardiomegaly,0.16230101099966882,0.0014286
00018496_006.png,Effusion,0.0,0.00141239
00018496_006.png,Effusion,0.0,0.00139713
00018496_006.png,Effusion,0.0,0.0013895
00018496_006.png,Mass,0.2363544006093488,0.00137901
00018496_006.png,Infiltration,0.2068429386354292,0.00137138
00018496_006.png,Mass,0.06966133965336536,0.00136375
00018496_006.png,Effusion,0.0,0.00135326
00018496_006.png,Cardiomegaly,0.21678763640235277,0.00134945
00018496_006.png,Mass,0.0,0.00132561
00018496_006.png,Cardiomegaly,0.1707755737008437,0.00132465
00018496_006.png,Infiltration,0.0,0.00132179
00018496_006.png,Infiltration,0.0,0.00130939
00018496_006.png,Infiltration,0.017600803373098207,0.00127792
00018496_006.png,Cardiomegaly,0.21799086264101689,0.00126457
00018496_006.png,Infiltration,0.08210879873677106,0.0012579
00018496_006.png,Infiltration,0.0,0.00125694
00018496_006.png,Effusion,0.005128167391018938,0.00123501
00018496_006.png,Effusion,0.0,0.0012331
00018496_006.png,Effusion,0.0151922321774341,0.00120258
00018496_006.png,Cardiomegaly,0.06624273045678004,0.00120258
00018496_006.png,Effusion,0.0,0.00119114
00018496_006.png,Effusion,0.0,0.00117874
00018496_006.png,Cardiomegaly,0.0891360851393726,0.00114155
00018496_006.png,Effusion,0.0,0.00114059
00018496_006.png,Effusion,0.0,0.0011301
00018496_006.png,Mass,0.0665344550547274,0.00112915
00018496_006.png,Infiltration,0.0,0.00110626
00018496_006.png,Mass,0.14876653711391183,0.00110245
00018496_006.png,Mass,0.0,0.00109959
00018496_006.png,Infiltration,0.06970900684453203,0.00109386
00018496_006.png,Effusion,0.0,0.00107193
00018496_006.png,Effusion,0.0,0.00106239
00018496_006.png,Effusion,0.0,0.00106049
00018496_006.png,Effusion,0.0,0.00105095
00018496_006.png,Infiltration,0.12705402836773502,0.00105095
00018496_006.png,Effusion,0.0,0.00104141
00018496_006.png,Infiltration,0.0,0.00103951
00018496_006.png,Mass,0.06624273045678004,0.00103951
00018496_006.png,Effusion,0.036650489847672066,0.0010376
00018496_006.png,Effusion,0.0,0.00101471
00018496_006.png,Infiltration,0.0,0.00101376
00018496_006.png,Effusion,0.0,0.00100899
00018496_006.png,Effusion,0.0,0.00100613
00018496_006.png,Effusion,0.0,0.00100231
00019767_016.png,Effusion,0.0,0.120056
00019767_016.png,Atelectasis,0.043738463217243215,0.106506
00019767_016.png,Effusion,0.0,0.0878296
00019767_016.png,Effusion,0.0,0.0531616
00019767_016.png,Mass,0.0,0.0400696
00019767_016.png,Effusion,0.0,0.0276489
00019767_016.png,Effusion,0.0,0.0203705
00019767_016.png,Infiltration,0.0,0.0127792
00019767_016.png,Effusion,0.0,0.0125427
00019767_016.png,Infiltration,0.0,0.0115433
00019767_016.png,Mass,0.0,0.00934601
00019767_016.png,Cardiomegaly,0.08290317294460245,0.0091095
00019767_016.png,Infiltration,0.0,0.00849152
00019767_016.png,Effusion,0.0,0.00830841
00019767_016.png,Infiltration,0.0,0.00794983
00019767_016.png,Infiltration,0.0,0.00782013
00019767_016.png,Effusion,0.0,0.00674438
00019767_016.png,Effusion,0.0,0.00666809
00019767_016.png,Effusion,0.0,0.00664139
00019767_016.png,Infiltration,0.0,0.00585938
00019767_016.png,Infiltration,0.148556357197318,0.00575256
00019767_016.png,Effusion,0.0,0.00563431
00019767_016.png,Cardiomegaly,0.07477572413244969,0.00536346
00019767_016.png,Cardiomegaly,0.06104466232649115,0.00510025
00019767_016.png,Mass,0.0,0.00505829
00019767_016.png,Effusion,0.0,0.00494385
00019767_016.png,Effusion,0.0,0.00474548
00019767_016.png,Effusion,0.0,0.00473022
00019767_016.png,Infiltration,0.0,0.00468063
00019767_016.png,Cardiomegaly,0.07384912342119783,0.0042572
00019767_016.png,Mass,0.0,0.00405884
00019767_016.png,Effusion,0.0,0.00388908
00019767_016.png,Cardiomegaly,0.06531766344430172,0.00364113
00019767_016.png,Infiltration,0.0,0.0034008
00019767_016.png,Infiltration,0.0,0.0033474
00019767_016.png,Mass,0.0,0.00325203
00019767_016.png,Cardiomegaly,0.0,0.00322723
00019767_016.png,Cardiomegaly,0.11859622064050904,0.00321388
00019767_016.png,Effusion,0.0,0.00293159
00019767_016.png,Infiltration,0.0,0.00288963
00019767_016.png,Cardiomegaly,0.0,0.00282097
00019767_016.png,Cardiomegaly,0.12847230294168294,0.00281525
00019767_016.png,Infiltration,0.0,0.00254059
00019767_016.png,Cardiomegaly,0.27451235881159236,0.00252914
00019767_016.png,Effusion,0.0,0.0024662
00019767_016.png,Effusion,0.0,0.00244904
00019767_016.png,Effusion,0.16740473957988303,0.00243187
00019767_016.png,Mass,0.0,0.00241852
00019767_016.png,Mass,0.0006929206256544644,0.00240326
00019767_016.png,Mass,0.14501515349802266,0.00238609
00019767_016.png,Infiltration,0.0,0.00235558
00019767_016.png,Cardiomegaly,0.17069675523570527,0.00232697
00019767_016.png,Effusion,0.0,0.00232124
00019767_016.png,Infiltration,0.0,0.00232124
00019767_016.png,Infiltration,0.0,0.00231743
00019767_016.png,Effusion,0.0,0.00229073
00019767_016.png,Effusion,0.0,0.00228882
00019767_016.png,Mass,0.10102575579963394,0.00212669
00019767_016.png,Infiltration,0.0,0.0020256
00019767_016.png,Cardiomegaly,0.06669700384771345,0.00202179
00019767_016.png,Cardiomegaly,0.106131560159537,0.00200462
00019767_016.png,Effusion,0.0,0.00199127
00019767_016.png,Effusion,0.0,0.00191784
00019767_016.png,Mass,0.0,0.0019083
00019767_016.png,Effusion,0.0,0.00190449
00019767_016.png,Effusion,0.0,0.00188637
00019767_016.png,Mass,0.024095932759675618,0.00186539
00019767_016.png,Cardiomegaly,0.0,0.00181293
00019767_016.png,Cardiomegaly,0.0,0.0018034
00019767_016.png,Effusion,0.0,0.00180149
00019767_016.png,Infiltration,0.16490980209294823,0.00177288
00019767_016.png,Effusion,0.0,0.00174618
00019767_016.png,Effusion,0.0,0.00169849
00019767_016.png,Effusion,0.0,0.00167656
00019767_016.png,Effusion,0.0,0.00165367
00019767_016.png,Effusion,0.0425977668412475,0.00154972
00019767_016.png,Mass,0.0,0.00154305
00019767_016.png,Cardiomegaly,0.0,0.00151253
00019767_016.png,Infiltration,0.2082793107797885,0.00150299
00019767_016.png,Infiltration,0.03707081487870819,0.00150108
00019767_016.png,Effusion,0.039094767406762085,0.00149345
00019767_016.png,Cardiomegaly,0.19166476716792633,0.00149345
00019767_016.png,Infiltration,0.0,0.00148773
00019767_016.png,Infiltration,0.0,0.00148678
00019767_016.png,Cardiomegaly,0.0,0.00144386
00019767_016.png,Infiltration,0.0,0.00138283
00019767_016.png,Infiltration,0.0,0.00138092
00019767_016.png,Infiltration,0.0,0.00137806
00019767_016.png,Infiltration,0.09706733543997219,0.00137234
00019767_016.png,Mass,0.0,0.00134754
00019767_016.png,Effusion,0.0,0.00133324
00019767_016.png,Effusion,0.0,0.00133228
00019767_016.png,Cardiomegaly,0.16921104397716796,0.00132179
00019767_016.png,Infiltration,0.0,0.00128555
00019767_016.png,Effusion,0.0,0.00127602
00019767_016.png,Effusion,0.0,0.00126839
00019767_016.png,Cardiomegaly,0.0,0.00125217
00019767_016.png,Infiltration,0.0,0.00125122
00019767_016.png,Effusion,0.0,0.00125122
00019767_016.png,Mass,0.0678314054886756,0.00124264
00019767_016.png,Effusion,0.0,0.00123692
00019767_016.png,Mass,0.0,0.00123596
00019767_016.png,Effusion,0.0,0.0012331
00019767_016.png,Infiltration,0.0,0.00121117
00019767_016.png,Effusion,0.0,0.001194
00019767_016.png,Infiltration,0.0,0.00115204
00019767_016.png,Mass,0.04516411640395062,0.00112343
00019767_016.png,Cardiomegaly,0.16292907298877365,0.00109673
00019767_016.png,Infiltration,0.0,0.00109577
00019767_016.png,Effusion,0.0,0.00109386
00019767_016.png,Effusion,0.0,0.00107002
00019767_016.png,Cardiomegaly,0.13015972092864178,0.00106716
00019767_016.png,Effusion,0.0,0.00104713
00019767_016.png,Effusion,0.0,0.00104332
00019767_016.png,Effusion,0.0,0.00104237
00019767_016.png,Effusion,0.0,0.00102806
00019767_016.png,Effusion,0.0,0.00100899
00019767_016.png,Effusion,0.0,0.00100613
00019767_016.png,Infiltration,0.0,0.00100613
00007037_000.png,Atelectasis,0.6816699523775239,0.53418
00007037_000.png,Mass,0.035400637958020266,0.317139
00007037_000.png,Mass,0.04945147796305747,0.0786133
00007037_000.png,Mass,0.0439739712407931,0.0604248
00007037_000.png,Mass,0.026107852578541202,0.0481567
00007037_000.png,Effusion,0.0,0.0386047
00007037_000.png,Mass,0.03805569565056906,0.034729
00007037_000.png,Infiltration,0.01874616570009524,0.0219727
00007037_000.png,Atelectasis,0.5840281641462989,0.020401
00007037_000.png,Effusion,0.0,0.0160217
00007037_000.png,Infiltration,0.0,0.0154495
00007037_000.png,Mass,0.08509770164354175,0.0140228
00007037_000.png,Cardiomegaly,0.0,0.0129089
00007037_000.png,Mass,0.0,0.0105438
00007037_000.png,Mass,0.07225973902363096,0.0101471
00007037_000.png,Effusion,0.00912859345110942,0.00954437
00007037_000.png,Effusion,0.0,0.00889587
00007037_000.png,Effusion,0.0,0.00753021
00007037_000.png,Cardiomegaly,0.0,0.00748444
00007037_000.png,Mass,0.0,0.00708389
00007037_000.png,Effusion,0.0,0.00705719
00007037_000.png,Infiltration,0.0,0.00704956
00007037_000.png,Mass,0.0,0.00645447
00007037_000.png,Infiltration,0.0,0.00613022
00007037_000.png,Cardiomegaly,0.0,0.0057106
00007037_000.png,Cardiomegaly,0.0,0.00545502
00007037_000.png,Effusion,0.0,0.00524902
00007037_000.png,Effusion,0.004812074146630252,0.00517654
00007037_000.png,Effusion,0.0,0.00509644
00007037_000.png,Infiltration,0.0,0.00506973
00007037_000.png,Infiltration,8.240116998469444e-05,0.00486755
00007037_000.png,Effusion,0.0,0.00479126
00007037_000.png,Infiltration,0.011278069339853718,0.00476837
00007037_000.png,Mass,0.03895471524323703,0.00471497
00007037_000.png,Cardiomegaly,0.0,0.00455093
00007037_000.png,Mass,0.0,0.00453186
00007037_000.png,Infiltration,0.0,0.00449371
00007037_000.png,Infiltration,0.03566707864424629,0.00433731
00007037_000.png,Effusion,0.0,0.00432587
00007037_000.png,Cardiomegaly,0.0,0.00416565
00007037_000.png,Atelectasis,0.1336445369706049,0.00407028
00007037_000.png,Infiltration,0.052522687199465054,0.0038681
00007037_000.png,Cardiomegaly,0.028733648381481673,0.00364304
00007037_000.png,Infiltration,0.0,0.00361824
00007037_000.png,Infiltration,0.03910108851885685,0.00360107
00007037_000.png,Cardiomegaly,0.0,0.00358963
00007037_000.png,Mass,0.08129505590754976,0.00358963
00007037_000.png,Infiltration,0.0,0.0034008
00007037_000.png,Mass,0.0,0.0033989
00007037_000.png,Cardiomegaly,0.0,0.00326729
00007037_000.png,Effusion,0.0,0.00325775
00007037_000.png,Mass,0.0,0.00325012
00007037_000.png,Cardiomegaly,0.0,0.00322914
00007037_000.png,Mass,0.0,0.00322533
00007037_000.png,Effusion,0.03916581702625098,0.00317574
00007037_000.png,Mass,0.0,0.00314713
00007037_000.png,Effusion,0.0,0.00313377
00007037_000.png,Mass,0.0,0.00310898
00007037_000.png,Cardiomegaly,0.0,0.0030117
00007037_000.png,Infiltration,0.03242896533876115,0.00300407
00007037_000.png,Effusion,0.004260934279335461,0.00299072
00007037_000.png,Cardiomegaly,0.0,0.00297165
00007037_000.png,Cardiomegaly,0.0,0.00292397
00007037_000.png,Mass,0.0,0.00292206
00007037_000.png,Infiltration,0.0,0.00290871
00007037_000.png,Mass,0.011018247478628082,0.00289917
00007037_000.png,Effusion,0.0,0.0028801
00007037_000.png,Effusion,0.0,0.00284576
00007037_000.png,Infiltration,0.03895471524323703,0.00272942
00007037_000.png,Infiltration,0.0,0.00262451
00007037_000.png,Mass,0.0,0.00258827
00007037_000.png,Effusion,0.001974471816475277,0.00254822
00007037_000.png,Effusion,0.0015536076339135998,0.00251961
00007037_000.png,Cardiomegaly,0.11545746312613246,0.00247383
00007037_000.png,Infiltration,0.0,0.00247192
00007037_000.png,Effusion,0.0,0.00245094
00007037_000.png,Effusion,0.0015516502828889969,0.00239563
00007037_000.png,Cardiomegaly,0.0,0.00235367
00007037_000.png,Mass,0.0,0.00234032
00007037_000.png,Effusion,0.0,0.00233078
00007037_000.png,Infiltration,0.06254950945225446,0.00231934
00007037_000.png,Cardiomegaly,0.0,0.00228882
00007037_000.png,Mass,0.0,0.00225067
00007037_000.png,Infiltration,0.02804070762963373,0.00221443
00007037_000.png,Mass,0.0,0.00218391
00007037_000.png,Infiltration,0.04047403537347364,0.00214767
00007037_000.png,Effusion,0.025450480484343035,0.00212097
00007037_000.png,Mass,0.04384583071311148,0.00208092
00007037_000.png,Mass,0.0,0.00206184
00007037_000.png,Cardiomegaly,0.0,0.00203896
00007037_000.png,Cardiomegaly,0.0,0.00202942
00007037_000.png,Effusion,0.017718395487337182,0.0020237
00007037_000.png,Cardiomegaly,0.0,0.00200462
00007037_000.png,Effusion,0.0,0.00193119
00007037_000.png,Mass,0.0,0.00191784
00007037_000.png,Mass,0.0,0.00191116
00007037_000.png,Effusion,0.0,0.00191021
00007037_000.png,Effusion,0.0,0.00190926
00007037_000.png,Infiltration,0.0,0.00190639
00007037_000.png,Effusion,0.0,0.001894
00007037_000.png,Infiltration,0.0,0.00185299
00007037_000.png,Mass,0.0,0.00184441
00007037_000.png,Infiltration,0.0,0.00183392
00007037_000.png,Effusion,0.0,0.00177193
00007037_000.png,Mass,0.06430451427431953,0.00175953
00007037_000.png,Infiltration,0.021582911543303614,0.00174713
00007037_000.png,Mass,0.004232221289767142,0.00173759
00007037_000.png,Mass,0.0,0.0017271
00007037_000.png,Cardiomegaly,0.07253810767894207,0.00167656
00007037_000.png,Effusion,0.0,0.00165558
00007037_000.png,Infiltration,0.0,0.00164986
00007037_000.png,Effusion,0.0,0.00163269
00007037_000.png,Infiltration,0.0,0.00162888
00007037_000.png,Infiltration,0.010446135206700161,0.00161552
00007037_000.png,Cardiomegaly,0.0,0.00160122
00007037_000.png,Infiltration,0.0,0.00157642
00007037_000.png,Effusion,0.02245452723038249,0.00153637
00007037_000.png,Effusion,0.001628957469384153,0.00152874
00007037_000.png,Effusion,0.0,0.0015049
00007037_000.png,Mass,0.0,0.00150204
00007037_000.png,Effusion,0.0,0.00147629
00007037_000.png,Cardiomegaly,0.0,0.00144196
00007037_000.png,Mass,0.0,0.00142765
00007037_000.png,Cardiomegaly,0.0,0.00142574
00007037_000.png,Infiltration,0.0012611753784710362,0.00142097
00007037_000.png,Mass,0.0,0.00141621
00007037_000.png,Cardiomegaly,0.12959763434245075,0.00140095
00007037_000.png,Effusion,0.0,0.00139046
00007037_000.png,Effusion,0.0,0.00137329
00007037_000.png,Mass,0.0,0.00136375
00007037_000.png,Effusion,0.009067781051541338,0.00135422
00007037_000.png,Effusion,0.0,0.00135326
00007037_000.png,Effusion,0.0,0.00133324
00007037_000.png,Mass,0.0,0.00132847
00007037_000.png,Effusion,0.0,0.0012846
00007037_000.png,Infiltration,0.0,0.00128269
00007037_000.png,Mass,0.0,0.00127506
00007037_000.png,Mass,0.0,0.00123882
00007037_000.png,Infiltration,0.025192902892938563,0.00123692
00007037_000.png,Cardiomegaly,0.007022848041571853,0.00122356
00007037_000.png,Effusion,0.0,0.0012188
00007037_000.png,Effusion,0.0,0.00121593
00007037_000.png,Mass,0.0,0.00120258
00007037_000.png,Mass,0.0,0.00119495
00007037_000.png,Effusion,0.0,0.0011673
00007037_000.png,Effusion,0.017613387546738125,0.00116634
00007037_000.png,Effusion,0.017302545080041778,0.00116539
00007037_000.png,Mass,0.09075275060535212,0.00116158
00007037_000.png,Effusion,0.0,0.00115776
00007037_000.png,Cardiomegaly,0.0,0.00114536
00007037_000.png,Effusion,0.0343407168964339,0.0011425
00007037_000.png,Effusion,0.49539534708982985,0.00114155
00007037_000.png,Effusion,0.0,0.00112534
00007037_000.png,Cardiomegaly,0.0,0.00111198
00007037_000.png,Effusion,0.0,0.00111103
00007037_000.png,Effusion,0.0,0.00110435
00007037_000.png,Mass,0.0,0.00109482
00007037_000.png,Cardiomegaly,0.12571167861928892,0.00108528
00007037_000.png,Atelectasis,0.49539534708982985,0.00108242
00007037_000.png,Effusion,0.016952950361463243,0.00107098
00007037_000.png,Effusion,0.0,0.00106812
00007037_000.png,Effusion,0.0,0.00106716
00007037_000.png,Effusion,0.0,0.00106239
00007037_000.png,Mass,0.0,0.00105667
00007037_000.png,Infiltration,0.0,0.00104046
00007037_000.png,Effusion,0.0,0.00103569
00007037_000.png,Infiltration,0.0702256416681209,0.00103188
00007037_000.png,Cardiomegaly,0.028935386223369247,0.00102139
00007037_000.png,Mass,0.0,0.00102043
00007037_000.png,Effusion,0.0,0.00101566
00007037_000.png,Effusion,0.0,0.00100803
00015090_006.png,Mass,0.0,0.102112
00015090_006.png,Infiltration,0.479970339597443,0.0514832
00015090_006.png,Mass,0.0,0.0423279
00015090_006.png,Cardiomegaly,0.2700135362370359,0.0405884
00015090_006.png,Effusion,0.0,0.0370789
00015090_006.png,Infiltration,0.12461643069876847,0.0336914
00015090_006.png,Infiltration,0.29003841536486713,0.0329285
00015090_006.png,Infiltration,0.434908718429287,0.0328369
00015090_006.png,Infiltration,0.6154142124845644,0.0277252
00015090_006.png,Infiltration,0.05537696272884769,0.0249023
00015090_006.png,Effusion,0.0,0.0190735
00015090_006.png,Atelectasis,0.22587322074088473,0.0177917
00015090_006.png,Cardiomegaly,0.17127127032548548,0.0174408
00015090_006.png,Cardiomegaly,0.2715860251023033,0.013382
00015090_006.png,Cardiomegaly,0.29644305862638337,0.0129013
00015090_006.png,Cardiomegaly,0.0,0.0123825
00015090_006.png,Infiltration,0.1356437088107482,0.0119095
00015090_006.png,Mass,0.0,0.0118637
00015090_006.png,Cardiomegaly,0.11607635543455545,0.0107574
00015090_006.png,Cardiomegaly,0.12366243721145406,0.0106354
00015090_006.png,Cardiomegaly,0.0,0.0104599
00015090_006.png,Cardiomegaly,0.0,0.0100861
00015090_006.png,Effusion,0.0,0.00828552
00015090_006.png,Cardiomegaly,0.0,0.00801849
00015090_006.png,Mass,0.0,0.00782013
00015090_006.png,Effusion,0.0,0.00777435
00015090_006.png,Cardiomegaly,0.0,0.00774384
00015090_006.png,Cardiomegaly,0.22584473558312326,0.00736237
00015090_006.png,Effusion,0.0,0.00729752
00015090_006.png,Infiltration,0.540561801569526,0.00702286
00015090_006.png,Atelectasis,0.16640425886463225,0.00702286
00015090_006.png,Mass,0.0,0.00701141
00015090_006.png,Infiltration,0.6988863273971663,0.00668335
00015090_006.png,Infiltration,0.1650722894608792,0.00537109
00015090_006.png,Infiltration,0.0,0.0051918
00015090_006.png,Effusion,0.0,0.00514984
00015090_006.png,Mass,0.0,0.00476456
00015090_006.png,Effusion,0.0,0.00475311
00015090_006.png,Mass,0.0,0.00444794
00015090_006.png,Mass,0.0,0.00434875
00015090_006.png,Infiltration,0.11121676149506199,0.00413513
00015090_006.png,Infiltration,0.022347366499790862,0.00408554
00015090_006.png,Effusion,0.0,0.00402069
00015090_006.png,Cardiomegaly,0.0,0.00400543
00015090_006.png,Infiltration,0.0,0.00397491
00015090_006.png,Atelectasis,0.1981536562792095,0.00388336
00015090_006.png,Infiltration,0.2466105830881078,0.00383377
00015090_006.png,Cardiomegaly,0.2126716696912084,0.00377083
00015090_006.png,Mass,0.0,0.00361824
00015090_006.png,Cardiomegaly,0.22210129723975194,0.00351143
00015090_006.png,Mass,0.0,0.00348854
00015090_006.png,Infiltration,0.0,0.00348473
00015090_006.png,Infiltration,0.22940949956080192,0.00324059
00015090_006.png,Cardiomegaly,0.4592854369628147,0.00323486
00015090_006.png,Mass,0.0,0.00303459
00015090_006.png,Cardiomegaly,0.4180705153967765,0.00288773
00015090_006.png,Infiltration,0.0,0.00272942
00015090_006.png,Effusion,0.0,0.00257111
00015090_006.png,Effusion,0.0,0.00254822
00015090_006.png,Effusion,0.0,0.0025444
00015090_006.png,Cardiomegaly,0.0,0.00242996
00015090_006.png,Cardiomegaly,0.1076540846398015,0.00237083
00015090_006.png,Effusion,0.0,0.00234985
00015090_006.png,Infiltration,0.0,0.00231361
00015090_006.png,Infiltration,0.037531653801149124,0.00225067
00015090_006.png,Cardiomegaly,0.0,0.0022049
00015090_006.png,Infiltration,0.09306016580238977,0.00218773
00015090_006.png,Mass,0.0,0.00215721
00015090_006.png,Infiltration,0.3512498882583366,0.00215149
00015090_006.png,Effusion,0.05537696272884769,0.00211525
00015090_006.png,Infiltration,0.0,0.00211334
00015090_006.png,Effusion,0.0,0.00206566
00015090_006.png,Effusion,0.0,0.0020256
00015090_006.png,Cardiomegaly,0.35181288524078114,0.00198936
00015090_006.png,Mass,0.0,0.00197601
00015090_006.png,Infiltration,0.0,0.00196266
00015090_006.png,Mass,0.0,0.00195694
00015090_006.png,Mass,0.0,0.00190926
00015090_006.png,Effusion,0.0,0.0019083
00015090_006.png,Infiltration,0.0,0.00187778
00015090_006.png,Effusion,0.0,0.00187206
00015090_006.png,Cardiomegaly,0.1650722894608792,0.00187206
00015090_006.png,Effusion,0.0,0.00186253
00015090_006.png,Cardiomegaly,0.18287832130976794,0.00184441
00015090_006.png,Mass,0.0,0.00182438
00015090_006.png,Infiltration,0.0,0.00179482
00015090_006.png,Infiltration,0.0,0.00177193
00015090_006.png,Infiltration,0.22210129723975194,0.00175953
00015090_006.png,Cardiomegaly,0.08726620833216159,0.00169373
00015090_006.png,Infiltration,0.0,0.00167751
00015090_006.png,Infiltration,0.0,0.00167465
00015090_006.png,Mass,0.0,0.00165558
00015090_006.png,Effusion,0.0,0.00162125
00015090_006.png,Effusion,0.0,0.00161839
00015090_006.png,Infiltration,0.0,0.00161266
00015090_006.png,Atelectasis,0.08803582241058523,0.00160408
00015090_006.png,Effusion,0.0,0.00160217
00015090_006.png,Atelectasis,0.328787616301035,0.00159359
00015090_006.png,Mass,0.0,0.00158501
00015090_006.png,Mass,0.0,0.00158119
00015090_006.png,Effusion,0.0,0.00157738
00015090_006.png,Effusion,0.0,0.00156784
00015090_006.png,Infiltration,0.0,0.00156403
00015090_006.png,Infiltration,0.0,0.00154686
00015090_006.png,Mass,0.0,0.00154114
00015090_006.png,Effusion,0.0,0.00153923
00015090_006.png,Infiltration,0.0,0.00153351
00015090_006.png,Infiltration,0.0,0.00149155
00015090_006.png,Cardiomegaly,0.0,0.00149155
00015090_006.png,Infiltration,0.0,0.00148773
00015090_006.png,Effusion,0.0,0.00148296
00015090_006.png,Cardiomegaly,0.18941802964453214,0.00147533
00015090_006.png,Cardiomegaly,0.42882174859399935,0.00141144
00015090_006.png,Effusion,0.0,0.00140095
00015090_006.png,Effusion,0.0,0.00136852
00015090_006.png,Infiltration,0.2303519341906664,0.00135803
00015090_006.png,Effusion,0.0,0.00134754
00015090_006.png,Infiltration,0.0,0.00133801
00015090_006.png,Effusion,0.0,0.00133038
00015090_006.png,Cardiomegaly,0.28464620366449866,0.00128365
00015090_006.png,Cardiomegaly,0.040955508780763115,0.00128269
00015090_006.png,Effusion,0.0,0.00127125
00015090_006.png,Effusion,0.0,0.00126934
00015090_006.png,Effusion,0.0,0.00126362
00015090_006.png,Infiltration,0.085857199082614,0.00125504
00015090_006.png,Cardiomegaly,0.0,0.00124931
00015090_006.png,Mass,0.0,0.00122356
00015090_006.png,Infiltration,0.35181288524078114,0.00121307
00015090_006.png,Cardiomegaly,0.0,0.00114346
00015090_006.png,Effusion,0.0,0.00111294
00015090_006.png,Effusion,0.0,0.00110054
00015090_006.png,Effusion,0.0,0.00110054
00015090_006.png,Effusion,0.0,0.00109768
00015090_006.png,Effusion,0.0,0.00108337
00015090_006.png,Effusion,0.0,0.00106239
00015090_006.png,Effusion,0.0,0.00106239
00015090_006.png,Atelectasis,0.3512498882583366,0.00104713
00015090_006.png,Effusion,0.0,0.00104332
00015090_006.png,Cardiomegaly,0.0,0.00102425
00015090_006.png,Effusion,0.0,0.00101662
00015090_006.png,Infiltration,0.12904246786046003,0.00101089
00002290_001.png,Cardiomegaly,0.0045674363219596805,0.0672607
00002290_001.png,Effusion,0.0,0.0312347
00002290_001.png,Infiltration,0.0,0.0300751
00002290_001.png,Infiltration,0.0,0.028717
00002290_001.png,Cardiomegaly,0.018711145039284796,0.016098
00002290_001.png,Effusion,0.0,0.0125504
00002290_001.png,Infiltration,0.0,0.0103226
00002290_001.png,Cardiomegaly,0.0,0.00946808
00002290_001.png,Mass,0.0,0.00804138
00002290_001.png,Atelectasis,0.0,0.00782013
00002290_001.png,Cardiomegaly,0.016649412749598618,0.00696182
00002290_001.png,Atelectasis,0.0,0.00678635
00002290_001.png,Cardiomegaly,0.014938808660032186,0.00624466
00002290_001.png,Mass,0.0,0.00617981
00002290_001.png,Cardiomegaly,0.040708682569287766,0.00608444
00002290_001.png,Mass,0.0,0.00582886
00002290_001.png,Cardiomegaly,0.0,0.0057869
00002290_001.png,Mass,0.0,0.00568008
00002290_001.png,Effusion,0.0,0.00544357
00002290_001.png,Cardiomegaly,0.051210643822043454,0.00525665
00002290_001.png,Mass,0.03195315823517389,0.00523758
00002290_001.png,Effusion,0.0,0.00515366
00002290_001.png,Effusion,0.0,0.00510025
00002290_001.png,Infiltration,0.0,0.00478363
00002290_001.png,Cardiomegaly,0.0,0.00466537
00002290_001.png,Infiltration,0.018125743778127392,0.0046463
00002290_001.png,Infiltration,0.0,0.00452042
00002290_001.png,Cardiomegaly,0.0,0.0044899
00002290_001.png,Cardiomegaly,0.0,0.00440598
00002290_001.png,Infiltration,0.08120600816108395,0.00409698
00002290_001.png,Infiltration,0.0,0.00405121
00002290_001.png,Mass,0.0,0.00401306
00002290_001.png,Infiltration,0.0,0.00382042
00002290_001.png,Infiltration,0.0,0.00379181
00002290_001.png,Infiltration,0.0,0.00377274
00002290_001.png,Infiltration,0.0,0.003582
00002290_001.png,Infiltration,0.062377702625651905,0.00356102
00002290_001.png,Infiltration,0.0,0.00347328
00002290_001.png,Effusion,0.0,0.00337791
00002290_001.png,Cardiomegaly,0.0,0.00334549
00002290_001.png,Mass,0.0,0.00333595
00002290_001.png,Mass,0.0,0.00310898
00002290_001.png,Mass,0.0,0.00309563
00002290_001.png,Infiltration,0.0,0.00303078
00002290_001.png,Effusion,0.0,0.00300217
00002290_001.png,Mass,0.0,0.00278664
00002290_001.png,Infiltration,0.0,0.00276566
00002290_001.png,Cardiomegaly,0.0,0.00271606
00002290_001.png,Cardiomegaly,0.04503772889058416,0.0026741
00002290_001.png,Effusion,0.0,0.00253487
00002290_001.png,Mass,0.0,0.00251198
00002290_001.png,Infiltration,0.0,0.00250244
00002290_001.png,Effusion,0.0,0.00238609
00002290_001.png,Mass,0.0,0.00235748
00002290_001.png,Mass,0.0,0.00233269
00002290_001.png,Effusion,0.0,0.00231743
00002290_001.png,Infiltration,0.0,0.00227737
00002290_001.png,Cardiomegaly,0.0022360110395143124,0.00219536
00002290_001.png,Effusion,0.0,0.00216293
00002290_001.png,Effusion,0.0,0.00210381
00002290_001.png,Effusion,0.0,0.00204849
00002290_001.png,Mass,0.0,0.00203705
00002290_001.png,Cardiomegaly,0.0,0.00195503
00002290_001.png,Infiltration,0.0,0.00195026
00002290_001.png,Mass,0.0,0.00194931
00002290_001.png,Cardiomegaly,0.0,0.00191116
00002290_001.png,Effusion,0.0,0.0018959
00002290_001.png,Cardiomegaly,0.0,0.00189304
00002290_001.png,Infiltration,0.0,0.00186253
00002290_001.png,Infiltration,0.0,0.00184631
00002290_001.png,Infiltration,0.03655923372748899,0.00182533
00002290_001.png,Effusion,0.0,0.00180149
00002290_001.png,Infiltration,0.0,0.00179768
00002290_001.png,Effusion,0.0,0.00174141
00002290_001.png,Effusion,0.0,0.00170708
00002290_001.png,Cardiomegaly,0.0,0.00165939
00002290_001.png,Effusion,0.0,0.00164986
00002290_001.png,Infiltration,0.0,0.00164127
00002290_001.png,Cardiomegaly,0.0,0.00160885
00002290_001.png,Mass,0.0,0.00160217
00002290_001.png,Mass,0.0,0.00159168
00002290_001.png,Cardiomegaly,0.0,0.00159073
00002290_001.png,Effusion,0.0,0.00158119
00002290_001.png,Effusion,0.0,0.00155258
00002290_001.png,Infiltration,0.061092073774246095,0.00152969
00002290_001.png,Effusion,0.03929425478241918,0.00149059
00002290_001.png,Infiltration,0.04503772889058416,0.00142193
00002290_001.png,Effusion,0.0,0.00140858
00002290_001.png,Effusion,0.0,0.0013876
00002290_001.png,Infiltration,0.0,0.00137329
00002290_001.png,Effusion,0.0,0.00136471
00002290_001.png,Atelectasis,0.0,0.00134659
00002290_001.png,Infiltration,0.100363350653789,0.00133896
00002290_001.png,Effusion,0.0,0.0013361
00002290_001.png,Effusion,0.0,0.00131226
00002290_001.png,Cardiomegaly,0.006217043465366502,0.0013113
00002290_001.png,Effusion,0.0,0.00130749
00002290_001.png,Effusion,0.0,0.00130272
00002290_001.png,Atelectasis,0.018159179951045004,0.00126266
00002290_001.png,Infiltration,0.06059998251121663,0.00123024
00002290_001.png,Effusion,0.0,0.00122452
00002290_001.png,Effusion,0.0,0.00122261
00002290_001.png,Mass,0.0,0.00121117
00002290_001.png,Effusion,0.0,0.00120068
00002290_001.png,Infiltration,0.0,0.00118351
00002290_001.png,Effusion,0.0,0.00117493
00002290_001.png,Infiltration,0.0,0.00117493
00002290_001.png,Effusion,0.0,0.00116825
00002290_001.png,Effusion,0.018125743778127392,0.00115395
00002290_001.png,Infiltration,0.0,0.00109863
00002290_001.png,Effusion,0.0,0.00109673
00002290_001.png,Infiltration,0.0,0.00108814
00002290_001.png,Effusion,0.0,0.00108433
00002290_001.png,Infiltration,0.0,0.00107574
00002290_001.png,Mass,0.0,0.00107288
00002290_001.png,Effusion,0.0,0.00107193
00002290_001.png,Cardiomegaly,0.0,0.00105286
00002290_001.png,Cardiomegaly,0.0,0.00103188
00002290_001.png,Effusion,0.0,0.00103092
00002290_001.png,Infiltration,0.0,0.00102139
00002290_001.png,Mass,0.051223092918053804,0.00100899
00002290_001.png,Infiltration,0.0,0.00100708
00002290_001.png,Cardiomegaly,0.0,0.00100708
00021420_020.png,Atelectasis,0.03605509354529894,0.0877686
00021420_020.png,Effusion,0.0,0.0175629
00021420_020.png,Cardiomegaly,0.0,0.0123901
00021420_020.png,Mass,0.0,0.0122833
00021420_020.png,Effusion,0.0,0.0120316
00021420_020.png,Cardiomegaly,0.0662942141825443,0.0111618
00021420_020.png,Cardiomegaly,0.0432150558213677,0.0109406
00021420_020.png,Cardiomegaly,0.0,0.00836182
00021420_020.png,Cardiomegaly,0.046544816962563504,0.00817871
00021420_020.png,Cardiomegaly,0.05725554290741099,0.0073967
00021420_020.png,Cardiomegaly,0.04390289559398259,0.00736237
00021420_020.png,Atelectasis,0.0,0.00695419
00021420_020.png,Cardiomegaly,0.06216786059524004,0.00658417
00021420_020.png,Atelectasis,0.04048999722289293,0.00621796
00021420_020.png,Mass,0.0,0.00598526
00021420_020.png,Atelectasis,0.0,0.00592804
00021420_020.png,Mass,0.0,0.00557709
00021420_020.png,Cardiomegaly,0.02529423840839805,0.00553513
00021420_020.png,Effusion,0.0,0.00508499
00021420_020.png,Mass,0.0,0.0045929
00021420_020.png,Cardiomegaly,0.0924730815077041,0.00430679
00021420_020.png,Effusion,0.0,0.00408173
00021420_020.png,Effusion,0.0,0.00395966
00021420_020.png,Cardiomegaly,0.020128556180375564,0.00377464
00021420_020.png,Cardiomegaly,0.0,0.00374222
00021420_020.png,Atelectasis,0.0,0.00337029
00021420_020.png,Infiltration,0.0,0.00296974
00021420_020.png,Effusion,0.0,0.00296593
00021420_020.png,Effusion,0.0,0.00284386
00021420_020.png,Cardiomegaly,0.0,0.00278664
00021420_020.png,Effusion,0.0,0.00268364
00021420_020.png,Mass,0.0,0.00265121
00021420_020.png,Atelectasis,0.0,0.00249481
00021420_020.png,Mass,0.0,0.00246239
00021420_020.png,Mass,0.0,0.00245094
00021420_020.png,Cardiomegaly,0.0,0.00242996
00021420_020.png,Effusion,0.0,0.00238228
00021420_020.png,Effusion,0.0,0.00235939
00021420_020.png,Effusion,0.0,0.00231171
00021420_020.png,Infiltration,0.0,0.00230789
00021420_020.png,Effusion,0.0,0.00224113
00021420_020.png,Effusion,0.0,0.00224113
00021420_020.png,Effusion,0.0,0.00208855
00021420_020.png,Effusion,0.0,0.0020752
00021420_020.png,Effusion,0.0,0.00201225
00021420_020.png,Cardiomegaly,0.0,0.0019989
00021420_020.png,Cardiomegaly,0.02516374536563241,0.00195312
00021420_020.png,Effusion,0.0,0.00193882
00021420_020.png,Effusion,0.0,0.00193501
00021420_020.png,Infiltration,0.0,0.00190449
00021420_020.png,Effusion,0.0,0.00187874
00021420_020.png,Infiltration,0.0,0.00180626
00021420_020.png,Effusion,0.0,0.00177956
00021420_020.png,Cardiomegaly,0.0,0.00176525
00021420_020.png,Cardiomegaly,0.045472812950007525,0.00176334
00021420_020.png,Effusion,0.0,0.00165749
00021420_020.png,Effusion,0.0,0.00163937
00021420_020.png,Infiltration,0.0,0.00162983
00021420_020.png,Cardiomegaly,0.0,0.00162888
00021420_020.png,Mass,0.0,0.00162506
00021420_020.png,Infiltration,0.0,0.00159645
00021420_020.png,Mass,0.0,0.00148296
00021420_020.png,Effusion,0.031774635587238496,0.0014782
00021420_020.png,Effusion,0.0,0.00146103
00021420_020.png,Effusion,0.0,0.00145817
00021420_020.png,Mass,0.04891856029326042,0.00144863
00021420_020.png,Effusion,0.0,0.00141716
00021420_020.png,Mass,0.0,0.00138855
00021420_020.png,Mass,0.0,0.00135326
00021420_020.png,Atelectasis,0.0,0.00134945
00021420_020.png,Cardiomegaly,0.0,0.00134945
00021420_020.png,Cardiomegaly,0.0,0.00128746
00021420_020.png,Cardiomegaly,0.108113462840873,0.00128174
00021420_020.png,Effusion,0.0,0.0012579
00021420_020.png,Effusion,0.0,0.00124645
00021420_020.png,Cardiomegaly,0.058754093628722616,0.00124264
00021420_020.png,Effusion,0.0,0.00121403
00021420_020.png,Effusion,0.0,0.00121117
00021420_020.png,Effusion,0.0,0.00120258
00021420_020.png,Effusion,0.0,0.00120068
00021420_020.png,Effusion,0.0,0.00119019
00021420_020.png,Effusion,0.0,0.0011673
00021420_020.png,Cardiomegaly,0.1356218850033764,0.00116634
00021420_020.png,Cardiomegaly,0.0,0.00115013
00021420_020.png,Mass,0.0,0.0011425
00021420_020.png,Cardiomegaly,0.0,0.00113869
00021420_020.png,Cardiomegaly,0.033057780613722824,0.00111961
00021420_020.png,Cardiomegaly,0.0,0.00106812
00021420_020.png,Effusion,0.0,0.00105476
00021420_020.png,Cardiomegaly,0.11032070392428663,0.00103855
00021420_020.png,Atelectasis,0.0,0.00103569
00021420_020.png,Cardiomegaly,0.0,0.00103283
00026398_000.png,Atelectasis,0.00027507598152268225,0.259766
00026398_000.png,Cardiomegaly,0.0,0.0345764
00026398_000.png,Mass,0.0,0.0339355
00026398_000.png,Cardiomegaly,0.0,0.0271301
00026398_000.png,Cardiomegaly,0.0,0.0179749
00026398_000.png,Infiltration,0.0,0.0154495
00026398_000.png,Cardiomegaly,0.0,0.0118027
00026398_000.png,Cardiomegaly,0.0,0.0105896
00026398_000.png,Mass,0.0,0.00997162
00026398_000.png,Effusion,0.0,0.00961304
00026398_000.png,Mass,0.0,0.00878143
00026398_000.png,Infiltration,0.0,0.00850677
00026398_000.png,Mass,0.0,0.00775528
00026398_000.png,Effusion,0.0,0.00749588
00026398_000.png,Mass,0.0,0.00701141
00026398_000.png,Infiltration,0.0,0.00680542
00026398_000.png,Effusion,0.0,0.0065155
00026398_000.png,Mass,0.0,0.00631332
00026398_000.png,Mass,0.0,0.00621796
00026398_000.png,Atelectasis,0.0,0.00556183
00026398_000.png,Effusion,0.0,0.00519943
00026398_000.png,Infiltration,0.0,0.00475693
00026398_000.png,Infiltration,0.0,0.00471115
00026398_000.png,Mass,0.0,0.00457001
00026398_000.png,Cardiomegaly,0.0,0.00450897
00026398_000.png,Mass,0.0,0.00385475
00026398_000.png,Infiltration,0.0,0.00378418
00026398_000.png,Effusion,0.0,0.00353813
00026398_000.png,Effusion,0.0,0.00296593
00026398_000.png,Effusion,0.0,0.00294495
00026398_000.png,Atelectasis,0.0,0.00293159
00026398_000.png,Cardiomegaly,0.012904539591604997,0.00289345
00026398_000.png,Infiltration,0.0,0.00288582
00026398_000.png,Effusion,0.0,0.00282097
00026398_000.png,Infiltration,0.0,0.00281906
00026398_000.png,Cardiomegaly,0.0,0.00279045
00026398_000.png,Infiltration,0.0,0.00276566
00026398_000.png,Cardiomegaly,0.0,0.00266838
00026398_000.png,Infiltration,0.0,0.00265503
00026398_000.png,Effusion,0.0,0.0026207
00026398_000.png,Effusion,0.0,0.00251007
00026398_000.png,Mass,0.0,0.00250816
00026398_000.png,Cardiomegaly,0.0,0.0024128
00026398_000.png,Mass,0.0,0.00238991
00026398_000.png,Mass,0.0,0.002388
00026398_000.png,Infiltration,0.0,0.00231171
00026398_000.png,Effusion,0.0,0.00219536
00026398_000.png,Effusion,0.0,0.00217819
00026398_000.png,Infiltration,0.0,0.00214577
00026398_000.png,Effusion,0.0,0.0020771
00026398_000.png,Effusion,0.0,0.00200081
00026398_000.png,Cardiomegaly,0.0,0.00198555
00026398_000.png,Cardiomegaly,0.0,0.00193214
00026398_000.png,Infiltration,0.0,0.00190449
00026398_000.png,Infiltration,0.0,0.00187016
00026398_000.png,Mass,0.0,0.0018301
00026398_000.png,Cardiomegaly,0.0,0.00182724
00026398_000.png,Effusion,0.0,0.00180054
00026398_000.png,Infiltration,0.0,0.00178146
00026398_000.png,Infiltration,0.0,0.00174141
00026398_000.png,Infiltration,0.0,0.0017395
00026398_000.png,Infiltration,0.0,0.0017252
00026398_000.png,Effusion,0.0,0.00172329
00026398_000.png,Mass,0.0,0.00167656
00026398_000.png,Effusion,0.001976913887300446,0.00166035
00026398_000.png,Infiltration,0.0,0.00165653
00026398_000.png,Infiltration,0.0,0.00164127
00026398_000.png,Effusion,0.0,0.00159645
00026398_000.png,Infiltration,0.0,0.00159454
00026398_000.png,Effusion,0.0,0.00159073
00026398_000.png,Cardiomegaly,0.0,0.00159073
00026398_000.png,Infiltration,0.0,0.00157642
00026398_000.png,Infiltration,0.0,0.00154018
00026398_000.png,Effusion,0.0,0.00153923
00026398_000.png,Effusion,0.0,0.00149345
00026398_000.png,Cardiomegaly,0.0,0.00144863
00026398_000.png,Cardiomegaly,0.0,0.0014286
00026398_000.png,Effusion,0.0,0.00139141
00026398_000.png,Effusion,0.0,0.0013895
00026398_000.png,Cardiomegaly,0.0,0.00133324
00026398_000.png,Effusion,0.0,0.00133133
00026398_000.png,Infiltration,0.00010203939855490806,0.00132656
00026398_000.png,Mass,0.0,0.00132465
00026398_000.png,Infiltration,0.0,0.00131893
00026398_000.png,Cardiomegaly,0.0,0.00129509
00026398_000.png,Infiltration,0.0,0.00128174
00026398_000.png,Effusion,0.0,0.00124836
00026398_000.png,Infiltration,0.0,0.00123787
00026398_000.png,Effusion,0.0,0.00123787
00026398_000.png,Infiltration,0.0,0.00120354
00026398_000.png,Effusion,0.0,0.00119972
00026398_000.png,Infiltration,0.0,0.00119591
00026398_000.png,Infiltration,0.0,0.00116253
00026398_000.png,Infiltration,0.0,0.00112343
00026398_000.png,Cardiomegaly,0.0,0.00112152
00026398_000.png,Mass,0.0,0.00111961
00026398_000.png,Cardiomegaly,0.0,0.00111675
00026398_000.png,Effusion,0.0,0.00106812
00026398_000.png,Infiltration,0.0,0.00106335
00026398_000.png,Infiltration,0.0,0.00106335
00026398_000.png,Effusion,0.0,0.00104713
00026398_000.png,Effusion,0.0,0.00104523
00026398_000.png,Effusion,0.0,0.0010252
00026398_000.png,Cardiomegaly,0.011582288114177112,0.0010252
00026398_000.png,Cardiomegaly,0.0,0.00102329
00026398_000.png,Effusion,0.0,0.00101852
00026398_000.png,Mass,0.0,0.00101471
00026398_000.png,Effusion,0.0,0.00100613
00015831_008.png,Atelectasis,0.12478493341540194,0.0287781
00015831_008.png,Cardiomegaly,0.0,0.0283661
00015831_008.png,Effusion,0.0,0.0223541
00015831_008.png,Infiltration,0.5868185142435618,0.0184631
00015831_008.png,Cardiomegaly,0.0,0.0179749
00015831_008.png,Effusion,0.0,0.0155182
00015831_008.png,Infiltration,0.5784263563152007,0.0144958
00015831_008.png,Effusion,0.0,0.0138626
00015831_008.png,Infiltration,0.3982861850432507,0.0117645
00015831_008.png,Effusion,0.0,0.01091
00015831_008.png,Infiltration,0.0,0.0107117
00015831_008.png,Effusion,0.0,0.0101776
00015831_008.png,Cardiomegaly,0.0,0.0100479
00015831_008.png,Infiltration,0.0,0.00896454
00015831_008.png,Infiltration,0.0,0.00869751
00015831_008.png,Infiltration,0.11413056610973295,0.00759888
00015831_008.png,Infiltration,0.27099177094164884,0.00738907
00015831_008.png,Effusion,0.0,0.00738525
00015831_008.png,Effusion,0.0,0.0067482
00015831_008.png,Cardiomegaly,0.0,0.00649643
00015831_008.png,Infiltration,0.0,0.00622559
00015831_008.png,Cardiomegaly,0.0,0.00614166
00015831_008.png,Mass,0.0,0.00583649
00015831_008.png,Infiltration,0.097762063594537,0.0056572
00015831_008.png,Effusion,0.0,0.00563049
00015831_008.png,Effusion,0.6789565623332778,0.00561142
00015831_008.png,Atelectasis,0.05590998387977612,0.00529099
00015831_008.png,Effusion,0.0,0.00504303
00015831_008.png,Infiltration,0.009381725500766564,0.00489044
00015831_008.png,Mass,0.0,0.004879
00015831_008.png,Mass,0.0,0.00480652
00015831_008.png,Cardiomegaly,0.0,0.00475693
00015831_008.png,Infiltration,0.25499520186064234,0.00469971
00015831_008.png,Effusion,0.0,0.0045433
00015831_008.png,Infiltration,0.4315382230376924,0.00450897
00015831_008.png,Infiltration,0.0,0.00448227
00015831_008.png,Infiltration,0.0,0.00430679
00015831_008.png,Infiltration,0.0,0.0041008
00015831_008.png,Infiltration,0.004096148416151797,0.00397491
00015831_008.png,Infiltration,0.0,0.0039711
00015831_008.png,Cardiomegaly,0.0,0.00391006
00015831_008.png,Effusion,0.0,0.00373459
00015831_008.png,Infiltration,0.0,0.00372696
00015831_008.png,Effusion,0.7486475857897107,0.0034008
00015831_008.png,Effusion,0.0,0.00337791
00015831_008.png,Infiltration,0.0,0.00335884
00015831_008.png,Cardiomegaly,0.0,0.00327301
00015831_008.png,Infiltration,0.0,0.00311089
00015831_008.png,Mass,0.0,0.00306702
00015831_008.png,Effusion,0.0,0.00303841
00015831_008.png,Effusion,0.0,0.00303841
00015831_008.png,Infiltration,0.0,0.00297737
00015831_008.png,Effusion,0.0,0.0029583
00015831_008.png,Effusion,0.0,0.00295448
00015831_008.png,Effusion,0.0,0.002882
00015831_008.png,Cardiomegaly,0.0,0.00285339
00015831_008.png,Infiltration,0.0,0.00284195
00015831_008.png,Cardiomegaly,0.0,0.00283623
00015831_008.png,Infiltration,0.0,0.00270653
00015831_008.png,Infiltration,0.0,0.00267601
00015831_008.png,Infiltration,0.0,0.00264549
00015831_008.png,Infiltration,0.0,0.00263405
00015831_008.png,Infiltration,0.0,0.00259399
00015831_008.png,Cardiomegaly,0.0,0.00258255
00015831_008.png,Infiltration,0.0,0.00257492
00015831_008.png,Effusion,0.0,0.00250053
00015831_008.png,Effusion,0.0,0.00241089
00015831_008.png,Cardiomegaly,0.0,0.00237656
00015831_008.png,Infiltration,0.0,0.00225258
00015831_008.png,Infiltration,0.0,0.00216293
00015831_008.png,Infiltration,0.20680422943594698,0.00214005
00015831_008.png,Mass,0.0,0.00213051
00015831_008.png,Cardiomegaly,0.0,0.00211334
00015831_008.png,Infiltration,0.0,0.00204849
00015831_008.png,Effusion,0.0,0.00195503
00015831_008.png,Infiltration,0.0,0.00193977
00015831_008.png,Infiltration,0.0,0.00178909
00015831_008.png,Effusion,0.0,0.00174236
00015831_008.png,Effusion,0.0,0.00171089
00015831_008.png,Cardiomegaly,0.0,0.00164604
00015831_008.png,Cardiomegaly,0.0,0.00160503
00015831_008.png,Infiltration,0.0,0.00158119
00015831_008.png,Effusion,0.0,0.00158024
00015831_008.png,Infiltration,0.0,0.00157642
00015831_008.png,Effusion,0.0,0.00155258
00015831_008.png,Infiltration,0.009854786343180986,0.00154877
00015831_008.png,Effusion,0.0,0.00152588
00015831_008.png,Infiltration,0.0,0.00151253
00015831_008.png,Infiltration,0.09768222640264589,0.00149822
00015831_008.png,Infiltration,0.045211735476244845,0.00148869
00015831_008.png,Effusion,0.0,0.00148106
00015831_008.png,Infiltration,0.0,0.00147533
00015831_008.png,Cardiomegaly,0.0,0.00147343
00015831_008.png,Mass,0.0,0.00146961
00015831_008.png,Infiltration,0.0,0.00138474
00015831_008.png,Infiltration,0.0,0.00137806
00015831_008.png,Effusion,0.0,0.00136662
00015831_008.png,Cardiomegaly,0.24044137211817831,0.00134087
00015831_008.png,Effusion,0.0,0.00132751
00015831_008.png,Effusion,0.07623069533084245,0.00131321
00015831_008.png,Effusion,0.0,0.00130844
00015831_008.png,Mass,0.0,0.00129604
00015831_008.png,Effusion,0.0,0.00127983
00015831_008.png,Effusion,0.0,0.00127316
00015831_008.png,Infiltration,0.0,0.00125408
00015831_008.png,Effusion,0.0,0.00124168
00015831_008.png,Effusion,0.0,0.00123692
00015831_008.png,Cardiomegaly,0.0,0.0012331
00015831_008.png,Effusion,0.0,0.00122833
00015831_008.png,Effusion,0.0,0.00119019
00015831_008.png,Effusion,0.0,0.00118637
00015831_008.png,Infiltration,0.0,0.00118065
00015831_008.png,Cardiomegaly,0.0,0.00117779
00015831_008.png,Effusion,0.0,0.00116539
00015831_008.png,Infiltration,0.0,0.00114727
00015831_008.png,Mass,0.0,0.00112247
00015831_008.png,Effusion,0.0,0.00111103
00015831_008.png,Cardiomegaly,0.0,0.00111008
00015831_008.png,Cardiomegaly,0.0,0.00109768
00015831_008.png,Mass,0.0,0.00109386
00015831_008.png,Cardiomegaly,0.0,0.00108242
00015831_008.png,Infiltration,0.04336522548500506,0.00108147
00015831_008.png,Effusion,0.0,0.00107098
00015831_008.png,Effusion,0.0,0.00106525
00015831_008.png,Effusion,0.0,0.00104332
00015831_008.png,Infiltration,0.0,0.00103188
00015831_008.png,Effusion,0.0,0.0010252
00015831_008.png,Effusion,0.0,0.00102234
00015831_008.png,Cardiomegaly,0.2814369258599173,0.00100708
00000054_008.png,Effusion,0.0,0.248413
00000054_008.png,Atelectasis,0.0,0.0795288
00000054_008.png,Infiltration,0.0,0.0536194
00000054_008.png,Cardiomegaly,0.0,0.0509949
00000054_008.png,Mass,0.0,0.0262299
00000054_008.png,Effusion,0.0,0.0253906
00000054_008.png,Mass,0.0,0.0225372
00000054_008.png,Infiltration,0.0,0.0219421
00000054_008.png,Effusion,0.0,0.0198364
00000054_008.png,Mass,0.0,0.0196838
00000054_008.png,Cardiomegaly,0.0,0.0180817
00000054_008.png,Infiltration,0.0,0.016983
00000054_008.png,Effusion,0.0,0.0162964
00000054_008.png,Infiltration,0.0,0.0155258
00000054_008.png,Effusion,0.0,0.0118561
00000054_008.png,Infiltration,0.0,0.0102386
00000054_008.png,Effusion,0.0,0.00901794
00000054_008.png,Infiltration,0.0,0.00868988
00000054_008.png,Infiltration,0.0,0.00841522
00000054_008.png,Infiltration,0.0,0.00820923
00000054_008.png,Infiltration,0.0,0.00800323
00000054_008.png,Infiltration,0.0,0.00760269
00000054_008.png,Infiltration,0.0,0.00759888
00000054_008.png,Infiltration,0.0,0.00706482
00000054_008.png,Effusion,0.0,0.0070076
00000054_008.png,Effusion,0.0,0.00692749
00000054_008.png,Cardiomegaly,0.0,0.00679398
00000054_008.png,Infiltration,0.0,0.00651169
00000054_008.png,Infiltration,0.0,0.00579834
00000054_008.png,Mass,0.0,0.00576782
00000054_008.png,Effusion,0.0,0.00546265
00000054_008.png,Cardiomegaly,0.0,0.00546265
00000054_008.png,Infiltration,0.0,0.00534058
00000054_008.png,Infiltration,0.0,0.00496292
00000054_008.png,Mass,0.0,0.00484085
00000054_008.png,Mass,0.0,0.00475311
00000054_008.png,Infiltration,0.0,0.00452042
00000054_008.png,Mass,0.0,0.00424576
00000054_008.png,Mass,0.0,0.00416946
00000054_008.png,Infiltration,0.0,0.00411224
00000054_008.png,Effusion,0.0,0.00400162
00000054_008.png,Infiltration,0.0,0.00390434
00000054_008.png,Infiltration,0.0,0.00378418
00000054_008.png,Infiltration,0.0,0.00378036
00000054_008.png,Infiltration,0.0,0.00370598
00000054_008.png,Infiltration,0.0,0.00364113
00000054_008.png,Effusion,0.0,0.00354385
00000054_008.png,Effusion,0.0,0.00354195
00000054_008.png,Effusion,0.0,0.00354004
00000054_008.png,Infiltration,0.0,0.0034771
00000054_008.png,Mass,0.0,0.00338936
00000054_008.png,Infiltration,0.0,0.00320816
00000054_008.png,Cardiomegaly,0.0,0.00297356
00000054_008.png,Infiltration,0.0,0.00291252
00000054_008.png,Effusion,0.0,0.00280762
00000054_008.png,Effusion,0.0,0.00260735
00000054_008.png,Infiltration,0.0,0.00251389
00000054_008.png,Mass,0.0,0.0024929
00000054_008.png,Infiltration,0.0,0.00237083
00000054_008.png,Infiltration,0.0,0.00236702
00000054_008.png,Effusion,0.0,0.00235558
00000054_008.png,Infiltration,0.0,0.00228119
00000054_008.png,Effusion,0.0,0.00224876
00000054_008.png,Infiltration,0.0,0.00218201
00000054_008.png,Mass,0.0,0.00217247
00000054_008.png,Cardiomegaly,0.0,0.00210381
00000054_008.png,Infiltration,0.0,0.0020771
00000054_008.png,Infiltration,0.0,0.00206375
00000054_008.png,Mass,0.0,0.00204086
00000054_008.png,Infiltration,0.0,0.00198364
00000054_008.png,Infiltration,0.0,0.00191402
00000054_008.png,Effusion,0.0,0.00190163
00000054_008.png,Mass,0.0,0.00188446
00000054_008.png,Infiltration,0.0,0.00187206
00000054_008.png,Effusion,0.0,0.00187206
00000054_008.png,Infiltration,0.0,0.00183296
00000054_008.png,Infiltration,0.0,0.00178051
00000054_008.png,Mass,0.0,0.00175953
00000054_008.png,Mass,0.0,0.00170612
00000054_008.png,Infiltration,0.0,0.00167465
00000054_008.png,Effusion,0.0,0.00162888
00000054_008.png,Infiltration,0.0,0.00162888
00000054_008.png,Effusion,0.0,0.00161934
00000054_008.png,Infiltration,0.0,0.00160313
00000054_008.png,Cardiomegaly,0.0,0.0015955
00000054_008.png,Infiltration,0.0,0.00157166
00000054_008.png,Infiltration,0.0,0.0015583
00000054_008.png,Infiltration,0.0,0.00155544
00000054_008.png,Mass,0.0,0.00149345
00000054_008.png,Cardiomegaly,0.0,0.00148678
00000054_008.png,Infiltration,0.0,0.00143909
00000054_008.png,Infiltration,0.0,0.00140667
00000054_008.png,Cardiomegaly,0.0,0.00136757
00000054_008.png,Effusion,0.0,0.0013237
00000054_008.png,Effusion,0.0,0.00130844
00000054_008.png,Infiltration,0.0,0.00130272
00000054_008.png,Infiltration,0.0,0.00121021
00000054_008.png,Infiltration,0.0,0.00120068
00000054_008.png,Infiltration,0.0,0.00118732
00000054_008.png,Infiltration,0.0,0.00118446
00000054_008.png,Effusion,0.0,0.00116539
00000054_008.png,Effusion,0.0,0.00116253
00000054_008.png,Effusion,0.0,0.00108814
00000054_008.png,Cardiomegaly,0.0,0.00108433
00000054_008.png,Mass,0.0,0.00107193
00000054_008.png,Effusion,0.0,0.00106621
00000054_008.png,Atelectasis,0.0,0.00106239
00000054_008.png,Infiltration,0.0,0.00105858
00000054_008.png,Effusion,0.0,0.00105
00000054_008.png,Mass,0.0,0.00104618
00000054_008.png,Infiltration,0.0,0.00103092
00000054_008.png,Cardiomegaly,0.0,0.00101566
00000054_008.png,Infiltration,0.0,0.00100708
00028974_016.png,Effusion,0.0,0.230957
00028974_016.png,Effusion,0.0,0.165161
00028974_016.png,Effusion,0.0,0.0359192
00028974_016.png,Effusion,0.0,0.0337524
00028974_016.png,Effusion,0.0,0.0272369
00028974_016.png,Mass,0.0,0.0269623
00028974_016.png,Mass,0.0,0.0210114
00028974_016.png,Atelectasis,0.09740278410553833,0.020752
00028974_016.png,Infiltration,0.0,0.0206146
00028974_016.png,Infiltration,0.1570124665925012,0.0192108
00028974_016.png,Effusion,0.0,0.0183563
00028974_016.png,Effusion,0.0,0.0158844
00028974_016.png,Effusion,0.00021341674358487186,0.0151749
00028974_016.png,Cardiomegaly,0.0,0.0136337
00028974_016.png,Atelectasis,0.14066262412997343,0.0131302
00028974_016.png,Cardiomegaly,0.7419073340965435,0.0124207
00028974_016.png,Infiltration,0.10157475065488786,0.012413
00028974_016.png,Infiltration,0.17912467856811667,0.0120926
00028974_016.png,Infiltration,0.3391312597125745,0.0116425
00028974_016.png,Mass,0.0,0.0115967
00028974_016.png,Infiltration,0.5015038405413945,0.0115738
00028974_016.png,Infiltration,0.2085019389531459,0.0113678
00028974_016.png,Effusion,0.0,0.0111084
00028974_016.png,Infiltration,0.33856595763092184,0.0107727
00028974_016.png,Infiltration,0.3516137942344379,0.0106201
00028974_016.png,Effusion,0.0,0.0104523
00028974_016.png,Infiltration,0.07223385121587451,0.00991058
00028974_016.png,Atelectasis,0.13376125124224608,0.00843048
00028974_016.png,Infiltration,0.0,0.00841522
00028974_016.png,Mass,0.0,0.0078125
00028974_016.png,Mass,0.0,0.00717545
00028974_016.png,Infiltration,0.11897384558200488,0.00701141
00028974_016.png,Cardiomegaly,0.0,0.00696945
00028974_016.png,Mass,0.0,0.00680161
00028974_016.png,Infiltration,0.2511137824737456,0.00597382
00028974_016.png,Effusion,0.0,0.00596619
00028974_016.png,Mass,0.0,0.00587845
00028974_016.png,Cardiomegaly,0.0,0.0058136
00028974_016.png,Atelectasis,0.11897384558200488,0.00560379
00028974_016.png,Cardiomegaly,0.4906630775324128,0.0053215
00028974_016.png,Mass,0.0,0.00516129
00028974_016.png,Mass,0.0,0.00477219
00028974_016.png,Cardiomegaly,0.0,0.00477219
00028974_016.png,Effusion,0.0,0.00473785
00028974_016.png,Cardiomegaly,0.0,0.00468826
00028974_016.png,Mass,0.0,0.00463104
00028974_016.png,Cardiomegaly,0.0,0.0045929
00028974_016.png,Effusion,0.0,0.00443649
00028974_016.png,Infiltration,0.0,0.00440979
00028974_016.png,Mass,0.0,0.00424194
00028974_016.png,Mass,0.0,0.00411606
00028974_016.png,Effusion,0.0,0.00392151
00028974_016.png,Effusion,0.0,0.00390625
00028974_016.png,Effusion,0.0,0.00376129
00028974_016.png,Effusion,0.0,0.00369072
00028974_016.png,Mass,0.0,0.00366783
00028974_016.png,Mass,0.0,0.00345421
00028974_016.png,Cardiomegaly,0.4736127566930638,0.00331116
00028974_016.png,Mass,0.0,0.00329781
00028974_016.png,Mass,0.0,0.00325012
00028974_016.png,Cardiomegaly,0.0,0.00323677
00028974_016.png,Mass,0.0,0.00314331
00028974_016.png,Cardiomegaly,0.17803175152948636,0.0030365
00028974_016.png,Cardiomegaly,0.07424660317030815,0.00303268
00028974_016.png,Infiltration,0.12680970555983553,0.00300789
00028974_016.png,Effusion,0.0,0.00297165
00028974_016.png,Infiltration,0.0,0.00296593
00028974_016.png,Mass,0.0,0.00295639
00028974_016.png,Atelectasis,0.17119292587744633,0.00288773
00028974_016.png,Effusion,0.0,0.00279808
00028974_016.png,Infiltration,0.0,0.00271034
00028974_016.png,Infiltration,0.16036231343863647,0.00269508
00028974_016.png,Cardiomegaly,0.5949492973873898,0.00264549
00028974_016.png,Effusion,0.0,0.00259972
00028974_016.png,Cardiomegaly,0.0,0.00254631
00028974_016.png,Infiltration,0.0,0.00251198
00028974_016.png,Infiltration,0.0,0.00240707
00028974_016.png,Infiltration,0.0,0.00240135
00028974_016.png,Atelectasis,0.07223385121587451,0.00229263
00028974_016.png,Mass,0.0,0.0022831
00028974_016.png,Cardiomegaly,0.0,0.00216675
00028974_016.png,Cardiomegaly,0.46546543554757336,0.00210953
00028974_016.png,Mass,0.0,0.00202751
00028974_016.png,Infiltration,0.0,0.00201035
00028974_016.png,Effusion,0.0,0.0019989
00028974_016.png,Effusion,0.0,0.00195694
00028974_016.png,Mass,0.0,0.00195217
00028974_016.png,Effusion,0.0,0.00193596
00028974_016.png,Effusion,0.0,0.0019331
00028974_016.png,Infiltration,0.0,0.00190353
00028974_016.png,Effusion,0.0,0.00180531
00028974_016.png,Infiltration,0.0,0.00170898
00028974_016.png,Cardiomegaly,0.0,0.00170135
00028974_016.png,Infiltration,0.0,0.00169086
00028974_016.png,Cardiomegaly,0.33447055388426555,0.00168514
00028974_016.png,Infiltration,0.0,0.00167561
00028974_016.png,Infiltration,0.8469489987322756,0.00165081
00028974_016.png,Cardiomegaly,0.0,0.00164795
00028974_016.png,Cardiomegaly,0.5389677923889307,0.00160313
00028974_016.png,Infiltration,0.19428007440348136,0.0015707
00028974_016.png,Effusion,0.0,0.00153828
00028974_016.png,Infiltration,0.0,0.00152493
00028974_016.png,Effusion,0.0,0.0015049
00028974_016.png,Effusion,0.0,0.0015049
00028974_016.png,Effusion,0.0,0.00149822
00028974_016.png,Effusion,0.0,0.00149632
00028974_016.png,Mass,0.0,0.00149632
00028974_016.png,Cardiomegaly,0.0,0.00148773
00028974_016.png,Effusion,0.0,0.00148582
00028974_016.png,Effusion,0.0,0.00148487
00028974_016.png,Infiltration,0.0,0.00148392
00028974_016.png,Effusion,0.0,0.00142479
00028974_016.png,Effusion,0.0,0.00139332
00028974_016.png,Cardiomegaly,0.29691331321660075,0.00139236
00028974_016.png,Mass,0.0,0.00138855
00028974_016.png,Cardiomegaly,0.0,0.00137329
00028974_016.png,Cardiomegaly,0.0,0.00136471
00028974_016.png,Effusion,0.0,0.0013628
00028974_016.png,Infiltration,0.0,0.00135994
00028974_016.png,Effusion,0.0,0.00135612
00028974_016.png,Effusion,0.0,0.00134945
00028974_016.png,Infiltration,0.0,0.00134277
00028974_016.png,Mass,0.0,0.00130653
00028974_016.png,Infiltration,0.0,0.00128555
00028974_016.png,Cardiomegaly,0.0,0.00127792
00028974_016.png,Effusion,0.0,0.00126362
00028974_016.png,Effusion,0.0,0.00123024
00028974_016.png,Cardiomegaly,0.0,0.00122929
00028974_016.png,Infiltration,0.0,0.00122166
00028974_016.png,Mass,0.0,0.00121784
00028974_016.png,Effusion,0.0,0.00121593
00028974_016.png,Effusion,0.0,0.00121307
00028974_016.png,Cardiomegaly,0.6224960108048677,0.00120544
00028974_016.png,Infiltration,0.0,0.00118732
00028974_016.png,Infiltration,0.0,0.00118446
00028974_016.png,Effusion,0.0,0.00117302
00028974_016.png,Infiltration,0.5491345166033426,0.00117207
00028974_016.png,Cardiomegaly,0.0,0.00116539
00028974_016.png,Effusion,0.0,0.00114536
00028974_016.png,Cardiomegaly,0.6281011766797809,0.00112915
00028974_016.png,Effusion,0.0,0.00111485
00028974_016.png,Cardiomegaly,0.0,0.00111485
00028974_016.png,Atelectasis,0.04147222031433018,0.00108814
00028974_016.png,Effusion,0.0,0.00108624
00028974_016.png,Cardiomegaly,0.0,0.00107861
00028974_016.png,Infiltration,0.0,0.00107288
00028974_016.png,Effusion,0.0,0.00107002
00028974_016.png,Mass,0.24016943648625538,0.00104904
00028974_016.png,Effusion,0.0,0.00103092
00028974_016.png,Infiltration,0.0,0.00102329
00028974_016.png,Mass,0.004439317760292054,0.00101566
00028974_016.png,Mass,0.0,0.00101089
00028974_016.png,Infiltration,0.0,0.00100708
00028974_016.png,Cardiomegaly,0.2934392741424229,0.00100708
00028628_008.png,Effusion,0.0,0.117859
00028628_008.png,Cardiomegaly,0.0,0.0738525
00028628_008.png,Effusion,0.08181663297241856,0.0376587
00028628_008.png,Cardiomegaly,0.0,0.0374451
00028628_008.png,Effusion,0.0,0.0369568
00028628_008.png,Infiltration,0.003246555832807233,0.0318298
00028628_008.png,Infiltration,0.0,0.0262604
00028628_008.png,Cardiomegaly,0.0,0.021347
00028628_008.png,Cardiomegaly,0.05845932059988416,0.0209351
00028628_008.png,Cardiomegaly,0.1979923969264663,0.0165558
00028628_008.png,Infiltration,0.0,0.0158234
00028628_008.png,Atelectasis,0.05094680807872784,0.0114899
00028628_008.png,Cardiomegaly,0.0,0.0111923
00028628_008.png,Cardiomegaly,0.0,0.0102081
00028628_008.png,Infiltration,0.0,0.00965118
00028628_008.png,Atelectasis,0.0021725643366337956,0.00918579
00028628_008.png,Effusion,0.026200928613112438,0.00907135
00028628_008.png,Cardiomegaly,0.0,0.00899506
00028628_008.png,Cardiomegaly,0.0,0.00848389
00028628_008.png,Effusion,0.0,0.0083847
00028628_008.png,Cardiomegaly,0.0,0.00815582
00028628_008.png,Effusion,0.11556183181465814,0.00788879
00028628_008.png,Cardiomegaly,0.226563426633886,0.00763321
00028628_008.png,Cardiomegaly,0.0,0.00754166
00028628_008.png,Mass,0.0,0.00683594
00028628_008.png,Cardiomegaly,0.0,0.00669479
00028628_008.png,Infiltration,0.0,0.00662613
00028628_008.png,Cardiomegaly,0.0,0.00660706
00028628_008.png,Cardiomegaly,0.0,0.00616455
00028628_008.png,Infiltration,0.0,0.00588989
00028628_008.png,Cardiomegaly,0.0,0.00582504
00028628_008.png,Effusion,0.0,0.00563812
00028628_008.png,Atelectasis,0.010066075484344244,0.00517654
00028628_008.png,Infiltration,0.0,0.00514984
00028628_008.png,Cardiomegaly,0.0,0.004776
00028628_008.png,Cardiomegaly,0.0,0.00461578
00028628_008.png,Cardiomegaly,0.0,0.00455475
00028628_008.png,Infiltration,0.0,0.00452423
00028628_008.png,Cardiomegaly,0.0,0.00450516
00028628_008.png,Cardiomegaly,0.0,0.00439072
00028628_008.png,Infiltration,0.0,0.00408936
00028628_008.png,Cardiomegaly,0.14833063578223568,0.00385666
00028628_008.png,Infiltration,0.087361958875269,0.00385475
00028628_008.png,Infiltration,0.0,0.00383377
00028628_008.png,Cardiomegaly,0.0,0.00374603
00028628_008.png,Atelectasis,0.0,0.00368309
00028628_008.png,Cardiomegaly,0.0,0.00362587
00028628_008.png,Effusion,0.0,0.00346184
00028628_008.png,Effusion,0.0,0.0032711
00028628_008.png,Effusion,0.0,0.00316811
00028628_008.png,Cardiomegaly,0.0,0.00314522
00028628_008.png,Infiltration,0.0,0.00310135
00028628_008.png,Cardiomegaly,0.0,0.00307274
00028628_008.png,Cardiomegaly,0.0,0.00303459
00028628_008.png,Infiltration,0.07584869512799061,0.00301743
00028628_008.png,Cardiomegaly,0.0,0.00299072
00028628_008.png,Mass,0.0,0.00289536
00028628_008.png,Effusion,0.0,0.00286484
00028628_008.png,Infiltration,0.0,0.00273132
00028628_008.png,Mass,0.0,0.00253677
00028628_008.png,Cardiomegaly,0.0,0.002491
00028628_008.png,Effusion,0.052995793317630484,0.00244141
00028628_008.png,Cardiomegaly,0.0,0.00242615
00028628_008.png,Cardiomegaly,0.0,0.00239372
00028628_008.png,Infiltration,0.0,0.0023632
00028628_008.png,Infiltration,0.06242798112977137,0.00231361
00028628_008.png,Effusion,0.039180754423563946,0.00218964
00028628_008.png,Infiltration,0.0,0.00218773
00028628_008.png,Atelectasis,0.0,0.00215912
00028628_008.png,Cardiomegaly,0.0,0.00212479
00028628_008.png,Effusion,0.08808207764302099,0.00210381
00028628_008.png,Effusion,0.11839761727315731,0.00208092
00028628_008.png,Effusion,0.053757845927981586,0.00207901
00028628_008.png,Cardiomegaly,0.02298569236260285,0.00207901
00028628_008.png,Cardiomegaly,0.12782014491175556,0.00194073
00028628_008.png,Cardiomegaly,0.04018043428950511,0.00192356
00028628_008.png,Cardiomegaly,0.0,0.00192356
00028628_008.png,Infiltration,0.0,0.0018177
00028628_008.png,Cardiomegaly,0.0,0.00177002
00028628_008.png,Cardiomegaly,0.6287116612735696,0.00176239
00028628_008.png,Infiltration,0.0,0.00174999
00028628_008.png,Infiltration,0.0,0.00167656
00028628_008.png,Mass,0.0,0.00163078
00028628_008.png,Cardiomegaly,0.0,0.00161552
00028628_008.png,Cardiomegaly,0.0,0.00158691
00028628_008.png,Effusion,0.0,0.00158596
00028628_008.png,Cardiomegaly,0.0,0.00151443
00028628_008.png,Cardiomegaly,0.0,0.00146866
00028628_008.png,Infiltration,0.0,0.00146866
00028628_008.png,Effusion,0.05819014372276288,0.00144958
00028628_008.png,Effusion,0.0,0.00144291
00028628_008.png,Effusion,0.0,0.00142288
00028628_008.png,Infiltration,0.0,0.00140095
00028628_008.png,Mass,0.0,0.0013876
00028628_008.png,Effusion,0.060722669363927825,0.00137138
00028628_008.png,Effusion,0.0,0.00136852
00028628_008.png,Infiltration,0.047113887549952056,0.00136375
00028628_008.png,Effusion,0.0,0.0013485
00028628_008.png,Effusion,0.0,0.00132179
00028628_008.png,Cardiomegaly,0.0,0.00131989
00028628_008.png,Cardiomegaly,0.036639114630857346,0.00130844
00028628_008.png,Cardiomegaly,0.0,0.00130367
00028628_008.png,Infiltration,0.0,0.00130272
00028628_008.png,Infiltration,0.0,0.00129509
00028628_008.png,Infiltration,0.03771555217586918,0.00128746
00028628_008.png,Cardiomegaly,0.24121984942955885,0.00127888
00028628_008.png,Infiltration,0.017053461976567905,0.00126553
00028628_008.png,Cardiomegaly,0.0,0.00124741
00028628_008.png,Cardiomegaly,0.0,0.00123405
00028628_008.png,Effusion,0.012543905891138449,0.00122452
00028628_008.png,Infiltration,0.11839761727315731,0.00122452
00028628_008.png,Effusion,0.0,0.00120544
00028628_008.png,Cardiomegaly,0.0,0.00119877
00028628_008.png,Effusion,0.0857986625664514,0.00119686
00028628_008.png,Cardiomegaly,0.0,0.00119495
00028628_008.png,Cardiomegaly,0.0,0.00118351
00028628_008.png,Effusion,0.0,0.00115204
00028628_008.png,Cardiomegaly,0.0,0.00114822
00028628_008.png,Infiltration,0.0855665489001112,0.00111198
00028628_008.png,Mass,0.0,0.00108433
00028628_008.png,Effusion,0.01683558702942395,0.00105476
00028628_008.png,Infiltration,0.0,0.00103378
00028628_008.png,Infiltration,0.0,0.00103092
00028628_008.png,Cardiomegaly,0.0,0.00102711
00028628_008.png,Infiltration,0.0,0.00101948
00028628_008.png,Cardiomegaly,0.0,0.00101185
00025252_040.png,Atelectasis,0.1098211997372337,0.503418
00025252_040.png,Mass,0.0,0.203491
00025252_040.png,Mass,0.0,0.0891724
00025252_040.png,Effusion,0.0,0.0318604
00025252_040.png,Atelectasis,0.0,0.0292511
00025252_040.png,Effusion,0.0,0.0260162
00025252_040.png,Mass,0.0,0.0242615
00025252_040.png,Atelectasis,0.0,0.0223541
00025252_040.png,Mass,0.0,0.0182037
00025252_040.png,Infiltration,0.0,0.0172882
00025252_040.png,Effusion,0.11142793845067608,0.0157928
00025252_040.png,Cardiomegaly,0.5986349377496216,0.0154343
00025252_040.png,Mass,0.0,0.0147934
00025252_040.png,Mass,0.0,0.0139236
00025252_040.png,Effusion,0.16469987570993222,0.0131302
00025252_040.png,Effusion,0.0,0.0130768
00025252_040.png,Effusion,0.0,0.0118179
00025252_040.png,Mass,0.0,0.0115051
00025252_040.png,Cardiomegaly,0.46885669633191485,0.0108261
00025252_040.png,Infiltration,0.0,0.0107193
00025252_040.png,Mass,0.01674777618128054,0.0100708
00025252_040.png,Infiltration,0.16928057866687812,0.00935364
00025252_040.png,Effusion,0.11398107726244651,0.0089035
00025252_040.png,Mass,0.0,0.00830078
00025252_040.png,Cardiomegaly,0.0,0.007061
00025252_040.png,Cardiomegaly,0.0,0.00688553
00025252_040.png,Infiltration,0.0,0.00669479
00025252_040.png,Cardiomegaly,0.0,0.00655746
00025252_040.png,Effusion,0.0,0.00634003
00025252_040.png,Cardiomegaly,0.0,0.00618744
00025252_040.png,Effusion,0.0,0.00595474
00025252_040.png,Effusion,0.0,0.00572968
00025252_040.png,Mass,0.0,0.0055542
00025252_040.png,Mass,0.0,0.00533676
00025252_040.png,Cardiomegaly,0.0,0.00525665
00025252_040.png,Infiltration,0.4326403488527102,0.00524521
00025252_040.png,Mass,0.0,0.00521469
00025252_040.png,Mass,0.0,0.00511551
00025252_040.png,Cardiomegaly,0.0,0.00507736
00025252_040.png,Cardiomegaly,0.0,0.00501251
00025252_040.png,Cardiomegaly,0.5533567174403003,0.00499725
00025252_040.png,Cardiomegaly,0.6204285723402042,0.00473022
00025252_040.png,Infiltration,0.0,0.00470734
00025252_040.png,Infiltration,0.0,0.00464249
00025252_040.png,Atelectasis,0.08670154683565065,0.00463486
00025252_040.png,Infiltration,0.0,0.00462341
00025252_040.png,Mass,0.0,0.00457764
00025252_040.png,Effusion,0.0,0.00432968
00025252_040.png,Mass,0.0,0.00428009
00025252_040.png,Effusion,0.0,0.00427628
00025252_040.png,Mass,0.0,0.00414658
00025252_040.png,Mass,0.1947206019633194,0.00411606
00025252_040.png,Mass,0.0,0.00407791
00025252_040.png,Mass,0.0,0.00406265
00025252_040.png,Cardiomegaly,0.0,0.00392914
00025252_040.png,Infiltration,0.20131244722208294,0.00391769
00025252_040.png,Effusion,0.0415269817573881,0.00387955
00025252_040.png,Cardiomegaly,0.0,0.00387192
00025252_040.png,Mass,0.0,0.00366783
00025252_040.png,Infiltration,0.0,0.00362968
00025252_040.png,Effusion,0.0,0.00362015
00025252_040.png,Cardiomegaly,0.0,0.00358391
00025252_040.png,Effusion,0.0,0.00349998
00025252_040.png,Cardiomegaly,0.0,0.00349236
00025252_040.png,Infiltration,0.09306905828287156,0.00341797
00025252_040.png,Effusion,0.0,0.00341415
00025252_040.png,Infiltration,0.0,0.00341034
00025252_040.png,Effusion,0.0,0.00339317
00025252_040.png,Mass,0.0,0.00336456
00025252_040.png,Mass,0.07217673061121423,0.00334167
00025252_040.png,Mass,0.05919875198047625,0.00325775
00025252_040.png,Mass,0.0,0.00317001
00025252_040.png,Cardiomegaly,0.0,0.00307274
00025252_040.png,Cardiomegaly,0.0,0.00305939
00025252_040.png,Atelectasis,0.0,0.00302887
00025252_040.png,Mass,0.0,0.00299835
00025252_040.png,Cardiomegaly,0.4015774977273143,0.00297356
00025252_040.png,Mass,0.0,0.00296974
00025252_040.png,Infiltration,0.07825048668384846,0.00286865
00025252_040.png,Mass,0.0,0.00279999
00025252_040.png,Effusion,0.0,0.00278664
00025252_040.png,Mass,0.0,0.00275803
00025252_040.png,Mass,0.0,0.00273895
00025252_040.png,Effusion,0.0,0.00271416
00025252_040.png,Infiltration,0.0,0.00268745
00025252_040.png,Infiltration,0.14055218472661307,0.00265694
00025252_040.png,Infiltration,0.13751069009675718,0.00264168
00025252_040.png,Cardiomegaly,0.0,0.00260925
00025252_040.png,Infiltration,0.0,0.00258827
00025252_040.png,Cardiomegaly,0.0,0.00255203
00025252_040.png,Effusion,0.0,0.0025444
00025252_040.png,Effusion,0.030719486079147502,0.0025425
00025252_040.png,Cardiomegaly,0.0,0.0024929
00025252_040.png,Effusion,0.0,0.00240707
00025252_040.png,Infiltration,0.0,0.00237274
00025252_040.png,Effusion,0.0,0.00236511
00025252_040.png,Mass,0.0,0.0023632
00025252_040.png,Cardiomegaly,0.0,0.00234032
00025252_040.png,Effusion,0.10661921565976375,0.00229645
00025252_040.png,Cardiomegaly,0.0,0.00229073
00025252_040.png,Effusion,0.0,0.002285
00025252_040.png,Mass,0.04623743748794402,0.0022831
00025252_040.png,Effusion,0.0,0.00225258
00025252_040.png,Mass,0.0,0.00222969
00025252_040.png,Effusion,0.0,0.00218582
00025252_040.png,Effusion,0.0,0.00202751
00025252_040.png,Mass,0.0865226763306762,0.00201988
00025252_040.png,Effusion,0.05158113855875824,0.00200272
00025252_040.png,Effusion,0.0,0.00198174
00025252_040.png,Mass,0.0,0.00196457
00025252_040.png,Infiltration,0.053387017621827355,0.00196266
00025252_040.png,Effusion,0.0,0.00194263
00025252_040.png,Mass,0.07752476894623096,0.00192451
00025252_040.png,Infiltration,0.2712046791059535,0.00191116
00025252_040.png,Effusion,0.0,0.00190353
00025252_040.png,Infiltration,0.15773851411807124,0.00186443
00025252_040.png,Mass,0.0833735874324703,0.00186443
00025252_040.png,Infiltration,0.13104960284280728,0.00186253
00025252_040.png,Effusion,0.0,0.00185776
00025252_040.png,Effusion,0.0,0.00184536
00025252_040.png,Cardiomegaly,0.0,0.00184441
00025252_040.png,Infiltration,0.0,0.0018158
00025252_040.png,Infiltration,0.1963320691346039,0.00180149
00025252_040.png,Effusion,0.0,0.00178528
00025252_040.png,Effusion,0.0,0.00178051
00025252_040.png,Infiltration,0.229940377025739,0.00177956
00025252_040.png,Effusion,0.0,0.00175858
00025252_040.png,Infiltration,0.11187190264547518,0.00174141
00025252_040.png,Mass,0.0,0.00170994
00025252_040.png,Cardiomegaly,0.0,0.00166607
00025252_040.png,Effusion,0.0,0.00165939
00025252_040.png,Mass,0.13751069009675718,0.00164318
00025252_040.png,Mass,0.0,0.00162601
00025252_040.png,Infiltration,0.0732935130029802,0.00161266
00025252_040.png,Cardiomegaly,0.0,0.00160885
00025252_040.png,Effusion,0.0,0.0015955
00025252_040.png,Mass,0.07615372309577843,0.00157833
00025252_040.png,Mass,0.0,0.00155163
00025252_040.png,Mass,0.0,0.00154114
00025252_040.png,Infiltration,0.13854848826178853,0.00153637
00025252_040.png,Mass,0.08878252585106998,0.00153446
00025252_040.png,Mass,0.0,0.0015173
00025252_040.png,Cardiomegaly,0.0,0.00147057
00025252_040.png,Infiltration,0.0,0.00145912
00025252_040.png,Infiltration,0.10856549893510138,0.00144386
00025252_040.png,Mass,0.01319692724485035,0.00143623
00025252_040.png,Infiltration,0.0,0.00142384
00025252_040.png,Effusion,0.0,0.00141716
00025252_040.png,Mass,0.0,0.0014019
00025252_040.png,Infiltration,0.0,0.00139999
00025252_040.png,Effusion,0.0627311265993885,0.0013895
00025252_040.png,Effusion,0.0,0.00138569
00025252_040.png,Effusion,0.08577800830354446,0.00138092
00025252_040.png,Cardiomegaly,0.0,0.00136566
00025252_040.png,Mass,0.0,0.00135708
00025252_040.png,Infiltration,0.08054510711461768,0.00135517
00025252_040.png,Mass,0.0,0.00135231
00025252_040.png,Mass,0.0,0.00135136
00025252_040.png,Effusion,0.0,0.00134945
00025252_040.png,Effusion,0.0,0.00134373
00025252_040.png,Infiltration,0.11142793845067608,0.00133514
00025252_040.png,Effusion,0.0,0.00133228
00025252_040.png,Cardiomegaly,0.0,0.00132942
00025252_040.png,Effusion,0.0,0.00132751
00025252_040.png,Effusion,0.0,0.00130844
00025252_040.png,Mass,0.0,0.00130463
00025252_040.png,Effusion,0.0,0.00130081
00025252_040.png,Cardiomegaly,0.0,0.0012989
00025252_040.png,Infiltration,0.0,0.00129128
00025252_040.png,Effusion,0.0,0.00127792
00025252_040.png,Effusion,0.0,0.00126266
00025252_040.png,Mass,0.05994617824517014,0.00125885
00025252_040.png,Effusion,0.0,0.00124645
00025252_040.png,Infiltration,0.06955644398800538,0.0012455
00025252_040.png,Cardiomegaly,0.0,0.00121784
00025252_040.png,Mass,0.0,0.00121307
00025252_040.png,Mass,0.0,0.00119019
00025252_040.png,Effusion,0.0,0.00118351
00025252_040.png,Infiltration,0.11686423809091386,0.00117111
00025252_040.png,Infiltration,0.09785779565938568,0.0011673
00025252_040.png,Cardiomegaly,0.0,0.00115585
00025252_040.png,Effusion,0.0,0.00115299
00025252_040.png,Mass,0.0,0.00115013
00025252_040.png,Infiltration,0.0,0.00113964
00025252_040.png,Effusion,0.0,0.00113392
00025252_040.png,Effusion,0.0,0.0011301
00025252_040.png,Infiltration,0.05158113855875824,0.0011301
00025252_040.png,Mass,0.0,0.00112152
00025252_040.png,Effusion,0.0,0.00111961
00025252_040.png,Effusion,0.016704138467454943,0.00111866
00025252_040.png,Cardiomegaly,0.0,0.00111008
00025252_040.png,Infiltration,0.0,0.00109959
00025252_040.png,Effusion,0.0,0.0010891
00025252_040.png,Effusion,0.0,0.00108528
00025252_040.png,Effusion,0.0,0.00108433
00025252_040.png,Effusion,0.0,0.00107956
00025252_040.png,Mass,0.0,0.00107765
00025252_040.png,Mass,0.0,0.00105667
00025252_040.png,Infiltration,0.0,0.00105286
00025252_040.png,Infiltration,0.0,0.00103664
00025252_040.png,Effusion,0.0,0.00103569
00025252_040.png,Effusion,0.053387017621827355,0.0010252
00000054_009.png,Atelectasis,0.0,0.242676
00000054_009.png,Mass,0.0,0.0439148
00000054_009.png,Infiltration,0.0,0.0355225
00000054_009.png,Mass,0.0,0.0177002
00000054_009.png,Mass,0.0,0.0113297
00000054_009.png,Effusion,0.0,0.00814056
00000054_009.png,Effusion,0.0,0.00671768
00000054_009.png,Infiltration,0.0,0.00641251
00000054_009.png,Mass,0.0,0.00591278
00000054_009.png,Infiltration,0.0,0.00563431
00000054_009.png,Cardiomegaly,0.0,0.00518799
00000054_009.png,Cardiomegaly,0.0,0.00518417
00000054_009.png,Infiltration,0.0,0.00482559
00000054_009.png,Mass,0.0,0.0045166
00000054_009.png,Effusion,0.0,0.00444794
00000054_009.png,Infiltration,0.0,0.00435257
00000054_009.png,Infiltration,0.0,0.00408936
00000054_009.png,Infiltration,0.0,0.00399399
00000054_009.png,Infiltration,0.0,0.00397491
00000054_009.png,Mass,0.0,0.00374603
00000054_009.png,Mass,0.0,0.00364876
00000054_009.png,Effusion,0.0,0.00358772
00000054_009.png,Atelectasis,0.0,0.00354958
00000054_009.png,Infiltration,0.0,0.00344086
00000054_009.png,Mass,0.0,0.00343895
00000054_009.png,Effusion,0.0,0.00332069
00000054_009.png,Effusion,0.0,0.00330734
00000054_009.png,Effusion,0.0,0.00321579
00000054_009.png,Mass,0.0,0.003088
00000054_009.png,Effusion,0.0,0.00294685
00000054_009.png,Mass,0.0,0.00280952
00000054_009.png,Infiltration,0.0,0.00266457
00000054_009.png,Effusion,0.0,0.00251961
00000054_009.png,Effusion,0.0,0.00247002
00000054_009.png,Effusion,0.0,0.00241661
00000054_009.png,Mass,0.0,0.0022316
00000054_009.png,Effusion,0.0,0.00211334
00000054_009.png,Infiltration,0.0,0.00209999
00000054_009.png,Cardiomegaly,0.0,0.00205421
00000054_009.png,Effusion,0.0,0.00203705
00000054_009.png,Mass,0.0,0.0020256
00000054_009.png,Effusion,0.0,0.00199127
00000054_009.png,Cardiomegaly,0.0,0.00196838
00000054_009.png,Effusion,0.0,0.00193691
00000054_009.png,Effusion,0.0,0.0019207
00000054_009.png,Mass,0.0,0.00187492
00000054_009.png,Effusion,0.0,0.00187302
00000054_009.png,Mass,0.0,0.00184441
00000054_009.png,Effusion,0.0,0.00183582
00000054_009.png,Infiltration,0.0,0.00182724
00000054_009.png,Effusion,0.0,0.00170422
00000054_009.png,Mass,0.0,0.00167942
00000054_009.png,Effusion,0.0,0.00166893
00000054_009.png,Cardiomegaly,0.0,0.00155735
00000054_009.png,Effusion,0.0,0.00151443
00000054_009.png,Effusion,0.0,0.00149918
00000054_009.png,Infiltration,0.0,0.00149918
00000054_009.png,Infiltration,0.0,0.0014801
00000054_009.png,Mass,0.0,0.00147724
00000054_009.png,Cardiomegaly,0.0,0.00142288
00000054_009.png,Mass,0.0,0.00140667
00000054_009.png,Mass,0.0,0.00140572
00000054_009.png,Cardiomegaly,0.0,0.00139618
00000054_009.png,Effusion,0.0,0.00139332
00000054_009.png,Cardiomegaly,0.0,0.00138474
00000054_009.png,Effusion,0.0,0.00137424
00000054_009.png,Mass,0.0,0.00136662
00000054_009.png,Effusion,0.0,0.00134277
00000054_009.png,Infiltration,0.0,0.00129318
00000054_009.png,Effusion,0.0,0.00128365
00000054_009.png,Mass,0.0,0.0012722
00000054_009.png,Mass,0.0,0.00126648
00000054_009.png,Mass,0.0,0.00122452
00000054_009.png,Infiltration,0.0,0.00119781
00000054_009.png,Effusion,0.0,0.00119686
00000054_009.png,Cardiomegaly,0.0,0.00119305
00000054_009.png,Effusion,0.0,0.00118542
00000054_009.png,Infiltration,0.0,0.0011158
00000054_009.png,Mass,0.0,0.00111485
00000054_009.png,Atelectasis,0.0,0.0010891
00000054_009.png,Cardiomegaly,0.0,0.00103474
00000054_009.png,Effusion,0.0,0.00101566
00000054_009.png,Infiltration,0.0,0.00101566
00000054_009.png,Effusion,0.0,0.00101089
00000054_009.png,Infiltration,0.0,0.00100994
00013337_000.png,Effusion,0.0,0.329834
00013337_000.png,Effusion,0.0,0.0883789
00013337_000.png,Infiltration,0.0,0.0700684
00013337_000.png,Effusion,0.042693636522263184,0.0528259
00013337_000.png,Cardiomegaly,0.17330621256445747,0.0461731
00013337_000.png,Atelectasis,0.05800098159198639,0.0458069
00013337_000.png,Cardiomegaly,0.497007300639857,0.0245209
00013337_000.png,Mass,0.0,0.018631
00013337_000.png,Effusion,0.0,0.0162659
00013337_000.png,Cardiomegaly,0.190952582520348,0.0141373
00013337_000.png,Cardiomegaly,0.545977763645857,0.010849
00013337_000.png,Effusion,0.025112719637438215,0.0103531
00013337_000.png,Infiltration,0.1325221545612975,0.0102997
00013337_000.png,Infiltration,0.0,0.00984955
00013337_000.png,Effusion,0.08928375426813982,0.00967407
00013337_000.png,Cardiomegaly,0.19396149268417795,0.0096283
00013337_000.png,Infiltration,0.0,0.00946808
00013337_000.png,Cardiomegaly,0.7957516334035496,0.00843048
00013337_000.png,Cardiomegaly,0.29286565496594263,0.00839996
00013337_000.png,Cardiomegaly,0.39528256823365726,0.00826263
00013337_000.png,Cardiomegaly,0.37924323114617825,0.00761032
00013337_000.png,Cardiomegaly,0.5714953413881511,0.00757217
00013337_000.png,Mass,0.0,0.00703049
00013337_000.png,Effusion,0.0,0.00688553
00013337_000.png,Effusion,0.0,0.00684357
00013337_000.png,Infiltration,0.0,0.00663376
00013337_000.png,Infiltration,0.0,0.00657654
00013337_000.png,Mass,0.0,0.00654984
00013337_000.png,Mass,0.012582961631573368,0.00643921
00013337_000.png,Effusion,0.0,0.00617599
00013337_000.png,Cardiomegaly,0.20106389339939557,0.00588226
00013337_000.png,Infiltration,0.060032004299004536,0.00575256
00013337_000.png,Cardiomegaly,0.3854252766329508,0.00561523
00013337_000.png,Infiltration,0.1403928974372414,0.00530624
00013337_000.png,Effusion,0.0,0.00524521
00013337_000.png,Infiltration,0.0,0.00520706
00013337_000.png,Infiltration,0.1420635436977418,0.00514221
00013337_000.png,Cardiomegaly,0.1460963043075414,0.00510406
00013337_000.png,Infiltration,0.18736244202978516,0.00497818
00013337_000.png,Infiltration,0.15641251729745465,0.00497437
00013337_000.png,Atelectasis,0.16147188670812912,0.00489044
00013337_000.png,Infiltration,0.06149085334412321,0.0047493
00013337_000.png,Infiltration,0.1460963043075414,0.00462341
00013337_000.png,Effusion,0.0,0.00440216
00013337_000.png,Effusion,0.0,0.00409698
00013337_000.png,Effusion,0.0,0.00380898
00013337_000.png,Effusion,0.023203036450377773,0.00379372
00013337_000.png,Infiltration,0.0,0.00377083
00013337_000.png,Cardiomegaly,0.09233954052776353,0.00368118
00013337_000.png,Infiltration,0.0,0.00356865
00013337_000.png,Cardiomegaly,0.0,0.00344086
00013337_000.png,Cardiomegaly,0.0531655413913508,0.00342751
00013337_000.png,Effusion,0.16351824414344437,0.00328445
00013337_000.png,Infiltration,0.0,0.00328445
00013337_000.png,Effusion,0.0,0.00327301
00013337_000.png,Effusion,0.170299716052135,0.00322151
00013337_000.png,Infiltration,0.0,0.00321007
00013337_000.png,Mass,0.0,0.00317001
00013337_000.png,Effusion,0.0,0.00317001
00013337_000.png,Infiltration,0.0,0.00298882
00013337_000.png,Mass,0.0,0.00292397
00013337_000.png,Effusion,0.0,0.00285339
00013337_000.png,Infiltration,0.24486492724810077,0.00281525
00013337_000.png,Infiltration,0.0,0.00280571
00013337_000.png,Mass,0.0,0.00271225
00013337_000.png,Effusion,0.08828951922950075,0.00269699
00013337_000.png,Cardiomegaly,0.4261744281836907,0.00268745
00013337_000.png,Mass,0.0,0.00257111
00013337_000.png,Cardiomegaly,0.5484325859769202,0.00257111
00013337_000.png,Infiltration,0.08828951922950075,0.00247765
00013337_000.png,Mass,0.0,0.00242805
00013337_000.png,Infiltration,0.18562484504758223,0.00234413
00013337_000.png,Effusion,0.006741048253388064,0.00227547
00013337_000.png,Effusion,0.0,0.00226593
00013337_000.png,Infiltration,0.0,0.00223732
00013337_000.png,Cardiomegaly,0.0,0.00223541
00013337_000.png,Effusion,0.0,0.00221825
00013337_000.png,Infiltration,0.0,0.0022049
00013337_000.png,Cardiomegaly,0.18145912331988015,0.00219917
00013337_000.png,Infiltration,0.16351824414344437,0.00218964
00013337_000.png,Infiltration,0.12310956678234329,0.00214386
00013337_000.png,Infiltration,0.0,0.0021286
00013337_000.png,Infiltration,0.0,0.00207138
00013337_000.png,Mass,0.049454619186005154,0.00205994
00013337_000.png,Infiltration,0.190952582520348,0.0020237
00013337_000.png,Mass,0.0,0.00200272
00013337_000.png,Cardiomegaly,0.4296407325681215,0.00198364
00013337_000.png,Effusion,0.048328719229054684,0.00196266
00013337_000.png,Mass,0.0,0.00187874
00013337_000.png,Mass,0.0,0.00187874
00013337_000.png,Cardiomegaly,0.33053908407294513,0.00180721
00013337_000.png,Infiltration,0.0,0.00179863
00013337_000.png,Infiltration,0.19634971044901967,0.00178051
00013337_000.png,Effusion,0.0,0.00177097
00013337_000.png,Atelectasis,0.0,0.00176239
00013337_000.png,Cardiomegaly,0.18322161780515242,0.00174427
00013337_000.png,Effusion,0.0,0.00172234
00013337_000.png,Mass,0.0,0.00170517
00013337_000.png,Infiltration,0.19328185121848826,0.0017004
00013337_000.png,Effusion,0.0,0.00168514
00013337_000.png,Cardiomegaly,0.0,0.00168324
00013337_000.png,Cardiomegaly,0.23920163572860487,0.00162125
00013337_000.png,Effusion,0.0,0.00158978
00013337_000.png,Effusion,0.0,0.00156784
00013337_000.png,Mass,0.01976754523484021,0.00156307
00013337_000.png,Cardiomegaly,0.18855646467544918,0.00156307
00013337_000.png,Mass,0.0,0.00154686
00013337_000.png,Cardiomegaly,0.3358452854358447,0.00154495
00013337_000.png,Effusion,0.0,0.0015173
00013337_000.png,Infiltration,0.2548628526888952,0.00150776
00013337_000.png,Mass,0.0,0.00147152
00013337_000.png,Cardiomegaly,0.15641251729745465,0.00144768
00013337_000.png,Infiltration,0.0,0.00143433
00013337_000.png,Cardiomegaly,0.15327554485455283,0.00138569
00013337_000.png,Effusion,0.0,0.00136852
00013337_000.png,Infiltration,0.0,0.00136662
00013337_000.png,Effusion,0.24377649444879493,0.00132465
00013337_000.png,Infiltration,0.0,0.00129795
00013337_000.png,Effusion,0.028022452283318053,0.00128174
00013337_000.png,Mass,0.0,0.00127983
00013337_000.png,Effusion,0.0,0.00125694
00013337_000.png,Infiltration,0.16034632101391236,0.00125408
00013337_000.png,Cardiomegaly,0.0,0.00123787
00013337_000.png,Mass,0.0,0.00123787
00013337_000.png,Mass,0.0,0.00123692
00013337_000.png,Effusion,0.0,0.00123119
00013337_000.png,Infiltration,0.0,0.00122833
00013337_000.png,Effusion,0.0,0.00121689
00013337_000.png,Cardiomegaly,0.25541821096556594,0.00121403
00013337_000.png,Cardiomegaly,0.31692385608767376,0.00121212
00013337_000.png,Infiltration,0.08475976579462585,0.00118923
00013337_000.png,Hernia,0.0,0.00117111
00013337_000.png,Effusion,0.0,0.00115871
00013337_000.png,Atelectasis,0.0,0.00115585
00013337_000.png,Effusion,0.15641251729745465,0.00114822
00013337_000.png,Cardiomegaly,0.19086790158791492,0.00114346
00013337_000.png,Effusion,0.0,0.00113201
00013337_000.png,Infiltration,0.0,0.00110149
00013337_000.png,Effusion,0.02758000360251229,0.00109386
00013337_000.png,Effusion,0.19634971044901967,0.00108719
00013337_000.png,Effusion,0.0,0.00108433
00013337_000.png,Effusion,0.17841217486696268,0.00107384
00013337_000.png,Effusion,0.03265303290424843,0.00105572
00013337_000.png,Effusion,0.0,0.00105286
00013337_000.png,Cardiomegaly,0.2545521380205164,0.00102806
00013337_000.png,Infiltration,0.20160112477467523,0.00102329
00013337_000.png,Mass,0.0,0.00101471
00013337_000.png,Effusion,0.0,0.00101089
00013337_000.png,Fibrosis,0.0,0.00100231
00005532_000.png,Atelectasis,0.8360685069399123,0.628906
00005532_000.png,Effusion,0.018305277735267023,0.0498352
00005532_000.png,Cardiomegaly,0.0,0.0323181
00005532_000.png,Infiltration,0.23379972691325512,0.0173492
00005532_000.png,Cardiomegaly,0.0,0.013649
00005532_000.png,Infiltration,0.09005194122642356,0.0126801
00005532_000.png,Infiltration,0.02076575285571721,0.0112457
00005532_000.png,Infiltration,0.024340098931271915,0.0109406
00005532_000.png,Infiltration,0.01645475541228281,0.00913239
00005532_000.png,Cardiomegaly,0.0,0.00909424
00005532_000.png,Effusion,0.0,0.00867462
00005532_000.png,Infiltration,0.0052103480943075835,0.00795746
00005532_000.png,Cardiomegaly,0.0,0.00751495
00005532_000.png,Infiltration,0.0896914655887763,0.00718689
00005532_000.png,Infiltration,0.47439095661614317,0.00569534
00005532_000.png,Infiltration,0.01010994418032881,0.00546646
00005532_000.png,Infiltration,0.06505698905446106,0.00522995
00005532_000.png,Atelectasis,0.5431546726105828,0.00501251
00005532_000.png,Mass,0.02664512139519019,0.00460052
00005532_000.png,Infiltration,0.1284491286699344,0.00402069
00005532_000.png,Infiltration,0.17656894707133572,0.0039978
00005532_000.png,Infiltration,0.10895937792774663,0.00395584
00005532_000.png,Effusion,0.0,0.00393677
00005532_000.png,Cardiomegaly,0.021636706529422706,0.00384331
00005532_000.png,Effusion,0.0,0.00366783
00005532_000.png,Infiltration,0.06001814268676981,0.00349808
00005532_000.png,Cardiomegaly,0.0,0.00344467
00005532_000.png,Cardiomegaly,0.02590736210364551,0.00325012
00005532_000.png,Cardiomegaly,0.0,0.002985
00005532_000.png,Cardiomegaly,0.0,0.00292015
00005532_000.png,Effusion,0.0,0.00289536
00005532_000.png,Infiltration,0.13061826908412622,0.00284576
00005532_000.png,Cardiomegaly,0.0,0.00265121
00005532_000.png,Cardiomegaly,0.0,0.00253868
00005532_000.png,Cardiomegaly,0.0,0.00240326
00005532_000.png,Cardiomegaly,0.0,0.00233841
00005532_000.png,Infiltration,0.022701791656162384,0.00224686
00005532_000.png,Cardiomegaly,0.0,0.00223923
00005532_000.png,Infiltration,0.8701874827114482,0.0021286
00005532_000.png,Effusion,0.09018024675225571,0.00197792
00005532_000.png,Cardiomegaly,0.0,0.00197601
00005532_000.png,Cardiomegaly,0.0,0.00187302
00005532_000.png,Cardiomegaly,0.02507040304354487,0.00186443
00005532_000.png,Atelectasis,0.24749046109351155,0.00184441
00005532_000.png,Effusion,0.0,0.00181293
00005532_000.png,Cardiomegaly,0.20570662628568376,0.00169945
00005532_000.png,Effusion,0.0,0.00163937
00005532_000.png,Effusion,0.0007155690438625987,0.00160694
00005532_000.png,Effusion,0.014643803861660276,0.00153542
00005532_000.png,Effusion,0.06687114788630151,0.00152302
00005532_000.png,Mass,0.02830190376493939,0.00145435
00005532_000.png,Cardiomegaly,0.0,0.00145435
00005532_000.png,Effusion,0.0,0.00141335
00005532_000.png,Mass,0.0,0.00135136
00005532_000.png,Cardiomegaly,0.0,0.00131416
00005532_000.png,Mass,0.07989297007806484,0.00122738
00005532_000.png,Cardiomegaly,0.024237084194141677,0.00121975
00005532_000.png,Effusion,0.0,0.00121498
00005532_000.png,Effusion,0.0,0.00118065
00005532_000.png,Mass,0.0,0.00117302
00005532_000.png,Mass,0.0008318632261698232,0.00114441
00005532_000.png,Infiltration,0.020314756079403678,0.00111198
00005532_000.png,Mass,0.0,0.00105572
00005532_000.png,Infiltration,0.11199465895851832,0.00105476
00005532_000.png,Effusion,0.0,0.00105095
00005532_000.png,Cardiomegaly,0.0,0.00104904
00005532_000.png,Infiltration,0.013058699866015454,0.00104427
00005532_000.png,Effusion,0.0897711550889027,0.00104332
00005532_000.png,Effusion,0.014836920960402983,0.00104046
00005532_000.png,Infiltration,0.04499976941153652,0.00101089
00021024_022.png,Atelectasis,0.17541492532126338,0.340576
00021024_022.png,Effusion,0.0,0.0548706
00021024_022.png,Effusion,0.0,0.0312805
00021024_022.png,Mass,0.0,0.0249176
00021024_022.png,Effusion,0.0,0.0198822
00021024_022.png,Effusion,0.0,0.0183563
00021024_022.png,Effusion,0.0,0.0136032
00021024_022.png,Mass,0.08383944675831903,0.0129242
00021024_022.png,Mass,0.0,0.0123672
00021024_022.png,Mass,0.0,0.0105133
00021024_022.png,Infiltration,0.0,0.009552
00021024_022.png,Cardiomegaly,0.0,0.00926208
00021024_022.png,Mass,0.16062230003712513,0.00894165
00021024_022.png,Effusion,0.0,0.00870514
00021024_022.png,Mass,0.0,0.00780106
00021024_022.png,Mass,0.0,0.00767136
00021024_022.png,Infiltration,0.0,0.00706863
00021024_022.png,Effusion,0.0,0.00684357
00021024_022.png,Effusion,0.0,0.00636292
00021024_022.png,Infiltration,0.0,0.0060997
00021024_022.png,Cardiomegaly,0.0,0.00597382
00021024_022.png,Infiltration,0.0,0.00508881
00021024_022.png,Effusion,0.0,0.00507355
00021024_022.png,Mass,0.0,0.00473785
00021024_022.png,Effusion,0.0,0.00467682
00021024_022.png,Mass,0.0,0.00439835
00021024_022.png,Mass,0.12442362524193924,0.00419617
00021024_022.png,Mass,0.0,0.00412369
00021024_022.png,Cardiomegaly,0.0,0.00411224
00021024_022.png,Infiltration,0.0,0.0040741
00021024_022.png,Effusion,0.0,0.00403595
00021024_022.png,Effusion,0.0,0.00352478
00021024_022.png,Cardiomegaly,0.0,0.00349998
00021024_022.png,Effusion,0.0,0.00313377
00021024_022.png,Effusion,0.0,0.00311279
00021024_022.png,Cardiomegaly,0.06555807293523949,0.00277519
00021024_022.png,Effusion,0.0,0.00277138
00021024_022.png,Mass,0.05067004076131089,0.00275993
00021024_022.png,Infiltration,0.0,0.00266457
00021024_022.png,Effusion,0.0,0.00261879
00021024_022.png,Infiltration,0.0,0.00251389
00021024_022.png,Cardiomegaly,0.0,0.00239372
00021024_022.png,Cardiomegaly,0.0,0.00234413
00021024_022.png,Mass,0.0,0.00227547
00021024_022.png,Effusion,0.0,0.00227356
00021024_022.png,Effusion,0.0,0.00224495
00021024_022.png,Cardiomegaly,0.13382390126951352,0.0022049
00021024_022.png,Cardiomegaly,0.0,0.00219727
00021024_022.png,Mass,0.0,0.00215721
00021024_022.png,Mass,0.0,0.00212479
00021024_022.png,Mass,0.0,0.00212097
00021024_022.png,Mass,0.0,0.00211334
00021024_022.png,Effusion,0.0,0.00203133
00021024_022.png,Infiltration,0.0,0.00200081
00021024_022.png,Effusion,0.0,0.00187206
00021024_022.png,Cardiomegaly,0.0,0.00186062
00021024_022.png,Cardiomegaly,0.0,0.00182915
00021024_022.png,Mass,0.0,0.0017786
00021024_022.png,Mass,0.0,0.00175476
00021024_022.png,Mass,0.0,0.00174809
00021024_022.png,Infiltration,0.0,0.00174522
00021024_022.png,Effusion,0.0,0.00173855
00021024_022.png,Cardiomegaly,0.0,0.00170803
00021024_022.png,Infiltration,0.17486754220983505,0.00168133
00021024_022.png,Mass,0.0,0.00166225
00021024_022.png,Mass,0.0,0.0016613
00021024_022.png,Mass,0.0,0.00164795
00021024_022.png,Effusion,0.0,0.00163937
00021024_022.png,Effusion,0.0,0.00163555
00021024_022.png,Infiltration,0.0,0.00163174
00021024_022.png,Cardiomegaly,0.14818950932544186,0.00162792
00021024_022.png,Infiltration,0.0,0.00162506
00021024_022.png,Mass,0.0,0.00161076
00021024_022.png,Mass,0.0,0.00159264
00021024_022.png,Effusion,0.0,0.00157166
00021024_022.png,Cardiomegaly,0.0,0.00155163
00021024_022.png,Effusion,0.0,0.00152111
00021024_022.png,Effusion,0.0,0.0015173
00021024_022.png,Mass,0.0,0.00150108
00021024_022.png,Effusion,0.0,0.00148487
00021024_022.png,Mass,0.0,0.0014658
00021024_022.png,Mass,0.0,0.00145626
00021024_022.png,Effusion,0.0,0.00143719
00021024_022.png,Effusion,0.0,0.00139809
00021024_022.png,Effusion,0.0,0.00137043
00021024_022.png,Effusion,0.0,0.00134277
00021024_022.png,Cardiomegaly,0.0,0.00133038
00021024_022.png,Effusion,0.0,0.00131989
00021024_022.png,Effusion,0.0,0.00127411
00021024_022.png,Mass,0.0,0.00125313
00021024_022.png,Mass,0.0,0.00123787
00021024_022.png,Cardiomegaly,0.0,0.0012331
00021024_022.png,Effusion,0.0,0.00121498
00021024_022.png,Mass,0.0,0.00119114
00021024_022.png,Effusion,0.0,0.00117588
00021024_022.png,Effusion,0.0,0.00117111
00021024_022.png,Infiltration,0.18618817008997507,0.0011673
00021024_022.png,Effusion,0.0,0.00116539
00021024_022.png,Infiltration,0.0,0.0011549
00021024_022.png,Infiltration,0.0,0.00114918
00021024_022.png,Atelectasis,0.013539195723520076,0.00114155
00021024_022.png,Effusion,0.0,0.00111008
00021024_022.png,Cardiomegaly,0.0,0.00110722
00021024_022.png,Mass,0.0,0.00109863
00021024_022.png,Infiltration,0.020407933736691763,0.00109196
00021024_022.png,Infiltration,0.0,0.00108242
00021024_022.png,Mass,0.0,0.00107479
00021024_022.png,Mass,0.0,0.00107479
00021024_022.png,Effusion,0.0,0.00104237
00021024_022.png,Mass,0.0,0.00104237
00021024_022.png,Mass,0.0,0.0010376
00021024_022.png,Cardiomegaly,0.0,0.00102997
00021024_022.png,Effusion,0.0,0.0010252
00021024_022.png,Infiltration,0.4392329042090225,0.00102425
00021024_022.png,Mass,0.0,0.00100327
00001153_004.png,Infiltration,0.0,0.0467834
00001153_004.png,Atelectasis,0.1377031856798571,0.0458984
00001153_004.png,Infiltration,0.0,0.0397949
00001153_004.png,Infiltration,0.0,0.0395508
00001153_004.png,Infiltration,0.0,0.0386353
00001153_004.png,Infiltration,0.0,0.0151443
00001153_004.png,Mass,0.260546497005548,0.0115433
00001153_004.png,Infiltration,0.0,0.00911713
00001153_004.png,Infiltration,0.0,0.00826263
00001153_004.png,Effusion,0.0,0.00650406
00001153_004.png,Infiltration,0.0,0.00627899
00001153_004.png,Cardiomegaly,0.38603366348406504,0.00611115
00001153_004.png,Cardiomegaly,0.0,0.00545883
00001153_004.png,Infiltration,0.0,0.00537491
00001153_004.png,Effusion,0.0,0.00527573
00001153_004.png,Cardiomegaly,0.0,0.00415802
00001153_004.png,Effusion,0.0,0.00391006
00001153_004.png,Effusion,0.0,0.00382423
00001153_004.png,Cardiomegaly,0.2667816573905406,0.00355721
00001153_004.png,Infiltration,0.0,0.0034771
00001153_004.png,Infiltration,0.0,0.00325203
00001153_004.png,Cardiomegaly,0.0,0.0032444
00001153_004.png,Mass,0.3929624177162367,0.0031662
00001153_004.png,Infiltration,0.0,0.00314713
00001153_004.png,Infiltration,0.0,0.00303841
00001153_004.png,Cardiomegaly,0.25141089518166915,0.00294495
00001153_004.png,Infiltration,0.0,0.00286484
00001153_004.png,Atelectasis,0.13237642461168092,0.0028286
00001153_004.png,Effusion,0.0,0.00272942
00001153_004.png,Cardiomegaly,0.0,0.00257111
00001153_004.png,Cardiomegaly,0.0,0.0023613
00001153_004.png,Infiltration,0.0,0.00230408
00001153_004.png,Effusion,0.0,0.00215149
00001153_004.png,Infiltration,0.0,0.00212669
00001153_004.png,Effusion,0.0,0.00207901
00001153_004.png,Infiltration,0.0,0.00206184
00001153_004.png,Cardiomegaly,0.0,0.00205231
00001153_004.png,Effusion,0.0,0.00203323
00001153_004.png,Effusion,0.0,0.00200272
00001153_004.png,Atelectasis,0.17282457027351475,0.00197411
00001153_004.png,Infiltration,0.0,0.00183868
00001153_004.png,Mass,0.3887405835536118,0.00179577
00001153_004.png,Effusion,0.0,0.00170517
00001153_004.png,Effusion,0.0,0.0016737
00001153_004.png,Infiltration,0.0,0.00159645
00001153_004.png,Cardiomegaly,0.4332242773924742,0.00149345
00001153_004.png,Mass,0.0,0.00147533
00001153_004.png,Infiltration,0.0,0.00143909
00001153_004.png,Effusion,0.0,0.0014143
00001153_004.png,Mass,0.35087902695270023,0.00138855
00001153_004.png,Effusion,0.0,0.0013485
00001153_004.png,Mass,0.2700458513267824,0.00131989
00001153_004.png,Infiltration,0.0,0.00131321
00001153_004.png,Effusion,0.3806793867959697,0.00130081
00001153_004.png,Mass,0.0,0.00123501
00001153_004.png,Cardiomegaly,0.15522181847515687,0.00117493
00001153_004.png,Infiltration,0.0,0.00115299
00001153_004.png,Effusion,0.0,0.00114822
00001153_004.png,Infiltration,0.0,0.0011282
00001153_004.png,Effusion,0.0,0.00111771
00001153_004.png,Effusion,0.0,0.00109386
00001153_004.png,Cardiomegaly,0.0,0.00108433
00001153_004.png,Mass,0.0,0.00108242
00001153_004.png,Infiltration,0.0,0.00105953
00001153_004.png,Effusion,0.0,0.00105572
00029579_014.png,Atelectasis,0.0,0.0382385
00029579_014.png,Cardiomegaly,0.08900627782110614,0.0289154
00029579_014.png,Cardiomegaly,0.04649556062219395,0.0250092
00029579_014.png,Cardiomegaly,0.0,0.0136337
00029579_014.png,Cardiomegaly,0.0,0.0128632
00029579_014.png,Cardiomegaly,0.0,0.011261
00029579_014.png,Cardiomegaly,0.0841829247477571,0.0096283
00029579_014.png,Effusion,0.0,0.00891876
00029579_014.png,Cardiomegaly,0.0,0.00810242
00029579_014.png,Cardiomegaly,0.0,0.00754547
00029579_014.png,Infiltration,0.07999970451267052,0.00733185
00029579_014.png,Cardiomegaly,0.13263892696547575,0.00719452
00029579_014.png,Cardiomegaly,0.050013978995370745,0.00630569
00029579_014.png,Effusion,0.0,0.00628662
00029579_014.png,Effusion,0.0,0.00588226
00029579_014.png,Mass,0.0,0.0055542
00029579_014.png,Cardiomegaly,0.0,0.00502014
00029579_014.png,Infiltration,0.0,0.00494766
00029579_014.png,Infiltration,0.10410352296312937,0.00478745
00029579_014.png,Cardiomegaly,0.07720338049316362,0.00464249
00029579_014.png,Cardiomegaly,0.04744637450817397,0.00454712
00029579_014.png,Cardiomegaly,0.07187833865399383,0.00431824
00029579_014.png,Mass,0.0,0.0042572
00029579_014.png,Effusion,0.0,0.00413895
00029579_014.png,Infiltration,0.0,0.00412369
00029579_014.png,Cardiomegaly,0.0,0.00399017
00029579_014.png,Mass,0.0,0.00395584
00029579_014.png,Infiltration,0.0,0.00393677
00029579_014.png,Mass,0.0,0.00391006
00029579_014.png,Infiltration,0.0,0.00387383
00029579_014.png,Effusion,0.0,0.0030117
00029579_014.png,Cardiomegaly,0.0,0.00296783
00029579_014.png,Effusion,0.0,0.00295639
00029579_014.png,Cardiomegaly,0.0,0.00291824
00029579_014.png,Cardiomegaly,0.0,0.00289154
00029579_014.png,Effusion,0.0,0.00276566
00029579_014.png,Infiltration,0.0,0.00270081
00029579_014.png,Infiltration,0.0,0.00267792
00029579_014.png,Cardiomegaly,0.0482844671347262,0.00259018
00029579_014.png,Effusion,0.0,0.00253677
00029579_014.png,Cardiomegaly,0.03811809329150356,0.00239754
00029579_014.png,Cardiomegaly,0.16003323310079684,0.00232506
00029579_014.png,Effusion,0.0,0.00227547
00029579_014.png,Effusion,0.0,0.00225639
00029579_014.png,Infiltration,0.0,0.00219917
00029579_014.png,Cardiomegaly,0.0,0.00216866
00029579_014.png,Cardiomegaly,0.1163680050977148,0.00212479
00029579_014.png,Effusion,0.0,0.0020771
00029579_014.png,Cardiomegaly,0.0,0.00202751
00029579_014.png,Cardiomegaly,0.09985679159938987,0.00201035
00029579_014.png,Cardiomegaly,0.0,0.00192356
00029579_014.png,Effusion,0.0,0.00191784
00029579_014.png,Cardiomegaly,0.07649955018748553,0.00188828
00029579_014.png,Cardiomegaly,0.10671130625943055,0.00188732
00029579_014.png,Infiltration,0.04010345377734356,0.0018177
00029579_014.png,Infiltration,0.0,0.00169277
00029579_014.png,Cardiomegaly,0.0,0.00168514
00029579_014.png,Effusion,0.0,0.00165272
00029579_014.png,Effusion,0.0,0.00161266
00029579_014.png,Effusion,0.0,0.00158119
00029579_014.png,Cardiomegaly,0.0,0.00157833
00029579_014.png,Mass,0.0,0.00157261
00029579_014.png,Cardiomegaly,0.13675009259610288,0.00153732
00029579_014.png,Infiltration,0.0,0.0014925
00029579_014.png,Cardiomegaly,0.0,0.00148869
00029579_014.png,Cardiomegaly,0.0,0.00148582
00029579_014.png,Cardiomegaly,0.0,0.00146675
00029579_014.png,Effusion,0.0,0.00144768
00029579_014.png,Effusion,0.0,0.00141335
00029579_014.png,Cardiomegaly,0.0,0.00134754
00029579_014.png,Cardiomegaly,0.057930356422465246,0.00134468
00029579_014.png,Cardiomegaly,0.0,0.00133514
00029579_014.png,Effusion,0.0,0.00132942
00029579_014.png,Cardiomegaly,0.025233055997426167,0.00132561
00029579_014.png,Infiltration,0.0,0.00131512
00029579_014.png,Mass,0.0,0.00129795
00029579_014.png,Cardiomegaly,0.0,0.00126362
00029579_014.png,Mass,0.0,0.00126171
00029579_014.png,Infiltration,0.0,0.00125694
00029579_014.png,Effusion,0.0,0.00124931
00029579_014.png,Effusion,0.0,0.00121212
00029579_014.png,Infiltration,0.0,0.00120068
00029579_014.png,Infiltration,0.014545685049406142,0.00117016
00029579_014.png,Infiltration,0.0,0.00116634
00029579_014.png,Effusion,0.0,0.00112724
00029579_014.png,Cardiomegaly,0.01246153279813875,0.00111294
00029579_014.png,Cardiomegaly,0.04484330510480954,0.00110054
00029579_014.png,Cardiomegaly,0.0,0.00107765
00029579_014.png,Effusion,0.0,0.00105
00029579_014.png,Cardiomegaly,0.0,0.00102997
00029579_014.png,Cardiomegaly,0.061323817349135785,0.00101662
00029579_014.png,Effusion,0.03811809329150356,0.00100708
00029579_014.png,Infiltration,0.0,0.00100422
00030674_000.png,Atelectasis,0.0,0.41748
00030674_000.png,Effusion,0.5686754465923265,0.121643
00030674_000.png,Effusion,0.469109725299996,0.0818481
00030674_000.png,Effusion,0.08549241646172882,0.0494385
00030674_000.png,Cardiomegaly,0.0,0.0249023
00030674_000.png,Effusion,0.7411739897150185,0.0226746
00030674_000.png,Effusion,0.4564035110006121,0.0214844
00030674_000.png,Effusion,0.0,0.0184631
00030674_000.png,Infiltration,0.0,0.0161285
00030674_000.png,Cardiomegaly,0.0,0.0158234
00030674_000.png,Effusion,0.18466715302655007,0.0143356
00030674_000.png,Effusion,0.4695676680154835,0.013092
00030674_000.png,Effusion,0.07222932769396533,0.0124435
00030674_000.png,Effusion,0.47418436175341944,0.0121307
00030674_000.png,Cardiomegaly,0.0,0.0114594
00030674_000.png,Cardiomegaly,0.0,0.00868225
00030674_000.png,Infiltration,0.0,0.00735855
00030674_000.png,Effusion,0.35571187317729086,0.00717545
00030674_000.png,Effusion,0.06837001972877006,0.00669098
00030674_000.png,Infiltration,0.0,0.00648117
00030674_000.png,Effusion,0.20295064336688715,0.00559616
00030674_000.png,Infiltration,0.0,0.0055275
00030674_000.png,Cardiomegaly,0.0,0.00546646
00030674_000.png,Effusion,0.0,0.00518417
00030674_000.png,Effusion,0.22156988176184603,0.0051651
00030674_000.png,Effusion,0.0,0.00513458
00030674_000.png,Infiltration,0.0,0.00502014
00030674_000.png,Cardiomegaly,0.0,0.00484085
00030674_000.png,Effusion,0.0,0.0044632
00030674_000.png,Effusion,0.31353952123225226,0.00426865
00030674_000.png,Effusion,0.3575695052721251,0.00422287
00030674_000.png,Cardiomegaly,0.0,0.00398636
00030674_000.png,Cardiomegaly,0.0,0.0039444
00030674_000.png,Infiltration,0.0,0.00351334
00030674_000.png,Cardiomegaly,0.22036366720271827,0.0032196
00030674_000.png,Effusion,0.0,0.00317383
00030674_000.png,Effusion,0.0,0.00309563
00030674_000.png,Effusion,0.0,0.00284195
00030674_000.png,Cardiomegaly,0.0,0.00276947
00030674_000.png,Infiltration,0.0,0.00274277
00030674_000.png,Effusion,0.0,0.00268936
00030674_000.png,Cardiomegaly,0.31353952123225226,0.0026741
00030674_000.png,Effusion,0.05084846923711469,0.00264931
00030674_000.png,Atelectasis,0.0,0.00264931
00030674_000.png,Effusion,0.0,0.00260544
00030674_000.png,Cardiomegaly,0.0,0.0025959
00030674_000.png,Effusion,0.5665257966610034,0.00241661
00030674_000.png,Cardiomegaly,0.0,0.00238991
00030674_000.png,Effusion,0.0,0.00223732
00030674_000.png,Effusion,0.0,0.0022316
00030674_000.png,Infiltration,0.0,0.00213051
00030674_000.png,Infiltration,0.0,0.00211143
00030674_000.png,Infiltration,0.0,0.00209999
00030674_000.png,Infiltration,0.0,0.00197983
00030674_000.png,Effusion,0.0,0.00191116
00030674_000.png,Mass,0.47418436175341944,0.00189686
00030674_000.png,Mass,0.0,0.00183296
00030674_000.png,Mass,0.22036366720271827,0.00182152
00030674_000.png,Mass,0.2843188366107078,0.00178528
00030674_000.png,Effusion,0.0,0.00177097
00030674_000.png,Infiltration,0.0,0.0017662
00030674_000.png,Effusion,0.0,0.00176525
00030674_000.png,Cardiomegaly,0.0,0.00172806
00030674_000.png,Effusion,0.004253585162677596,0.00172234
00030674_000.png,Effusion,0.0,0.00171661
00030674_000.png,Atelectasis,0.0,0.00170612
00030674_000.png,Cardiomegaly,0.0,0.0017004
00030674_000.png,Effusion,0.0,0.00169659
00030674_000.png,Cardiomegaly,0.0,0.0016861
00030674_000.png,Infiltration,0.0,0.00167751
00030674_000.png,Effusion,0.08095192783679173,0.001647
00030674_000.png,Effusion,0.0,0.00164413
00030674_000.png,Infiltration,0.0,0.00163269
00030674_000.png,Effusion,0.41990792163506224,0.00161266
00030674_000.png,Effusion,0.38740494444289325,0.00156975
00030674_000.png,Cardiomegaly,0.0,0.00156784
00030674_000.png,Infiltration,0.0,0.00156593
00030674_000.png,Cardiomegaly,0.1964909217887552,0.00155735
00030674_000.png,Effusion,0.012527934530143715,0.00154209
00030674_000.png,Mass,0.0,0.00154209
00030674_000.png,Mass,0.1964909217887552,0.00150967
00030674_000.png,Infiltration,0.0,0.00149345
00030674_000.png,Infiltration,0.0,0.00146866
00030674_000.png,Effusion,0.13938891284017377,0.00143528
00030674_000.png,Cardiomegaly,0.0,0.00140572
00030674_000.png,Effusion,0.0,0.00140381
00030674_000.png,Effusion,0.05198359436252569,0.00139618
00030674_000.png,Effusion,0.15682846435771206,0.00139332
00030674_000.png,Infiltration,0.0,0.00135899
00030674_000.png,Effusion,0.0,0.00134563
00030674_000.png,Effusion,0.24673402332079886,0.00128269
00030674_000.png,Cardiomegaly,0.0,0.00126839
00030674_000.png,Cardiomegaly,0.0,0.00126362
00030674_000.png,Effusion,0.0,0.0012455
00030674_000.png,Cardiomegaly,0.0,0.00123787
00030674_000.png,Effusion,0.0,0.00120449
00030674_000.png,Effusion,0.0,0.001194
00030674_000.png,Cardiomegaly,0.0,0.00117874
00030674_000.png,Cardiomegaly,0.0,0.00117874
00030674_000.png,Infiltration,0.0,0.00117779
00030674_000.png,Effusion,0.0,0.00117016
00030674_000.png,Effusion,0.0,0.00113106
00030674_000.png,Mass,0.0,0.0011301
00030674_000.png,Infiltration,0.0,0.00111771
00030674_000.png,Cardiomegaly,0.0,0.0011158
00030674_000.png,Effusion,0.07969618063526668,0.00111103
00030674_000.png,Effusion,0.0,0.00110626
00030674_000.png,Effusion,0.0,0.00107956
00030674_000.png,Mass,0.0,0.00107479
00030674_000.png,Effusion,0.0,0.00107193
00030674_000.png,Effusion,0.0,0.00106621
00030674_000.png,Cardiomegaly,0.0,0.00106144
00030674_000.png,Effusion,0.20639313015849425,0.00104618
00030674_000.png,Effusion,0.0,0.00104141
00030674_000.png,Atelectasis,0.0,0.00102329
00013685_000.png,Infiltration,0.2554697649628646,0.300537
00013685_000.png,Infiltration,0.0,0.111511
00013685_000.png,Atelectasis,0.011378479531532908,0.0492249
00013685_000.png,Infiltration,0.05764203085429542,0.0393677
00013685_000.png,Infiltration,0.0,0.0384216
00013685_000.png,Infiltration,0.0,0.0336609
00013685_000.png,Infiltration,0.0,0.0289001
00013685_000.png,Infiltration,0.33873077347765684,0.0273132
00013685_000.png,Infiltration,0.0,0.0233917
00013685_000.png,Infiltration,0.0,0.0230713
00013685_000.png,Effusion,0.0,0.0223236
00013685_000.png,Atelectasis,0.024623886207486498,0.02034
00013685_000.png,Atelectasis,0.013888895503920825,0.0186615
00013685_000.png,Cardiomegaly,0.033388510699889865,0.0168304
00013685_000.png,Infiltration,0.0,0.0160675
00013685_000.png,Infiltration,0.0,0.0154648
00013685_000.png,Infiltration,0.016737161959179233,0.0150223
00013685_000.png,Cardiomegaly,0.02135135525328502,0.0148621
00013685_000.png,Cardiomegaly,0.06184510542536986,0.0112991
00013685_000.png,Infiltration,0.01977093580745423,0.0108414
00013685_000.png,Infiltration,0.21827110135670638,0.00994873
00013685_000.png,Infiltration,0.0,0.00991058
00013685_000.png,Mass,0.0,0.00980377
00013685_000.png,Infiltration,0.0,0.0094223
00013685_000.png,Cardiomegaly,0.0,0.00941467
00013685_000.png,Effusion,0.0,0.00897217
00013685_000.png,Infiltration,0.018779283072232096,0.00874329
00013685_000.png,Infiltration,0.0726931000081327,0.00841522
00013685_000.png,Mass,0.0,0.00741196
00013685_000.png,Infiltration,0.12343176507920706,0.00729752
00013685_000.png,Infiltration,0.05688265788977681,0.00679016
00013685_000.png,Cardiomegaly,0.0904178468066292,0.00608063
00013685_000.png,Cardiomegaly,0.0,0.00602722
00013685_000.png,Infiltration,0.0,0.00596619
00013685_000.png,Infiltration,0.0,0.00590515
00013685_000.png,Cardiomegaly,0.0,0.00583267
00013685_000.png,Atelectasis,0.005450493994185999,0.00576019
00013685_000.png,Mass,0.0,0.00574875
00013685_000.png,Cardiomegaly,0.0,0.00573349
00013685_000.png,Effusion,0.0,0.00568771
00013685_000.png,Cardiomegaly,0.1821481603266899,0.00566483
00013685_000.png,Cardiomegaly,0.004850710653541526,0.00562668
00013685_000.png,Infiltration,0.0,0.00527573
00013685_000.png,Infiltration,0.036434826274298955,0.00512314
00013685_000.png,Cardiomegaly,0.0,0.00506592
00013685_000.png,Mass,0.0,0.00504684
00013685_000.png,Effusion,0.0,0.00492096
00013685_000.png,Cardiomegaly,0.0,0.004673
00013685_000.png,Atelectasis,0.004823625447166259,0.00453568
00013685_000.png,Cardiomegaly,0.012240601642492846,0.00442886
00013685_000.png,Cardiomegaly,0.05876213158194617,0.00434875
00013685_000.png,Cardiomegaly,0.0,0.00432587
00013685_000.png,Cardiomegaly,0.01044395372230172,0.00419998
00013685_000.png,Effusion,0.05688265788977681,0.00415421
00013685_000.png,Cardiomegaly,0.0,0.00395584
00013685_000.png,Cardiomegaly,0.0,0.00383186
00013685_000.png,Effusion,0.0,0.0037632
00013685_000.png,Effusion,0.0,0.00376129
00013685_000.png,Mass,0.0,0.00360489
00013685_000.png,Cardiomegaly,0.025463599515136978,0.00358963
00013685_000.png,Cardiomegaly,0.061330418664827475,0.0035038
00013685_000.png,Cardiomegaly,0.044575918794481605,0.00332642
00013685_000.png,Mass,0.0,0.00321198
00013685_000.png,Infiltration,0.0075914988942682,0.00315094
00013685_000.png,Mass,0.0,0.00313568
00013685_000.png,Cardiomegaly,0.08397844266208276,0.00310707
00013685_000.png,Cardiomegaly,0.029335842769109884,0.00307465
00013685_000.png,Cardiomegaly,0.02106688229400943,0.00297165
00013685_000.png,Cardiomegaly,0.0,0.00296402
00013685_000.png,Infiltration,0.03487532524874238,0.00285912
00013685_000.png,Infiltration,0.0,0.0026989
00013685_000.png,Cardiomegaly,0.0,0.00261879
00013685_000.png,Mass,0.0,0.00255203
00013685_000.png,Effusion,0.02111744345740421,0.00248718
00013685_000.png,Atelectasis,0.02147669360698917,0.00245094
00013685_000.png,Effusion,0.0,0.00237656
00013685_000.png,Infiltration,0.027836490467034177,0.00229645
00013685_000.png,Infiltration,0.02875807535661685,0.00225067
00013685_000.png,Effusion,0.0,0.00222397
00013685_000.png,Infiltration,0.16094081108134942,0.0022068
00013685_000.png,Infiltration,0.14341583729380664,0.00216484
00013685_000.png,Atelectasis,0.039254655949002695,0.00214386
00013685_000.png,Infiltration,0.07731930621613801,0.00212669
00013685_000.png,Effusion,0.0,0.00209236
00013685_000.png,Infiltration,0.005751684922944611,0.0020771
00013685_000.png,Cardiomegaly,0.15323485678750162,0.00192928
00013685_000.png,Effusion,0.0,0.00186539
00013685_000.png,Effusion,0.0,0.00186443
00013685_000.png,Effusion,0.0,0.00176239
00013685_000.png,Infiltration,0.05033022395059471,0.00171947
00013685_000.png,Cardiomegaly,0.007859309865099464,0.00171947
00013685_000.png,Effusion,0.0,0.00169754
00013685_000.png,Mass,0.0,0.0016861
00013685_000.png,Effusion,0.0,0.00165272
00013685_000.png,Cardiomegaly,0.0,0.00164986
00013685_000.png,Cardiomegaly,0.0,0.00159931
00013685_000.png,Infiltration,0.15423056715846956,0.00158882
00013685_000.png,Cardiomegaly,0.0,0.00157738
00013685_000.png,Cardiomegaly,2.039903469396494e-05,0.00150394
00013685_000.png,Effusion,0.0,0.00146866
00013685_000.png,Effusion,0.0,0.0014658
00013685_000.png,Infiltration,0.1823302428273743,0.00146198
00013685_000.png,Cardiomegaly,0.0,0.00145149
00013685_000.png,Cardiomegaly,0.0,0.00144768
00013685_000.png,Effusion,0.0,0.00139999
00013685_000.png,Cardiomegaly,0.0745844557177148,0.00138283
00013685_000.png,Cardiomegaly,0.027649321806245613,0.00138283
00013685_000.png,Atelectasis,0.06252942318174964,0.00138187
00013685_000.png,Cardiomegaly,0.025437418885173316,0.00137997
00013685_000.png,Effusion,0.0,0.0013628
00013685_000.png,Infiltration,0.20504941062875381,0.00129223
00013685_000.png,Cardiomegaly,0.0,0.00128365
00013685_000.png,Effusion,0.0,0.00127411
00013685_000.png,Cardiomegaly,0.0,0.00125694
00013685_000.png,Cardiomegaly,0.01364830541283408,0.00125217
00013685_000.png,Cardiomegaly,0.047024978672726245,0.00123978
00013685_000.png,Effusion,0.0,0.00123787
00013685_000.png,Infiltration,0.0,0.00123405
00013685_000.png,Effusion,0.0,0.00121975
00013685_000.png,Infiltration,0.029459980039412564,0.00121975
00013685_000.png,Effusion,0.0,0.00121593
00013685_000.png,Infiltration,0.0,0.00121403
00013685_000.png,Effusion,0.0,0.00118637
00013685_000.png,Effusion,0.0,0.00118446
00013685_000.png,Infiltration,0.0,0.00117779
00013685_000.png,Cardiomegaly,0.0,0.00117302
00013685_000.png,Mass,0.0,0.00115585
00013685_000.png,Effusion,0.0,0.00115299
00013685_000.png,Infiltration,0.08397844266208276,0.00110817
00013685_000.png,Atelectasis,0.0030338071551264012,0.00110531
00013685_000.png,Cardiomegaly,0.07054451104338234,0.00110245
00013685_000.png,Cardiomegaly,0.03786951828387568,0.00110245
00013685_000.png,Effusion,0.01582792232820835,0.00110054
00013685_000.png,Mass,0.0,0.0010891
00013685_000.png,Effusion,0.0,0.00106049
00013685_000.png,Effusion,0.0,0.00105953
00013685_000.png,Cardiomegaly,0.06274291902124762,0.00105286
00013685_000.png,Effusion,0.0,0.00104427
00013685_000.png,Effusion,0.0,0.00104141
00013685_000.png,Effusion,0.0,0.00101185
00013685_000.png,Cardiomegaly,0.33873077347765684,0.00100708
00013685_000.png,Effusion,0.0,0.00100136
00013685_000.png,Mass,0.0,0.00100136
00001555_002.png,Cardiomegaly,0.0,0.0289307
00001555_002.png,Effusion,0.0,0.0265503
00001555_002.png,Cardiomegaly,0.0,0.0250549
00001555_002.png,Atelectasis,0.04376009131637059,0.0222778
00001555_002.png,Atelectasis,0.014826655190282529,0.0177155
00001555_002.png,Cardiomegaly,0.0,0.0132065
00001555_002.png,Cardiomegaly,0.0,0.013031
00001555_002.png,Cardiomegaly,0.0,0.0127945
00001555_002.png,Effusion,0.0,0.0123062
00001555_002.png,Cardiomegaly,0.0,0.0102539
00001555_002.png,Infiltration,0.0,0.0100098
00001555_002.png,Cardiomegaly,0.0,0.0087204
00001555_002.png,Effusion,0.0,0.00854492
00001555_002.png,Infiltration,0.0,0.0079422
00001555_002.png,Cardiomegaly,0.0,0.00770187
00001555_002.png,Mass,0.0,0.00759506
00001555_002.png,Effusion,0.0,0.00745773
00001555_002.png,Cardiomegaly,0.0,0.007164
00001555_002.png,Atelectasis,0.0,0.00691223
00001555_002.png,Effusion,0.0,0.00618744
00001555_002.png,Cardiomegaly,0.0,0.00616837
00001555_002.png,Effusion,0.0,0.00579071
00001555_002.png,Infiltration,0.009314199422054489,0.00571442
00001555_002.png,Infiltration,0.0,0.00503922
00001555_002.png,Effusion,0.0,0.00485611
00001555_002.png,Cardiomegaly,0.0,0.00484085
00001555_002.png,Atelectasis,0.06986076667170485,0.00482941
00001555_002.png,Infiltration,0.0,0.00478745
00001555_002.png,Atelectasis,0.0434959504277274,0.00478745
00001555_002.png,Effusion,0.0,0.00467682
00001555_002.png,Cardiomegaly,0.0,0.00450897
00001555_002.png,Effusion,0.0,0.00436401
00001555_002.png,Effusion,0.0,0.00410461
00001555_002.png,Infiltration,0.0,0.00403595
00001555_002.png,Effusion,0.11884018991732645,0.00402451
00001555_002.png,Mass,0.0,0.00393295
00001555_002.png,Effusion,0.0,0.00379753
00001555_002.png,Cardiomegaly,0.0,0.00378799
00001555_002.png,Cardiomegaly,0.0,0.00374222
00001555_002.png,Infiltration,0.0,0.00362587
00001555_002.png,Effusion,0.0,0.00362206
00001555_002.png,Effusion,0.0,0.00356483
00001555_002.png,Effusion,0.0,0.00337982
00001555_002.png,Infiltration,0.09029503051768684,0.00336456
00001555_002.png,Effusion,0.0,0.0033226
00001555_002.png,Infiltration,0.0,0.00331306
00001555_002.png,Mass,0.0,0.00311279
00001555_002.png,Infiltration,0.0,0.00301552
00001555_002.png,Effusion,0.0,0.00297737
00001555_002.png,Effusion,0.0,0.00297165
00001555_002.png,Mass,0.0,0.002882
00001555_002.png,Infiltration,0.052871660277741955,0.00276947
00001555_002.png,Cardiomegaly,0.0,0.00265884
00001555_002.png,Effusion,0.0,0.00265121
00001555_002.png,Effusion,0.0,0.00260925
00001555_002.png,Effusion,0.0,0.00256729
00001555_002.png,Effusion,0.0,0.00255966
00001555_002.png,Cardiomegaly,0.0,0.00247002
00001555_002.png,Cardiomegaly,0.0,0.00245476
00001555_002.png,Infiltration,0.0,0.0024147
00001555_002.png,Mass,0.0,0.00240517
00001555_002.png,Effusion,0.0,0.00237656
00001555_002.png,Effusion,0.0,0.00235748
00001555_002.png,Cardiomegaly,0.0,0.00234985
00001555_002.png,Effusion,0.0,0.00234604
00001555_002.png,Effusion,0.14338118994060656,0.00233078
00001555_002.png,Effusion,0.0,0.00231934
00001555_002.png,Cardiomegaly,0.0,0.00230217
00001555_002.png,Cardiomegaly,0.0,0.00226784
00001555_002.png,Cardiomegaly,0.0,0.00221443
00001555_002.png,Mass,0.0,0.00221252
00001555_002.png,Infiltration,0.0,0.00219727
00001555_002.png,Mass,0.0,0.00217819
00001555_002.png,Effusion,0.0,0.00217438
00001555_002.png,Infiltration,0.0,0.00215721
00001555_002.png,Cardiomegaly,0.0,0.0021534
00001555_002.png,Effusion,0.0,0.00214386
00001555_002.png,Cardiomegaly,0.0,0.00213432
00001555_002.png,Atelectasis,0.030229665260680088,0.00209236
00001555_002.png,Effusion,0.0,0.00208092
00001555_002.png,Effusion,0.0,0.0020237
00001555_002.png,Effusion,0.0,0.00201797
00001555_002.png,Infiltration,0.0,0.00201035
00001555_002.png,Effusion,0.0,0.00200844
00001555_002.png,Infiltration,0.024540595611521845,0.00198746
00001555_002.png,Atelectasis,0.0,0.00195122
00001555_002.png,Cardiomegaly,0.0,0.00191498
00001555_002.png,Effusion,0.0,0.00189304
00001555_002.png,Effusion,0.0,0.00188255
00001555_002.png,Effusion,0.0,0.0018568
00001555_002.png,Effusion,0.0,0.00185299
00001555_002.png,Effusion,0.0,0.00180244
00001555_002.png,Infiltration,0.0,0.00179005
00001555_002.png,Cardiomegaly,0.0,0.00174046
00001555_002.png,Effusion,0.0,0.00173187
00001555_002.png,Cardiomegaly,0.0,0.00170517
00001555_002.png,Cardiomegaly,0.0,0.00169468
00001555_002.png,Effusion,0.0,0.0016613
00001555_002.png,Infiltration,0.0,0.00166035
00001555_002.png,Effusion,0.0,0.00165939
00001555_002.png,Effusion,0.0,0.00162983
00001555_002.png,Effusion,0.0,0.00160408
00001555_002.png,Cardiomegaly,0.0,0.0015974
00001555_002.png,Infiltration,0.0,0.00157547
00001555_002.png,Mass,0.0,0.00157166
00001555_002.png,Infiltration,0.0,0.00156593
00001555_002.png,Infiltration,0.0,0.00154114
00001555_002.png,Infiltration,0.0,0.00153923
00001555_002.png,Mass,0.0,0.00153065
00001555_002.png,Infiltration,0.0,0.00152397
00001555_002.png,Effusion,0.0,0.00152111
00001555_002.png,Effusion,0.0,0.00150967
00001555_002.png,Cardiomegaly,0.0,0.00149918
00001555_002.png,Effusion,0.0,0.00148773
00001555_002.png,Effusion,0.0,0.00147343
00001555_002.png,Cardiomegaly,0.0,0.00146389
00001555_002.png,Effusion,0.0,0.00145245
00001555_002.png,Effusion,0.0,0.00143719
00001555_002.png,Effusion,0.0,0.00141144
00001555_002.png,Cardiomegaly,0.0,0.00141048
00001555_002.png,Effusion,0.0,0.00139809
00001555_002.png,Effusion,0.0,0.00139713
00001555_002.png,Infiltration,0.0,0.00136948
00001555_002.png,Atelectasis,0.0,0.00135422
00001555_002.png,Effusion,0.0,0.00134277
00001555_002.png,Effusion,0.0,0.00132656
00001555_002.png,Effusion,0.0,0.00132656
00001555_002.png,Mass,0.0,0.00131416
00001555_002.png,Infiltration,0.0,0.00130463
00001555_002.png,Mass,0.0,0.00130367
00001555_002.png,Mass,0.0,0.00129604
00001555_002.png,Effusion,0.0,0.00128174
00001555_002.png,Effusion,0.07119527317212183,0.00127792
00001555_002.png,Mass,0.0,0.00127602
00001555_002.png,Effusion,0.0,0.00126648
00001555_002.png,Effusion,0.0,0.00125885
00001555_002.png,Effusion,0.09987888003613378,0.00125599
00001555_002.png,Effusion,0.03947905491735623,0.00125408
00001555_002.png,Effusion,0.0,0.00125027
00001555_002.png,Infiltration,0.0,0.00124359
00001555_002.png,Infiltration,0.0,0.00124073
00001555_002.png,Effusion,0.2756556497540901,0.00123119
00001555_002.png,Infiltration,0.0,0.00123119
00001555_002.png,Effusion,0.0,0.00123024
00001555_002.png,Cardiomegaly,0.0,0.00121975
00001555_002.png,Infiltration,0.0,0.00120163
00001555_002.png,Infiltration,0.0,0.00120163
00001555_002.png,Effusion,0.0,0.00119019
00001555_002.png,Infiltration,0.0,0.00118828
00001555_002.png,Effusion,0.0,0.00118637
00001555_002.png,Infiltration,0.0,0.0011797
00001555_002.png,Infiltration,0.0,0.00116825
00001555_002.png,Effusion,0.0,0.00116825
00001555_002.png,Atelectasis,0.055082819602021604,0.00115967
00001555_002.png,Mass,0.0,0.00115776
00001555_002.png,Cardiomegaly,0.0,0.00115108
00001555_002.png,Mass,0.0,0.00114727
00001555_002.png,Effusion,0.0,0.00114346
00001555_002.png,Atelectasis,0.0,0.0011425
00001555_002.png,Cardiomegaly,0.0,0.00113583
00001555_002.png,Effusion,0.0,0.00112724
00001555_002.png,Cardiomegaly,0.0,0.00112247
00001555_002.png,Effusion,0.0,0.00111866
00001555_002.png,Cardiomegaly,0.0,0.00110149
00001555_002.png,Effusion,0.024540595611521845,0.00109482
00001555_002.png,Atelectasis,0.0,0.00109291
00001555_002.png,Effusion,0.0,0.00107956
00001555_002.png,Cardiomegaly,0.0,0.00107384
00001555_002.png,Infiltration,0.0,0.00106144
00001555_002.png,Effusion,0.0,0.00106049
00001555_002.png,Effusion,0.0,0.00105095
00001555_002.png,Mass,0.0,0.00105095
00001555_002.png,Infiltration,0.0,0.00104046
00001555_002.png,Effusion,0.0,0.00103855
00001555_002.png,Infiltration,0.0,0.0010376
00001555_002.png,Effusion,0.0,0.00102997
00001555_002.png,Effusion,0.0,0.00102711
00001555_002.png,Atelectasis,0.0,0.00101852
00001555_002.png,Effusion,0.0,0.00100136
00000047_007.png,Atelectasis,0.0,0.0914307
00000047_007.png,Effusion,0.0,0.0889893
00000047_007.png,Cardiomegaly,0.0,0.0391541
00000047_007.png,Cardiomegaly,0.0,0.0345459
00000047_007.png,Effusion,0.0,0.0341492
00000047_007.png,Infiltration,0.0,0.0287476
00000047_007.png,Infiltration,0.0,0.0234985
00000047_007.png,Effusion,0.0,0.0131607
00000047_007.png,Infiltration,0.0,0.0125504
00000047_007.png,Mass,0.0,0.00868225
00000047_007.png,Effusion,0.0,0.00775146
00000047_007.png,Effusion,0.0,0.00766754
00000047_007.png,Infiltration,0.0,0.00744247
00000047_007.png,Infiltration,0.0,0.00694275
00000047_007.png,Infiltration,0.0,0.00630188
00000047_007.png,Effusion,0.0,0.00573349
00000047_007.png,Cardiomegaly,0.0,0.00564575
00000047_007.png,Effusion,0.0,0.00550842
00000047_007.png,Mass,0.0,0.00525665
00000047_007.png,Infiltration,0.0,0.00514984
00000047_007.png,Cardiomegaly,0.0,0.00497055
00000047_007.png,Mass,0.0,0.00488281
00000047_007.png,Infiltration,0.0,0.00487518
00000047_007.png,Cardiomegaly,0.0,0.00482559
00000047_007.png,Effusion,0.0,0.00469589
00000047_007.png,Effusion,0.0,0.00460052
00000047_007.png,Mass,0.0,0.00442886
00000047_007.png,Infiltration,0.0,0.00427628
00000047_007.png,Effusion,0.0,0.0042305
00000047_007.png,Effusion,0.0,0.00422287
00000047_007.png,Cardiomegaly,0.0,0.00405502
00000047_007.png,Mass,0.0,0.00384712
00000047_007.png,Effusion,0.0,0.00382614
00000047_007.png,Cardiomegaly,0.0,0.0037632
00000047_007.png,Effusion,0.0,0.00373268
00000047_007.png,Effusion,0.0,0.00358391
00000047_007.png,Cardiomegaly,0.0,0.0034008
00000047_007.png,Cardiomegaly,0.0,0.00297165
00000047_007.png,Effusion,0.0,0.0028801
00000047_007.png,Effusion,0.0,0.00281525
00000047_007.png,Effusion,0.0,0.00279236
00000047_007.png,Mass,0.0,0.00263405
00000047_007.png,Effusion,0.0,0.00259972
00000047_007.png,Mass,0.0,0.00253105
00000047_007.png,Cardiomegaly,0.0,0.00241089
00000047_007.png,Effusion,0.0,0.00230408
00000047_007.png,Cardiomegaly,0.0,0.00225067
00000047_007.png,Cardiomegaly,0.0,0.00224495
00000047_007.png,Infiltration,0.0,0.00222397
00000047_007.png,Cardiomegaly,0.0,0.0021801
00000047_007.png,Cardiomegaly,0.0,0.00214577
00000047_007.png,Effusion,0.0,0.00213814
00000047_007.png,Effusion,0.0,0.00206947
00000047_007.png,Mass,0.0,0.00200081
00000047_007.png,Infiltration,0.0,0.00194931
00000047_007.png,Mass,0.0,0.00194073
00000047_007.png,Mass,0.0,0.00183582
00000047_007.png,Effusion,0.0,0.00179482
00000047_007.png,Mass,0.0,0.00178051
00000047_007.png,Infiltration,0.0,0.00174427
00000047_007.png,Cardiomegaly,0.0,0.0017395
00000047_007.png,Mass,0.0,0.00172234
00000047_007.png,Effusion,0.0,0.00168419
00000047_007.png,Mass,0.0,0.00168419
00000047_007.png,Infiltration,0.0,0.00167561
00000047_007.png,Effusion,0.0,0.00166512
00000047_007.png,Mass,0.0,0.00162983
00000047_007.png,Effusion,0.0,0.0016222
00000047_007.png,Effusion,0.0,0.0016098
00000047_007.png,Effusion,0.0,0.00160313
00000047_007.png,Mass,0.0,0.0014801
00000047_007.png,Infiltration,0.0,0.00144768
00000047_007.png,Mass,0.0,0.00142574
00000047_007.png,Effusion,0.0,0.00139332
00000047_007.png,Infiltration,0.0,0.00136375
00000047_007.png,Infiltration,0.0,0.00133038
00000047_007.png,Cardiomegaly,0.0,0.00131416
00000047_007.png,Effusion,0.0,0.0012846
00000047_007.png,Mass,0.0,0.00122452
00000047_007.png,Effusion,0.0,0.00121403
00000047_007.png,Infiltration,0.0,0.00118732
00000047_007.png,Infiltration,0.0,0.00118542
00000047_007.png,Cardiomegaly,0.0,0.00117397
00000047_007.png,Cardiomegaly,0.0,0.0011692
00000047_007.png,Cardiomegaly,0.0,0.0011034
00000047_007.png,Cardiomegaly,0.0,0.00106907
00000047_007.png,Effusion,0.0,0.00106812
00000047_007.png,Infiltration,0.0,0.00106239
00000047_007.png,Infiltration,0.0,0.00105572
00000047_007.png,Infiltration,0.0,0.00104713
00000047_007.png,Mass,0.0,0.00103855
00000047_007.png,Infiltration,0.0,0.00103855
00000047_007.png,Infiltration,0.0,0.00103378
00000047_007.png,Infiltration,0.0,0.00100899
00000047_007.png,Infiltration,0.0,0.00100613
00027577_003.png,Infiltration,0.14352907827496514,0.109375
00027577_003.png,Atelectasis,0.0,0.0723267
00027577_003.png,Cardiomegaly,0.0,0.0588684
00027577_003.png,Infiltration,0.0,0.0557556
00027577_003.png,Infiltration,0.0,0.0396729
00027577_003.png,Infiltration,0.12181691026435275,0.0386658
00027577_003.png,Cardiomegaly,0.30438394693137055,0.0341492
00027577_003.png,Infiltration,0.24126901836776948,0.026535
00027577_003.png,Effusion,0.0,0.0223999
00027577_003.png,Infiltration,0.0,0.0214539
00027577_003.png,Cardiomegaly,0.0,0.0191193
00027577_003.png,Infiltration,0.021498651278068284,0.0177612
00027577_003.png,Cardiomegaly,0.38461770042394905,0.0175323
00027577_003.png,Cardiomegaly,0.0,0.014534
00027577_003.png,Cardiomegaly,0.0,0.0138245
00027577_003.png,Cardiomegaly,0.34485690469989033,0.0127029
00027577_003.png,Infiltration,0.0,0.00875092
00027577_003.png,Infiltration,0.19185479548502,0.00843048
00027577_003.png,Cardiomegaly,0.0,0.00785828
00027577_003.png,Cardiomegaly,0.23146123436492033,0.00776291
00027577_003.png,Infiltration,0.0,0.00693893
00027577_003.png,Effusion,0.030806214120391986,0.00675201
00027577_003.png,Infiltration,0.31352148745048825,0.00651169
00027577_003.png,Effusion,0.0,0.00597763
00027577_003.png,Cardiomegaly,0.31352148745048825,0.00597382
00027577_003.png,Infiltration,0.0,0.00585938
00027577_003.png,Atelectasis,0.0,0.00530624
00027577_003.png,Infiltration,0.0,0.00480652
00027577_003.png,Cardiomegaly,0.0,0.00470734
00027577_003.png,Cardiomegaly,0.0,0.00462341
00027577_003.png,Infiltration,0.0,0.0044136
00027577_003.png,Cardiomegaly,0.0,0.00439072
00027577_003.png,Mass,0.24227469278329883,0.00432968
00027577_003.png,Cardiomegaly,0.2063021319009208,0.00423813
00027577_003.png,Cardiomegaly,0.6250892705738387,0.00419998
00027577_003.png,Cardiomegaly,0.20513455167619285,0.0040741
00027577_003.png,Infiltration,0.0,0.00403214
00027577_003.png,Cardiomegaly,0.0,0.00382996
00027577_003.png,Effusion,0.0,0.00377655
00027577_003.png,Infiltration,0.0,0.00376129
00027577_003.png,Infiltration,0.0,0.00370026
00027577_003.png,Effusion,0.0,0.00367737
00027577_003.png,Cardiomegaly,0.49163100081217687,0.00366211
00027577_003.png,Infiltration,0.0,0.0035038
00027577_003.png,Atelectasis,0.014754293202515029,0.00348854
00027577_003.png,Cardiomegaly,0.0,0.00341225
00027577_003.png,Infiltration,0.0,0.00330162
00027577_003.png,Infiltration,0.0,0.00310516
00027577_003.png,Effusion,0.0,0.00309372
00027577_003.png,Infiltration,0.0,0.00308037
00027577_003.png,Cardiomegaly,0.0,0.00290489
00027577_003.png,Cardiomegaly,0.0,0.00289917
00027577_003.png,Effusion,0.0,0.0026207
00027577_003.png,Cardiomegaly,0.3052094184917275,0.00255013
00027577_003.png,Effusion,0.0,0.00242043
00027577_003.png,Effusion,0.0,0.0023632
00027577_003.png,Cardiomegaly,0.0,0.00235748
00027577_003.png,Cardiomegaly,0.0,0.00234985
00027577_003.png,Cardiomegaly,0.6555629180048268,0.00230598
00027577_003.png,Cardiomegaly,0.24227469278329883,0.00230408
00027577_003.png,Infiltration,0.0,0.00221062
00027577_003.png,Infiltration,0.0,0.00217438
00027577_003.png,Cardiomegaly,0.10461068448867157,0.00210381
00027577_003.png,Infiltration,0.0,0.00208282
00027577_003.png,Atelectasis,0.0,0.00207329
00027577_003.png,Infiltration,0.0,0.00202942
00027577_003.png,Infiltration,0.0,0.0019989
00027577_003.png,Atelectasis,0.0016591425699736947,0.00198174
00027577_003.png,Effusion,0.0,0.00192642
00027577_003.png,Effusion,0.0,0.00190544
00027577_003.png,Cardiomegaly,0.0,0.00186443
00027577_003.png,Effusion,0.0,0.0018301
00027577_003.png,Cardiomegaly,0.0,0.00182915
00027577_003.png,Infiltration,0.0,0.0018158
00027577_003.png,Cardiomegaly,0.0,0.00180626
00027577_003.png,Effusion,0.0,0.00180149
00027577_003.png,Infiltration,0.0,0.00174236
00027577_003.png,Infiltration,0.0,0.00172043
00027577_003.png,Infiltration,0.13179642751276663,0.00170898
00027577_003.png,Effusion,0.0,0.00168514
00027577_003.png,Infiltration,0.0,0.00168419
00027577_003.png,Atelectasis,0.0,0.00168037
00027577_003.png,Infiltration,0.0,0.00167084
00027577_003.png,Infiltration,0.0,0.00159836
00027577_003.png,Cardiomegaly,0.36485302876737896,0.00158978
00027577_003.png,Cardiomegaly,0.0,0.00158882
00027577_003.png,Cardiomegaly,0.03437274938184608,0.00158596
00027577_003.png,Mass,0.0,0.00154781
00027577_003.png,Infiltration,0.0,0.00146294
00027577_003.png,Cardiomegaly,0.0,0.00142574
00027577_003.png,Effusion,0.0,0.00142002
00027577_003.png,Cardiomegaly,0.0,0.00137901
00027577_003.png,Cardiomegaly,0.22355547814224783,0.00134563
00027577_003.png,Infiltration,0.0,0.00133324
00027577_003.png,Effusion,0.0,0.00130272
00027577_003.png,Infiltration,0.0,0.00126743
00027577_003.png,Effusion,0.0,0.00120926
00027577_003.png,Cardiomegaly,0.24815166750071993,0.00118351
00027577_003.png,Cardiomegaly,0.0011017988026893245,0.00116539
00027577_003.png,Effusion,0.0,0.00108051
00027577_003.png,Cardiomegaly,0.0,0.00107765
00027577_003.png,Infiltration,0.0,0.00104809
00027577_003.png,Cardiomegaly,0.0,0.00104713
00027577_003.png,Cardiomegaly,0.0,0.00102234
00000049_002.png,Effusion,0.0,0.269775
00000049_002.png,Atelectasis,0.0,0.0735474
00000049_002.png,Effusion,0.0,0.0195923
00000049_002.png,Mass,0.0,0.0191498
00000049_002.png,Effusion,0.0,0.0166626
00000049_002.png,Cardiomegaly,0.0,0.0128784
00000049_002.png,Effusion,0.0,0.0118103
00000049_002.png,Mass,0.0,0.0116806
00000049_002.png,Infiltration,0.0,0.00938416
00000049_002.png,Atelectasis,0.0,0.00869751
00000049_002.png,Mass,0.0,0.00843811
00000049_002.png,Effusion,0.0,0.00823975
00000049_002.png,Effusion,0.0,0.00818634
00000049_002.png,Mass,0.0,0.00811768
00000049_002.png,Effusion,0.0,0.00801086
00000049_002.png,Cardiomegaly,0.0,0.0075264
00000049_002.png,Effusion,0.0,0.00734711
00000049_002.png,Effusion,0.0,0.00725555
00000049_002.png,Mass,0.0,0.00720215
00000049_002.png,Infiltration,0.0,0.00680923
00000049_002.png,Mass,0.0,0.00672913
00000049_002.png,Mass,0.0,0.00596237
00000049_002.png,Mass,0.0,0.0059166
00000049_002.png,Effusion,0.0,0.00558472
00000049_002.png,Mass,0.0,0.00544739
00000049_002.png,Mass,0.0,0.00531769
00000049_002.png,Effusion,0.0,0.00526047
00000049_002.png,Effusion,0.0,0.00520325
00000049_002.png,Effusion,0.0,0.00511551
00000049_002.png,Infiltration,0.0,0.00503159
00000049_002.png,Mass,0.0,0.00421143
00000049_002.png,Mass,0.0,0.00419998
00000049_002.png,Effusion,0.0,0.0038681
00000049_002.png,Cardiomegaly,0.0,0.00370407
00000049_002.png,Mass,0.0,0.00369835
00000049_002.png,Atelectasis,0.0,0.0036335
00000049_002.png,Cardiomegaly,0.0,0.0034523
00000049_002.png,Cardiomegaly,0.0,0.0031395
00000049_002.png,Effusion,0.0,0.00308609
00000049_002.png,Mass,0.0,0.0030632
00000049_002.png,Infiltration,0.0,0.00300407
00000049_002.png,Atelectasis,0.0,0.00283432
00000049_002.png,Infiltration,0.0,0.00279999
00000049_002.png,Infiltration,0.0,0.00259972
00000049_002.png,Effusion,0.0,0.00245094
00000049_002.png,Mass,0.0,0.00242805
00000049_002.png,Mass,0.0,0.00239944
00000049_002.png,Cardiomegaly,0.0,0.0023365
00000049_002.png,Cardiomegaly,0.0,0.00230598
00000049_002.png,Mass,0.0,0.0021801
00000049_002.png,Effusion,0.0,0.00217819
00000049_002.png,Effusion,0.0,0.00212097
00000049_002.png,Cardiomegaly,0.0,0.00210762
00000049_002.png,Effusion,0.0,0.00208282
00000049_002.png,Mass,0.0,0.00208282
00000049_002.png,Effusion,0.0,0.00201607
00000049_002.png,Effusion,0.0,0.00195694
00000049_002.png,Cardiomegaly,0.0,0.00195694
00000049_002.png,Effusion,0.0,0.00194454
00000049_002.png,Infiltration,0.0,0.00194168
00000049_002.png,Effusion,0.0,0.00193024
00000049_002.png,Effusion,0.0,0.00186443
00000049_002.png,Effusion,0.0,0.00185204
00000049_002.png,Effusion,0.0,0.00185204
00000049_002.png,Effusion,0.0,0.00183487
00000049_002.png,Effusion,0.0,0.00182247
00000049_002.png,Effusion,0.0,0.0017767
00000049_002.png,Effusion,0.0,0.00176716
00000049_002.png,Effusion,0.0,0.00174522
00000049_002.png,Cardiomegaly,0.0,0.00173187
00000049_002.png,Mass,0.0,0.00171089
00000049_002.png,Mass,0.0,0.00169754
00000049_002.png,Effusion,0.0,0.00168037
00000049_002.png,Effusion,0.0,0.00167274
00000049_002.png,Effusion,0.0,0.00164413
00000049_002.png,Effusion,0.0,0.0016098
00000049_002.png,Effusion,0.0,0.00159073
00000049_002.png,Mass,0.0,0.00158691
00000049_002.png,Mass,0.0,0.00156879
00000049_002.png,Infiltration,0.0,0.00153446
00000049_002.png,Effusion,0.0,0.00150394
00000049_002.png,Effusion,0.0,0.00149632
00000049_002.png,Effusion,0.0,0.00149059
00000049_002.png,Mass,0.0,0.00147629
00000049_002.png,Effusion,0.0,0.00147152
00000049_002.png,Mass,0.0,0.00147057
00000049_002.png,Effusion,0.0,0.0014534
00000049_002.png,Mass,0.0,0.00143623
00000049_002.png,Mass,0.0,0.00139904
00000049_002.png,Effusion,0.0,0.00138569
00000049_002.png,Effusion,0.0,0.00133801
00000049_002.png,Cardiomegaly,0.0,0.00131035
00000049_002.png,Cardiomegaly,0.0,0.00129795
00000049_002.png,Mass,0.0,0.00129128
00000049_002.png,Infiltration,0.0,0.00129032
00000049_002.png,Mass,0.0,0.0012846
00000049_002.png,Cardiomegaly,0.0,0.00127125
00000049_002.png,Mass,0.0,0.00126457
00000049_002.png,Effusion,0.0,0.00125885
00000049_002.png,Effusion,0.0,0.0012579
00000049_002.png,Effusion,0.0,0.00124741
00000049_002.png,Infiltration,0.0,0.00124359
00000049_002.png,Mass,0.0,0.00122547
00000049_002.png,Infiltration,0.0,0.00120449
00000049_002.png,Effusion,0.0,0.00116348
00000049_002.png,Mass,0.0,0.00115967
00000049_002.png,Effusion,0.0,0.00115108
00000049_002.png,Effusion,0.0,0.00114822
00000049_002.png,Infiltration,0.0,0.00114441
00000049_002.png,Mass,0.0,0.00114441
00000049_002.png,Infiltration,0.0,0.00111866
00000049_002.png,Effusion,0.0,0.00110626
00000049_002.png,Infiltration,0.0,0.00110435
00000049_002.png,Cardiomegaly,0.0,0.0011034
00000049_002.png,Mass,0.0,0.00109768
00000049_002.png,Effusion,0.0,0.00109291
00000049_002.png,Effusion,0.0,0.00105095
00000049_002.png,Cardiomegaly,0.0,0.00105095
00000049_002.png,Atelectasis,0.0,0.00104713
00000049_002.png,Cardiomegaly,0.0,0.00104523
00000049_002.png,Effusion,0.0,0.00103474
00000049_002.png,Cardiomegaly,0.0,0.00103378
00000049_002.png,Atelectasis,0.0,0.00102615
00000049_002.png,Cardiomegaly,0.0,0.00102043
00000049_002.png,Effusion,0.0,0.00101852
00000049_002.png,Effusion,0.0,0.00101185
00000049_002.png,Infiltration,0.0,0.00100517
00023168_000.png,Mass,0.11442223597090796,0.131226
00023168_000.png,Infiltration,0.0,0.0852051
00023168_000.png,Infiltration,0.0,0.0640869
00023168_000.png,Effusion,0.0,0.0501404
00023168_000.png,Mass,0.12879778687018434,0.0379333
00023168_000.png,Atelectasis,0.0,0.0354004
00023168_000.png,Effusion,0.0,0.0346375
00023168_000.png,Effusion,0.0,0.0197449
00023168_000.png,Effusion,0.0,0.0184784
00023168_000.png,Mass,0.07222168949322537,0.0184174
00023168_000.png,Mass,0.18874509413204069,0.0116806
00023168_000.png,Mass,0.0,0.0112381
00023168_000.png,Effusion,0.0,0.0100861
00023168_000.png,Mass,0.0,0.00946045
00023168_000.png,Effusion,0.002729225679586036,0.00701141
00023168_000.png,Mass,0.0,0.00658417
00023168_000.png,Mass,0.0,0.00588226
00023168_000.png,Effusion,0.0,0.00553131
00023168_000.png,Mass,0.04641858182859196,0.00539398
00023168_000.png,Effusion,0.0,0.00531769
00023168_000.png,Effusion,0.0,0.00518799
00023168_000.png,Infiltration,0.0,0.00510788
00023168_000.png,Infiltration,0.0,0.00510406
00023168_000.png,Effusion,0.0,0.00494003
00023168_000.png,Infiltration,0.0,0.004879
00023168_000.png,Mass,0.0,0.00478745
00023168_000.png,Cardiomegaly,0.0,0.00458908
00023168_000.png,Mass,0.0,0.00457764
00023168_000.png,Mass,0.0,0.00448227
00023168_000.png,Cardiomegaly,0.012777526424168037,0.00436783
00023168_000.png,Effusion,0.0,0.00432968
00023168_000.png,Infiltration,0.0,0.00430679
00023168_000.png,Effusion,0.0,0.00404739
00023168_000.png,Mass,0.0,0.00398636
00023168_000.png,Effusion,0.0,0.00392914
00023168_000.png,Effusion,0.0,0.00377083
00023168_000.png,Cardiomegaly,0.0,0.00358009
00023168_000.png,Effusion,0.0,0.00357056
00023168_000.png,Cardiomegaly,0.0,0.00349426
00023168_000.png,Mass,0.061218905964719524,0.00325012
00023168_000.png,Effusion,0.0,0.00321388
00023168_000.png,Cardiomegaly,0.0,0.00315475
00023168_000.png,Effusion,0.0,0.00309753
00023168_000.png,Infiltration,0.0,0.00309563
00023168_000.png,Atelectasis,0.0,0.00299263
00023168_000.png,Infiltration,0.0,0.00293732
00023168_000.png,Effusion,0.0,0.00289917
00023168_000.png,Infiltration,0.0,0.00288391
00023168_000.png,Mass,0.0018571949673008132,0.00280762
00023168_000.png,Cardiomegaly,0.06078643558739984,0.00279999
00023168_000.png,Cardiomegaly,0.09835461726912671,0.00275993
00023168_000.png,Cardiomegaly,0.0,0.00270271
00023168_000.png,Mass,0.09903851326406192,0.00263214
00023168_000.png,Effusion,0.0,0.00257874
00023168_000.png,Infiltration,0.0,0.00257111
00023168_000.png,Effusion,0.0,0.00238609
00023168_000.png,Infiltration,0.0,0.00238228
00023168_000.png,Effusion,0.0,0.00235939
00023168_000.png,Effusion,0.0,0.00232506
00023168_000.png,Infiltration,0.0,0.00232315
00023168_000.png,Mass,0.0,0.00226212
00023168_000.png,Effusion,0.0,0.00225639
00023168_000.png,Mass,0.0,0.00223541
00023168_000.png,Cardiomegaly,0.0,0.00223351
00023168_000.png,Mass,0.12154843955498101,0.00222015
00023168_000.png,Effusion,0.0,0.0022068
00023168_000.png,Mass,0.0,0.00220108
00023168_000.png,Mass,0.0,0.00218201
00023168_000.png,Mass,0.0,0.00217628
00023168_000.png,Effusion,0.0,0.00215912
00023168_000.png,Effusion,0.0,0.00213432
00023168_000.png,Effusion,0.0,0.0021286
00023168_000.png,Effusion,0.0,0.00211143
00023168_000.png,Mass,0.0,0.00210571
00023168_000.png,Effusion,0.0,0.0021019
00023168_000.png,Effusion,0.0,0.00208092
00023168_000.png,Cardiomegaly,0.0,0.00205612
00023168_000.png,Effusion,0.0,0.00198936
00023168_000.png,Cardiomegaly,0.0,0.00196457
00023168_000.png,Cardiomegaly,0.08786874064723957,0.00192833
00023168_000.png,Mass,0.0,0.00190639
00023168_000.png,Effusion,0.0,0.00187683
00023168_000.png,Effusion,0.0,0.0018568
00023168_000.png,Mass,0.0,0.00183678
00023168_000.png,Effusion,0.0,0.00177765
00023168_000.png,Effusion,0.0,0.00177765
00023168_000.png,Effusion,0.0,0.00175953
00023168_000.png,Effusion,0.0,0.00173187
00023168_000.png,Mass,0.0,0.00170803
00023168_000.png,Mass,0.0,0.00170708
00023168_000.png,Mass,0.0,0.00166893
00023168_000.png,Cardiomegaly,0.012795967188601124,0.00164318
00023168_000.png,Mass,0.0314660675808833,0.00162983
00023168_000.png,Mass,0.0,0.00162125
00023168_000.png,Cardiomegaly,0.022697603288137764,0.00153446
00023168_000.png,Mass,0.0,0.00151348
00023168_000.png,Effusion,0.0,0.00150013
00023168_000.png,Infiltration,0.0,0.00148869
00023168_000.png,Infiltration,0.08514962380372983,0.00145435
00023168_000.png,Infiltration,0.0,0.001441
00023168_000.png,Infiltration,0.0,0.00143814
00023168_000.png,Infiltration,0.0,0.0014143
00023168_000.png,Mass,0.0,0.00141335
00023168_000.png,Effusion,0.0,0.00140858
00023168_000.png,Infiltration,0.0,0.00139618
00023168_000.png,Effusion,0.0,0.00139332
00023168_000.png,Effusion,0.0,0.00139236
00023168_000.png,Effusion,0.0,0.0013876
00023168_000.png,Effusion,0.0,0.00137615
00023168_000.png,Mass,0.0,0.00135612
00023168_000.png,Effusion,0.0,0.00133896
00023168_000.png,Effusion,0.0,0.00133419
00023168_000.png,Effusion,0.0,0.00133228
00023168_000.png,Infiltration,0.0,0.00132561
00023168_000.png,Cardiomegaly,0.0,0.00130844
00023168_000.png,Cardiomegaly,0.05812138380400409,0.00126648
00023168_000.png,Atelectasis,0.05345882122206773,0.00125885
00023168_000.png,Effusion,0.0,0.0012188
00023168_000.png,Effusion,0.0,0.00121498
00023168_000.png,Effusion,0.0,0.00121498
00023168_000.png,Effusion,0.0,0.00120068
00023168_000.png,Infiltration,0.0,0.00119305
00023168_000.png,Cardiomegaly,0.0,0.0011816
00023168_000.png,Cardiomegaly,0.06971107880443123,0.00117493
00023168_000.png,Mass,0.0,0.00113869
00023168_000.png,Effusion,0.0,0.00112724
00023168_000.png,Effusion,0.0,0.00112343
00023168_000.png,Cardiomegaly,0.0,0.00111198
00023168_000.png,Mass,0.0,0.00109959
00023168_000.png,Mass,0.007861809790918505,0.00108528
00023168_000.png,Effusion,0.006037445201088245,0.00107384
00023168_000.png,Cardiomegaly,0.0,0.00105476
00023168_000.png,Mass,0.0,0.00105286
00023168_000.png,Effusion,0.0,0.00104713
00023168_000.png,Effusion,0.0,0.00102425
00023168_000.png,Effusion,0.0,0.00102043
00023168_000.png,Mass,0.0,0.00101471
00023168_000.png,Mass,0.0,0.00101185
00023168_000.png,Mass,0.0,0.00100327
00028330_003.png,Effusion,0.5622868024293068,0.150635
00028330_003.png,Atelectasis,0.0396450654216096,0.0349426
00028330_003.png,Mass,0.18943252166603297,0.0317688
00028330_003.png,Effusion,0.0,0.0176544
00028330_003.png,Effusion,0.3885612304796324,0.0143814
00028330_003.png,Infiltration,0.0,0.0125427
00028330_003.png,Mass,0.40003448571449984,0.0124283
00028330_003.png,Cardiomegaly,0.04393694281845836,0.0120163
00028330_003.png,Infiltration,0.0,0.011673
00028330_003.png,Infiltration,0.0,0.0113983
00028330_003.png,Infiltration,0.0,0.011055
00028330_003.png,Infiltration,0.0,0.0106735
00028330_003.png,Infiltration,0.0,0.0100403
00028330_003.png,Mass,0.07503805076743726,0.00863647
00028330_003.png,Infiltration,0.0,0.00824738
00028330_003.png,Infiltration,0.0,0.00764847
00028330_003.png,Effusion,0.0,0.00712204
00028330_003.png,Effusion,0.0,0.00684738
00028330_003.png,Mass,0.0,0.00593567
00028330_003.png,Effusion,0.0,0.00521469
00028330_003.png,Infiltration,0.0,0.00506592
00028330_003.png,Infiltration,0.0,0.00495911
00028330_003.png,Mass,0.1252503179093793,0.00488281
00028330_003.png,Effusion,0.0,0.00483322
00028330_003.png,Cardiomegaly,0.014281510061973368,0.00462723
00028330_003.png,Effusion,0.33478614175415355,0.00456619
00028330_003.png,Infiltration,0.0,0.00455856
00028330_003.png,Infiltration,0.0,0.00445938
00028330_003.png,Infiltration,0.0,0.00440216
00028330_003.png,Infiltration,0.0,0.00428391
00028330_003.png,Cardiomegaly,0.009076127313795446,0.0041275
00028330_003.png,Cardiomegaly,0.0,0.00379181
00028330_003.png,Infiltration,0.0,0.00375557
00028330_003.png,Mass,0.24614847029414252,0.00372696
00028330_003.png,Mass,0.18829875796028803,0.00366783
00028330_003.png,Infiltration,0.0,0.00360107
00028330_003.png,Effusion,0.0,0.003479
00028330_003.png,Effusion,0.4482111116805008,0.00342369
00028330_003.png,Mass,0.32054903715287664,0.00342178
00028330_003.png,Cardiomegaly,0.0,0.00325394
00028330_003.png,Infiltration,0.0,0.00316238
00028330_003.png,Infiltration,0.0,0.00315285
00028330_003.png,Cardiomegaly,0.07597007428271288,0.00308037
00028330_003.png,Effusion,0.8559213928592287,0.00301743
00028330_003.png,Infiltration,0.0,0.00296402
00028330_003.png,Mass,0.14651411285574698,0.0029583
00028330_003.png,Infiltration,0.6636226347691234,0.00269127
00028330_003.png,Effusion,0.0,0.00255394
00028330_003.png,Infiltration,0.0,0.00253487
00028330_003.png,Cardiomegaly,0.0,0.0025177
00028330_003.png,Effusion,0.043080005820847186,0.00246239
00028330_003.png,Infiltration,0.0,0.00242424
00028330_003.png,Effusion,0.0,0.00238609
00028330_003.png,Cardiomegaly,0.0,0.00237465
00028330_003.png,Infiltration,0.0,0.0023613
00028330_003.png,Atelectasis,0.046561349736123754,0.00233078
00028330_003.png,Effusion,0.4671824684100011,0.00231934
00028330_003.png,Effusion,0.14838188857784046,0.00229454
00028330_003.png,Mass,0.0,0.00225067
00028330_003.png,Infiltration,0.0,0.00215149
00028330_003.png,Cardiomegaly,0.0,0.00207901
00028330_003.png,Infiltration,0.0,0.00206184
00028330_003.png,Effusion,0.0,0.00205612
00028330_003.png,Infiltration,0.27568240709675773,0.00204468
00028330_003.png,Infiltration,0.0,0.00204277
00028330_003.png,Infiltration,0.0,0.0020256
00028330_003.png,Cardiomegaly,0.0,0.00194836
00028330_003.png,Mass,0.0,0.00186157
00028330_003.png,Mass,0.08789217995417602,0.00184727
00028330_003.png,Infiltration,0.27237667467769183,0.00177097
00028330_003.png,Effusion,0.0,0.00176716
00028330_003.png,Effusion,0.0,0.001647
00028330_003.png,Infiltration,0.0,0.00164509
00028330_003.png,Effusion,0.0,0.00163269
00028330_003.png,Infiltration,0.0,0.00160789
00028330_003.png,Infiltration,0.0,0.00159168
00028330_003.png,Cardiomegaly,0.0,0.00158978
00028330_003.png,Effusion,0.0,0.00152493
00028330_003.png,Cardiomegaly,0.0,0.00151253
00028330_003.png,Infiltration,0.0,0.00150108
00028330_003.png,Mass,0.366720754391703,0.00148582
00028330_003.png,Cardiomegaly,0.022222280087685134,0.0014782
00028330_003.png,Mass,0.0,0.00145626
00028330_003.png,Mass,0.06773580070359402,0.00141716
00028330_003.png,Effusion,0.36028419172895104,0.00139999
00028330_003.png,Mass,0.0,0.00139904
00028330_003.png,Effusion,0.09489415698011741,0.0013876
00028330_003.png,Effusion,0.0,0.00137329
00028330_003.png,Effusion,0.0,0.00134945
00028330_003.png,Effusion,0.056228722009101596,0.00133896
00028330_003.png,Infiltration,0.4618496784798432,0.00132847
00028330_003.png,Effusion,0.0,0.00129604
00028330_003.png,Effusion,0.0,0.00129223
00028330_003.png,Cardiomegaly,0.0,0.00126839
00028330_003.png,Effusion,0.0,0.00124168
00028330_003.png,Effusion,0.06070563874137615,0.00123119
00028330_003.png,Effusion,0.10107714257812521,0.00122738
00028330_003.png,Cardiomegaly,0.366720754391703,0.00120926
00028330_003.png,Cardiomegaly,0.0,0.00118256
00028330_003.png,Effusion,0.0,0.00118065
00028330_003.png,Infiltration,0.0057163689959225114,0.00116158
00028330_003.png,Cardiomegaly,0.0,0.00114536
00028330_003.png,Effusion,0.0,0.00114059
00028330_003.png,Effusion,0.37061563585485974,0.00113201
00028330_003.png,Cardiomegaly,0.0,0.0011282
00028330_003.png,Effusion,0.3142525621686655,0.00112629
00028330_003.png,Infiltration,0.366720754391703,0.00111771
00028330_003.png,Mass,0.0,0.0011158
00028330_003.png,Infiltration,0.0,0.00110245
00028330_003.png,Cardiomegaly,0.07881555515380122,0.00108337
00028330_003.png,Cardiomegaly,0.0,0.00107861
00028330_003.png,Mass,0.0,0.0010767
00028330_003.png,Effusion,0.0,0.0010643
00028330_003.png,Mass,0.0,0.00103569
00028330_003.png,Mass,0.0,0.00102043
00028330_003.png,Effusion,0.027828479736231013,0.00101757
00028330_003.png,Mass,0.0,0.00100803
00015300_000.png,Effusion,0.0,0.118286
00015300_000.png,Effusion,0.7377323142808749,0.0562439
00015300_000.png,Mass,0.0,0.0531921
00015300_000.png,Infiltration,0.0,0.0526123
00015300_000.png,Atelectasis,0.025854914072544078,0.0418091
00015300_000.png,Atelectasis,0.04496542843321786,0.0378723
00015300_000.png,Infiltration,0.18887306924537145,0.0267944
00015300_000.png,Atelectasis,0.0855508063784494,0.0184174
00015300_000.png,Effusion,0.5516922139932835,0.0171356
00015300_000.png,Cardiomegaly,0.11872675359935277,0.0171204
00015300_000.png,Effusion,0.0,0.015213
00015300_000.png,Infiltration,0.15948633000458168,0.0132904
00015300_000.png,Cardiomegaly,0.19249134203241375,0.0116272
00015300_000.png,Effusion,0.3541600370386785,0.0112534
00015300_000.png,Cardiomegaly,0.14374478903889593,0.0108948
00015300_000.png,Infiltration,0.18993495460214993,0.010437
00015300_000.png,Mass,0.0,0.00980377
00015300_000.png,Infiltration,0.0,0.0092926
00015300_000.png,Mass,0.0,0.00720215
00015300_000.png,Cardiomegaly,0.0,0.00671387
00015300_000.png,Effusion,0.0,0.00631714
00015300_000.png,Infiltration,0.07481319518003841,0.0059967
00015300_000.png,Mass,0.0,0.00595856
00015300_000.png,Effusion,0.19249134203241375,0.00590134
00015300_000.png,Infiltration,0.0,0.00564957
00015300_000.png,Effusion,0.0,0.00559998
00015300_000.png,Cardiomegaly,0.22581171165314687,0.00522995
00015300_000.png,Atelectasis,0.0821654229395739,0.00506973
00015300_000.png,Infiltration,0.0,0.00489807
00015300_000.png,Infiltration,0.0,0.004879
00015300_000.png,Infiltration,0.12200354032102662,0.00457001
00015300_000.png,Cardiomegaly,0.2190397741113906,0.00423813
00015300_000.png,Cardiomegaly,0.13541291654350893,0.00416946
00015300_000.png,Cardiomegaly,0.0,0.00381851
00015300_000.png,Effusion,0.0,0.00379753
00015300_000.png,Atelectasis,0.0,0.0037384
00015300_000.png,Effusion,0.4681519500817246,0.00358582
00015300_000.png,Cardiomegaly,0.20958568371447198,0.00354576
00015300_000.png,Cardiomegaly,0.0,0.00329971
00015300_000.png,Infiltration,0.0,0.00312996
00015300_000.png,Effusion,0.20958568371447198,0.00308609
00015300_000.png,Mass,0.0,0.00301552
00015300_000.png,Infiltration,0.0,0.00300789
00015300_000.png,Infiltration,0.0,0.00275993
00015300_000.png,Cardiomegaly,0.7377323142808749,0.00274658
00015300_000.png,Effusion,0.251872242652705,0.00264359
00015300_000.png,Infiltration,0.3747696558202013,0.00261307
00015300_000.png,Atelectasis,0.04188491157599391,0.00255013
00015300_000.png,Atelectasis,0.05938223059539842,0.00253868
00015300_000.png,Infiltration,0.0,0.00253296
00015300_000.png,Effusion,0.1665304030710904,0.00250244
00015300_000.png,Effusion,0.339603435322266,0.00241089
00015300_000.png,Atelectasis,0.060136653902873156,0.00241089
00015300_000.png,Infiltration,0.13824308524361772,0.00238419
00015300_000.png,Infiltration,0.03684729856161885,0.0023632
00015300_000.png,Effusion,0.0,0.00232506
00015300_000.png,Infiltration,0.0,0.00224304
00015300_000.png,Infiltration,0.0,0.00215149
00015300_000.png,Cardiomegaly,0.0,0.00215149
00015300_000.png,Cardiomegaly,0.2920271052212357,0.00205994
00015300_000.png,Mass,0.0,0.00198174
00015300_000.png,Mass,0.0,0.00193405
00015300_000.png,Effusion,0.0,0.00191116
00015300_000.png,Infiltration,0.0,0.00186825
00015300_000.png,Cardiomegaly,0.1252846616502799,0.00186157
00015300_000.png,Mass,0.0,0.00183868
00015300_000.png,Infiltration,0.0,0.00181103
00015300_000.png,Infiltration,0.0,0.00167179
00015300_000.png,Cardiomegaly,0.16669710677629984,0.00164795
00015300_000.png,Effusion,0.0,0.00156403
00015300_000.png,Infiltration,0.0,0.00156307
00015300_000.png,Effusion,0.0,0.00151539
00015300_000.png,Infiltration,0.0,0.00151348
00015300_000.png,Effusion,0.0,0.00148201
00015300_000.png,Effusion,0.30901470562485056,0.00147724
00015300_000.png,Infiltration,0.0,0.00144672
00015300_000.png,Infiltration,0.0,0.00143814
00015300_000.png,Mass,0.03351783508218978,0.00142956
00015300_000.png,Infiltration,0.0,0.00140762
00015300_000.png,Mass,0.0,0.00139713
00015300_000.png,Infiltration,0.3166113412979215,0.00139427
00015300_000.png,Effusion,0.0,0.00135994
00015300_000.png,Atelectasis,0.12466912530190692,0.00134659
00015300_000.png,Mass,0.0,0.00132656
00015300_000.png,Effusion,0.0,0.00131321
00015300_000.png,Effusion,0.0,0.00129986
00015300_000.png,Cardiomegaly,0.3655247452449703,0.00129032
00015300_000.png,Cardiomegaly,0.0,0.00127029
00015300_000.png,Effusion,0.0,0.00126934
00015300_000.png,Atelectasis,0.12346822920652245,0.00125408
00015300_000.png,Cardiomegaly,0.22819780141983928,0.00124264
00015300_000.png,Infiltration,0.339603435322266,0.00123501
00015300_000.png,Cardiomegaly,0.16954687415754657,0.00123119
00015300_000.png,Mass,0.0,0.00122929
00015300_000.png,Effusion,0.0,0.00121593
00015300_000.png,Mass,0.0,0.00118446
00015300_000.png,Infiltration,0.0,0.00115681
00015300_000.png,Mass,0.04600659322920339,0.00112534
00015300_000.png,Mass,0.0,0.00110626
00015300_000.png,Mass,0.22581171165314687,0.00110149
00015300_000.png,Cardiomegaly,0.30901470562485056,0.00108242
00015300_000.png,Effusion,0.0,0.00107861
00015300_000.png,Infiltration,0.0,0.00106621
00015300_000.png,Effusion,0.0,0.00106049
00015300_000.png,Effusion,0.0,0.00105381
00015300_000.png,Effusion,0.14661167534338082,0.00104904
00015300_000.png,Effusion,0.0,0.00104523
00015300_000.png,Effusion,0.0,0.00100899
00008386_000.png,Atelectasis,0.0,0.19397
00008386_000.png,Mass,0.0,0.0706787
00008386_000.png,Infiltration,0.0,0.0592957
00008386_000.png,Cardiomegaly,0.0,0.0510254
00008386_000.png,Infiltration,0.0,0.0388184
00008386_000.png,Infiltration,0.0,0.0346069
00008386_000.png,Infiltration,0.0,0.0230865
00008386_000.png,Infiltration,0.0,0.0218201
00008386_000.png,Infiltration,0.0,0.0203094
00008386_000.png,Infiltration,0.0,0.0170746
00008386_000.png,Cardiomegaly,0.0,0.0169678
00008386_000.png,Infiltration,0.0,0.0168152
00008386_000.png,Infiltration,0.0,0.0151672
00008386_000.png,Effusion,0.0,0.0139008
00008386_000.png,Infiltration,0.0,0.0135651
00008386_000.png,Infiltration,0.0,0.0129852
00008386_000.png,Infiltration,0.0,0.0124664
00008386_000.png,Infiltration,0.0,0.0123901
00008386_000.png,Infiltration,0.0,0.0115128
00008386_000.png,Infiltration,0.0,0.0109787
00008386_000.png,Infiltration,0.0,0.0101089
00008386_000.png,Infiltration,0.0,0.00935364
00008386_000.png,Effusion,0.0,0.00933075
00008386_000.png,Infiltration,0.012770108999143942,0.00907898
00008386_000.png,Mass,0.0,0.00880432
00008386_000.png,Infiltration,0.0,0.00873566
00008386_000.png,Cardiomegaly,0.0,0.00762939
00008386_000.png,Infiltration,0.0,0.00747299
00008386_000.png,Cardiomegaly,0.0,0.0074501
00008386_000.png,Infiltration,0.0,0.00690842
00008386_000.png,Mass,0.0,0.00683975
00008386_000.png,Mass,0.0,0.00680161
00008386_000.png,Cardiomegaly,0.0,0.00643539
00008386_000.png,Effusion,0.0,0.00624084
00008386_000.png,Cardiomegaly,0.0,0.00618362
00008386_000.png,Effusion,0.0,0.00602722
00008386_000.png,Infiltration,0.0,0.00601196
00008386_000.png,Infiltration,0.0,0.00588226
00008386_000.png,Infiltration,0.0,0.00569916
00008386_000.png,Mass,0.0,0.00559998
00008386_000.png,Effusion,0.02867802756611773,0.00543594
00008386_000.png,Infiltration,0.0,0.0053978
00008386_000.png,Effusion,0.0,0.00531769
00008386_000.png,Infiltration,0.0,0.00499344
00008386_000.png,Mass,0.0,0.00480652
00008386_000.png,Mass,0.0,0.00475311
00008386_000.png,Infiltration,0.02867802756611773,0.00471497
00008386_000.png,Effusion,0.0,0.00450134
00008386_000.png,Infiltration,0.0,0.0044136
00008386_000.png,Infiltration,0.0,0.00423813
00008386_000.png,Mass,0.0,0.0042305
00008386_000.png,Effusion,0.07715329266284676,0.00417709
00008386_000.png,Effusion,0.0,0.00413132
00008386_000.png,Cardiomegaly,0.0,0.00411224
00008386_000.png,Mass,0.0,0.00410461
00008386_000.png,Effusion,0.0,0.00407791
00008386_000.png,Infiltration,0.0,0.00400543
00008386_000.png,Infiltration,0.0,0.00385475
00008386_000.png,Effusion,0.013990649438223729,0.00377655
00008386_000.png,Infiltration,0.0,0.00372124
00008386_000.png,Cardiomegaly,0.0,0.00365448
00008386_000.png,Infiltration,0.0,0.00356865
00008386_000.png,Mass,0.0,0.00355148
00008386_000.png,Mass,0.0,0.00348091
00008386_000.png,Infiltration,0.0,0.00345039
00008386_000.png,Effusion,0.058365776546749515,0.00329018
00008386_000.png,Infiltration,0.0,0.00322151
00008386_000.png,Infiltration,0.0,0.00319481
00008386_000.png,Infiltration,0.0,0.0031147
00008386_000.png,Cardiomegaly,0.0,0.0031147
00008386_000.png,Infiltration,0.0,0.00299263
00008386_000.png,Infiltration,0.0,0.00297546
00008386_000.png,Effusion,0.0,0.00292206
00008386_000.png,Mass,0.0,0.00281143
00008386_000.png,Infiltration,0.12324023215030946,0.0028038
00008386_000.png,Effusion,0.0,0.00267601
00008386_000.png,Infiltration,0.0,0.00257683
00008386_000.png,Infiltration,0.0,0.00250435
00008386_000.png,Effusion,0.0,0.00241089
00008386_000.png,Mass,0.00043398428674782167,0.00236893
00008386_000.png,Effusion,0.0,0.0023632
00008386_000.png,Cardiomegaly,0.0,0.00234795
00008386_000.png,Mass,0.0,0.00232124
00008386_000.png,Effusion,0.0,0.00231552
00008386_000.png,Infiltration,0.0,0.00223923
00008386_000.png,Mass,0.019938984740057304,0.00222397
00008386_000.png,Cardiomegaly,0.0,0.0022049
00008386_000.png,Effusion,0.0,0.00218773
00008386_000.png,Mass,0.0,0.00214767
00008386_000.png,Effusion,0.01898220048881998,0.00213051
00008386_000.png,Effusion,0.0,0.00212669
00008386_000.png,Infiltration,0.0,0.0020771
00008386_000.png,Effusion,0.050278578184264414,0.00204659
00008386_000.png,Cardiomegaly,0.0,0.00203896
00008386_000.png,Effusion,0.0,0.00200081
00008386_000.png,Infiltration,0.0,0.0018549
00008386_000.png,Effusion,0.0,0.00179768
00008386_000.png,Effusion,0.02335389138845095,0.0017767
00008386_000.png,Effusion,0.0,0.00172329
00008386_000.png,Effusion,0.0,0.00171757
00008386_000.png,Effusion,0.1643607083114832,0.00171661
00008386_000.png,Infiltration,0.0,0.00160217
00008386_000.png,Effusion,0.2115301946417536,0.00158787
00008386_000.png,Infiltration,0.13251697755903877,0.0015707
00008386_000.png,Effusion,0.0,0.00156593
00008386_000.png,Mass,0.0,0.00154018
00008386_000.png,Infiltration,0.0,0.00152206
00008386_000.png,Cardiomegaly,0.0,0.00151062
00008386_000.png,Infiltration,0.0,0.00149155
00008386_000.png,Mass,0.0,0.00149059
00008386_000.png,Effusion,0.0,0.00148869
00008386_000.png,Infiltration,0.0,0.00147915
00008386_000.png,Effusion,0.0,0.00147343
00008386_000.png,Effusion,0.0,0.00146675
00008386_000.png,Infiltration,0.0,0.0014534
00008386_000.png,Effusion,0.11784079721256795,0.00145245
00008386_000.png,Effusion,0.0,0.00140762
00008386_000.png,Mass,0.0,0.00137806
00008386_000.png,Effusion,0.098096463682706,0.0013752
00008386_000.png,Effusion,0.12453305291219294,0.00136471
00008386_000.png,Cardiomegaly,0.0,0.00135994
00008386_000.png,Mass,0.0,0.00134373
00008386_000.png,Infiltration,0.0,0.00129128
00008386_000.png,Mass,0.0,0.00123692
00008386_000.png,Infiltration,0.0,0.00122929
00008386_000.png,Mass,0.0,0.00122452
00008386_000.png,Atelectasis,0.013990649438223729,0.00121975
00008386_000.png,Effusion,0.17273346168630657,0.00119591
00008386_000.png,Mass,0.0,0.00118828
00008386_000.png,Infiltration,0.0,0.00118446
00008386_000.png,Effusion,0.0,0.00118351
00008386_000.png,Cardiomegaly,0.0,0.00115776
00008386_000.png,Effusion,0.0,0.00115395
00008386_000.png,Effusion,0.005914651126418051,0.0011301
00008386_000.png,Infiltration,0.0,0.00112724
00008386_000.png,Effusion,0.0,0.00112152
00008386_000.png,Mass,0.024666701354107437,0.00112057
00008386_000.png,Mass,0.009287461381540293,0.00112057
00008386_000.png,Effusion,0.0,0.00111771
00008386_000.png,Effusion,0.0,0.00109959
00008386_000.png,Effusion,0.0,0.00109768
00008386_000.png,Infiltration,0.24909488243091318,0.001091
00008386_000.png,Effusion,0.0,0.00108337
00008386_000.png,Infiltration,0.0,0.00107956
00008386_000.png,Effusion,0.0,0.00107574
00008386_000.png,Infiltration,0.0,0.00107574
00008386_000.png,Effusion,0.0,0.00107479
00008386_000.png,Effusion,0.0,0.00107098
00008386_000.png,Effusion,0.0,0.00106812
00008386_000.png,Effusion,0.0,0.00106144
00008386_000.png,Effusion,0.0,0.00105381
00008386_000.png,Infiltration,0.0,0.00104523
00008386_000.png,Infiltration,0.0,0.00104046
00008386_000.png,Cardiomegaly,0.0,0.00102711
00008386_000.png,Effusion,0.0,0.00101566
00008386_000.png,Effusion,0.0,0.00101471
00008386_000.png,Mass,0.0,0.00100327
00003072_028.png,Effusion,0.0,0.0558167
00003072_028.png,Cardiomegaly,0.2016910849918233,0.0508728
00003072_028.png,Effusion,0.0,0.0466919
00003072_028.png,Mass,0.0,0.0360107
00003072_028.png,Infiltration,0.0,0.0273285
00003072_028.png,Effusion,0.0,0.0270691
00003072_028.png,Cardiomegaly,0.7424697039395831,0.0269165
00003072_028.png,Infiltration,0.0,0.0232239
00003072_028.png,Effusion,0.4542525551635491,0.0211182
00003072_028.png,Effusion,0.010019859486293074,0.0192261
00003072_028.png,Cardiomegaly,0.3764654677688664,0.019104
00003072_028.png,Infiltration,0.0,0.0172119
00003072_028.png,Infiltration,0.0,0.0151367
00003072_028.png,Effusion,0.0,0.0143127
00003072_028.png,Mass,0.0,0.0143051
00003072_028.png,Mass,0.0,0.0137939
00003072_028.png,Cardiomegaly,0.4047140963432506,0.0136337
00003072_028.png,Cardiomegaly,0.47202540138737575,0.0131378
00003072_028.png,Mass,0.0,0.0130234
00003072_028.png,Effusion,0.0,0.0121307
00003072_028.png,Cardiomegaly,0.3248246834281225,0.00963593
00003072_028.png,Mass,0.0,0.00952148
00003072_028.png,Infiltration,0.39397024847709106,0.00856018
00003072_028.png,Effusion,0.0,0.00850677
00003072_028.png,Effusion,0.0,0.00790405
00003072_028.png,Effusion,0.0,0.00763321
00003072_028.png,Infiltration,0.0,0.00755692
00003072_028.png,Infiltration,0.0,0.00662613
00003072_028.png,Effusion,0.0,0.00646973
00003072_028.png,Infiltration,0.0,0.00635147
00003072_028.png,Cardiomegaly,0.6946758887069678,0.0063324
00003072_028.png,Effusion,0.0,0.0062294
00003072_028.png,Infiltration,0.0,0.00616837
00003072_028.png,Effusion,0.03939040010286128,0.00610733
00003072_028.png,Mass,0.0,0.0059967
00003072_028.png,Effusion,0.0,0.00588989
00003072_028.png,Atelectasis,0.09982543049496545,0.00588226
00003072_028.png,Effusion,0.0,0.00551987
00003072_028.png,Cardiomegaly,0.2730060393150795,0.00497818
00003072_028.png,Infiltration,0.0,0.00492477
00003072_028.png,Cardiomegaly,0.0,0.0048027
00003072_028.png,Infiltration,0.0,0.00475311
00003072_028.png,Infiltration,0.0,0.00473785
00003072_028.png,Mass,0.0,0.00453568
00003072_028.png,Effusion,0.024374723278167604,0.00450897
00003072_028.png,Mass,0.0,0.0044899
00003072_028.png,Infiltration,0.0,0.0044632
00003072_028.png,Atelectasis,0.38319257132056683,0.0044632
00003072_028.png,Infiltration,0.0,0.00444794
00003072_028.png,Mass,0.0,0.00439835
00003072_028.png,Effusion,0.0,0.00426483
00003072_028.png,Cardiomegaly,0.04330946137409492,0.00411224
00003072_028.png,Mass,0.0,0.00410843
00003072_028.png,Mass,0.0,0.00405502
00003072_028.png,Mass,0.0,0.00403595
00003072_028.png,Infiltration,0.0,0.00384712
00003072_028.png,Effusion,0.0,0.0038414
00003072_028.png,Effusion,0.0,0.00383759
00003072_028.png,Infiltration,0.0,0.00379753
00003072_028.png,Infiltration,0.10033550305119708,0.003479
00003072_028.png,Mass,0.0,0.00329781
00003072_028.png,Effusion,0.0,0.00309181
00003072_028.png,Mass,0.0,0.00290108
00003072_028.png,Mass,0.0,0.00289154
00003072_028.png,Infiltration,0.0,0.00286293
00003072_028.png,Infiltration,0.10391401143034329,0.00283623
00003072_028.png,Mass,0.0,0.00279045
00003072_028.png,Mass,0.0,0.00271416
00003072_028.png,Cardiomegaly,0.4632149277982422,0.00263214
00003072_028.png,Cardiomegaly,0.0,0.00261879
00003072_028.png,Effusion,0.0,0.0025444
00003072_028.png,Mass,0.0,0.00253677
00003072_028.png,Effusion,0.0,0.00241852
00003072_028.png,Cardiomegaly,0.2476949920696666,0.00236702
00003072_028.png,Cardiomegaly,0.41599131796434796,0.00234222
00003072_028.png,Effusion,0.0,0.00228882
00003072_028.png,Infiltration,0.19421435674275359,0.00228882
00003072_028.png,Infiltration,0.33860609827001736,0.00223732
00003072_028.png,Cardiomegaly,0.6094859552891703,0.00221825
00003072_028.png,Effusion,0.06767514355716378,0.00213814
00003072_028.png,Effusion,0.0,0.0021286
00003072_028.png,Effusion,0.04604922720523981,0.00197029
00003072_028.png,Cardiomegaly,0.0,0.00192547
00003072_028.png,Infiltration,0.0,0.00191879
00003072_028.png,Effusion,0.6091643546584993,0.00190735
00003072_028.png,Infiltration,0.0,0.00189209
00003072_028.png,Effusion,0.0,0.00188446
00003072_028.png,Cardiomegaly,0.2580818494937715,0.00188446
00003072_028.png,Cardiomegaly,0.0,0.00187111
00003072_028.png,Mass,0.0,0.00186253
00003072_028.png,Cardiomegaly,0.0,0.00185585
00003072_028.png,Effusion,0.0,0.00184345
00003072_028.png,Infiltration,0.062163300622296594,0.00178242
00003072_028.png,Cardiomegaly,0.0,0.00177765
00003072_028.png,Effusion,0.0,0.0017395
00003072_028.png,Effusion,0.0,0.00172615
00003072_028.png,Cardiomegaly,0.3723945369192778,0.00172138
00003072_028.png,Effusion,0.0,0.00171757
00003072_028.png,Mass,0.0,0.00170898
00003072_028.png,Infiltration,0.0,0.00170422
00003072_028.png,Infiltration,0.0,0.00166607
00003072_028.png,Infiltration,0.6525324404864731,0.00165081
00003072_028.png,Infiltration,0.0,0.00162506
00003072_028.png,Mass,0.0,0.00161743
00003072_028.png,Cardiomegaly,0.0,0.00161457
00003072_028.png,Infiltration,0.0,0.00161076
00003072_028.png,Effusion,0.0,0.00159168
00003072_028.png,Infiltration,0.0,0.00158882
00003072_028.png,Infiltration,0.0,0.00157261
00003072_028.png,Infiltration,0.0,0.00155926
00003072_028.png,Infiltration,0.06767514355716378,0.00153923
00003072_028.png,Infiltration,0.0,0.00152969
00003072_028.png,Mass,0.0,0.0015173
00003072_028.png,Cardiomegaly,0.5343086445299796,0.00147724
00003072_028.png,Effusion,0.0,0.00146675
00003072_028.png,Cardiomegaly,0.0,0.00146008
00003072_028.png,Infiltration,0.0,0.00145721
00003072_028.png,Effusion,0.0,0.00145149
00003072_028.png,Infiltration,0.05987068814122972,0.00145149
00003072_028.png,Cardiomegaly,0.0,0.00141907
00003072_028.png,Mass,0.0,0.00141811
00003072_028.png,Cardiomegaly,0.30090154582045686,0.0013895
00003072_028.png,Cardiomegaly,0.024374723278167604,0.00138569
00003072_028.png,Effusion,0.0,0.0013752
00003072_028.png,Infiltration,0.0,0.00137424
00003072_028.png,Mass,0.0,0.00137234
00003072_028.png,Effusion,0.0,0.00137043
00003072_028.png,Infiltration,0.0,0.00135899
00003072_028.png,Cardiomegaly,0.0,0.00134754
00003072_028.png,Effusion,0.0,0.00133991
00003072_028.png,Mass,0.38070443455876396,0.0013361
00003072_028.png,Effusion,0.062163300622296594,0.00132561
00003072_028.png,Infiltration,0.09225761607747845,0.0013237
00003072_028.png,Effusion,0.0,0.00132179
00003072_028.png,Cardiomegaly,0.6912238010088279,0.00131798
00003072_028.png,Effusion,0.004153540683646556,0.00130844
00003072_028.png,Mass,0.0,0.00130367
00003072_028.png,Infiltration,0.19993090946991282,0.00127411
00003072_028.png,Infiltration,0.0,0.00126171
00003072_028.png,Effusion,0.0,0.00124168
00003072_028.png,Mass,0.0,0.00122643
00003072_028.png,Infiltration,0.0,0.00119781
00003072_028.png,Infiltration,0.0,0.00118828
00003072_028.png,Cardiomegaly,0.0,0.00117874
00003072_028.png,Atelectasis,0.23444434807614384,0.00115204
00003072_028.png,Infiltration,0.0,0.00114822
00003072_028.png,Effusion,0.0,0.0011301
00003072_028.png,Cardiomegaly,0.1932843618114286,0.00112724
00003072_028.png,Effusion,0.0,0.0010891
00003072_028.png,Effusion,0.05698972750932293,0.00108147
00003072_028.png,Effusion,0.0,0.00107002
00003072_028.png,Cardiomegaly,0.07712098596342283,0.00106907
00003072_028.png,Mass,0.0,0.00106239
00003072_028.png,Infiltration,0.0,0.00104713
00003072_028.png,Infiltration,0.0,0.00103283
00003072_028.png,Effusion,0.0,0.0010252
00003072_028.png,Mass,0.01481616896724708,0.00102425
00003072_028.png,Cardiomegaly,0.0,0.00102234
00001373_009.png,Atelectasis,0.8430451985431557,0.20166
00001373_009.png,Effusion,0.004775038005373221,0.0542908
00001373_009.png,Infiltration,0.05146383233589766,0.0448303
00001373_009.png,Effusion,0.005285221710753073,0.0430603
00001373_009.png,Effusion,0.0,0.0421753
00001373_009.png,Cardiomegaly,0.05476974384843849,0.0384216
00001373_009.png,Infiltration,0.04727617214361287,0.0275269
00001373_009.png,Mass,0.0,0.0251312
00001373_009.png,Infiltration,0.0223578499175929,0.0222321
00001373_009.png,Effusion,0.0412235670299347,0.0185089
00001373_009.png,Atelectasis,0.5199488502988215,0.0167389
00001373_009.png,Effusion,0.03614669465732889,0.0121918
00001373_009.png,Infiltration,0.0047862723456451066,0.0113449
00001373_009.png,Effusion,0.02996155229689449,0.0104675
00001373_009.png,Infiltration,0.0,0.00952148
00001373_009.png,Infiltration,0.0,0.00932312
00001373_009.png,Infiltration,0.06321668902469438,0.00898743
00001373_009.png,Infiltration,0.048308601633424306,0.00665283
00001373_009.png,Effusion,0.011426009148885682,0.00593948
00001373_009.png,Mass,0.0,0.00589371
00001373_009.png,Mass,0.0,0.0056076
00001373_009.png,Mass,0.03226976959902376,0.00508118
00001373_009.png,Effusion,0.0028626318998782006,0.00447464
00001373_009.png,Effusion,0.0,0.00431442
00001373_009.png,Mass,0.0,0.0039711
00001373_009.png,Mass,0.009884044786912296,0.0039711
00001373_009.png,Infiltration,0.0,0.00394821
00001373_009.png,Effusion,0.0008703100391244035,0.00394058
00001373_009.png,Infiltration,0.05590622775429154,0.00383186
00001373_009.png,Effusion,0.0,0.00382805
00001373_009.png,Mass,0.0,0.00377464
00001373_009.png,Infiltration,0.018207134022184022,0.00374794
00001373_009.png,Mass,0.0,0.00371933
00001373_009.png,Effusion,0.048308601633424306,0.00361633
00001373_009.png,Infiltration,0.0027371661913376303,0.00356293
00001373_009.png,Infiltration,0.05627346729665179,0.00354004
00001373_009.png,Mass,0.0,0.00352478
00001373_009.png,Infiltration,0.015017319029586603,0.00344086
00001373_009.png,Cardiomegaly,0.20317342826105286,0.0033741
00001373_009.png,Mass,0.0,0.00330162
00001373_009.png,Infiltration,0.05016610839201967,0.0032959
00001373_009.png,Mass,0.0,0.0032711
00001373_009.png,Infiltration,0.09815125966766616,0.00321388
00001373_009.png,Infiltration,0.0,0.00310326
00001373_009.png,Atelectasis,0.5907632758466925,0.00299263
00001373_009.png,Effusion,0.0,0.00297737
00001373_009.png,Effusion,0.0,0.00297737
00001373_009.png,Effusion,0.0,0.00289917
00001373_009.png,Infiltration,0.019179498579800437,0.00284958
00001373_009.png,Mass,0.0,0.0027256
00001373_009.png,Mass,0.0,0.00269127
00001373_009.png,Infiltration,0.0,0.00268364
00001373_009.png,Effusion,0.0027371661913376303,0.00267982
00001373_009.png,Mass,0.0,0.00267029
00001373_009.png,Infiltration,0.04853025096216809,0.00264359
00001373_009.png,Effusion,0.0,0.0026226
00001373_009.png,Infiltration,0.008105784365798875,0.00260162
00001373_009.png,Mass,0.0,0.00257683
00001373_009.png,Effusion,0.015017319029586603,0.00255775
00001373_009.png,Infiltration,0.06152980749433845,0.00255394
00001373_009.png,Atelectasis,0.0,0.00252533
00001373_009.png,Cardiomegaly,0.0,0.00248718
00001373_009.png,Mass,0.0,0.00241852
00001373_009.png,Mass,0.030625092849128142,0.00236893
00001373_009.png,Effusion,0.0,0.00235176
00001373_009.png,Infiltration,0.07503163120470256,0.00232506
00001373_009.png,Effusion,0.0,0.00230217
00001373_009.png,Effusion,0.0,0.00219727
00001373_009.png,Effusion,0.026092229022573205,0.0021553
00001373_009.png,Cardiomegaly,0.0,0.00213242
00001373_009.png,Infiltration,0.03478012279693941,0.00212097
00001373_009.png,Effusion,0.0,0.00209808
00001373_009.png,Mass,0.0,0.00208092
00001373_009.png,Infiltration,0.006698819506151946,0.00205994
00001373_009.png,Cardiomegaly,0.0,0.00202942
00001373_009.png,Mass,0.0,0.00200272
00001373_009.png,Cardiomegaly,0.009781707288316484,0.00198364
00001373_009.png,Infiltration,0.0,0.00192642
00001373_009.png,Effusion,0.0012379053796780892,0.00188255
00001373_009.png,Infiltration,0.03934167653137218,0.0018568
00001373_009.png,Effusion,0.018207134022184022,0.00184441
00001373_009.png,Cardiomegaly,0.0,0.00180531
00001373_009.png,Effusion,0.0,0.00178623
00001373_009.png,Effusion,0.036091793728796125,0.00176811
00001373_009.png,Infiltration,0.029796591820243502,0.00170803
00001373_009.png,Mass,0.011426009148885682,0.00167179
00001373_009.png,Infiltration,0.08826636153772975,0.00161934
00001373_009.png,Infiltration,0.0,0.00161076
00001373_009.png,Atelectasis,0.0,0.00159836
00001373_009.png,Effusion,0.0,0.00157261
00001373_009.png,Effusion,0.0,0.00156879
00001373_009.png,Atelectasis,0.3719972962577666,0.00156784
00001373_009.png,Effusion,0.0019702485485127005,0.00156212
00001373_009.png,Mass,0.0,0.00153065
00001373_009.png,Infiltration,0.026092229022573205,0.00149727
00001373_009.png,Mass,0.0,0.00147533
00001373_009.png,Infiltration,0.0,0.00144386
00001373_009.png,Infiltration,0.022949449936455053,0.00144386
00001373_009.png,Effusion,0.0,0.00143719
00001373_009.png,Effusion,0.01412175159003643,0.00141621
00001373_009.png,Infiltration,0.05823302423713838,0.00139713
00001373_009.png,Cardiomegaly,0.21279592197474784,0.0013895
00001373_009.png,Effusion,0.3402238909181079,0.00137997
00001373_009.png,Cardiomegaly,0.14765796973465112,0.00133705
00001373_009.png,Cardiomegaly,0.018276557927596478,0.00133324
00001373_009.png,Effusion,0.0,0.00129223
00001373_009.png,Mass,0.0,0.00125313
00001373_009.png,Infiltration,0.0,0.0012207
00001373_009.png,Effusion,0.0056060490464516005,0.00121498
00001373_009.png,Effusion,0.0,0.00118732
00001373_009.png,Atelectasis,0.0,0.0011816
00001373_009.png,Mass,0.003836545959951978,0.00115013
00001373_009.png,Infiltration,0.0,0.00114822
00001373_009.png,Effusion,0.0,0.00114155
00001373_009.png,Cardiomegaly,0.07463607896534008,0.00111008
00001373_009.png,Infiltration,0.011652804134057611,0.00110054
00001373_009.png,Effusion,0.0,0.001091
00001373_009.png,Effusion,0.0,0.00108337
00001373_009.png,Effusion,0.0007430764656474471,0.00107193
00001373_009.png,Infiltration,0.0,0.00106907
00001373_009.png,Effusion,0.0,0.00106049
00001373_009.png,Mass,0.0,0.00106049
00001373_009.png,Mass,0.0,0.00105953
00001373_009.png,Effusion,0.005175756438109571,0.00105572
00001373_009.png,Cardiomegaly,0.16843197352717268,0.00104427
00001373_009.png,Effusion,0.0018153765574338142,0.00104237
00001373_009.png,Effusion,0.18142010779432988,0.00102711
00011151_004.png,Effusion,0.04828819255617638,0.0872803
00011151_004.png,Atelectasis,0.162710650706202,0.0441284
00011151_004.png,Effusion,0.0,0.0270844
00011151_004.png,Effusion,0.0,0.0269775
00011151_004.png,Infiltration,0.0,0.0237732
00011151_004.png,Infiltration,0.0,0.0235596
00011151_004.png,Infiltration,0.0,0.0207977
00011151_004.png,Effusion,0.0,0.0194244
00011151_004.png,Infiltration,0.0,0.0189209
00011151_004.png,Effusion,0.05038805930626743,0.0180969
00011151_004.png,Infiltration,0.0,0.0180206
00011151_004.png,Effusion,0.06416239477981356,0.0174103
00011151_004.png,Effusion,0.0,0.016922
00011151_004.png,Infiltration,0.0,0.0113068
00011151_004.png,Mass,0.0,0.0112381
00011151_004.png,Infiltration,0.0,0.00988007
00011151_004.png,Mass,0.0,0.00773239
00011151_004.png,Infiltration,0.0,0.0074501
00011151_004.png,Infiltration,0.0,0.00733566
00011151_004.png,Effusion,0.0,0.00707245
00011151_004.png,Mass,0.20564372823221808,0.00656891
00011151_004.png,Effusion,0.0,0.00582504
00011151_004.png,Effusion,0.0,0.00507355
00011151_004.png,Atelectasis,0.24878646397202114,0.0050087
00011151_004.png,Effusion,0.017290292970731803,0.00498962
00011151_004.png,Infiltration,0.0,0.00425339
00011151_004.png,Mass,0.0,0.00424576
00011151_004.png,Effusion,0.050513146331095174,0.00411987
00011151_004.png,Infiltration,0.0,0.0039711
00011151_004.png,Cardiomegaly,0.0,0.00384903
00011151_004.png,Cardiomegaly,0.0,0.00383759
00011151_004.png,Effusion,0.04800011003720279,0.00382042
00011151_004.png,Cardiomegaly,0.15712277652604106,0.00379181
00011151_004.png,Cardiomegaly,0.0,0.0037632
00011151_004.png,Mass,0.0,0.00370026
00011151_004.png,Effusion,0.0,0.00341225
00011151_004.png,Mass,0.0,0.00332642
00011151_004.png,Infiltration,0.03195401070847034,0.00317001
00011151_004.png,Atelectasis,0.0,0.00301361
00011151_004.png,Infiltration,0.0016280707965455924,0.00289917
00011151_004.png,Cardiomegaly,0.08793008555827993,0.00286674
00011151_004.png,Effusion,0.07178288637459083,0.00285912
00011151_004.png,Effusion,0.0,0.0028553
00011151_004.png,Effusion,0.01467321073505329,0.00284958
00011151_004.png,Effusion,0.04313195241009634,0.00282288
00011151_004.png,Effusion,0.0,0.00275993
00011151_004.png,Effusion,0.023462054964486004,0.00275803
00011151_004.png,Mass,0.0,0.0026722
00011151_004.png,Mass,0.04033701607772628,0.00263786
00011151_004.png,Effusion,0.0,0.00251961
00011151_004.png,Infiltration,0.03277443191585906,0.00248337
00011151_004.png,Infiltration,0.04973889161787281,0.00247383
00011151_004.png,Infiltration,0.03566038953672638,0.00235748
00011151_004.png,Effusion,0.005690468217837235,0.00234032
00011151_004.png,Effusion,0.0,0.00222969
00011151_004.png,Mass,0.0,0.00221634
00011151_004.png,Effusion,0.09472030294817321,0.00219536
00011151_004.png,Mass,0.0,0.00216103
00011151_004.png,Infiltration,0.14393164376890372,0.00213814
00011151_004.png,Effusion,0.07592237555463895,0.00208092
00011151_004.png,Infiltration,0.0,0.00207901
00011151_004.png,Atelectasis,0.08317512452860139,0.00207329
00011151_004.png,Effusion,0.14393164376890372,0.00206375
00011151_004.png,Effusion,0.04376709207996389,0.00203323
00011151_004.png,Mass,0.04800011003720279,0.00203323
00011151_004.png,Effusion,0.0,0.00201797
00011151_004.png,Infiltration,0.0010432673916502427,0.00201225
00011151_004.png,Infiltration,0.0,0.00194168
00011151_004.png,Infiltration,0.0,0.0019083
00011151_004.png,Mass,0.08548173444918201,0.00186062
00011151_004.png,Effusion,0.0,0.00185013
00011151_004.png,Cardiomegaly,0.0,0.00183773
00011151_004.png,Effusion,0.0,0.00183487
00011151_004.png,Cardiomegaly,0.02242773929029477,0.0018301
00011151_004.png,Effusion,0.0,0.00181389
00011151_004.png,Effusion,0.0,0.00180626
00011151_004.png,Cardiomegaly,0.0,0.00178242
00011151_004.png,Infiltration,0.0,0.00173283
00011151_004.png,Infiltration,0.013258216728023202,0.00172138
00011151_004.png,Effusion,0.0,0.00166607
00011151_004.png,Effusion,0.03322382302231091,0.00165844
00011151_004.png,Infiltration,0.027917179267847998,0.001647
00011151_004.png,Mass,0.0,0.00156879
00011151_004.png,Mass,0.06091153541683109,0.00152683
00011151_004.png,Effusion,0.0230854821647227,0.00149345
00011151_004.png,Effusion,0.03990364008071363,0.00148678
00011151_004.png,Effusion,0.0,0.00148296
00011151_004.png,Effusion,0.0,0.00143719
00011151_004.png,Effusion,0.0,0.00140953
00011151_004.png,Effusion,0.0,0.00140381
00011151_004.png,Infiltration,7.71923901743213e-05,0.00135994
00011151_004.png,Mass,0.0,0.00131416
00011151_004.png,Effusion,0.0,0.00128746
00011151_004.png,Effusion,0.0,0.00126648
00011151_004.png,Mass,0.07105075874145131,0.00125217
00011151_004.png,Infiltration,0.0,0.0012188
00011151_004.png,Effusion,0.020137517006969745,0.00121021
00011151_004.png,Effusion,0.07235812979464736,0.00117779
00011151_004.png,Infiltration,0.0,0.00117111
00011151_004.png,Effusion,0.0,0.00114918
00011151_004.png,Effusion,0.0,0.00112915
00011151_004.png,Effusion,0.0,0.00111294
00011151_004.png,Effusion,0.0,0.00109196
00011151_004.png,Effusion,0.03681892920586231,0.00108528
00011151_004.png,Cardiomegaly,0.0,0.00108051
00011151_004.png,Cardiomegaly,0.0,0.00107861
00011151_004.png,Infiltration,0.0,0.00106812
00011151_004.png,Mass,0.11326478192956135,0.00106716
00011151_004.png,Infiltration,0.017290292970731803,0.00104332
00011151_004.png,Effusion,0.0,0.0010128
00020857_008.png,Infiltration,0.18738540774060813,0.0897217
00020857_008.png,Infiltration,0.20518439910452435,0.0579529
00020857_008.png,Infiltration,0.0021711409388602814,0.0527649
00020857_008.png,Infiltration,0.04410049886568976,0.048584
00020857_008.png,Cardiomegaly,0.13928208723657165,0.0456543
00020857_008.png,Effusion,0.0,0.0439758
00020857_008.png,Infiltration,0.2055890085424695,0.0325623
00020857_008.png,Mass,0.0,0.0292511
00020857_008.png,Atelectasis,0.40104773775999025,0.0289764
00020857_008.png,Effusion,0.0,0.0274658
00020857_008.png,Infiltration,0.23051776986480832,0.0258636
00020857_008.png,Infiltration,0.056531344042471995,0.0235443
00020857_008.png,Infiltration,0.052506425691799426,0.0220642
00020857_008.png,Infiltration,0.06736678895410046,0.0204315
00020857_008.png,Infiltration,0.0,0.0194092
00020857_008.png,Mass,0.0,0.016983
00020857_008.png,Infiltration,0.13316261316653671,0.0167236
00020857_008.png,Mass,0.0,0.0162659
00020857_008.png,Infiltration,0.024426166849954058,0.0157471
00020857_008.png,Infiltration,0.029750919591129993,0.0122223
00020857_008.png,Infiltration,0.17253320679614745,0.012085
00020857_008.png,Mass,0.0,0.0119629
00020857_008.png,Mass,0.0,0.0107574
00020857_008.png,Mass,0.0,0.0102386
00020857_008.png,Mass,0.0,0.0101624
00020857_008.png,Infiltration,0.0,0.00897217
00020857_008.png,Infiltration,0.03482056907969231,0.00874329
00020857_008.png,Infiltration,0.2223618670669552,0.00856781
00020857_008.png,Cardiomegaly,0.19986702659945343,0.00831604
00020857_008.png,Infiltration,0.0108543907971667,0.00814819
00020857_008.png,Infiltration,0.14706649132532024,0.00753021
00020857_008.png,Cardiomegaly,0.07689183695098004,0.00690842
00020857_008.png,Cardiomegaly,0.06911166649552102,0.00645828
00020857_008.png,Infiltration,0.21366115668758262,0.00595474
00020857_008.png,Effusion,0.07180983869647205,0.00553894
00020857_008.png,Infiltration,0.061680720682781694,0.00547409
00020857_008.png,Cardiomegaly,0.07830619048786476,0.00543213
00020857_008.png,Cardiomegaly,0.0,0.00525284
00020857_008.png,Infiltration,0.05018157149746462,0.00505829
00020857_008.png,Mass,0.0,0.00499725
00020857_008.png,Cardiomegaly,0.14056256857413862,0.00490189
00020857_008.png,Infiltration,0.07860479877008361,0.00481796
00020857_008.png,Cardiomegaly,0.2637328591651414,0.00481415
00020857_008.png,Mass,0.0,0.00448608
00020857_008.png,Infiltration,0.1500396159470746,0.00444794
00020857_008.png,Effusion,0.0,0.00442123
00020857_008.png,Infiltration,0.11607516802025568,0.00440216
00020857_008.png,Cardiomegaly,0.0,0.00437927
00020857_008.png,Effusion,0.004245304172622493,0.00418854
00020857_008.png,Infiltration,0.0,0.00397491
00020857_008.png,Mass,0.0,0.00386238
00020857_008.png,Effusion,0.0,0.0037632
00020857_008.png,Mass,0.0,0.00373268
00020857_008.png,Infiltration,0.22779196682582406,0.00359917
00020857_008.png,Infiltration,0.07180983869647205,0.00356483
00020857_008.png,Mass,0.0,0.00350952
00020857_008.png,Infiltration,0.06022601191633167,0.00349236
00020857_008.png,Mass,0.0,0.00340462
00020857_008.png,Cardiomegaly,0.11304112001726428,0.00311089
00020857_008.png,Cardiomegaly,0.08556358256887443,0.00309181
00020857_008.png,Infiltration,0.02508024682132086,0.00309181
00020857_008.png,Infiltration,0.030074629280419703,0.00297165
00020857_008.png,Cardiomegaly,0.16010174603482275,0.00287056
00020857_008.png,Infiltration,0.02415746615575302,0.0028019
00020857_008.png,Effusion,0.0,0.00270271
00020857_008.png,Infiltration,0.21393323345846302,0.00268555
00020857_008.png,Infiltration,0.0,0.00265884
00020857_008.png,Mass,0.0,0.0025425
00020857_008.png,Cardiomegaly,0.30455345347495927,0.00250053
00020857_008.png,Infiltration,0.03876469432754847,0.00247765
00020857_008.png,Infiltration,0.03708733596016164,0.00241661
00020857_008.png,Cardiomegaly,0.03540271352588179,0.00240326
00020857_008.png,Effusion,0.05778368438194759,0.00238609
00020857_008.png,Infiltration,0.0,0.00237083
00020857_008.png,Cardiomegaly,0.0018081298831015436,0.0023613
00020857_008.png,Infiltration,0.04606235512994486,0.0023098
00020857_008.png,Infiltration,0.0012314563169557287,0.00227547
00020857_008.png,Infiltration,0.16196160135183826,0.00215149
00020857_008.png,Effusion,0.0,0.00214577
00020857_008.png,Infiltration,0.08431208684534881,0.00213623
00020857_008.png,Effusion,0.0,0.00208664
00020857_008.png,Infiltration,0.0,0.00206947
00020857_008.png,Effusion,0.09044686915966373,0.0020256
00020857_008.png,Effusion,0.0,0.00200844
00020857_008.png,Mass,0.0,0.00198746
00020857_008.png,Cardiomegaly,0.06383334198187464,0.00195885
00020857_008.png,Cardiomegaly,0.04022487977460855,0.00194836
00020857_008.png,Effusion,0.0,0.0019455
00020857_008.png,Effusion,0.0,0.00193596
00020857_008.png,Effusion,0.026194326076160134,0.0019207
00020857_008.png,Effusion,0.0,0.00191593
00020857_008.png,Cardiomegaly,0.0,0.00182819
00020857_008.png,Effusion,0.0,0.00181103
00020857_008.png,Infiltration,0.0,0.00180721
00020857_008.png,Infiltration,0.0152800824249558,0.00174427
00020857_008.png,Infiltration,0.17153144591443986,0.00172901
00020857_008.png,Effusion,0.010394253979640946,0.00172329
00020857_008.png,Cardiomegaly,0.21483559143630146,0.00172043
00020857_008.png,Cardiomegaly,0.0924831114885582,0.00170231
00020857_008.png,Infiltration,0.05778368438194759,0.0016861
00020857_008.png,Effusion,0.0,0.00163269
00020857_008.png,Mass,0.0,0.00159645
00020857_008.png,Infiltration,0.06587446439631159,0.00159168
00020857_008.png,Cardiomegaly,0.030024224138400155,0.00158882
00020857_008.png,Cardiomegaly,0.17955598911495746,0.0015831
00020857_008.png,Mass,0.0,0.00157928
00020857_008.png,Cardiomegaly,0.2993382963089342,0.00155544
00020857_008.png,Effusion,0.0,0.00154686
00020857_008.png,Effusion,0.0,0.00154018
00020857_008.png,Infiltration,0.0,0.00153446
00020857_008.png,Infiltration,0.10790668116399753,0.00146484
00020857_008.png,Mass,0.0,0.00137138
00020857_008.png,Mass,0.11283381766885264,0.00137138
00020857_008.png,Effusion,0.0,0.00135612
00020857_008.png,Infiltration,0.0,0.00133324
00020857_008.png,Infiltration,0.30455345347495927,0.00131226
00020857_008.png,Cardiomegaly,0.042987402030500846,0.00128555
00020857_008.png,Cardiomegaly,0.015673538771226243,0.00126648
00020857_008.png,Effusion,0.0,0.00125694
00020857_008.png,Effusion,0.0,0.00118828
00020857_008.png,Effusion,0.0108543907971667,0.00115204
00020857_008.png,Effusion,0.0,0.00111961
00020857_008.png,Effusion,0.0,0.00110435
00020857_008.png,Cardiomegaly,0.08549505543273136,0.00109959
00020857_008.png,Cardiomegaly,0.0,0.00108624
00020857_008.png,Cardiomegaly,0.0,0.00107002
00020857_008.png,Infiltration,0.10646090001115209,0.00106335
00020857_008.png,Effusion,0.0,0.00105381
00020857_008.png,Effusion,0.0,0.00104237
00020857_008.png,Mass,0.0,0.00103474
00020857_008.png,Effusion,0.0,0.00103474
00020857_008.png,Infiltration,0.055137751978987744,0.00102234
00020857_008.png,Effusion,0.0,0.00102139
00020857_008.png,Effusion,0.03418513876026995,0.00102043
00020857_008.png,Cardiomegaly,0.14706649132532024,0.00100327
00004968_004.png,Atelectasis,0.1062544934623139,0.394775
00004968_004.png,Effusion,0.0,0.0606689
00004968_004.png,Infiltration,0.0,0.0239868
00004968_004.png,Effusion,0.0,0.0238037
00004968_004.png,Infiltration,0.32730993508733136,0.0209961
00004968_004.png,Effusion,0.0,0.0202789
00004968_004.png,Infiltration,0.323713371388522,0.016861
00004968_004.png,Effusion,0.0,0.0168457
00004968_004.png,Effusion,0.0,0.0157623
00004968_004.png,Infiltration,0.0,0.0157318
00004968_004.png,Effusion,0.0,0.0152893
00004968_004.png,Effusion,0.0,0.0137482
00004968_004.png,Effusion,0.0,0.0133133
00004968_004.png,Effusion,0.0,0.0127411
00004968_004.png,Effusion,0.0,0.0114365
00004968_004.png,Effusion,0.0,0.0107803
00004968_004.png,Cardiomegaly,0.0,0.0100632
00004968_004.png,Mass,0.0,0.00995636
00004968_004.png,Effusion,0.24636971962458432,0.00948334
00004968_004.png,Mass,0.0,0.00948334
00004968_004.png,Infiltration,0.0,0.00921631
00004968_004.png,Infiltration,0.2116317219328617,0.00884247
00004968_004.png,Infiltration,0.0,0.00881958
00004968_004.png,Infiltration,0.0,0.00870514
00004968_004.png,Effusion,0.0,0.00814819
00004968_004.png,Infiltration,0.0,0.00769043
00004968_004.png,Infiltration,0.0,0.00662613
00004968_004.png,Infiltration,0.0,0.00655365
00004968_004.png,Infiltration,0.0,0.00651169
00004968_004.png,Effusion,0.0,0.00633621
00004968_004.png,Infiltration,0.0,0.00607681
00004968_004.png,Infiltration,0.5937483379849471,0.00602341
00004968_004.png,Infiltration,0.0,0.00590515
00004968_004.png,Infiltration,0.0,0.00568771
00004968_004.png,Infiltration,0.0,0.00566101
00004968_004.png,Cardiomegaly,0.0,0.00523376
00004968_004.png,Infiltration,0.0,0.00522614
00004968_004.png,Infiltration,0.0,0.0050621
00004968_004.png,Effusion,0.0,0.00491714
00004968_004.png,Mass,0.0,0.00489426
00004968_004.png,Mass,0.0,0.00486755
00004968_004.png,Cardiomegaly,0.0,0.00484085
00004968_004.png,Infiltration,0.13134172340580935,0.00482941
00004968_004.png,Infiltration,0.5976091612312813,0.00479126
00004968_004.png,Effusion,0.0,0.00472641
00004968_004.png,Infiltration,0.0,0.00463104
00004968_004.png,Effusion,0.0,0.00449371
00004968_004.png,Effusion,0.0,0.00407028
00004968_004.png,Effusion,0.0,0.00402832
00004968_004.png,Effusion,0.0,0.00394821
00004968_004.png,Effusion,0.0,0.00379372
00004968_004.png,Infiltration,0.0,0.00364876
00004968_004.png,Mass,0.0,0.00352478
00004968_004.png,Atelectasis,0.07644768844003831,0.00350761
00004968_004.png,Cardiomegaly,0.0,0.00349236
00004968_004.png,Effusion,0.27548517340643697,0.00345993
00004968_004.png,Cardiomegaly,0.17113845725956833,0.0033989
00004968_004.png,Effusion,0.0,0.0033474
00004968_004.png,Cardiomegaly,0.0,0.0033226
00004968_004.png,Infiltration,0.0,0.00324249
00004968_004.png,Infiltration,0.0,0.0032196
00004968_004.png,Effusion,0.0,0.00309372
00004968_004.png,Cardiomegaly,0.0,0.00304413
00004968_004.png,Effusion,0.0,0.00300598
00004968_004.png,Mass,0.0,0.00297165
00004968_004.png,Infiltration,0.0,0.00294876
00004968_004.png,Effusion,0.19111021658414948,0.00293541
00004968_004.png,Effusion,0.0,0.00292778
00004968_004.png,Effusion,0.0,0.00291061
00004968_004.png,Cardiomegaly,0.0,0.00287819
00004968_004.png,Effusion,0.0,0.00281715
00004968_004.png,Infiltration,0.0,0.0028038
00004968_004.png,Effusion,0.0,0.00271225
00004968_004.png,Infiltration,0.0,0.00269699
00004968_004.png,Effusion,0.0,0.00265694
00004968_004.png,Infiltration,0.0,0.00256538
00004968_004.png,Effusion,0.0,0.00248909
00004968_004.png,Effusion,0.0,0.00247765
00004968_004.png,Effusion,0.0,0.00247002
00004968_004.png,Effusion,0.0,0.00246811
00004968_004.png,Effusion,0.0,0.00242424
00004968_004.png,Atelectasis,0.065994140476569,0.0024128
00004968_004.png,Infiltration,0.0,0.00240135
00004968_004.png,Mass,0.0,0.00236702
00004968_004.png,Effusion,0.0,0.00235748
00004968_004.png,Effusion,0.0,0.00232124
00004968_004.png,Effusion,0.0,0.00230598
00004968_004.png,Cardiomegaly,0.0,0.00230408
00004968_004.png,Infiltration,0.0,0.00222588
00004968_004.png,Effusion,0.04362821130753768,0.00219345
00004968_004.png,Effusion,0.0,0.00218964
00004968_004.png,Effusion,0.0,0.00218582
00004968_004.png,Infiltration,0.0,0.00215721
00004968_004.png,Effusion,0.0,0.0021534
00004968_004.png,Effusion,0.0,0.00212479
00004968_004.png,Cardiomegaly,0.0,0.00211716
00004968_004.png,Mass,0.0,0.00207329
00004968_004.png,Infiltration,0.0,0.0019474
00004968_004.png,Mass,0.0,0.00191689
00004968_004.png,Cardiomegaly,0.07997922808905479,0.00190449
00004968_004.png,Mass,0.0,0.0018568
00004968_004.png,Cardiomegaly,0.0,0.0018549
00004968_004.png,Cardiomegaly,0.0,0.00182819
00004968_004.png,Cardiomegaly,0.0,0.0017519
00004968_004.png,Infiltration,0.3783641967937048,0.00171661
00004968_004.png,Infiltration,0.0,0.00169849
00004968_004.png,Effusion,0.0,0.00166512
00004968_004.png,Effusion,0.0,0.00162792
00004968_004.png,Infiltration,0.0,0.00158501
00004968_004.png,Infiltration,0.0,0.00156784
00004968_004.png,Infiltration,0.0,0.00155735
00004968_004.png,Mass,0.0,0.00151062
00004968_004.png,Effusion,0.0,0.00149345
00004968_004.png,Effusion,0.0,0.00148106
00004968_004.png,Effusion,0.0,0.00147533
00004968_004.png,Effusion,0.0,0.00147438
00004968_004.png,Effusion,0.0,0.00145149
00004968_004.png,Effusion,0.0,0.00142956
00004968_004.png,Effusion,0.0,0.00141716
00004968_004.png,Infiltration,0.0,0.0013752
00004968_004.png,Effusion,0.0,0.00133705
00004968_004.png,Infiltration,0.09775497864655178,0.00133228
00004968_004.png,Infiltration,0.0,0.00133038
00004968_004.png,Infiltration,0.0,0.0013237
00004968_004.png,Effusion,0.0,0.00128078
00004968_004.png,Effusion,0.0,0.00127029
00004968_004.png,Infiltration,0.0,0.00126076
00004968_004.png,Infiltration,0.0,0.0012598
00004968_004.png,Infiltration,0.0,0.0012579
00004968_004.png,Cardiomegaly,0.20837869904493872,0.00122833
00004968_004.png,Effusion,0.0,0.00122547
00004968_004.png,Effusion,0.0,0.00121784
00004968_004.png,Infiltration,0.0,0.00120449
00004968_004.png,Effusion,0.0,0.00118732
00004968_004.png,Mass,0.0,0.00118732
00004968_004.png,Infiltration,0.0,0.00115681
00004968_004.png,Effusion,0.0,0.00115299
00004968_004.png,Effusion,0.0,0.00113583
00004968_004.png,Infiltration,0.0,0.00111294
00004968_004.png,Mass,0.0,0.00109577
00004968_004.png,Effusion,0.0,0.00108242
00004968_004.png,Mass,0.0,0.00108051
00004968_004.png,Effusion,0.0,0.00107574
00004968_004.png,Cardiomegaly,0.11901757656947491,0.0010519
00004968_004.png,Mass,0.0,0.00105095
00004968_004.png,Infiltration,0.0,0.00103283
00004968_004.png,Atelectasis,0.07095165912508782,0.00103092
00004968_004.png,Effusion,0.0,0.00102615
00004968_004.png,Infiltration,0.0,0.00101757
00004968_004.png,Infiltration,0.44809953823176346,0.0010128
00004968_004.png,Effusion,0.0005897497344059604,0.00101185
00004968_004.png,Infiltration,0.0,0.00100803
00012048_007.png,Effusion,0.775647457028932,0.405029
00012048_007.png,Atelectasis,0.007454493565486195,0.239258
00012048_007.png,Effusion,0.5631681387140358,0.0639038
00012048_007.png,Effusion,0.0,0.0583496
00012048_007.png,Cardiomegaly,0.04931705384617841,0.0438232
00012048_007.png,Infiltration,0.0,0.0267181
00012048_007.png,Infiltration,0.0,0.0259247
00012048_007.png,Effusion,0.5215680173411159,0.0211792
00012048_007.png,Infiltration,0.0,0.0205078
00012048_007.png,Infiltration,0.0,0.0190277
00012048_007.png,Effusion,0.28354958908652395,0.0169525
00012048_007.png,Effusion,0.07387207532021668,0.0166779
00012048_007.png,Infiltration,0.0,0.0145187
00012048_007.png,Infiltration,0.0,0.0127945
00012048_007.png,Infiltration,0.0,0.012413
00012048_007.png,Infiltration,0.0,0.0111465
00012048_007.png,Mass,0.21712506175220495,0.00942993
00012048_007.png,Effusion,0.0,0.0091095
00012048_007.png,Effusion,0.5223232621624271,0.0088501
00012048_007.png,Effusion,0.0,0.00862122
00012048_007.png,Infiltration,0.0,0.00787354
00012048_007.png,Effusion,0.12225879299441568,0.00756073
00012048_007.png,Mass,0.15207908980331777,0.00651932
00012048_007.png,Effusion,0.0,0.00651932
00012048_007.png,Infiltration,0.0,0.00614166
00012048_007.png,Mass,0.4053977502504523,0.00585175
00012048_007.png,Infiltration,0.0,0.00551987
00012048_007.png,Cardiomegaly,0.00997951979546614,0.00527954
00012048_007.png,Effusion,0.0,0.00521469
00012048_007.png,Mass,0.0,0.00508499
00012048_007.png,Mass,0.5885615772538983,0.0050087
00012048_007.png,Effusion,0.0,0.00462341
00012048_007.png,Effusion,0.0,0.00429535
00012048_007.png,Cardiomegaly,0.0,0.00408936
00012048_007.png,Effusion,0.4687794033156392,0.00408173
00012048_007.png,Effusion,0.4053977502504523,0.00399399
00012048_007.png,Mass,0.16690983190856903,0.00383568
00012048_007.png,Effusion,0.0,0.00376129
00012048_007.png,Infiltration,0.0,0.00369644
00012048_007.png,Effusion,0.0,0.00367546
00012048_007.png,Atelectasis,0.039344513439034494,0.00357246
00012048_007.png,Infiltration,0.0,0.00356483
00012048_007.png,Effusion,0.0,0.00354958
00012048_007.png,Infiltration,0.0,0.00352478
00012048_007.png,Effusion,0.0,0.00343704
00012048_007.png,Infiltration,0.0,0.00340843
00012048_007.png,Effusion,0.14722279566798221,0.00338745
00012048_007.png,Infiltration,0.5891496092480455,0.00336266
00012048_007.png,Effusion,0.047899268275371255,0.00330734
00012048_007.png,Cardiomegaly,0.0,0.00322723
00012048_007.png,Effusion,0.0,0.00316048
00012048_007.png,Mass,0.27641736222605506,0.00315285
00012048_007.png,Effusion,0.16866710377346586,0.00314522
00012048_007.png,Infiltration,0.0,0.00300598
00012048_007.png,Effusion,0.5307802843478884,0.00296402
00012048_007.png,Infiltration,0.0,0.00293541
00012048_007.png,Effusion,0.0,0.00282288
00012048_007.png,Effusion,0.0,0.00280762
00012048_007.png,Infiltration,0.0,0.00276184
00012048_007.png,Infiltration,0.0,0.00272942
00012048_007.png,Effusion,0.0,0.00269318
00012048_007.png,Cardiomegaly,0.01012574089359493,0.00247574
00012048_007.png,Effusion,0.0,0.00234985
00012048_007.png,Infiltration,0.0,0.00229836
00012048_007.png,Mass,0.2436534081717467,0.00227547
00012048_007.png,Effusion,0.0,0.00221252
00012048_007.png,Infiltration,0.0,0.00221062
00012048_007.png,Mass,0.0,0.00213051
00012048_007.png,Infiltration,0.0,0.00212288
00012048_007.png,Effusion,0.0,0.00212097
00012048_007.png,Cardiomegaly,0.16866710377346586,0.00205803
00012048_007.png,Effusion,0.0,0.00203896
00012048_007.png,Effusion,0.0,0.00201416
00012048_007.png,Effusion,0.0,0.00187492
00012048_007.png,Effusion,0.3319163283999778,0.00183582
00012048_007.png,Infiltration,0.0,0.00179863
00012048_007.png,Effusion,0.0,0.00177383
00012048_007.png,Cardiomegaly,0.052054813673060064,0.00177383
00012048_007.png,Effusion,0.0,0.00170422
00012048_007.png,Effusion,0.0,0.00169849
00012048_007.png,Mass,0.0,0.00168896
00012048_007.png,Mass,0.17902301171205257,0.00166988
00012048_007.png,Infiltration,0.0,0.00166607
00012048_007.png,Effusion,0.0,0.00164604
00012048_007.png,Infiltration,0.0,0.00162697
00012048_007.png,Effusion,0.0,0.00160885
00012048_007.png,Effusion,0.0,0.00155067
00012048_007.png,Effusion,0.19321162142824247,0.00153828
00012048_007.png,Cardiomegaly,0.0,0.0014782
00012048_007.png,Atelectasis,0.7420766979791101,0.00146866
00012048_007.png,Infiltration,0.0,0.00145721
00012048_007.png,Infiltration,0.0,0.00143623
00012048_007.png,Cardiomegaly,0.0,0.00141048
00012048_007.png,Effusion,0.0,0.00139809
00012048_007.png,Cardiomegaly,0.0,0.00138283
00012048_007.png,Effusion,0.0,0.00136948
00012048_007.png,Effusion,0.0,0.00136852
00012048_007.png,Cardiomegaly,0.7420766979791101,0.00135899
00012048_007.png,Mass,0.16101241163344043,0.00135422
00012048_007.png,Effusion,0.0,0.00135231
00012048_007.png,Mass,0.0,0.00132656
00012048_007.png,Mass,0.0,0.00129223
00012048_007.png,Infiltration,0.24565037675390797,0.00129032
00012048_007.png,Cardiomegaly,0.0,0.00128841
00012048_007.png,Mass,0.0,0.00128269
00012048_007.png,Effusion,0.6871958488447865,0.00127316
00012048_007.png,Effusion,0.0,0.00126362
00012048_007.png,Effusion,0.0,0.00124073
00012048_007.png,Mass,0.0,0.00122929
00012048_007.png,Infiltration,0.0,0.00122261
00012048_007.png,Infiltration,0.0,0.0012207
00012048_007.png,Effusion,0.0,0.00121784
00012048_007.png,Effusion,0.0,0.00120831
00012048_007.png,Mass,0.09146476777636861,0.00119209
00012048_007.png,Effusion,0.0,0.00119019
00012048_007.png,Effusion,0.0865762545250203,0.0011816
00012048_007.png,Effusion,0.34801362383727324,0.00117493
00012048_007.png,Effusion,0.35761431312330555,0.0011673
00012048_007.png,Infiltration,0.0,0.00116062
00012048_007.png,Effusion,0.4964699976121317,0.00114155
00012048_007.png,Cardiomegaly,0.0,0.00112247
00012048_007.png,Effusion,0.0,0.00112152
00012048_007.png,Mass,0.10032556467812181,0.00111389
00012048_007.png,Effusion,0.0,0.00111103
00012048_007.png,Effusion,0.0,0.00110817
00012048_007.png,Effusion,0.0,0.00110531
00012048_007.png,Cardiomegaly,0.0,0.00109768
00012048_007.png,Infiltration,0.0,0.00109673
00012048_007.png,Effusion,0.0,0.00108814
00012048_007.png,Effusion,0.0,0.00107861
00012048_007.png,Effusion,0.0,0.00107479
00012048_007.png,Mass,0.0,0.00107002
00012048_007.png,Effusion,0.0,0.00105667
00012048_007.png,Infiltration,0.0,0.00104713
00012048_007.png,Cardiomegaly,0.0,0.00104618
00012048_007.png,Cardiomegaly,0.0005783963771099667,0.00104046
00012048_007.png,Effusion,0.0,0.00103188
00012048_007.png,Mass,0.0,0.00101852
00012048_007.png,Infiltration,0.0,0.0010128
00012048_007.png,Effusion,0.0,0.00100708
00012048_007.png,Infiltration,0.28354958908652395,0.00100613
00015792_005.png,Effusion,0.0,0.157715
00015792_005.png,Effusion,0.0,0.0866699
00015792_005.png,Effusion,0.0,0.0859375
00015792_005.png,Infiltration,0.0,0.055542
00015792_005.png,Infiltration,0.0,0.0295563
00015792_005.png,Effusion,0.0,0.0236511
00015792_005.png,Effusion,0.0,0.019928
00015792_005.png,Effusion,0.8134847712152391,0.0188599
00015792_005.png,Cardiomegaly,0.0,0.0182953
00015792_005.png,Effusion,0.0,0.0182648
00015792_005.png,Effusion,0.0,0.0162659
00015792_005.png,Effusion,0.0,0.0150986
00015792_005.png,Infiltration,0.0,0.0150681
00015792_005.png,Effusion,0.06435059911197138,0.0148087
00015792_005.png,Effusion,0.0,0.0145111
00015792_005.png,Mass,0.0,0.0132141
00015792_005.png,Cardiomegaly,0.0050858415311063705,0.0125732
00015792_005.png,Effusion,0.0,0.0116043
00015792_005.png,Effusion,0.0,0.0100479
00015792_005.png,Infiltration,0.0,0.0100174
00015792_005.png,Mass,0.0,0.00945282
00015792_005.png,Cardiomegaly,0.0,0.00937653
00015792_005.png,Effusion,0.5252491078214072,0.00893402
00015792_005.png,Mass,0.027438677995388443,0.00872803
00015792_005.png,Effusion,0.0,0.00870514
00015792_005.png,Effusion,0.0,0.00841522
00015792_005.png,Mass,0.0,0.00785828
00015792_005.png,Mass,0.0,0.00749969
00015792_005.png,Cardiomegaly,0.0,0.00737
00015792_005.png,Mass,0.0,0.00736237
00015792_005.png,Effusion,0.0,0.00723648
00015792_005.png,Mass,0.0,0.00699615
00015792_005.png,Mass,0.0,0.00682449
00015792_005.png,Effusion,0.0,0.00671005
00015792_005.png,Effusion,0.0,0.00651169
00015792_005.png,Mass,0.0,0.00648117
00015792_005.png,Effusion,0.0,0.00644684
00015792_005.png,Effusion,0.0,0.00613785
00015792_005.png,Effusion,0.0,0.00595093
00015792_005.png,Effusion,0.0,0.00591278
00015792_005.png,Mass,0.0,0.00537491
00015792_005.png,Effusion,0.0,0.00527573
00015792_005.png,Mass,0.0,0.00526047
00015792_005.png,Cardiomegaly,0.0,0.0050354
00015792_005.png,Effusion,0.0,0.00501633
00015792_005.png,Mass,0.0,0.00495911
00015792_005.png,Cardiomegaly,0.0,0.00476074
00015792_005.png,Infiltration,0.0,0.00474167
00015792_005.png,Effusion,0.0,0.00470352
00015792_005.png,Effusion,0.0,0.00446701
00015792_005.png,Infiltration,0.0,0.0044632
00015792_005.png,Infiltration,0.0,0.00438309
00015792_005.png,Effusion,0.0,0.00422668
00015792_005.png,Effusion,0.0,0.00416565
00015792_005.png,Infiltration,0.0,0.00408554
00015792_005.png,Mass,0.03687853599359701,0.00408554
00015792_005.png,Effusion,0.0,0.00395203
00015792_005.png,Effusion,0.0,0.00391769
00015792_005.png,Effusion,0.0,0.00387573
00015792_005.png,Infiltration,0.0,0.00385857
00015792_005.png,Effusion,0.0,0.00374794
00015792_005.png,Effusion,0.0,0.00374603
00015792_005.png,Effusion,0.0,0.00374603
00015792_005.png,Effusion,0.0,0.00373459
00015792_005.png,Effusion,0.0,0.00363541
00015792_005.png,Cardiomegaly,0.01376279538403082,0.00348282
00015792_005.png,Effusion,0.03618498557015228,0.00348091
00015792_005.png,Effusion,0.0,0.00333595
00015792_005.png,Effusion,0.0,0.00333405
00015792_005.png,Infiltration,0.0,0.00332451
00015792_005.png,Infiltration,0.0,0.00323868
00015792_005.png,Mass,0.0,0.00322342
00015792_005.png,Mass,0.0,0.00314522
00015792_005.png,Effusion,0.0,0.00312614
00015792_005.png,Effusion,0.0,0.0030365
00015792_005.png,Mass,0.06316265279716794,0.00300789
00015792_005.png,Effusion,0.0,0.00300026
00015792_005.png,Effusion,0.0,0.00298309
00015792_005.png,Mass,0.0,0.00275612
00015792_005.png,Effusion,0.0,0.00272369
00015792_005.png,Cardiomegaly,0.0,0.00264931
00015792_005.png,Mass,0.006541309494232042,0.00260162
00015792_005.png,Mass,0.04350950099333985,0.00260162
00015792_005.png,Infiltration,0.0,0.00259781
00015792_005.png,Cardiomegaly,0.0,0.00255394
00015792_005.png,Effusion,0.0,0.002491
00015792_005.png,Mass,0.0,0.00247002
00015792_005.png,Effusion,0.0,0.00245094
00015792_005.png,Cardiomegaly,0.0,0.00244331
00015792_005.png,Effusion,0.0,0.00232124
00015792_005.png,Effusion,0.0,0.00228119
00015792_005.png,Cardiomegaly,0.0,0.00226212
00015792_005.png,Mass,0.0774777623570199,0.0022583
00015792_005.png,Mass,0.0,0.00213242
00015792_005.png,Effusion,0.009797319377740438,0.00212669
00015792_005.png,Effusion,0.0,0.00212288
00015792_005.png,Cardiomegaly,0.0,0.00211525
00015792_005.png,Infiltration,0.0,0.00209427
00015792_005.png,Mass,0.0,0.0020771
00015792_005.png,Effusion,0.0,0.00207329
00015792_005.png,Cardiomegaly,0.0,0.00204086
00015792_005.png,Effusion,0.0,0.00201416
00015792_005.png,Mass,0.0,0.00198364
00015792_005.png,Effusion,0.0,0.00196838
00015792_005.png,Infiltration,0.0,0.00195312
00015792_005.png,Effusion,0.0,0.00193214
00015792_005.png,Infiltration,0.19003833286508576,0.00193024
00015792_005.png,Atelectasis,0.0011809631157728671,0.00191021
00015792_005.png,Infiltration,0.0,0.00189495
00015792_005.png,Mass,0.0,0.00188732
00015792_005.png,Effusion,0.0,0.00188255
00015792_005.png,Mass,0.0010549129654451495,0.00185966
00015792_005.png,Effusion,0.059154605982044646,0.00185871
00015792_005.png,Effusion,0.0019227555710226996,0.00183582
00015792_005.png,Effusion,0.0,0.0017786
00015792_005.png,Effusion,0.0,0.00176716
00015792_005.png,Infiltration,0.0,0.00174713
00015792_005.png,Effusion,0.0,0.00172424
00015792_005.png,Cardiomegaly,0.0,0.00172424
00015792_005.png,Effusion,0.0,0.00172329
00015792_005.png,Effusion,0.0,0.00171566
00015792_005.png,Effusion,0.0,0.00171089
00015792_005.png,Cardiomegaly,0.0,0.00170422
00015792_005.png,Infiltration,0.06976705446785027,0.00169659
00015792_005.png,Effusion,0.219498055701211,0.00163269
00015792_005.png,Infiltration,0.0,0.00162888
00015792_005.png,Mass,0.01376279538403082,0.00160694
00015792_005.png,Mass,0.0,0.00158596
00015792_005.png,Effusion,0.0,0.00157928
00015792_005.png,Effusion,0.0,0.00155354
00015792_005.png,Mass,0.049794170448114856,0.00150108
00015792_005.png,Effusion,0.10513367522477379,0.00148869
00015792_005.png,Infiltration,0.0,0.00148582
00015792_005.png,Cardiomegaly,0.0,0.00141811
00015792_005.png,Effusion,0.0,0.00141621
00015792_005.png,Effusion,0.0,0.00141144
00015792_005.png,Infiltration,0.0,0.00140953
00015792_005.png,Mass,0.0,0.00137138
00015792_005.png,Effusion,0.0,0.00134754
00015792_005.png,Mass,0.0,0.00133419
00015792_005.png,Effusion,0.012387451413907407,0.00131512
00015792_005.png,Effusion,0.0,0.0013113
00015792_005.png,Infiltration,0.0,0.00131035
00015792_005.png,Effusion,0.0,0.00130653
00015792_005.png,Infiltration,0.0,0.00129986
00015792_005.png,Effusion,0.0,0.00129223
00015792_005.png,Mass,0.115149260335562,0.00126839
00015792_005.png,Effusion,0.2802523588327096,0.00125408
00015792_005.png,Infiltration,0.0,0.00125027
00015792_005.png,Effusion,0.0,0.00124836
00015792_005.png,Mass,0.0,0.00124454
00015792_005.png,Infiltration,0.0,0.00123978
00015792_005.png,Effusion,0.0,0.00123215
00015792_005.png,Effusion,0.004371966525351558,0.00122929
00015792_005.png,Cardiomegaly,0.0,0.00121975
00015792_005.png,Infiltration,0.12421435109194645,0.00121784
00015792_005.png,Infiltration,0.0,0.00121593
00015792_005.png,Mass,0.06706364487652977,0.00121403
00015792_005.png,Mass,0.03781229930348059,0.00121403
00015792_005.png,Mass,0.0,0.00119686
00015792_005.png,Effusion,0.0,0.00119114
00015792_005.png,Infiltration,0.0,0.00118446
00015792_005.png,Effusion,0.0,0.00118065
00015792_005.png,Infiltration,0.0,0.00117588
00015792_005.png,Mass,0.10075587731854423,0.00116539
00015792_005.png,Effusion,0.21235394443421707,0.00116539
00015792_005.png,Effusion,0.0,0.00115299
00015792_005.png,Mass,0.0,0.00115013
00015792_005.png,Effusion,0.0,0.00112629
00015792_005.png,Infiltration,0.0,0.00111961
00015792_005.png,Effusion,0.0,0.00111866
00015792_005.png,Effusion,0.0,0.00111008
00015792_005.png,Mass,0.05493013926457035,0.00110817
00015792_005.png,Effusion,0.05582415678834857,0.00110245
00015792_005.png,Mass,0.0,0.00107384
00015792_005.png,Effusion,0.0,0.00106812
00015792_005.png,Cardiomegaly,0.0,0.00106716
00015792_005.png,Effusion,0.0,0.00105476
00015792_005.png,Cardiomegaly,0.0,0.00105095
00015792_005.png,Effusion,0.0,0.00104809
00015792_005.png,Effusion,0.0,0.00104046
00015792_005.png,Mass,0.0,0.00104046
00015792_005.png,Mass,0.0,0.0010376
00015792_005.png,Effusion,0.0,0.00103569
00015792_005.png,Infiltration,0.0,0.00103188
00015792_005.png,Cardiomegaly,0.0,0.00102901
00015792_005.png,Mass,0.0,0.0010252
00015792_005.png,Mass,0.0,0.00102425
00015792_005.png,Cardiomegaly,0.0,0.00102425
00015792_005.png,Effusion,0.0,0.00101089
00015792_005.png,Mass,0.0,0.00100803
00002578_000.png,Effusion,0.0,0.261963
00002578_000.png,Atelectasis,0.0,0.0969238
00002578_000.png,Infiltration,0.0,0.0450439
00002578_000.png,Effusion,0.0,0.0376892
00002578_000.png,Effusion,0.0,0.034729
00002578_000.png,Atelectasis,0.0,0.0329895
00002578_000.png,Effusion,0.0,0.0311432
00002578_000.png,Effusion,0.0,0.0148315
00002578_000.png,Cardiomegaly,0.0,0.014595
00002578_000.png,Effusion,0.0,0.0132294
00002578_000.png,Effusion,0.0,0.0127029
00002578_000.png,Infiltration,0.0,0.0121384
00002578_000.png,Infiltration,0.0,0.00979614
00002578_000.png,Effusion,0.0,0.00958252
00002578_000.png,Mass,0.0,0.00846863
00002578_000.png,Infiltration,0.0,0.00843811
00002578_000.png,Effusion,0.0,0.00826263
00002578_000.png,Cardiomegaly,0.0,0.00795746
00002578_000.png,Infiltration,0.0,0.00780487
00002578_000.png,Mass,0.04751930604771925,0.00711823
00002578_000.png,Cardiomegaly,0.0,0.0066185
00002578_000.png,Cardiomegaly,0.03452635880787098,0.00566101
00002578_000.png,Infiltration,0.0,0.00548172
00002578_000.png,Infiltration,0.0,0.00524521
00002578_000.png,Effusion,0.0,0.00511932
00002578_000.png,Infiltration,0.0,0.00502396
00002578_000.png,Cardiomegaly,0.0,0.00488281
00002578_000.png,Cardiomegaly,0.0,0.00469589
00002578_000.png,Infiltration,0.0,0.00465775
00002578_000.png,Infiltration,0.0,0.00448227
00002578_000.png,Cardiomegaly,0.0,0.0042572
00002578_000.png,Infiltration,0.0,0.00415802
00002578_000.png,Effusion,0.0,0.00392151
00002578_000.png,Mass,0.0,0.00371742
00002578_000.png,Mass,0.0,0.00341034
00002578_000.png,Infiltration,0.0,0.00338364
00002578_000.png,Effusion,0.0,0.00308418
00002578_000.png,Cardiomegaly,0.0,0.00306511
00002578_000.png,Cardiomegaly,0.0,0.00302505
00002578_000.png,Infiltration,0.0,0.00300789
00002578_000.png,Mass,0.0,0.00296211
00002578_000.png,Infiltration,0.0,0.00295448
00002578_000.png,Effusion,0.0,0.00293159
00002578_000.png,Effusion,0.0,0.00292778
00002578_000.png,Cardiomegaly,0.0,0.00292778
00002578_000.png,Effusion,0.0,0.00288582
00002578_000.png,Infiltration,0.0,0.00273895
00002578_000.png,Infiltration,0.0,0.00271034
00002578_000.png,Cardiomegaly,0.0,0.00263214
00002578_000.png,Infiltration,0.0,0.00248146
00002578_000.png,Effusion,0.0,0.00247574
00002578_000.png,Infiltration,0.0,0.00241661
00002578_000.png,Mass,0.0006806379869030464,0.00241661
00002578_000.png,Mass,0.0,0.00236702
00002578_000.png,Effusion,0.0,0.00232124
00002578_000.png,Effusion,0.0,0.00231171
00002578_000.png,Cardiomegaly,0.0,0.0023098
00002578_000.png,Atelectasis,0.0,0.00229454
00002578_000.png,Infiltration,0.0,0.00229073
00002578_000.png,Infiltration,0.0,0.00226974
00002578_000.png,Mass,0.0,0.00226593
00002578_000.png,Infiltration,0.0,0.00217438
00002578_000.png,Cardiomegaly,0.0,0.0021553
00002578_000.png,Infiltration,0.0,0.00212669
00002578_000.png,Cardiomegaly,0.0,0.00211525
00002578_000.png,Infiltration,0.0,0.00209808
00002578_000.png,Cardiomegaly,0.0,0.00204277
00002578_000.png,Mass,0.0,0.00203514
00002578_000.png,Infiltration,0.0,0.00201416
00002578_000.png,Mass,0.0,0.00201416
00002578_000.png,Infiltration,0.0,0.00199699
00002578_000.png,Effusion,0.0,0.00197792
00002578_000.png,Effusion,0.0,0.00187969
00002578_000.png,Cardiomegaly,0.0,0.00179577
00002578_000.png,Infiltration,0.0,0.00178146
00002578_000.png,Mass,0.0,0.00175285
00002578_000.png,Effusion,0.0,0.00171185
00002578_000.png,Cardiomegaly,0.0,0.00169373
00002578_000.png,Infiltration,0.0,0.00168228
00002578_000.png,Mass,0.01809007149490164,0.00165939
00002578_000.png,Cardiomegaly,0.0,0.00164318
00002578_000.png,Mass,0.0,0.00158215
00002578_000.png,Effusion,0.04639789373036193,0.0015583
00002578_000.png,Effusion,0.0,0.00154686
00002578_000.png,Mass,0.0,0.00154591
00002578_000.png,Cardiomegaly,0.0006806379869030464,0.00153828
00002578_000.png,Effusion,0.0,0.00153351
00002578_000.png,Infiltration,0.0,0.00153065
00002578_000.png,Effusion,0.0,0.00150967
00002578_000.png,Infiltration,0.0,0.00150776
00002578_000.png,Effusion,0.0,0.00150299
00002578_000.png,Effusion,0.0,0.00148487
00002578_000.png,Effusion,0.0,0.00147438
00002578_000.png,Cardiomegaly,0.0,0.00146675
00002578_000.png,Mass,0.0,0.00146198
00002578_000.png,Cardiomegaly,0.0,0.00145149
00002578_000.png,Mass,0.0,0.00143433
00002578_000.png,Cardiomegaly,0.0,0.00141144
00002578_000.png,Infiltration,0.0,0.00140667
00002578_000.png,Effusion,0.0,0.00139618
00002578_000.png,Cardiomegaly,0.030629442663251665,0.00136089
00002578_000.png,Cardiomegaly,0.0,0.00133514
00002578_000.png,Effusion,0.0,0.00131226
00002578_000.png,Effusion,0.0,0.0012989
00002578_000.png,Infiltration,0.0,0.00128174
00002578_000.png,Infiltration,0.0,0.00126171
00002578_000.png,Infiltration,0.0,0.00123596
00002578_000.png,Infiltration,0.0,0.00119209
00002578_000.png,Mass,0.0,0.00119114
00002578_000.png,Cardiomegaly,0.0,0.00119019
00002578_000.png,Effusion,0.0,0.00118637
00002578_000.png,Cardiomegaly,0.0,0.00118256
00002578_000.png,Effusion,0.5379461926267982,0.00117397
00002578_000.png,Effusion,0.0,0.00117111
00002578_000.png,Effusion,0.0,0.00114727
00002578_000.png,Effusion,0.0,0.0011425
00002578_000.png,Mass,0.0,0.00112724
00002578_000.png,Mass,0.0,0.0011034
00002578_000.png,Mass,0.0,0.00109291
00002578_000.png,Cardiomegaly,0.006461679895247598,0.00106812
00002578_000.png,Infiltration,0.0,0.00105381
00002578_000.png,Infiltration,0.0,0.00104523
00002578_000.png,Mass,0.02858152268401832,0.00103951
00002578_000.png,Cardiomegaly,0.0,0.00103569
00000054_007.png,Atelectasis,0.0,0.0622253
00000054_007.png,Infiltration,0.0,0.0379028
00000054_007.png,Infiltration,0.0,0.0305481
00000054_007.png,Infiltration,0.0,0.027832
00000054_007.png,Effusion,0.0,0.0275879
00000054_007.png,Infiltration,0.0,0.0263977
00000054_007.png,Cardiomegaly,0.0,0.0181122
00000054_007.png,Effusion,0.0,0.0169525
00000054_007.png,Infiltration,0.0,0.0157776
00000054_007.png,Effusion,0.0,0.0136566
00000054_007.png,Cardiomegaly,0.0,0.0136032
00000054_007.png,Infiltration,0.0,0.0130539
00000054_007.png,Cardiomegaly,0.0,0.0108948
00000054_007.png,Effusion,0.0,0.0103912
00000054_007.png,Cardiomegaly,0.0,0.00961304
00000054_007.png,Effusion,0.0,0.00955963
00000054_007.png,Infiltration,0.0,0.00917053
00000054_007.png,Mass,0.0,0.0073967
00000054_007.png,Effusion,0.0,0.00731659
00000054_007.png,Infiltration,0.0,0.00725937
00000054_007.png,Effusion,0.0,0.00637817
00000054_007.png,Infiltration,0.0,0.0056572
00000054_007.png,Cardiomegaly,0.0,0.00550842
00000054_007.png,Infiltration,0.0,0.00543976
00000054_007.png,Effusion,0.0,0.00505829
00000054_007.png,Mass,0.0,0.00498962
00000054_007.png,Mass,0.0,0.0046463
00000054_007.png,Cardiomegaly,0.0,0.00453949
00000054_007.png,Infiltration,0.0,0.00448227
00000054_007.png,Effusion,0.0,0.00413132
00000054_007.png,Effusion,0.0,0.00394821
00000054_007.png,Cardiomegaly,0.0,0.00394058
00000054_007.png,Infiltration,0.0,0.00373077
00000054_007.png,Mass,0.0,0.00361633
00000054_007.png,Infiltration,0.0,0.00351524
00000054_007.png,Infiltration,0.0,0.00341225
00000054_007.png,Infiltration,0.0,0.00340462
00000054_007.png,Mass,0.0,0.00337982
00000054_007.png,Atelectasis,0.0,0.00326729
00000054_007.png,Infiltration,0.0,0.00320816
00000054_007.png,Infiltration,0.0,0.00318336
00000054_007.png,Infiltration,0.0,0.00318336
00000054_007.png,Cardiomegaly,0.0,0.00293541
00000054_007.png,Cardiomegaly,0.0,0.00269699
00000054_007.png,Cardiomegaly,0.0,0.00260544
00000054_007.png,Infiltration,0.0,0.00259399
00000054_007.png,Mass,0.0,0.00257111
00000054_007.png,Cardiomegaly,0.0,0.0025177
00000054_007.png,Mass,0.0,0.00243378
00000054_007.png,Infiltration,0.0,0.00243378
00000054_007.png,Infiltration,0.0,0.00211906
00000054_007.png,Infiltration,0.0,0.00211525
00000054_007.png,Infiltration,0.0,0.00210953
00000054_007.png,Infiltration,0.0,0.00204277
00000054_007.png,Infiltration,0.0,0.00199509
00000054_007.png,Cardiomegaly,0.0,0.00192547
00000054_007.png,Effusion,0.0,0.00189495
00000054_007.png,Infiltration,0.0,0.001894
00000054_007.png,Cardiomegaly,0.0,0.00187588
00000054_007.png,Mass,0.0,0.00186443
00000054_007.png,Mass,0.0,0.00185013
00000054_007.png,Infiltration,0.0,0.00184059
00000054_007.png,Infiltration,0.0,0.00183773
00000054_007.png,Effusion,0.0,0.00182629
00000054_007.png,Infiltration,0.0,0.00182533
00000054_007.png,Cardiomegaly,0.0,0.00181675
00000054_007.png,Effusion,0.0,0.00180817
00000054_007.png,Effusion,0.0,0.00180721
00000054_007.png,Infiltration,0.0,0.00180054
00000054_007.png,Mass,0.0,0.0017662
00000054_007.png,Effusion,0.0,0.00174713
00000054_007.png,Effusion,0.0,0.00173473
00000054_007.png,Cardiomegaly,0.0,0.00173378
00000054_007.png,Infiltration,0.0,0.00172997
00000054_007.png,Infiltration,0.0,0.00170135
00000054_007.png,Effusion,0.0,0.00169277
00000054_007.png,Effusion,0.0,0.00167179
00000054_007.png,Effusion,0.0,0.00166416
00000054_007.png,Infiltration,0.0,0.00160313
00000054_007.png,Mass,0.0,0.0015831
00000054_007.png,Effusion,0.0,0.00147152
00000054_007.png,Infiltration,0.0,0.00146961
00000054_007.png,Infiltration,0.0,0.00144768
00000054_007.png,Infiltration,0.0,0.00140762
00000054_007.png,Infiltration,0.0,0.00140095
00000054_007.png,Cardiomegaly,0.0,0.00139046
00000054_007.png,Effusion,0.0,0.00133801
00000054_007.png,Cardiomegaly,0.0,0.00131798
00000054_007.png,Effusion,0.0,0.00128555
00000054_007.png,Infiltration,0.0,0.00128269
00000054_007.png,Effusion,0.0,0.00127316
00000054_007.png,Mass,0.0,0.0012722
00000054_007.png,Cardiomegaly,0.0,0.00126934
00000054_007.png,Effusion,0.0,0.00126362
00000054_007.png,Infiltration,0.0,0.00125599
00000054_007.png,Effusion,0.0,0.00123596
00000054_007.png,Infiltration,0.0,0.00121784
00000054_007.png,Infiltration,0.0,0.00121307
00000054_007.png,Infiltration,0.0,0.00113106
00000054_007.png,Infiltration,0.0,0.00109482
00000054_007.png,Effusion,0.0,0.00104046
00000054_007.png,Mass,0.0,0.0010376
00000054_007.png,Cardiomegaly,0.0,0.00103092
00000054_007.png,Cardiomegaly,0.0,0.00102425
00000054_007.png,Infiltration,0.0,0.00102139
00000054_007.png,Infiltration,0.0,0.00101852
00009669_003.png,Cardiomegaly,0.27494379322757473,0.0398865
00009669_003.png,Infiltration,0.4297996227398586,0.0349121
00009669_003.png,Cardiomegaly,0.23359455752259242,0.0347595
00009669_003.png,Infiltration,0.0,0.0206909
00009669_003.png,Infiltration,0.0,0.0187378
00009669_003.png,Effusion,0.0,0.0176392
00009669_003.png,Infiltration,0.24957377926257665,0.0159454
00009669_003.png,Cardiomegaly,0.18663054873753,0.0148315
00009669_003.png,Cardiomegaly,0.18567243210207263,0.0142136
00009669_003.png,Cardiomegaly,0.3540641032984558,0.0134201
00009669_003.png,Effusion,0.0,0.0133362
00009669_003.png,Infiltration,0.0,0.0125122
00009669_003.png,Infiltration,0.4160156579877787,0.0121613
00009669_003.png,Infiltration,0.0,0.011116
00009669_003.png,Cardiomegaly,0.4297996227398586,0.00975037
00009669_003.png,Cardiomegaly,0.14222419091963667,0.00914764
00009669_003.png,Effusion,0.0,0.00817871
00009669_003.png,Atelectasis,0.19837690856019463,0.00787354
00009669_003.png,Infiltration,0.36556693666415013,0.00762177
00009669_003.png,Effusion,0.17604944510598217,0.00722122
00009669_003.png,Effusion,0.0,0.00698853
00009669_003.png,Effusion,0.0,0.00692749
00009669_003.png,Effusion,0.0,0.00648499
00009669_003.png,Cardiomegaly,0.17594719431557185,0.00621033
00009669_003.png,Effusion,0.0,0.00614166
00009669_003.png,Effusion,0.0,0.00590897
00009669_003.png,Infiltration,0.0,0.00577164
00009669_003.png,Effusion,0.0,0.00574493
00009669_003.png,Cardiomegaly,0.11168871396598785,0.00561142
00009669_003.png,Mass,0.0,0.00521469
00009669_003.png,Effusion,0.0,0.00509262
00009669_003.png,Mass,0.0,0.0048027
00009669_003.png,Effusion,0.0,0.00475693
00009669_003.png,Effusion,0.0,0.00455093
00009669_003.png,Infiltration,0.0,0.0045166
00009669_003.png,Cardiomegaly,0.4682051421896827,0.00450516
00009669_003.png,Effusion,0.0,0.00449753
00009669_003.png,Effusion,0.0,0.00447083
00009669_003.png,Infiltration,0.0,0.00437546
00009669_003.png,Infiltration,0.0,0.00429916
00009669_003.png,Infiltration,0.0,0.00420761
00009669_003.png,Effusion,0.0,0.00411224
00009669_003.png,Mass,0.0,0.00405884
00009669_003.png,Cardiomegaly,0.31534029063539454,0.00362778
00009669_003.png,Infiltration,0.17492101759076586,0.00359535
00009669_003.png,Effusion,0.0,0.00356102
00009669_003.png,Cardiomegaly,0.0,0.00344086
00009669_003.png,Effusion,0.0,0.00333214
00009669_003.png,Effusion,0.0,0.00324821
00009669_003.png,Effusion,0.0,0.00320816
00009669_003.png,Cardiomegaly,0.3802757132016077,0.00311279
00009669_003.png,Mass,0.0,0.00310135
00009669_003.png,Infiltration,0.0,0.00309944
00009669_003.png,Effusion,0.0,0.00308418
00009669_003.png,Effusion,0.0,0.00308037
00009669_003.png,Effusion,0.0,0.00307083
00009669_003.png,Infiltration,0.0,0.00300598
00009669_003.png,Effusion,0.0,0.00300026
00009669_003.png,Infiltration,0.0,0.00300026
00009669_003.png,Infiltration,0.0,0.00297546
00009669_003.png,Infiltration,0.0,0.0029335
00009669_003.png,Infiltration,0.0,0.00292397
00009669_003.png,Infiltration,0.0,0.00285721
00009669_003.png,Infiltration,0.044675603046006665,0.00284576
00009669_003.png,Infiltration,0.0,0.00281715
00009669_003.png,Infiltration,0.184619650660789,0.00275612
00009669_003.png,Infiltration,0.0,0.0026989
00009669_003.png,Effusion,0.0,0.00268173
00009669_003.png,Cardiomegaly,0.25019960780777856,0.00267601
00009669_003.png,Cardiomegaly,0.17871158150533858,0.00257683
00009669_003.png,Infiltration,0.0,0.00248337
00009669_003.png,Cardiomegaly,0.12505451773548823,0.00247765
00009669_003.png,Effusion,0.0,0.0024128
00009669_003.png,Infiltration,0.0,0.00240898
00009669_003.png,Infiltration,0.0,0.00239372
00009669_003.png,Effusion,0.0,0.00238419
00009669_003.png,Infiltration,0.2862963454455559,0.00236893
00009669_003.png,Infiltration,0.0,0.00236511
00009669_003.png,Effusion,0.0,0.00233078
00009669_003.png,Mass,0.0,0.00229454
00009669_003.png,Effusion,0.0,0.00222969
00009669_003.png,Atelectasis,0.07645193556731128,0.00222397
00009669_003.png,Infiltration,0.0,0.00220108
00009669_003.png,Infiltration,0.0,0.00219917
00009669_003.png,Mass,0.0,0.00216293
00009669_003.png,Infiltration,0.0,0.00216293
00009669_003.png,Atelectasis,0.15214417657007723,0.00214195
00009669_003.png,Effusion,0.0,0.0021286
00009669_003.png,Cardiomegaly,0.1240629168795134,0.00209618
00009669_003.png,Effusion,0.0,0.00208473
00009669_003.png,Infiltration,0.0,0.00208282
00009669_003.png,Cardiomegaly,0.178908991289421,0.00204086
00009669_003.png,Cardiomegaly,0.16419502555373552,0.00203705
00009669_003.png,Effusion,0.0,0.00201416
00009669_003.png,Infiltration,0.0,0.00197792
00009669_003.png,Mass,0.0,0.00196266
00009669_003.png,Infiltration,0.0,0.00192928
00009669_003.png,Mass,0.0,0.00192833
00009669_003.png,Infiltration,0.0,0.00191975
00009669_003.png,Infiltration,0.0,0.00190639
00009669_003.png,Mass,0.0,0.00188541
00009669_003.png,Infiltration,0.0,0.00186634
00009669_003.png,Mass,0.0,0.00185394
00009669_003.png,Infiltration,0.0,0.00183964
00009669_003.png,Infiltration,0.0,0.00183678
00009669_003.png,Infiltration,0.0,0.00182915
00009669_003.png,Infiltration,0.0,0.00180149
00009669_003.png,Cardiomegaly,0.4160156579877787,0.00177765
00009669_003.png,Effusion,0.0,0.00175762
00009669_003.png,Infiltration,0.0,0.00174427
00009669_003.png,Infiltration,0.0,0.00173855
00009669_003.png,Infiltration,0.0,0.00171471
00009669_003.png,Effusion,0.0,0.00170708
00009669_003.png,Infiltration,0.0,0.00170422
00009669_003.png,Infiltration,0.1948696944709852,0.00169182
00009669_003.png,Effusion,0.0,0.00168324
00009669_003.png,Effusion,0.044675603046006665,0.00165081
00009669_003.png,Effusion,0.0,0.0016346
00009669_003.png,Infiltration,0.3285072821487031,0.00160313
00009669_003.png,Infiltration,0.0,0.00158882
00009669_003.png,Infiltration,0.0,0.00156689
00009669_003.png,Infiltration,0.0,0.00155926
00009669_003.png,Infiltration,0.0,0.00151825
00009669_003.png,Mass,0.0,0.00149059
00009669_003.png,Infiltration,0.0,0.00148487
00009669_003.png,Infiltration,0.0,0.00148296
00009669_003.png,Effusion,0.0,0.00148106
00009669_003.png,Effusion,0.0,0.0014677
00009669_003.png,Infiltration,0.0,0.00146294
00009669_003.png,Effusion,0.0,0.00146008
00009669_003.png,Effusion,0.0,0.00143623
00009669_003.png,Infiltration,0.0,0.00142288
00009669_003.png,Effusion,0.0,0.00140858
00009669_003.png,Effusion,0.0,0.00137043
00009669_003.png,Effusion,0.0,0.00135994
00009669_003.png,Effusion,0.0,0.0013504
00009669_003.png,Effusion,0.35436746971673866,0.00134277
00009669_003.png,Infiltration,0.0,0.00133705
00009669_003.png,Cardiomegaly,0.0,0.00131226
00009669_003.png,Effusion,0.0,0.00130463
00009669_003.png,Infiltration,0.0,0.00126457
00009669_003.png,Mass,0.0,0.00126076
00009669_003.png,Effusion,0.0,0.00125885
00009669_003.png,Cardiomegaly,0.3285072821487031,0.00123978
00009669_003.png,Effusion,0.0,0.00123787
00009669_003.png,Mass,0.0,0.00122356
00009669_003.png,Mass,0.1240629168795134,0.00121117
00009669_003.png,Effusion,0.0,0.0012064
00009669_003.png,Infiltration,0.0,0.00119591
00009669_003.png,Atelectasis,0.23200379630862034,0.00116348
00009669_003.png,Infiltration,0.0,0.00116062
00009669_003.png,Effusion,0.0,0.00114632
00009669_003.png,Mass,0.0,0.00113678
00009669_003.png,Cardiomegaly,0.1353178518280036,0.00113678
00009669_003.png,Effusion,0.0,0.00113392
00009669_003.png,Cardiomegaly,0.6149289019795476,0.00112343
00009669_003.png,Mass,0.0,0.00112247
00009669_003.png,Effusion,0.0,0.00111485
00009669_003.png,Infiltration,0.0,0.00108814
00009669_003.png,Infiltration,0.31534029063539454,0.00108624
00009669_003.png,Mass,0.0,0.00107193
00009669_003.png,Infiltration,0.0,0.00107193
00009669_003.png,Effusion,0.0,0.00106812
00009669_003.png,Infiltration,0.0,0.00106049
00009669_003.png,Mass,0.0,0.00105572
00009669_003.png,Infiltration,0.3802757132016077,0.00104141
00009669_003.png,Mass,0.0,0.00103569
00026810_001.png,Effusion,0.0,0.0797729
00026810_001.png,Infiltration,0.0,0.0578613
00026810_001.png,Effusion,0.0,0.0516052
00026810_001.png,Infiltration,0.004573003804278243,0.027359
00026810_001.png,Mass,0.0,0.0155563
00026810_001.png,Atelectasis,0.02030858532335145,0.0152283
00026810_001.png,Mass,0.0,0.015213
00026810_001.png,Cardiomegaly,0.0,0.0148315
00026810_001.png,Effusion,0.0,0.01474
00026810_001.png,Effusion,0.0,0.01297
00026810_001.png,Cardiomegaly,0.0,0.0121231
00026810_001.png,Infiltration,0.10423844250375915,0.0117493
00026810_001.png,Effusion,0.0,0.0115051
00026810_001.png,Effusion,0.0,0.0111923
00026810_001.png,Cardiomegaly,0.3069306672216577,0.0111313
00026810_001.png,Infiltration,0.23955812848261118,0.01091
00026810_001.png,Cardiomegaly,0.0,0.0105209
00026810_001.png,Cardiomegaly,0.23652234578163453,0.00991821
00026810_001.png,Effusion,0.0,0.00946045
00026810_001.png,Effusion,0.0,0.00933075
00026810_001.png,Effusion,0.0,0.00925446
00026810_001.png,Infiltration,0.0,0.00900269
00026810_001.png,Infiltration,0.45887182222094663,0.00827789
00026810_001.png,Cardiomegaly,0.0,0.00728226
00026810_001.png,Effusion,0.0,0.00714111
00026810_001.png,Cardiomegaly,0.0,0.00711823
00026810_001.png,Effusion,0.0,0.00683212
00026810_001.png,Mass,0.0,0.00671768
00026810_001.png,Mass,0.0,0.00653458
00026810_001.png,Effusion,0.0,0.00650787
00026810_001.png,Cardiomegaly,0.0,0.00632858
00026810_001.png,Cardiomegaly,0.0,0.00631714
00026810_001.png,Infiltration,0.0,0.00630569
00026810_001.png,Cardiomegaly,0.2635621598123216,0.00595856
00026810_001.png,Infiltration,0.0,0.00586319
00026810_001.png,Effusion,0.0,0.0058403
00026810_001.png,Cardiomegaly,0.1769690773832709,0.00544739
00026810_001.png,Effusion,0.0,0.00540161
00026810_001.png,Mass,0.0,0.00519562
00026810_001.png,Cardiomegaly,0.056515532200346046,0.00517654
00026810_001.png,Infiltration,0.0,0.00513458
00026810_001.png,Effusion,0.0,0.00497055
00026810_001.png,Cardiomegaly,0.26453736979949255,0.00490952
00026810_001.png,Effusion,0.0,0.00489807
00026810_001.png,Effusion,0.0,0.00485992
00026810_001.png,Cardiomegaly,0.0,0.00475693
00026810_001.png,Effusion,0.0,0.00468826
00026810_001.png,Effusion,0.0,0.00468063
00026810_001.png,Effusion,0.0,0.00440598
00026810_001.png,Mass,0.0,0.00440598
00026810_001.png,Atelectasis,0.0019538655485797467,0.00437164
00026810_001.png,Effusion,0.0,0.00434494
00026810_001.png,Cardiomegaly,0.0,0.00423431
00026810_001.png,Mass,0.0,0.00417328
00026810_001.png,Effusion,0.0,0.00405121
00026810_001.png,Infiltration,0.34552067869793096,0.00401306
00026810_001.png,Effusion,0.0,0.00391769
00026810_001.png,Infiltration,0.0,0.00389671
00026810_001.png,Effusion,0.0,0.00386238
00026810_001.png,Effusion,0.0,0.00367737
00026810_001.png,Mass,0.0,0.00366974
00026810_001.png,Cardiomegaly,0.11153290970994319,0.00362587
00026810_001.png,Mass,0.0,0.00356674
00026810_001.png,Effusion,0.0,0.00353622
00026810_001.png,Mass,0.0,0.0032711
00026810_001.png,Infiltration,0.0,0.00310135
00026810_001.png,Effusion,0.0,0.00283623
00026810_001.png,Mass,0.0,0.00282669
00026810_001.png,Effusion,0.0,0.00278854
00026810_001.png,Infiltration,0.01639792050151279,0.00268173
00026810_001.png,Effusion,0.0,0.00266075
00026810_001.png,Mass,0.0,0.00263023
00026810_001.png,Mass,0.0,0.00251007
00026810_001.png,Mass,0.0,0.00247192
00026810_001.png,Cardiomegaly,0.0,0.00247002
00026810_001.png,Cardiomegaly,0.027708841329032636,0.00245667
00026810_001.png,Effusion,0.0,0.00244904
00026810_001.png,Effusion,0.0,0.00239372
00026810_001.png,Infiltration,0.0,0.00235748
00026810_001.png,Cardiomegaly,0.0,0.00235176
00026810_001.png,Cardiomegaly,0.0,0.00234985
00026810_001.png,Infiltration,0.0,0.00234413
00026810_001.png,Effusion,0.0,0.00230408
00026810_001.png,Infiltration,0.0,0.00230408
00026810_001.png,Effusion,0.0,0.00229454
00026810_001.png,Infiltration,0.16409811881994082,0.00227547
00026810_001.png,Infiltration,0.29702944124869357,0.00219917
00026810_001.png,Mass,0.0,0.00219345
00026810_001.png,Effusion,0.0,0.00218964
00026810_001.png,Effusion,0.0,0.00218773
00026810_001.png,Effusion,0.0,0.00216293
00026810_001.png,Cardiomegaly,0.12933358829015565,0.00214386
00026810_001.png,Effusion,0.0,0.00210571
00026810_001.png,Infiltration,0.0,0.00203133
00026810_001.png,Effusion,0.0,0.00197601
00026810_001.png,Cardiomegaly,0.10423844250375915,0.00196457
00026810_001.png,Effusion,0.0,0.00194073
00026810_001.png,Effusion,0.0,0.00194073
00026810_001.png,Effusion,0.0,0.00192833
00026810_001.png,Infiltration,0.0,0.00191879
00026810_001.png,Mass,0.0,0.00185299
00026810_001.png,Cardiomegaly,0.0,0.00185013
00026810_001.png,Effusion,0.0,0.00177765
00026810_001.png,Effusion,0.0,0.00174999
00026810_001.png,Cardiomegaly,0.040351370391388475,0.00174904
00026810_001.png,Mass,0.0,0.00174046
00026810_001.png,Infiltration,0.0,0.00171471
00026810_001.png,Effusion,0.0,0.00166035
00026810_001.png,Cardiomegaly,0.21646000175845456,0.00165367
00026810_001.png,Infiltration,0.0,0.00163841
00026810_001.png,Mass,0.0,0.00162792
00026810_001.png,Mass,0.0,0.00161171
00026810_001.png,Effusion,0.0,0.00158215
00026810_001.png,Cardiomegaly,0.058926774465734556,0.00157642
00026810_001.png,Cardiomegaly,0.05293343895541316,0.00157547
00026810_001.png,Effusion,0.0,0.00156593
00026810_001.png,Effusion,0.0,0.00155163
00026810_001.png,Mass,0.0,0.00151348
00026810_001.png,Infiltration,0.007629867876587212,0.0015049
00026810_001.png,Cardiomegaly,0.0,0.00149632
00026810_001.png,Effusion,0.0,0.00147724
00026810_001.png,Effusion,0.0,0.00145912
00026810_001.png,Infiltration,0.0,0.00145245
00026810_001.png,Cardiomegaly,0.0,0.00145054
00026810_001.png,Mass,0.011825518660871193,0.0014286
00026810_001.png,Cardiomegaly,0.1254078068417761,0.00141239
00026810_001.png,Mass,0.0,0.00140476
00026810_001.png,Mass,0.0,0.00140381
00026810_001.png,Mass,0.0,0.00139713
00026810_001.png,Mass,0.0,0.00138187
00026810_001.png,Effusion,0.0,0.00136662
00026810_001.png,Effusion,0.0,0.00135517
00026810_001.png,Mass,0.0,0.00135136
00026810_001.png,Cardiomegaly,0.16391278364146922,0.00134468
00026810_001.png,Effusion,0.0,0.00133991
00026810_001.png,Mass,0.0,0.00133991
00026810_001.png,Effusion,0.0,0.00133419
00026810_001.png,Effusion,0.0,0.00132751
00026810_001.png,Infiltration,0.0,0.00131798
00026810_001.png,Effusion,0.0,0.00130653
00026810_001.png,Cardiomegaly,0.0,0.00124073
00026810_001.png,Effusion,0.0,0.00121021
00026810_001.png,Infiltration,0.0,0.00120926
00026810_001.png,Infiltration,0.0,0.0012064
00026810_001.png,Mass,0.0,0.00120544
00026810_001.png,Cardiomegaly,0.0,0.00119877
00026810_001.png,Effusion,0.0,0.00118065
00026810_001.png,Infiltration,0.058926774465734556,0.00117683
00026810_001.png,Effusion,0.0,0.0011673
00026810_001.png,Effusion,0.0,0.00116158
00026810_001.png,Cardiomegaly,0.033291958408147124,0.00115776
00026810_001.png,Effusion,0.0,0.00109768
00026810_001.png,Infiltration,0.19318559048423356,0.00109768
00026810_001.png,Mass,0.0,0.00109291
00026810_001.png,Effusion,0.0,0.00109196
00026810_001.png,Mass,0.0,0.00107574
00026810_001.png,Atelectasis,0.0009676430414257653,0.00107574
00026810_001.png,Mass,0.0,0.00106812
00026810_001.png,Effusion,0.0,0.00104904
00026810_001.png,Infiltration,0.0,0.00104809
00026810_001.png,Atelectasis,0.007629867876587212,0.00102901
00026810_001.png,Effusion,0.0,0.00101852
00026810_001.png,Cardiomegaly,0.18406723238912967,0.00100136
00019399_010.png,Effusion,0.0,0.368896
00019399_010.png,Atelectasis,0.01346377094582071,0.201538
00019399_010.png,Effusion,0.0,0.0672607
00019399_010.png,Atelectasis,0.004031764753232485,0.0324402
00019399_010.png,Cardiomegaly,0.0,0.0284424
00019399_010.png,Effusion,0.0,0.0249329
00019399_010.png,Mass,0.0,0.0178375
00019399_010.png,Mass,0.0,0.016922
00019399_010.png,Cardiomegaly,0.0,0.0142746
00019399_010.png,Cardiomegaly,0.0,0.0142212
00019399_010.png,Mass,0.0,0.0136566
00019399_010.png,Effusion,0.0,0.0120087
00019399_010.png,Atelectasis,0.0,0.0114822
00019399_010.png,Cardiomegaly,0.0,0.0112839
00019399_010.png,Mass,0.0,0.0109558
00019399_010.png,Atelectasis,0.0,0.0106964
00019399_010.png,Infiltration,0.0,0.0099411
00019399_010.png,Cardiomegaly,0.0,0.00928497
00019399_010.png,Cardiomegaly,0.0,0.00834656
00019399_010.png,Infiltration,0.0,0.00793457
00019399_010.png,Mass,0.049458231002816044,0.00707245
00019399_010.png,Atelectasis,0.0,0.00698853
00019399_010.png,Cardiomegaly,0.0,0.00688171
00019399_010.png,Cardiomegaly,0.049458231002816044,0.00662231
00019399_010.png,Effusion,0.0,0.00581741
00019399_010.png,Cardiomegaly,0.0,0.00558853
00019399_010.png,Infiltration,0.0,0.00544357
00019399_010.png,Infiltration,0.0,0.0053215
00019399_010.png,Cardiomegaly,0.7925026325778396,0.00497818
00019399_010.png,Mass,0.5854829112097069,0.00495148
00019399_010.png,Effusion,0.0,0.00475311
00019399_010.png,Cardiomegaly,0.0,0.00473785
00019399_010.png,Mass,0.0,0.00452805
00019399_010.png,Infiltration,0.0,0.00417328
00019399_010.png,Infiltration,0.4603377726962754,0.00411224
00019399_010.png,Effusion,0.0,0.00405884
00019399_010.png,Cardiomegaly,0.6734627949543879,0.00402069
00019399_010.png,Effusion,0.0,0.0036869
00019399_010.png,Infiltration,0.18176851220600404,0.00355911
00019399_010.png,Infiltration,0.0,0.00352859
00019399_010.png,Effusion,0.0,0.00351715
00019399_010.png,Effusion,0.0,0.00350571
00019399_010.png,Mass,0.0019621834458013743,0.0034771
00019399_010.png,Effusion,0.0,0.00345039
00019399_010.png,Cardiomegaly,0.0,0.00324821
00019399_010.png,Infiltration,0.7059055485014958,0.00319481
00019399_010.png,Effusion,0.0,0.00294304
00019399_010.png,Infiltration,0.0,0.00292397
00019399_010.png,Effusion,0.0,0.0027523
00019399_010.png,Cardiomegaly,0.0,0.00269127
00019399_010.png,Mass,0.0,0.00269127
00019399_010.png,Cardiomegaly,0.4603377726962754,0.00248146
00019399_010.png,Cardiomegaly,0.0,0.00244713
00019399_010.png,Effusion,0.0,0.00244522
00019399_010.png,Cardiomegaly,0.10941311951622504,0.0023632
00019399_010.png,Effusion,0.0,0.00232315
00019399_010.png,Mass,0.0,0.00222588
00019399_010.png,Infiltration,0.0,0.00222397
00019399_010.png,Mass,0.0,0.00221825
00019399_010.png,Cardiomegaly,0.0,0.00215721
00019399_010.png,Infiltration,0.0,0.00212097
00019399_010.png,Cardiomegaly,0.24141604057206315,0.00200653
00019399_010.png,Effusion,0.0,0.00193214
00019399_010.png,Atelectasis,0.0,0.00188065
00019399_010.png,Mass,0.0,0.00184631
00019399_010.png,Mass,0.24141604057206315,0.00179863
00019399_010.png,Mass,0.0,0.00178719
00019399_010.png,Mass,0.0,0.00178051
00019399_010.png,Mass,0.4002606390994022,0.0017767
00019399_010.png,Cardiomegaly,0.0,0.00172615
00019399_010.png,Infiltration,0.0,0.00170803
00019399_010.png,Cardiomegaly,0.0,0.00167656
00019399_010.png,Effusion,0.0,0.0016737
00019399_010.png,Effusion,0.0,0.00166893
00019399_010.png,Effusion,0.05191866379842995,0.00165749
00019399_010.png,Cardiomegaly,0.46982492573535684,0.00165176
00019399_010.png,Effusion,0.0,0.00164318
00019399_010.png,Effusion,0.0,0.00163174
00019399_010.png,Infiltration,0.0,0.00158405
00019399_010.png,Effusion,0.0,0.00158024
00019399_010.png,Cardiomegaly,0.0,0.00155735
00019399_010.png,Cardiomegaly,0.4514038477350229,0.00155067
00019399_010.png,Effusion,0.0,0.0015192
00019399_010.png,Effusion,0.0,0.00150681
00019399_010.png,Mass,0.0,0.00145245
00019399_010.png,Cardiomegaly,0.20165221369500227,0.00144386
00019399_010.png,Mass,0.0,0.0014286
00019399_010.png,Infiltration,0.0,0.00140953
00019399_010.png,Effusion,0.03281883703203749,0.00139618
00019399_010.png,Atelectasis,0.0,0.0013752
00019399_010.png,Effusion,0.0,0.00136375
00019399_010.png,Infiltration,0.0,0.00132847
00019399_010.png,Infiltration,0.4514038477350229,0.00130367
00019399_010.png,Mass,0.0,0.00129414
00019399_010.png,Infiltration,0.0,0.00129223
00019399_010.png,Infiltration,0.0,0.00127697
00019399_010.png,Infiltration,0.0,0.00125599
00019399_010.png,Infiltration,0.0,0.00124931
00019399_010.png,Cardiomegaly,0.0,0.00123692
00019399_010.png,Infiltration,0.0,0.00122738
00019399_010.png,Infiltration,0.0,0.00122547
00019399_010.png,Mass,0.0,0.00121593
00019399_010.png,Effusion,0.0,0.00120831
00019399_010.png,Cardiomegaly,0.0,0.00120735
00019399_010.png,Cardiomegaly,0.0,0.00120354
00019399_010.png,Infiltration,0.0,0.00119495
00019399_010.png,Effusion,0.0,0.00118923
00019399_010.png,Mass,0.0,0.00118732
00019399_010.png,Effusion,0.0,0.00117683
00019399_010.png,Mass,0.0,0.00116444
00019399_010.png,Infiltration,0.0,0.00115585
00019399_010.png,Atelectasis,0.0841527756988677,0.00115013
00019399_010.png,Atelectasis,0.0,0.00111771
00019399_010.png,Cardiomegaly,0.47584321943650504,0.00111771
00019399_010.png,Infiltration,0.0,0.0011158
00019399_010.png,Mass,0.0,0.00111294
00019399_010.png,Effusion,0.0,0.00109482
00019399_010.png,Mass,0.0,0.00108337
00019399_010.png,Effusion,0.0,0.00106335
00019399_010.png,Effusion,0.0,0.00106144
00019399_010.png,Infiltration,0.0,0.00106049
00019399_010.png,Cardiomegaly,0.0,0.0010376
00019399_010.png,Atelectasis,0.0,0.00103569
00019399_010.png,Effusion,0.0,0.00102139
00019399_010.png,Infiltration,0.0,0.00100613
00025787_039.png,Atelectasis,0.0,0.0811768
00025787_039.png,Cardiomegaly,0.23804201043841894,0.0464478
00025787_039.png,Cardiomegaly,0.5147573542818742,0.0452271
00025787_039.png,Mass,0.5844662572307865,0.04245
00025787_039.png,Mass,0.2511036601410548,0.0409851
00025787_039.png,Mass,0.0,0.0389099
00025787_039.png,Cardiomegaly,0.0,0.0290833
00025787_039.png,Effusion,0.0,0.0271759
00025787_039.png,Mass,0.0,0.0257111
00025787_039.png,Mass,0.025268607597719196,0.0214386
00025787_039.png,Mass,0.36898308247603373,0.0213013
00025787_039.png,Mass,0.6397160784172724,0.0197296
00025787_039.png,Infiltration,0.0,0.0189972
00025787_039.png,Mass,0.0,0.0178528
00025787_039.png,Mass,0.27147874495427243,0.0176849
00025787_039.png,Mass,0.18277878763274638,0.0166473
00025787_039.png,Cardiomegaly,0.5654389214556386,0.0143738
00025787_039.png,Mass,0.0,0.0128174
00025787_039.png,Cardiomegaly,0.0,0.0125351
00025787_039.png,Mass,0.13048663833932508,0.0117188
00025787_039.png,Mass,0.0,0.0113297
00025787_039.png,Effusion,0.0,0.00948334
00025787_039.png,Mass,0.4299797832053456,0.00905609
00025787_039.png,Cardiomegaly,0.29128215548324365,0.00878906
00025787_039.png,Mass,0.0,0.00857544
00025787_039.png,Cardiomegaly,0.0,0.00844574
00025787_039.png,Mass,0.0,0.00769424
00025787_039.png,Effusion,0.0,0.00717926
00025787_039.png,Mass,0.0,0.00687027
00025787_039.png,Mass,0.0,0.00684738
00025787_039.png,Mass,0.16027219331079945,0.00600433
00025787_039.png,Mass,0.2115073806825108,0.00597382
00025787_039.png,Cardiomegaly,0.7544846906308387,0.00495148
00025787_039.png,Effusion,0.04022694385850834,0.00475311
00025787_039.png,Cardiomegaly,0.14439456037692025,0.0047493
00025787_039.png,Effusion,0.0,0.00465012
00025787_039.png,Cardiomegaly,0.0,0.00463104
00025787_039.png,Mass,0.0,0.00460434
00025787_039.png,Cardiomegaly,0.1845805387225233,0.0043869
00025787_039.png,Mass,0.0,0.00434875
00025787_039.png,Mass,0.11203502038333518,0.00428772
00025787_039.png,Effusion,0.0,0.00416183
00025787_039.png,Cardiomegaly,0.0,0.00416183
00025787_039.png,Mass,0.0,0.00404358
00025787_039.png,Infiltration,0.0,0.00385666
00025787_039.png,Mass,0.010768785727272025,0.00385475
00025787_039.png,Effusion,0.0,0.00360489
00025787_039.png,Mass,0.08980056619007885,0.00358009
00025787_039.png,Mass,0.0,0.00356102
00025787_039.png,Effusion,0.03164840692588592,0.00346375
00025787_039.png,Cardiomegaly,0.15691305654712207,0.00331879
00025787_039.png,Effusion,0.0,0.00330925
00025787_039.png,Mass,0.0,0.00329018
00025787_039.png,Mass,0.035191034933423945,0.00308609
00025787_039.png,Mass,0.0,0.00306511
00025787_039.png,Mass,0.16597377898703594,0.00280952
00025787_039.png,Mass,0.11774985107493903,0.00278664
00025787_039.png,Mass,0.47555728549813514,0.00273323
00025787_039.png,Cardiomegaly,0.0,0.00273132
00025787_039.png,Mass,0.0,0.00271416
00025787_039.png,Mass,0.0,0.00263023
00025787_039.png,Mass,0.0,0.00260925
00025787_039.png,Cardiomegaly,0.2853400540130203,0.00256348
00025787_039.png,Infiltration,0.0,0.00246239
00025787_039.png,Effusion,0.04883214279111616,0.00244904
00025787_039.png,Cardiomegaly,0.0,0.00243187
00025787_039.png,Mass,0.0,0.0024128
00025787_039.png,Atelectasis,0.0,0.00240517
00025787_039.png,Infiltration,0.0,0.00239372
00025787_039.png,Cardiomegaly,0.2236067744434738,0.00238609
00025787_039.png,Effusion,0.0,0.00234985
00025787_039.png,Cardiomegaly,0.0,0.00233078
00025787_039.png,Mass,0.0,0.00225258
00025787_039.png,Mass,0.0,0.00224686
00025787_039.png,Mass,0.0,0.00220299
00025787_039.png,Cardiomegaly,0.42892464006179143,0.00214386
00025787_039.png,Cardiomegaly,0.0,0.00211525
00025787_039.png,Cardiomegaly,0.0,0.0021019
00025787_039.png,Effusion,0.07002456628481703,0.00206947
00025787_039.png,Effusion,0.03445172132917435,0.00204086
00025787_039.png,Effusion,0.0,0.00203896
00025787_039.png,Cardiomegaly,0.0,0.0020256
00025787_039.png,Infiltration,0.0,0.00199127
00025787_039.png,Cardiomegaly,0.0,0.00197029
00025787_039.png,Mass,0.12045959938290467,0.00196266
00025787_039.png,Cardiomegaly,0.3263975357081664,0.00194645
00025787_039.png,Effusion,0.0,0.00192928
00025787_039.png,Effusion,0.0,0.00183392
00025787_039.png,Effusion,0.0,0.00181484
00025787_039.png,Effusion,0.0731380583475826,0.00179386
00025787_039.png,Effusion,0.0,0.00175571
00025787_039.png,Effusion,0.0,0.00174522
00025787_039.png,Mass,0.0,0.00171375
00025787_039.png,Mass,0.22542252542962254,0.00167847
00025787_039.png,Effusion,0.007810041493105792,0.00166512
00025787_039.png,Effusion,0.007102827742242884,0.00164604
00025787_039.png,Mass,0.14784813562917593,0.00162792
00025787_039.png,Cardiomegaly,0.5014558256113061,0.00162792
00025787_039.png,Effusion,0.06510511775874446,0.00158501
00025787_039.png,Mass,0.0,0.00157738
00025787_039.png,Cardiomegaly,0.0,0.00153542
00025787_039.png,Effusion,0.11531192820078352,0.00149441
00025787_039.png,Mass,0.5179804496181014,0.00145626
00025787_039.png,Effusion,0.0,0.0014267
00025787_039.png,Mass,0.07865986272842806,0.00142574
00025787_039.png,Effusion,0.0690537505833314,0.00142479
00025787_039.png,Mass,0.0,0.00142288
00025787_039.png,Mass,0.04568616400789072,0.00141621
00025787_039.png,Cardiomegaly,0.0,0.00139999
00025787_039.png,Cardiomegaly,0.39603771873605603,0.00139332
00025787_039.png,Mass,0.3465272940189545,0.00136852
00025787_039.png,Infiltration,0.11531192820078352,0.00136375
00025787_039.png,Mass,0.0,0.00135612
00025787_039.png,Effusion,0.0,0.00135422
00025787_039.png,Effusion,0.0003003422750707128,0.0013504
00025787_039.png,Cardiomegaly,0.0,0.00133419
00025787_039.png,Atelectasis,0.0,0.00127697
00025787_039.png,Effusion,0.0,0.00127602
00025787_039.png,Effusion,0.0,0.00125313
00025787_039.png,Cardiomegaly,0.0,0.00121212
00025787_039.png,Effusion,0.0,0.00119781
00025787_039.png,Infiltration,0.0,0.0011816
00025787_039.png,Effusion,0.0,0.0011797
00025787_039.png,Mass,0.0,0.00117493
00025787_039.png,Mass,0.27419554880513,0.00114918
00025787_039.png,Effusion,0.17455894098572775,0.00114918
00025787_039.png,Effusion,0.0,0.00112724
00025787_039.png,Mass,0.0,0.00110912
00025787_039.png,Mass,0.0,0.00109863
00025787_039.png,Mass,0.1571622061447008,0.00109291
00025787_039.png,Effusion,0.0,0.00109291
00025787_039.png,Infiltration,0.0,0.00108719
00025787_039.png,Infiltration,0.0,0.00106144
00025787_039.png,Mass,0.0,0.00102997
00025787_039.png,Infiltration,0.045470900511517046,0.00102615
00025787_039.png,Cardiomegaly,0.0,0.00101471
00025787_039.png,Mass,0.0,0.00101376
00025787_039.png,Mass,0.06695720402597578,0.00101089
00023325_019.png,Effusion,0.050994771277650675,0.215698
00023325_019.png,Infiltration,0.26069150595710194,0.0978394
00023325_019.png,Infiltration,0.17680617665857065,0.0820923
00023325_019.png,Infiltration,0.17691055019677818,0.0762329
00023325_019.png,Atelectasis,0.6285524925893347,0.0619812
00023325_019.png,Infiltration,0.10557824120207801,0.0574646
00023325_019.png,Infiltration,0.10390568108847616,0.0508118
00023325_019.png,Infiltration,0.09638341523888809,0.0419312
00023325_019.png,Cardiomegaly,0.1645388247917218,0.0396729
00023325_019.png,Infiltration,0.06529759554105707,0.0308228
00023325_019.png,Cardiomegaly,0.10071866832874678,0.029007
00023325_019.png,Cardiomegaly,0.0566768619448319,0.0197449
00023325_019.png,Cardiomegaly,0.05262859111569005,0.0155945
00023325_019.png,Cardiomegaly,0.11430062686604496,0.015564
00023325_019.png,Mass,0.16918691437944397,0.0145035
00023325_019.png,Cardiomegaly,0.1381342752489945,0.0142517
00023325_019.png,Cardiomegaly,0.08713066383858806,0.0136032
00023325_019.png,Infiltration,0.14768119835700738,0.0101547
00023325_019.png,Cardiomegaly,0.08458323299145272,0.00922394
00023325_019.png,Infiltration,0.0,0.00921631
00023325_019.png,Infiltration,0.22676504046089493,0.00917816
00023325_019.png,Cardiomegaly,0.11352083457118257,0.00815582
00023325_019.png,Atelectasis,0.6644348346268417,0.00774384
00023325_019.png,Cardiomegaly,0.10553908255699188,0.00719833
00023325_019.png,Infiltration,0.0734565587576917,0.00711823
00023325_019.png,Cardiomegaly,0.11513806361241977,0.00667191
00023325_019.png,Effusion,0.0,0.00636292
00023325_019.png,Infiltration,0.38390157133054137,0.00525665
00023325_019.png,Cardiomegaly,0.04687175158960153,0.00523758
00023325_019.png,Infiltration,0.0,0.00509644
00023325_019.png,Atelectasis,0.5471336199319443,0.00502396
00023325_019.png,Infiltration,0.12620564503674983,0.00466156
00023325_019.png,Effusion,0.0,0.00458145
00023325_019.png,Cardiomegaly,0.06523197597643134,0.00427628
00023325_019.png,Infiltration,0.11108874490111798,0.00421906
00023325_019.png,Cardiomegaly,0.1298808151943811,0.00403214
00023325_019.png,Cardiomegaly,0.09543657647037351,0.00401306
00023325_019.png,Cardiomegaly,0.22462581329922005,0.00367546
00023325_019.png,Cardiomegaly,0.07287908553170112,0.00359917
00023325_019.png,Cardiomegaly,0.0239887474764328,0.0035305
00023325_019.png,Cardiomegaly,0.04949942083434807,0.00349808
00023325_019.png,Mass,0.20272725377822076,0.00336075
00023325_019.png,Effusion,0.04332387023551554,0.00333214
00023325_019.png,Cardiomegaly,0.16925984345165557,0.00325012
00023325_019.png,Cardiomegaly,0.05954402348775743,0.00310326
00023325_019.png,Infiltration,0.4323441314762306,0.00307274
00023325_019.png,Infiltration,0.29504612216705506,0.00303268
00023325_019.png,Cardiomegaly,0.0960586676208835,0.00301552
00023325_019.png,Atelectasis,0.38390157133054137,0.00280762
00023325_019.png,Effusion,0.0,0.00279808
00023325_019.png,Infiltration,0.5716532759757732,0.00272942
00023325_019.png,Cardiomegaly,0.04221850865088072,0.0025444
00023325_019.png,Effusion,0.05494650329181504,0.00243568
00023325_019.png,Cardiomegaly,0.1534257560316108,0.00229263
00023325_019.png,Cardiomegaly,0.1820692448888495,0.00224304
00023325_019.png,Infiltration,0.2124847065291415,0.00214577
00023325_019.png,Effusion,0.01704310973132685,0.00197601
00023325_019.png,Cardiomegaly,0.08299252053731959,0.00187778
00023325_019.png,Infiltration,0.0,0.00184727
00023325_019.png,Effusion,0.005232544133604082,0.00182056
00023325_019.png,Cardiomegaly,0.20058152114333652,0.00176144
00023325_019.png,Infiltration,0.1645777658400326,0.00174522
00023325_019.png,Effusion,0.10071866832874678,0.00173759
00023325_019.png,Cardiomegaly,0.2727814438903366,0.001688
00023325_019.png,Cardiomegaly,0.0,0.00167942
00023325_019.png,Infiltration,0.10092261422444072,0.00164795
00023325_019.png,Effusion,0.00669118870801654,0.00163841
00023325_019.png,Effusion,0.03356874703402178,0.00161743
00023325_019.png,Effusion,0.03450077050534111,0.00158405
00023325_019.png,Cardiomegaly,0.021819329618391784,0.00158024
00023325_019.png,Infiltration,0.10553908255699188,0.00154972
00023325_019.png,Cardiomegaly,0.0270919576966483,0.00154114
00023325_019.png,Mass,0.08560395169951686,0.00146675
00023325_019.png,Cardiomegaly,0.04693098348038542,0.00146675
00023325_019.png,Infiltration,0.0,0.00146484
00023325_019.png,Mass,0.1613474872830036,0.00146103
00023325_019.png,Cardiomegaly,0.1324976352889849,0.00145817
00023325_019.png,Effusion,0.02370365459725911,0.00141525
00023325_019.png,Cardiomegaly,0.0,0.00140381
00023325_019.png,Effusion,0.0,0.00137901
00023325_019.png,Effusion,0.24013870972853238,0.0013628
00023325_019.png,Cardiomegaly,0.15493711682540134,0.00135612
00023325_019.png,Mass,0.05203612332597126,0.00134182
00023325_019.png,Effusion,0.047292949266037373,0.00129986
00023325_019.png,Cardiomegaly,0.015718559505283263,0.00128651
00023325_019.png,Effusion,0.5630131158278068,0.00127602
00023325_019.png,Effusion,0.08545806510777115,0.00124359
00023325_019.png,Effusion,0.07713544441455548,0.00121403
00023325_019.png,Effusion,0.07595592839020371,0.00118923
00023325_019.png,Infiltration,0.0,0.00118446
00023325_019.png,Atelectasis,0.5461962058778131,0.00118256
00023325_019.png,Cardiomegaly,0.0,0.00113869
00023325_019.png,Cardiomegaly,0.07796268702002171,0.0011301
00023325_019.png,Infiltration,0.0,0.00110435
00023325_019.png,Effusion,0.018360314386406663,0.00108624
00023325_019.png,Infiltration,0.3950178972072652,0.00107861
00023325_019.png,Mass,0.0,0.0010519
00023325_019.png,Effusion,0.007625839301681292,0.00105095
00002106_000.png,Atelectasis,0.13408225975923285,0.0557251
00002106_000.png,Infiltration,0.043648951566410375,0.0227966
00002106_000.png,Infiltration,0.491144416732584,0.0213928
00002106_000.png,Cardiomegaly,0.1389026774186267,0.0213928
00002106_000.png,Mass,0.0,0.0186005
00002106_000.png,Mass,0.004207915424130984,0.0171509
00002106_000.png,Infiltration,0.565863716179393,0.0157623
00002106_000.png,Infiltration,0.03412980824374449,0.0155258
00002106_000.png,Cardiomegaly,0.020437123962658336,0.0123672
00002106_000.png,Cardiomegaly,0.02773256645179469,0.0115433
00002106_000.png,Infiltration,0.039581205415099095,0.0109634
00002106_000.png,Effusion,0.06408982831252283,0.0105057
00002106_000.png,Cardiomegaly,0.1444611207757853,0.0102997
00002106_000.png,Cardiomegaly,0.12251347789676517,0.0101624
00002106_000.png,Infiltration,0.401426810846912,0.0098114
00002106_000.png,Effusion,0.0,0.00946808
00002106_000.png,Effusion,0.19869030381613678,0.00922394
00002106_000.png,Mass,0.03859351480480271,0.00911713
00002106_000.png,Mass,0.0,0.0087738
00002106_000.png,Atelectasis,0.08245918235219744,0.00817108
00002106_000.png,Mass,0.0,0.00789642
00002106_000.png,Cardiomegaly,0.049209947132410246,0.00736618
00002106_000.png,Cardiomegaly,0.29310370177795775,0.00643921
00002106_000.png,Cardiomegaly,0.13139162663418785,0.00616837
00002106_000.png,Cardiomegaly,0.026311654158659978,0.00601578
00002106_000.png,Infiltration,0.0471939352977603,0.00597763
00002106_000.png,Atelectasis,0.07735684210689635,0.00557709
00002106_000.png,Effusion,0.09245880461095801,0.00515366
00002106_000.png,Infiltration,0.004310726985840037,0.00514984
00002106_000.png,Infiltration,0.38065995228706595,0.00493622
00002106_000.png,Mass,0.0,0.00469971
00002106_000.png,Cardiomegaly,0.03356985435897005,0.0045166
00002106_000.png,Mass,0.0,0.00418472
00002106_000.png,Mass,0.0411042846825081,0.00396729
00002106_000.png,Infiltration,0.34177855021517073,0.00382996
00002106_000.png,Infiltration,0.06408982831252283,0.0038147
00002106_000.png,Effusion,0.049209947132410246,0.00362206
00002106_000.png,Cardiomegaly,0.03402428881447836,0.00335503
00002106_000.png,Infiltration,0.3731074208913485,0.00322914
00002106_000.png,Effusion,0.1123557448505604,0.00320816
00002106_000.png,Effusion,0.0,0.00302315
00002106_000.png,Mass,0.0,0.00293732
00002106_000.png,Mass,0.034690097614580015,0.00291634
00002106_000.png,Cardiomegaly,0.09665330923189916,0.00273132
00002106_000.png,Effusion,0.0,0.00265121
00002106_000.png,Mass,0.028786680575839895,0.00261307
00002106_000.png,Cardiomegaly,0.15161980628630845,0.00261116
00002106_000.png,Infiltration,0.14467937903547745,0.0025692
00002106_000.png,Infiltration,0.317665538906735,0.00253677
00002106_000.png,Cardiomegaly,0.0,0.00241089
00002106_000.png,Effusion,0.026311654158659978,0.00238037
00002106_000.png,Cardiomegaly,0.017550938200968823,0.00226402
00002106_000.png,Cardiomegaly,0.10451160222206955,0.00215912
00002106_000.png,Effusion,0.020419066433981704,0.00208473
00002106_000.png,Cardiomegaly,0.019974801278003173,0.00205612
00002106_000.png,Cardiomegaly,0.019259740151458017,0.00200653
00002106_000.png,Infiltration,0.0,0.00197029
00002106_000.png,Infiltration,0.5791885048799653,0.00189018
00002106_000.png,Mass,0.01716971217780272,0.0018301
00002106_000.png,Cardiomegaly,0.025951377359369237,0.00177574
00002106_000.png,Effusion,0.0,0.00174046
00002106_000.png,Mass,0.0,0.00171089
00002106_000.png,Cardiomegaly,0.001804963905790637,0.00170898
00002106_000.png,Effusion,0.0,0.00163269
00002106_000.png,Infiltration,0.1395539918754058,0.00157928
00002106_000.png,Cardiomegaly,0.20294094561672693,0.0014677
00002106_000.png,Cardiomegaly,0.05767262319978218,0.00145817
00002106_000.png,Infiltration,0.0931398215132482,0.00145817
00002106_000.png,Cardiomegaly,0.0,0.0014286
00002106_000.png,Cardiomegaly,0.05135188537911552,0.00141716
00002106_000.png,Mass,0.0,0.0013895
00002106_000.png,Cardiomegaly,0.08843397141792013,0.00132275
00002106_000.png,Infiltration,0.08243282306796469,0.00130844
00002106_000.png,Infiltration,0.2393336135116369,0.00129604
00002106_000.png,Cardiomegaly,0.06171269268252705,0.00128174
00002106_000.png,Mass,0.0,0.00124168
00002106_000.png,Mass,0.0,0.00112915
00002106_000.png,Cardiomegaly,0.06791230730220915,0.0010891
00002106_000.png,Infiltration,0.2609598403435319,0.00105286
00002106_000.png,Mass,0.0,0.00102901
00002106_000.png,Cardiomegaly,0.017728433330897776,0.00102615
00002106_000.png,Atelectasis,0.0,0.00100136
00026196_001.png,Effusion,0.0,0.0532837
00026196_001.png,Infiltration,0.0,0.0516663
00026196_001.png,Atelectasis,0.03224520260421719,0.02771
00026196_001.png,Effusion,0.0,0.0195312
00026196_001.png,Effusion,0.0,0.0179138
00026196_001.png,Effusion,0.43939361205590993,0.0174713
00026196_001.png,Cardiomegaly,0.0,0.0135193
00026196_001.png,Cardiomegaly,0.0,0.0110245
00026196_001.png,Infiltration,0.0,0.0109711
00026196_001.png,Infiltration,0.0,0.0108109
00026196_001.png,Infiltration,0.0,0.0107651
00026196_001.png,Infiltration,0.0,0.00887299
00026196_001.png,Cardiomegaly,0.0,0.00887299
00026196_001.png,Infiltration,0.0,0.00756836
00026196_001.png,Infiltration,0.0,0.00732803
00026196_001.png,Infiltration,0.0,0.0070343
00026196_001.png,Effusion,0.36225268787065973,0.00692368
00026196_001.png,Infiltration,0.0,0.00678635
00026196_001.png,Infiltration,0.0,0.00605774
00026196_001.png,Infiltration,0.0,0.00560379
00026196_001.png,Infiltration,0.0,0.00559235
00026196_001.png,Effusion,0.4365328232929169,0.00490189
00026196_001.png,Infiltration,0.0,0.00451279
00026196_001.png,Infiltration,0.0,0.00448227
00026196_001.png,Cardiomegaly,0.0,0.00429153
00026196_001.png,Infiltration,0.0,0.00424194
00026196_001.png,Cardiomegaly,0.0,0.00414276
00026196_001.png,Infiltration,0.0,0.00401688
00026196_001.png,Effusion,0.0,0.00383949
00026196_001.png,Cardiomegaly,0.0,0.00383377
00026196_001.png,Infiltration,0.0,0.00380135
00026196_001.png,Effusion,0.29289963075265674,0.00371361
00026196_001.png,Cardiomegaly,0.0,0.0036335
00026196_001.png,Infiltration,0.0,0.00354767
00026196_001.png,Mass,0.0,0.00353241
00026196_001.png,Infiltration,0.0,0.0033741
00026196_001.png,Effusion,0.0,0.00337029
00026196_001.png,Infiltration,0.0,0.00334549
00026196_001.png,Effusion,0.0,0.0033226
00026196_001.png,Cardiomegaly,0.0,0.00330544
00026196_001.png,Cardiomegaly,0.0,0.00320625
00026196_001.png,Infiltration,0.0,0.00318336
00026196_001.png,Effusion,0.0,0.00318146
00026196_001.png,Effusion,0.0,0.0031414
00026196_001.png,Cardiomegaly,0.0,0.00305939
00026196_001.png,Effusion,0.0,0.00287628
00026196_001.png,Effusion,0.0,0.00283241
00026196_001.png,Effusion,0.0,0.00275421
00026196_001.png,Infiltration,0.0,0.00268555
00026196_001.png,Cardiomegaly,0.0,0.00260925
00026196_001.png,Atelectasis,0.004231752240705377,0.00246429
00026196_001.png,Mass,0.0,0.00245857
00026196_001.png,Cardiomegaly,0.0,0.00237465
00026196_001.png,Effusion,0.0,0.00237274
00026196_001.png,Effusion,0.0,0.00230408
00026196_001.png,Mass,0.0,0.0022068
00026196_001.png,Infiltration,0.0006448854532612111,0.00217438
00026196_001.png,Effusion,0.0,0.00216293
00026196_001.png,Mass,0.0,0.0021534
00026196_001.png,Atelectasis,0.030627603590036787,0.00214958
00026196_001.png,Mass,0.0,0.00209045
00026196_001.png,Infiltration,0.0,0.00208282
00026196_001.png,Effusion,0.0,0.00189304
00026196_001.png,Effusion,0.0,0.00185204
00026196_001.png,Infiltration,0.0,0.00184727
00026196_001.png,Effusion,0.0,0.00177956
00026196_001.png,Infiltration,0.3871557936927808,0.00177288
00026196_001.png,Cardiomegaly,0.0,0.00176144
00026196_001.png,Cardiomegaly,0.0,0.00173187
00026196_001.png,Effusion,0.0,0.00171661
00026196_001.png,Infiltration,0.0,0.00168324
00026196_001.png,Infiltration,0.0,0.00167847
00026196_001.png,Effusion,0.0,0.00164795
00026196_001.png,Mass,0.0,0.00164604
00026196_001.png,Mass,0.0,0.00163937
00026196_001.png,Effusion,0.0,0.00161457
00026196_001.png,Effusion,0.0,0.00160027
00026196_001.png,Effusion,0.0,0.00158787
00026196_001.png,Cardiomegaly,0.02383073462794031,0.00158596
00026196_001.png,Mass,0.0,0.00157833
00026196_001.png,Infiltration,0.0,0.00155735
00026196_001.png,Infiltration,0.030575833834823204,0.00152493
00026196_001.png,Cardiomegaly,0.0,0.00152016
00026196_001.png,Effusion,0.0,0.0015173
00026196_001.png,Effusion,0.0,0.0014677
00026196_001.png,Effusion,0.0,0.00146484
00026196_001.png,Atelectasis,0.0,0.00143909
00026196_001.png,Atelectasis,0.0,0.00142479
00026196_001.png,Effusion,0.0,0.00136566
00026196_001.png,Effusion,0.0,0.00135708
00026196_001.png,Infiltration,0.0,0.00133991
00026196_001.png,Effusion,0.0,0.00131321
00026196_001.png,Effusion,0.0,0.00127506
00026196_001.png,Effusion,0.0,0.00126553
00026196_001.png,Effusion,0.0,0.00123215
00026196_001.png,Cardiomegaly,0.0,0.00118828
00026196_001.png,Mass,0.0,0.00118732
00026196_001.png,Cardiomegaly,0.0,0.00117016
00026196_001.png,Mass,0.0,0.00114346
00026196_001.png,Effusion,0.0,0.00113201
00026196_001.png,Mass,0.0,0.00112438
00026196_001.png,Effusion,0.0,0.00111961
00026196_001.png,Mass,0.0,0.00110149
00026196_001.png,Mass,0.0,0.00108242
00026196_001.png,Effusion,0.0,0.00108147
00026196_001.png,Mass,0.0,0.00107574
00026196_001.png,Effusion,0.0,0.00107384
00026196_001.png,Effusion,0.0,0.00107098
00026196_001.png,Infiltration,0.0,0.00107002
00026196_001.png,Cardiomegaly,0.0,0.00106049
00026196_001.png,Infiltration,0.0013648040527839927,0.00105572
00026196_001.png,Mass,0.0,0.00103664
00026196_001.png,Mass,0.0,0.00102997
00026196_001.png,Effusion,0.0,0.00102329
00026920_000.png,Infiltration,0.28531705975784977,0.187256
00026920_000.png,Infiltration,0.15464825682316147,0.0382996
00026920_000.png,Cardiomegaly,0.0,0.0265961
00026920_000.png,Infiltration,0.2772138916229219,0.0233765
00026920_000.png,Infiltration,0.0,0.0227814
00026920_000.png,Atelectasis,0.006814164083152327,0.0201569
00026920_000.png,Atelectasis,0.029762683778041234,0.0185852
00026920_000.png,Infiltration,0.0,0.0172272
00026920_000.png,Cardiomegaly,0.0,0.0134735
00026920_000.png,Cardiomegaly,0.0,0.0131836
00026920_000.png,Cardiomegaly,0.0,0.012291
00026920_000.png,Infiltration,0.0,0.0122757
00026920_000.png,Infiltration,0.0,0.0106812
00026920_000.png,Effusion,0.0,0.00924683
00026920_000.png,Mass,0.06941463444698487,0.00907135
00026920_000.png,Infiltration,0.012686508516252727,0.00771332
00026920_000.png,Atelectasis,0.0,0.00693893
00026920_000.png,Mass,0.0,0.00667572
00026920_000.png,Effusion,0.0,0.00640488
00026920_000.png,Infiltration,0.10593047513977,0.00559616
00026920_000.png,Cardiomegaly,0.060055498281108254,0.00518799
00026920_000.png,Cardiomegaly,0.03799045727366971,0.00515747
00026920_000.png,Cardiomegaly,0.0,0.00514221
00026920_000.png,Infiltration,0.0,0.00486755
00026920_000.png,Infiltration,0.011839072896039691,0.00474167
00026920_000.png,Mass,0.0,0.00468445
00026920_000.png,Infiltration,0.006427319754358547,0.0045929
00026920_000.png,Infiltration,0.45088637447943025,0.00426865
00026920_000.png,Mass,0.08036758165226396,0.00412369
00026920_000.png,Infiltration,0.0,0.00388527
00026920_000.png,Cardiomegaly,0.04852130561331282,0.00378609
00026920_000.png,Infiltration,0.0,0.00372314
00026920_000.png,Cardiomegaly,0.040333442262048574,0.0036869
00026920_000.png,Mass,0.0,0.00362968
00026920_000.png,Mass,0.0,0.00343132
00026920_000.png,Cardiomegaly,0.1496995604794751,0.00342369
00026920_000.png,Infiltration,0.16170356823703613,0.00336838
00026920_000.png,Cardiomegaly,0.2251260848923359,0.00330734
00026920_000.png,Infiltration,0.046645048108453734,0.0032959
00026920_000.png,Mass,0.1809642108976345,0.00299454
00026920_000.png,Infiltration,0.0,0.00292397
00026920_000.png,Cardiomegaly,0.0,0.00279617
00026920_000.png,Effusion,0.0,0.00274849
00026920_000.png,Mass,0.0,0.00274086
00026920_000.png,Mass,0.0,0.00261307
00026920_000.png,Cardiomegaly,0.02768357467123651,0.00260162
00026920_000.png,Infiltration,0.0,0.0025959
00026920_000.png,Cardiomegaly,0.038842422072768126,0.00259209
00026920_000.png,Effusion,0.0,0.0025177
00026920_000.png,Effusion,0.0,0.00250816
00026920_000.png,Cardiomegaly,0.05307307367679258,0.00246048
00026920_000.png,Cardiomegaly,0.0,0.0024147
00026920_000.png,Infiltration,0.020311929675065364,0.00238419
00026920_000.png,Cardiomegaly,0.0,0.00238228
00026920_000.png,Effusion,0.0,0.0023365
00026920_000.png,Effusion,0.0,0.00230789
00026920_000.png,Effusion,0.0,0.00229836
00026920_000.png,Cardiomegaly,0.0,0.00227928
00026920_000.png,Cardiomegaly,0.033577902939633614,0.00226212
00026920_000.png,Mass,0.0,0.0022583
00026920_000.png,Cardiomegaly,0.0,0.00221825
00026920_000.png,Cardiomegaly,0.046645048108453734,0.00216484
00026920_000.png,Infiltration,0.0,0.00214577
00026920_000.png,Infiltration,0.16749471121388537,0.00213814
00026920_000.png,Infiltration,0.0,0.00209236
00026920_000.png,Effusion,0.0,0.00205994
00026920_000.png,Effusion,0.011452353350098182,0.00197983
00026920_000.png,Cardiomegaly,0.046436069045454394,0.00192261
00026920_000.png,Mass,0.0,0.00191784
00026920_000.png,Infiltration,0.0,0.00185108
00026920_000.png,Effusion,0.0,0.00175095
00026920_000.png,Cardiomegaly,0.0,0.00174809
00026920_000.png,Mass,0.0,0.00167847
00026920_000.png,Cardiomegaly,0.0,0.00166988
00026920_000.png,Infiltration,0.0,0.00164318
00026920_000.png,Effusion,0.0,0.00164032
00026920_000.png,Effusion,0.0,0.00162888
00026920_000.png,Effusion,0.0,0.00161648
00026920_000.png,Effusion,0.0,0.00161457
00026920_000.png,Effusion,0.0,0.00154972
00026920_000.png,Cardiomegaly,0.004258883443590292,0.00152683
00026920_000.png,Effusion,0.0,0.00152397
00026920_000.png,Infiltration,0.0,0.00151157
00026920_000.png,Effusion,0.0,0.00145912
00026920_000.png,Cardiomegaly,0.12739102621809292,0.00143147
00026920_000.png,Effusion,0.0,0.00141811
00026920_000.png,Cardiomegaly,0.0,0.0014143
00026920_000.png,Cardiomegaly,0.016664094607441702,0.0014143
00026920_000.png,Atelectasis,0.0,0.0013752
00026920_000.png,Cardiomegaly,0.04718835771172106,0.00135422
00026920_000.png,Mass,0.0,0.00133514
00026920_000.png,Effusion,0.0,0.0012989
00026920_000.png,Cardiomegaly,0.01300907751538251,0.00128651
00026920_000.png,Effusion,0.0,0.00128365
00026920_000.png,Effusion,0.0,0.00128365
00026920_000.png,Mass,0.0,0.00127316
00026920_000.png,Cardiomegaly,0.0,0.00126934
00026920_000.png,Effusion,0.0,0.00125408
00026920_000.png,Infiltration,0.0,0.00123787
00026920_000.png,Cardiomegaly,0.09029168456728268,0.00123692
00026920_000.png,Infiltration,0.0,0.0012207
00026920_000.png,Effusion,0.0,0.00118637
00026920_000.png,Effusion,0.0,0.00116825
00026920_000.png,Mass,0.0,0.0011549
00026920_000.png,Effusion,0.0,0.00115395
00026920_000.png,Atelectasis,0.027769048983961785,0.00110817
00026920_000.png,Effusion,0.0,0.0010767
00026920_000.png,Effusion,0.0,0.00107193
00026920_000.png,Effusion,0.0,0.00107098
00026920_000.png,Infiltration,0.0,0.00105762
00026920_000.png,Effusion,0.0,0.0010519
00026920_000.png,Mass,0.0,0.00102806
00026920_000.png,Infiltration,0.16656256613936757,0.00101852
00026920_000.png,Cardiomegaly,0.1130520312678518,0.00100708
00026920_000.png,Infiltration,0.0,0.00100136
00013750_016.png,Atelectasis,0.01890027939582094,0.031311
00013750_016.png,Effusion,0.0,0.0239258
00013750_016.png,Infiltration,0.0,0.0203247
00013750_016.png,Infiltration,0.0,0.0190582
00013750_016.png,Effusion,0.0,0.0187073
00013750_016.png,Cardiomegaly,0.10461447025990198,0.0183105
00013750_016.png,Effusion,0.0,0.0170441
00013750_016.png,Infiltration,0.0,0.0115128
00013750_016.png,Cardiomegaly,0.0,0.0100327
00013750_016.png,Cardiomegaly,0.0,0.00754166
00013750_016.png,Atelectasis,0.0,0.00750351
00013750_016.png,Effusion,0.0,0.00703049
00013750_016.png,Cardiomegaly,0.0,0.00653076
00013750_016.png,Effusion,0.0,0.00652695
00013750_016.png,Atelectasis,0.0,0.00627518
00013750_016.png,Infiltration,0.0,0.00610352
00013750_016.png,Cardiomegaly,0.029711809811895508,0.00608826
00013750_016.png,Effusion,0.0,0.00601578
00013750_016.png,Infiltration,0.0,0.00594711
00013750_016.png,Cardiomegaly,0.364906166436709,0.00574875
00013750_016.png,Mass,0.0,0.00548935
00013750_016.png,Effusion,0.0,0.0051384
00013750_016.png,Infiltration,0.0,0.00512314
00013750_016.png,Effusion,0.01429981382991438,0.00501633
00013750_016.png,Infiltration,0.0,0.00491333
00013750_016.png,Effusion,0.0,0.00473404
00013750_016.png,Mass,0.0,0.00468445
00013750_016.png,Cardiomegaly,0.39813739603919257,0.00442886
00013750_016.png,Cardiomegaly,0.15448262589251516,0.00367165
00013750_016.png,Infiltration,0.0,0.00364494
00013750_016.png,Cardiomegaly,0.0,0.00340843
00013750_016.png,Infiltration,0.0,0.00321007
00013750_016.png,Effusion,0.0,0.00306129
00013750_016.png,Effusion,0.008762495424460224,0.00302315
00013750_016.png,Infiltration,0.0,0.00292397
00013750_016.png,Infiltration,0.0,0.00292015
00013750_016.png,Infiltration,0.0,0.00290298
00013750_016.png,Infiltration,0.0,0.00289536
00013750_016.png,Effusion,0.01578332061045022,0.00273514
00013750_016.png,Mass,0.43852934312621494,0.00270081
00013750_016.png,Mass,0.31377083047315135,0.0026741
00013750_016.png,Infiltration,0.0,0.00265884
00013750_016.png,Effusion,0.0,0.0025692
00013750_016.png,Infiltration,0.0,0.00256157
00013750_016.png,Infiltration,0.0,0.00255394
00013750_016.png,Atelectasis,0.0,0.00251007
00013750_016.png,Cardiomegaly,0.0,0.00250626
00013750_016.png,Infiltration,0.0,0.00242233
00013750_016.png,Effusion,0.0,0.00241089
00013750_016.png,Effusion,0.0,0.00240135
00013750_016.png,Effusion,0.0,0.00239944
00013750_016.png,Effusion,0.0,0.00234795
00013750_016.png,Infiltration,0.0,0.00227737
00013750_016.png,Mass,0.24232492080068244,0.00222015
00013750_016.png,Infiltration,0.0,0.00221634
00013750_016.png,Infiltration,0.0,0.00221443
00013750_016.png,Mass,0.4355852904664127,0.00219536
00013750_016.png,Effusion,0.029048027952516375,0.00211334
00013750_016.png,Cardiomegaly,0.014714880882387241,0.00208855
00013750_016.png,Effusion,0.0,0.0020771
00013750_016.png,Cardiomegaly,0.025053512209740555,0.0020752
00013750_016.png,Cardiomegaly,0.285337089119039,0.00205803
00013750_016.png,Cardiomegaly,0.0,0.0019455
00013750_016.png,Effusion,0.0,0.00193787
00013750_016.png,Mass,0.3766000546531175,0.00190163
00013750_016.png,Cardiomegaly,0.0,0.00187969
00013750_016.png,Effusion,0.0,0.00184441
00013750_016.png,Cardiomegaly,0.0,0.00180531
00013750_016.png,Cardiomegaly,0.008359879421553348,0.001688
00013750_016.png,Mass,0.39628314422123445,0.0016737
00013750_016.png,Mass,0.0,0.00165653
00013750_016.png,Mass,0.0,0.00158882
00013750_016.png,Cardiomegaly,0.1285205336239038,0.00157928
00013750_016.png,Effusion,0.0,0.001544
00013750_016.png,Effusion,0.0,0.00150394
00013750_016.png,Infiltration,0.0,0.00148678
00013750_016.png,Cardiomegaly,0.0,0.00148582
00013750_016.png,Cardiomegaly,0.0,0.00147438
00013750_016.png,Cardiomegaly,0.0,0.00144482
00013750_016.png,Infiltration,0.0,0.00143623
00013750_016.png,Infiltration,0.0,0.00142193
00013750_016.png,Effusion,0.0,0.00141907
00013750_016.png,Effusion,0.0,0.00139999
00013750_016.png,Cardiomegaly,0.0,0.00138283
00013750_016.png,Effusion,0.02023549927044083,0.00137234
00013750_016.png,Mass,0.26994111055380043,0.00136471
00013750_016.png,Cardiomegaly,0.0,0.00135231
00013750_016.png,Effusion,0.0,0.00133228
00013750_016.png,Mass,0.3892609167692827,0.00131989
00013750_016.png,Cardiomegaly,0.0,0.00125122
00013750_016.png,Cardiomegaly,0.0,0.00120544
00013750_016.png,Effusion,0.0,0.00119972
00013750_016.png,Infiltration,0.0,0.001194
00013750_016.png,Infiltration,0.0,0.0011692
00013750_016.png,Mass,0.0,0.00116634
00013750_016.png,Effusion,0.005388022191942008,0.00114155
00013750_016.png,Effusion,0.0,0.00112057
00013750_016.png,Mass,0.0,0.00111198
00013750_016.png,Infiltration,0.0,0.00109005
00013750_016.png,Infiltration,0.0,0.0010891
00013750_016.png,Infiltration,0.0,0.00108528
00013750_016.png,Infiltration,0.0,0.00107861
00013750_016.png,Infiltration,0.0,0.00106716
00013750_016.png,Mass,0.0,0.0010643
00013750_016.png,Infiltration,0.0,0.0010643
00013750_016.png,Effusion,0.0,0.00105858
00013750_016.png,Cardiomegaly,0.0,0.00105667
00013750_016.png,Mass,0.3407366446287777,0.00105476
00013750_016.png,Infiltration,0.0,0.00104046
00013750_016.png,Cardiomegaly,0.09003989867995645,0.00103664
00013750_016.png,Mass,0.0,0.00103092
00013750_016.png,Cardiomegaly,0.0,0.00102806
00013750_016.png,Effusion,0.0,0.00102711
00013750_016.png,Effusion,0.0,0.00102234
00013750_016.png,Effusion,0.0,0.00100994
00019089_004.png,Effusion,0.0,0.0666504
00019089_004.png,Effusion,0.0,0.0655518
00019089_004.png,Atelectasis,0.2740553306470196,0.0548401
00019089_004.png,Mass,0.0,0.0257111
00019089_004.png,Mass,0.0,0.0174255
00019089_004.png,Mass,0.0,0.0162201
00019089_004.png,Cardiomegaly,0.0,0.0157928
00019089_004.png,Effusion,0.0,0.0155792
00019089_004.png,Mass,0.0,0.0147324
00019089_004.png,Mass,0.0,0.0138474
00019089_004.png,Mass,0.0,0.0131531
00019089_004.png,Cardiomegaly,0.0,0.0127945
00019089_004.png,Mass,0.0,0.0123291
00019089_004.png,Effusion,0.0,0.0104294
00019089_004.png,Effusion,0.0,0.0101471
00019089_004.png,Mass,0.0,0.0098114
00019089_004.png,Cardiomegaly,0.0,0.00970459
00019089_004.png,Infiltration,0.0,0.00926971
00019089_004.png,Effusion,0.0,0.00891113
00019089_004.png,Mass,0.0,0.00844574
00019089_004.png,Mass,0.0,0.00842285
00019089_004.png,Mass,0.0,0.0083847
00019089_004.png,Mass,0.0,0.0071106
00019089_004.png,Mass,0.0,0.00707245
00019089_004.png,Mass,0.0,0.00672531
00019089_004.png,Infiltration,0.25729927594142926,0.005867
00019089_004.png,Mass,0.0,0.00568771
00019089_004.png,Mass,0.0,0.0056572
00019089_004.png,Effusion,0.0,0.00540543
00019089_004.png,Cardiomegaly,0.0,0.00536728
00019089_004.png,Effusion,0.0,0.00521469
00019089_004.png,Infiltration,0.0,0.00518799
00019089_004.png,Effusion,0.0,0.00518799
00019089_004.png,Infiltration,0.4181719895440686,0.00514603
00019089_004.png,Cardiomegaly,0.0,0.00487518
00019089_004.png,Effusion,0.0,0.00440979
00019089_004.png,Effusion,0.0,0.0043869
00019089_004.png,Infiltration,0.501570571274948,0.00433731
00019089_004.png,Mass,0.0,0.0043335
00019089_004.png,Mass,0.0,0.00427628
00019089_004.png,Cardiomegaly,0.0,0.00421143
00019089_004.png,Infiltration,0.3462433330831018,0.00410843
00019089_004.png,Infiltration,0.0,0.00375557
00019089_004.png,Infiltration,0.17259595737442676,0.00365448
00019089_004.png,Cardiomegaly,0.0,0.00347328
00019089_004.png,Cardiomegaly,0.0,0.00343895
00019089_004.png,Mass,0.0,0.00335503
00019089_004.png,Effusion,0.0,0.00333405
00019089_004.png,Infiltration,0.0,0.00327682
00019089_004.png,Effusion,0.0,0.0032444
00019089_004.png,Mass,0.0,0.00318336
00019089_004.png,Effusion,0.0,0.00309563
00019089_004.png,Infiltration,0.575143043232316,0.00308037
00019089_004.png,Mass,0.0,0.00302696
00019089_004.png,Mass,0.0,0.00292015
00019089_004.png,Infiltration,0.0,0.00291061
00019089_004.png,Effusion,0.0,0.00286102
00019089_004.png,Mass,0.0,0.00284386
00019089_004.png,Mass,0.0,0.00281906
00019089_004.png,Cardiomegaly,0.0,0.00279808
00019089_004.png,Infiltration,0.2640538033573515,0.0025959
00019089_004.png,Mass,0.0,0.00257874
00019089_004.png,Infiltration,0.2971079572859659,0.0025692
00019089_004.png,Infiltration,0.0,0.00256729
00019089_004.png,Mass,0.0,0.00238037
00019089_004.png,Mass,0.0,0.00233459
00019089_004.png,Effusion,0.0,0.00230217
00019089_004.png,Cardiomegaly,0.0,0.00229263
00019089_004.png,Effusion,0.004601578741578384,0.00228882
00019089_004.png,Effusion,0.0,0.00216103
00019089_004.png,Effusion,0.0,0.00214577
00019089_004.png,Cardiomegaly,0.2112009177801698,0.00207901
00019089_004.png,Mass,0.0,0.00201035
00019089_004.png,Cardiomegaly,0.5073584907441779,0.00200844
00019089_004.png,Mass,0.0,0.00198555
00019089_004.png,Effusion,0.0,0.00197411
00019089_004.png,Effusion,0.0,0.00192165
00019089_004.png,Effusion,0.0,0.00191689
00019089_004.png,Effusion,0.0,0.00181389
00019089_004.png,Effusion,0.0,0.00175762
00019089_004.png,Cardiomegaly,0.0,0.00174427
00019089_004.png,Effusion,0.0,0.00173187
00019089_004.png,Cardiomegaly,0.0,0.00171947
00019089_004.png,Effusion,0.0,0.00169754
00019089_004.png,Mass,0.0,0.00165558
00019089_004.png,Infiltration,0.0,0.00160313
00019089_004.png,Mass,0.0,0.00157833
00019089_004.png,Mass,0.0,0.00156498
00019089_004.png,Infiltration,0.0,0.00155354
00019089_004.png,Effusion,0.0,0.00154877
00019089_004.png,Mass,0.0,0.00154114
00019089_004.png,Effusion,0.0,0.00153828
00019089_004.png,Cardiomegaly,0.0,0.00151634
00019089_004.png,Mass,0.0,0.00148487
00019089_004.png,Cardiomegaly,0.3141640916878747,0.00147629
00019089_004.png,Infiltration,0.0,0.00147152
00019089_004.png,Effusion,0.0,0.00144768
00019089_004.png,Effusion,0.0,0.00142574
00019089_004.png,Effusion,0.0,0.00141716
00019089_004.png,Mass,0.0,0.00141335
00019089_004.png,Effusion,0.0,0.00139618
00019089_004.png,Mass,0.0,0.00139141
00019089_004.png,Infiltration,0.26233927609503443,0.00134563
00019089_004.png,Effusion,0.0,0.00132847
00019089_004.png,Effusion,0.0,0.00132465
00019089_004.png,Cardiomegaly,0.0,0.00128269
00019089_004.png,Cardiomegaly,0.2473699223414841,0.00126743
00019089_004.png,Cardiomegaly,0.3153204538903941,0.0012598
00019089_004.png,Mass,0.0,0.00123501
00019089_004.png,Effusion,0.0,0.00122738
00019089_004.png,Effusion,0.0,0.00122643
00019089_004.png,Mass,0.0,0.00118732
00019089_004.png,Infiltration,0.0,0.00117302
00019089_004.png,Effusion,0.02241978178375049,0.00117111
00019089_004.png,Effusion,0.0,0.00117016
00019089_004.png,Infiltration,0.22329959444147998,0.00115013
00019089_004.png,Cardiomegaly,0.0,0.00114441
00019089_004.png,Cardiomegaly,0.0,0.00113487
00019089_004.png,Mass,0.0,0.00113297
00019089_004.png,Infiltration,0.2844159275792005,0.00112534
00019089_004.png,Mass,0.0,0.00112343
00019089_004.png,Effusion,0.0,0.00112152
00019089_004.png,Cardiomegaly,0.0,0.00111103
00019089_004.png,Effusion,0.0,0.00110722
00019089_004.png,Cardiomegaly,0.40954285518777905,0.00110435
00019089_004.png,Effusion,0.06537095891728704,0.00109768
00019089_004.png,Cardiomegaly,0.0,0.00107098
00019089_004.png,Effusion,0.0,0.00105953
00019089_004.png,Mass,0.0,0.00105762
00019089_004.png,Mass,0.0,0.00103855
00019089_004.png,Cardiomegaly,0.0,0.00101662
00019089_004.png,Effusion,0.0,0.00101566
00021796_000.png,Atelectasis,0.010991000217632857,0.239014
00021796_000.png,Cardiomegaly,0.22417472667427898,0.0387268
00021796_000.png,Infiltration,0.0,0.0248566
00021796_000.png,Infiltration,0.0,0.0205536
00021796_000.png,Infiltration,0.0,0.0204773
00021796_000.png,Cardiomegaly,0.29570244598037376,0.0161743
00021796_000.png,Effusion,0.0,0.0117416
00021796_000.png,Effusion,0.0,0.0112686
00021796_000.png,Cardiomegaly,0.1847726371139676,0.0108414
00021796_000.png,Effusion,0.0,0.0106201
00021796_000.png,Cardiomegaly,0.17844308245844795,0.00830078
00021796_000.png,Effusion,0.0,0.00804138
00021796_000.png,Infiltration,0.49821799531605976,0.00798035
00021796_000.png,Cardiomegaly,0.26013897355461524,0.00751877
00021796_000.png,Mass,0.0,0.00621033
00021796_000.png,Atelectasis,0.07702071557802449,0.0062027
00021796_000.png,Effusion,0.0,0.00614929
00021796_000.png,Effusion,0.0,0.00603867
00021796_000.png,Infiltration,0.5682359402215682,0.00565338
00021796_000.png,Cardiomegaly,0.4252539624730537,0.0055275
00021796_000.png,Cardiomegaly,0.49821799531605976,0.0054512
00021796_000.png,Cardiomegaly,0.19174289278889134,0.00493622
00021796_000.png,Effusion,0.0,0.00480652
00021796_000.png,Effusion,0.0,0.00457382
00021796_000.png,Effusion,0.0,0.00455475
00021796_000.png,Effusion,0.04842749948822859,0.00418854
00021796_000.png,Effusion,0.0,0.00377655
00021796_000.png,Infiltration,0.0,0.00325584
00021796_000.png,Mass,0.0,0.00323296
00021796_000.png,Effusion,0.0,0.00313377
00021796_000.png,Effusion,0.05453492003347761,0.00309563
00021796_000.png,Infiltration,0.0,0.00303268
00021796_000.png,Cardiomegaly,0.0,0.00294685
00021796_000.png,Infiltration,0.0,0.00289917
00021796_000.png,Effusion,0.0,0.002882
00021796_000.png,Infiltration,0.6390172039626523,0.00284386
00021796_000.png,Infiltration,0.0,0.00271416
00021796_000.png,Cardiomegaly,0.0,0.00270844
00021796_000.png,Effusion,0.0,0.00266075
00021796_000.png,Infiltration,0.28446957891216,0.00265503
00021796_000.png,Cardiomegaly,0.20479129398588206,0.00261307
00021796_000.png,Cardiomegaly,0.2353159421960023,0.0025692
00021796_000.png,Cardiomegaly,0.3485738291650958,0.00253296
00021796_000.png,Mass,0.0,0.00242043
00021796_000.png,Infiltration,0.18195466174812602,0.00234985
00021796_000.png,Infiltration,0.09282498559840716,0.00222778
00021796_000.png,Effusion,0.0,0.00219727
00021796_000.png,Mass,0.0,0.00217819
00021796_000.png,Mass,0.0,0.00217628
00021796_000.png,Cardiomegaly,0.3097725210277751,0.00211525
00021796_000.png,Infiltration,0.0,0.00200272
00021796_000.png,Infiltration,0.0,0.00199509
00021796_000.png,Effusion,0.0,0.00192356
00021796_000.png,Infiltration,0.11351403456405323,0.00192165
00021796_000.png,Infiltration,0.3148972754733786,0.00190258
00021796_000.png,Effusion,0.0,0.00187206
00021796_000.png,Mass,0.0,0.00184917
00021796_000.png,Cardiomegaly,0.0,0.00184155
00021796_000.png,Infiltration,0.0,0.00178719
00021796_000.png,Mass,0.0,0.0017767
00021796_000.png,Cardiomegaly,0.2775269590401074,0.00177193
00021796_000.png,Mass,0.0,0.00177002
00021796_000.png,Infiltration,0.0,0.0017519
00021796_000.png,Infiltration,0.0,0.00171566
00021796_000.png,Mass,0.0,0.0017128
00021796_000.png,Effusion,0.09153200954377975,0.00170708
00021796_000.png,Infiltration,0.0,0.00170326
00021796_000.png,Effusion,0.0,0.00169849
00021796_000.png,Mass,0.035066911110092955,0.00158691
00021796_000.png,Effusion,0.0,0.00154114
00021796_000.png,Mass,0.0,0.00153446
00021796_000.png,Cardiomegaly,0.0,0.00153351
00021796_000.png,Infiltration,0.10493356176957463,0.00152969
00021796_000.png,Effusion,0.0,0.00151062
00021796_000.png,Effusion,0.03768007017826308,0.0015049
00021796_000.png,Mass,0.1326427385540842,0.00149155
00021796_000.png,Effusion,0.0,0.00148201
00021796_000.png,Infiltration,0.0,0.00147629
00021796_000.png,Effusion,0.0,0.00147152
00021796_000.png,Effusion,0.027584596966222286,0.00146198
00021796_000.png,Effusion,0.09069421190977835,0.00145912
00021796_000.png,Mass,0.0,0.00145435
00021796_000.png,Cardiomegaly,0.0,0.00145245
00021796_000.png,Cardiomegaly,0.0,0.0014286
00021796_000.png,Infiltration,0.6546217171407097,0.00140858
00021796_000.png,Effusion,0.0282908644765733,0.00138855
00021796_000.png,Cardiomegaly,0.0,0.00138474
00021796_000.png,Cardiomegaly,0.17664571909689905,0.00136566
00021796_000.png,Cardiomegaly,0.2318273043506341,0.00136089
00021796_000.png,Mass,0.0,0.00135326
00021796_000.png,Effusion,0.0,0.00135136
00021796_000.png,Effusion,0.0,0.00134468
00021796_000.png,Cardiomegaly,0.0,0.00131989
00021796_000.png,Infiltration,0.0,0.00130749
00021796_000.png,Cardiomegaly,0.22599292030188206,0.00127983
00021796_000.png,Cardiomegaly,0.12333913637538865,0.00127792
00021796_000.png,Mass,0.0,0.00125408
00021796_000.png,Infiltration,0.005605761537617628,0.00124741
00021796_000.png,Effusion,0.0,0.00122452
00021796_000.png,Atelectasis,0.14754293155809964,0.00118732
00021796_000.png,Cardiomegaly,0.0,0.00117493
00021796_000.png,Effusion,0.024094436649780067,0.00115967
00021796_000.png,Infiltration,0.0,0.00115299
00021796_000.png,Effusion,0.2575455453590166,0.00112915
00021796_000.png,Cardiomegaly,0.1718940492374399,0.00110626
00021796_000.png,Effusion,0.0,0.00108433
00021796_000.png,Effusion,0.0,0.00107002
00021796_000.png,Infiltration,0.08669915794091919,0.00106335
00021796_000.png,Mass,0.0,0.00105572
00021796_000.png,Effusion,0.0,0.00105095
00021796_000.png,Effusion,0.0,0.00104713
00021796_000.png,Effusion,0.0,0.00104332
00019495_004.png,Effusion,0.0,0.304932
00019495_004.png,Atelectasis,0.017199999425687038,0.0928955
00019495_004.png,Effusion,0.0,0.0600281
00019495_004.png,Mass,0.0,0.0464478
00019495_004.png,Effusion,0.0,0.0310516
00019495_004.png,Infiltration,0.0,0.0289764
00019495_004.png,Infiltration,0.2691367747636846,0.023407
00019495_004.png,Mass,0.0,0.02034
00019495_004.png,Cardiomegaly,0.0,0.0182037
00019495_004.png,Infiltration,0.04941932860674499,0.0174255
00019495_004.png,Cardiomegaly,0.0,0.0160065
00019495_004.png,Infiltration,0.0,0.0158844
00019495_004.png,Effusion,0.0,0.0154419
00019495_004.png,Effusion,0.0,0.0133667
00019495_004.png,Infiltration,0.0,0.0121155
00019495_004.png,Mass,0.0,0.0117874
00019495_004.png,Infiltration,0.0,0.0116959
00019495_004.png,Cardiomegaly,0.0,0.00959015
00019495_004.png,Effusion,0.0,0.00956726
00019495_004.png,Infiltration,0.07526114195180773,0.00928497
00019495_004.png,Effusion,0.0,0.00814056
00019495_004.png,Infiltration,0.0,0.00724411
00019495_004.png,Infiltration,0.09241100791030583,0.00704575
00019495_004.png,Cardiomegaly,0.0,0.00698471
00019495_004.png,Infiltration,0.0,0.00646973
00019495_004.png,Cardiomegaly,0.05184656473657294,0.00605011
00019495_004.png,Infiltration,0.0,0.00597763
00019495_004.png,Cardiomegaly,0.0,0.00484467
00019495_004.png,Effusion,0.0,0.00467682
00019495_004.png,Effusion,0.0,0.00458527
00019495_004.png,Infiltration,0.0,0.00455475
00019495_004.png,Infiltration,0.1659447158212259,0.00455093
00019495_004.png,Infiltration,0.041282654935865484,0.00425339
00019495_004.png,Effusion,0.0,0.00416183
00019495_004.png,Infiltration,0.36524721250193787,0.00415802
00019495_004.png,Mass,0.0,0.00409317
00019495_004.png,Effusion,0.0,0.00407028
00019495_004.png,Infiltration,0.0,0.00405121
00019495_004.png,Mass,0.0,0.00403595
00019495_004.png,Infiltration,0.0,0.00400543
00019495_004.png,Effusion,0.0,0.0039711
00019495_004.png,Effusion,0.0,0.00387573
00019495_004.png,Infiltration,0.0,0.00380707
00019495_004.png,Mass,0.0,0.00375938
00019495_004.png,Infiltration,0.0,0.00357628
00019495_004.png,Effusion,0.0,0.00356674
00019495_004.png,Mass,0.0,0.00356102
00019495_004.png,Infiltration,0.0,0.00354004
00019495_004.png,Effusion,0.0,0.00342178
00019495_004.png,Effusion,0.0,0.00326347
00019495_004.png,Effusion,0.0,0.00325203
00019495_004.png,Effusion,0.0,0.00313568
00019495_004.png,Mass,0.0,0.0030899
00019495_004.png,Effusion,0.0,0.00303841
00019495_004.png,Atelectasis,0.041282654935865484,0.00294685
00019495_004.png,Effusion,0.0,0.00290871
00019495_004.png,Infiltration,0.007795762600558953,0.00288963
00019495_004.png,Cardiomegaly,0.0,0.00287819
00019495_004.png,Infiltration,0.02229172483177471,0.00276756
00019495_004.png,Cardiomegaly,0.0,0.00274086
00019495_004.png,Mass,0.0,0.00269699
00019495_004.png,Cardiomegaly,0.0,0.0026474
00019495_004.png,Infiltration,0.04503532657899814,0.0024929
00019495_004.png,Cardiomegaly,0.047379049030548584,0.00247002
00019495_004.png,Mass,0.0,0.00240517
00019495_004.png,Mass,0.0,0.00239182
00019495_004.png,Mass,0.0,0.00233459
00019495_004.png,Effusion,0.0,0.00223923
00019495_004.png,Mass,0.0,0.0021553
00019495_004.png,Infiltration,0.0,0.00213623
00019495_004.png,Cardiomegaly,0.0,0.00209808
00019495_004.png,Mass,0.0,0.0020771
00019495_004.png,Cardiomegaly,0.11720397000090661,0.00199509
00019495_004.png,Effusion,0.0,0.00197601
00019495_004.png,Effusion,0.0,0.00197029
00019495_004.png,Infiltration,0.028066370235084893,0.00188732
00019495_004.png,Infiltration,0.211096646465724,0.00187111
00019495_004.png,Mass,0.0,0.00186062
00019495_004.png,Cardiomegaly,0.036778274154281726,0.00178051
00019495_004.png,Mass,0.015977120859537893,0.00177479
00019495_004.png,Effusion,0.0,0.00177193
00019495_004.png,Mass,0.0,0.00175858
00019495_004.png,Mass,0.07494068713789635,0.00174046
00019495_004.png,Infiltration,0.0,0.00172234
00019495_004.png,Infiltration,0.0,0.00162888
00019495_004.png,Effusion,0.0,0.00162792
00019495_004.png,Cardiomegaly,0.0,0.00161171
00019495_004.png,Cardiomegaly,0.29110369077804527,0.00158024
00019495_004.png,Infiltration,0.04894442150534629,0.00156593
00019495_004.png,Infiltration,0.0,0.00154495
00019495_004.png,Infiltration,0.0,0.00153923
00019495_004.png,Cardiomegaly,0.0,0.0014925
00019495_004.png,Infiltration,0.0,0.00146675
00019495_004.png,Mass,0.0,0.00146294
00019495_004.png,Infiltration,0.0,0.00140762
00019495_004.png,Mass,0.0,0.00138855
00019495_004.png,Mass,0.0,0.00137043
00019495_004.png,Effusion,0.0,0.00124359
00019495_004.png,Infiltration,0.0,0.00123787
00019495_004.png,Mass,0.0,0.00122356
00019495_004.png,Effusion,0.0,0.0012207
00019495_004.png,Mass,0.0,0.00121307
00019495_004.png,Effusion,0.0,0.00120068
00019495_004.png,Cardiomegaly,0.044459969718220964,0.00119972
00019495_004.png,Cardiomegaly,0.04701881743740147,0.00119972
00019495_004.png,Mass,0.0,0.00119114
00019495_004.png,Effusion,0.0,0.00118542
00019495_004.png,Infiltration,0.0,0.00116825
00019495_004.png,Cardiomegaly,0.10401683019970416,0.00116348
00019495_004.png,Infiltration,0.0,0.00115585
00019495_004.png,Cardiomegaly,0.16740336402246,0.00115585
00019495_004.png,Mass,0.0,0.0011549
00019495_004.png,Effusion,0.0,0.00114059
00019495_004.png,Effusion,0.0,0.00112057
00019495_004.png,Effusion,0.0,0.00111771
00019495_004.png,Cardiomegaly,0.211096646465724,0.00111771
00019495_004.png,Mass,0.024476874917842943,0.00111008
00019495_004.png,Effusion,0.0,0.00110912
00019495_004.png,Cardiomegaly,0.0,0.00108433
00019495_004.png,Mass,0.0,0.00107193
00019495_004.png,Cardiomegaly,0.030373604206194654,0.00106525
00012622_016.png,Atelectasis,0.0,0.200317
00012622_016.png,Cardiomegaly,0.0,0.0175781
00012622_016.png,Effusion,0.0,0.014679
00012622_016.png,Mass,0.0,0.0117416
00012622_016.png,Infiltration,0.0,0.010025
00012622_016.png,Mass,0.0,0.00902557
00012622_016.png,Effusion,0.0,0.00830078
00012622_016.png,Effusion,0.0,0.00783539
00012622_016.png,Infiltration,0.0,0.00624847
00012622_016.png,Mass,0.0,0.00561523
00012622_016.png,Infiltration,0.0,0.00555038
00012622_016.png,Infiltration,0.0,0.00516891
00012622_016.png,Mass,0.0,0.00460434
00012622_016.png,Infiltration,0.0,0.00453949
00012622_016.png,Cardiomegaly,0.056690359376781636,0.00385475
00012622_016.png,Mass,0.0,0.00370026
00012622_016.png,Mass,0.0,0.00359344
00012622_016.png,Effusion,0.0,0.0032444
00012622_016.png,Infiltration,0.0,0.00320625
00012622_016.png,Infiltration,0.0,0.0031662
00012622_016.png,Effusion,0.0,0.00310326
00012622_016.png,Cardiomegaly,0.0,0.00304985
00012622_016.png,Effusion,0.0,0.00297928
00012622_016.png,Effusion,0.020704027061855118,0.00294495
00012622_016.png,Atelectasis,0.0,0.00291443
00012622_016.png,Infiltration,0.0,0.00274849
00012622_016.png,Infiltration,0.0,0.00272942
00012622_016.png,Effusion,0.0,0.00268173
00012622_016.png,Mass,0.0,0.0026722
00012622_016.png,Mass,0.0,0.00262833
00012622_016.png,Mass,0.0,0.00261116
00012622_016.png,Cardiomegaly,0.0,0.0025959
00012622_016.png,Effusion,0.0,0.00253868
00012622_016.png,Effusion,0.0,0.00252151
00012622_016.png,Cardiomegaly,0.0,0.00252151
00012622_016.png,Effusion,0.0,0.00247955
00012622_016.png,Mass,0.0,0.00243187
00012622_016.png,Infiltration,0.0,0.00239563
00012622_016.png,Effusion,0.0,0.00228691
00012622_016.png,Mass,0.0,0.00227356
00012622_016.png,Effusion,0.0,0.00225067
00012622_016.png,Mass,0.0,0.00222206
00012622_016.png,Cardiomegaly,0.0,0.0022049
00012622_016.png,Effusion,0.0,0.00220299
00012622_016.png,Cardiomegaly,0.0,0.00216484
00012622_016.png,Infiltration,0.0,0.00211716
00012622_016.png,Effusion,0.0,0.00204659
00012622_016.png,Infiltration,0.0,0.00203133
00012622_016.png,Effusion,0.0,0.00201797
00012622_016.png,Infiltration,0.0,0.0017767
00012622_016.png,Effusion,0.0,0.00172997
00012622_016.png,Mass,0.0,0.00164127
00012622_016.png,Effusion,0.0,0.00156975
00012622_016.png,Mass,0.0,0.00154114
00012622_016.png,Effusion,0.0,0.00149536
00012622_016.png,Effusion,0.0,0.00146008
00012622_016.png,Mass,0.0,0.00144958
00012622_016.png,Mass,0.0,0.0014143
00012622_016.png,Effusion,0.0,0.00140667
00012622_016.png,Effusion,0.0,0.0013876
00012622_016.png,Cardiomegaly,0.014425327255061692,0.00138283
00012622_016.png,Effusion,0.1346919521527213,0.00136852
00012622_016.png,Infiltration,0.0,0.00136662
00012622_016.png,Cardiomegaly,0.0,0.00132561
00012622_016.png,Effusion,0.0,0.00132465
00012622_016.png,Infiltration,0.0,0.00128841
00012622_016.png,Effusion,0.02986307199796475,0.00127697
00012622_016.png,Cardiomegaly,0.0,0.00127029
00012622_016.png,Mass,0.0,0.00126934
00012622_016.png,Effusion,0.0,0.00126839
00012622_016.png,Cardiomegaly,0.07718886479332471,0.00123882
00012622_016.png,Mass,0.0,0.00121212
00012622_016.png,Cardiomegaly,0.0,0.00118542
00012622_016.png,Cardiomegaly,0.0,0.00117779
00012622_016.png,Effusion,0.0,0.00117683
00012622_016.png,Mass,0.0,0.00115967
00012622_016.png,Effusion,0.19396429159977444,0.00108814
00012622_016.png,Cardiomegaly,0.0,0.00106907
00012622_016.png,Mass,0.0,0.00106621
00012622_016.png,Infiltration,0.0,0.00105286
00012622_016.png,Effusion,0.0,0.00103378
00012622_016.png,Effusion,0.0,0.00102615
00012622_016.png,Effusion,0.0,0.00100803
00012622_016.png,Infiltration,0.0,0.00100231
00000050_001.png,Infiltration,0.0,0.100586
00000050_001.png,Atelectasis,0.0,0.0534363
00000050_001.png,Infiltration,0.0,0.0237122
00000050_001.png,Infiltration,0.0,0.0164032
00000050_001.png,Infiltration,0.0,0.0158691
00000050_001.png,Effusion,0.0,0.0143585
00000050_001.png,Infiltration,0.0,0.0123215
00000050_001.png,Mass,0.0,0.0104065
00000050_001.png,Effusion,0.0,0.00990295
00000050_001.png,Infiltration,0.0,0.00971222
00000050_001.png,Effusion,0.0,0.00954437
00000050_001.png,Effusion,0.0,0.00904846
00000050_001.png,Effusion,0.0,0.00840759
00000050_001.png,Cardiomegaly,0.0,0.00834656
00000050_001.png,Infiltration,0.0,0.0083313
00000050_001.png,Infiltration,0.0,0.00687408
00000050_001.png,Infiltration,0.0,0.00683212
00000050_001.png,Cardiomegaly,0.0,0.00682068
00000050_001.png,Infiltration,0.0,0.00656891
00000050_001.png,Effusion,0.0,0.00637054
00000050_001.png,Cardiomegaly,0.0,0.00592422
00000050_001.png,Infiltration,0.0,0.00577164
00000050_001.png,Mass,0.0,0.00538254
00000050_001.png,Infiltration,0.0,0.00510406
00000050_001.png,Cardiomegaly,0.0,0.00482178
00000050_001.png,Effusion,0.0,0.00479126
00000050_001.png,Cardiomegaly,0.0,0.00464249
00000050_001.png,Infiltration,0.0,0.00463104
00000050_001.png,Mass,0.0,0.00461197
00000050_001.png,Cardiomegaly,0.0,0.00444412
00000050_001.png,Effusion,0.0,0.00404739
00000050_001.png,Infiltration,0.0,0.00389481
00000050_001.png,Cardiomegaly,0.0,0.00355339
00000050_001.png,Infiltration,0.0,0.00354576
00000050_001.png,Cardiomegaly,0.0,0.00350571
00000050_001.png,Effusion,0.0,0.0034523
00000050_001.png,Effusion,0.0,0.00315666
00000050_001.png,Mass,0.0,0.00294495
00000050_001.png,Cardiomegaly,0.0,0.00292015
00000050_001.png,Effusion,0.0,0.0028801
00000050_001.png,Cardiomegaly,0.0,0.00280571
00000050_001.png,Cardiomegaly,0.0,0.0028038
00000050_001.png,Infiltration,0.0,0.00273132
00000050_001.png,Infiltration,0.0,0.00266075
00000050_001.png,Infiltration,0.0,0.00263786
00000050_001.png,Effusion,0.0,0.00258827
00000050_001.png,Effusion,0.0,0.00258827
00000050_001.png,Cardiomegaly,0.0,0.00253487
00000050_001.png,Effusion,0.0,0.002491
00000050_001.png,Effusion,0.0,0.00242615
00000050_001.png,Effusion,0.0,0.00242043
00000050_001.png,Infiltration,0.0,0.00240898
00000050_001.png,Mass,0.0,0.00239944
00000050_001.png,Infiltration,0.0,0.00238991
00000050_001.png,Effusion,0.0,0.0022583
00000050_001.png,Effusion,0.0,0.00225067
00000050_001.png,Infiltration,0.0,0.0022068
00000050_001.png,Effusion,0.0,0.0021801
00000050_001.png,Atelectasis,0.0,0.00210381
00000050_001.png,Effusion,0.0,0.00208664
00000050_001.png,Cardiomegaly,0.0,0.00208282
00000050_001.png,Effusion,0.0,0.00202751
00000050_001.png,Effusion,0.0,0.00201607
00000050_001.png,Effusion,0.0,0.00193214
00000050_001.png,Mass,0.0,0.00186729
00000050_001.png,Mass,0.0,0.00185394
00000050_001.png,Effusion,0.0,0.00182152
00000050_001.png,Cardiomegaly,0.0,0.00182152
00000050_001.png,Cardiomegaly,0.0,0.00179672
00000050_001.png,Infiltration,0.0,0.00178623
00000050_001.png,Mass,0.0,0.00174809
00000050_001.png,Atelectasis,0.0,0.00173664
00000050_001.png,Infiltration,0.0,0.00167942
00000050_001.png,Cardiomegaly,0.0,0.00166035
00000050_001.png,Mass,0.0,0.00165749
00000050_001.png,Effusion,0.0,0.0016489
00000050_001.png,Effusion,0.0,0.00163269
00000050_001.png,Cardiomegaly,0.0,0.00159645
00000050_001.png,Cardiomegaly,0.0,0.00151539
00000050_001.png,Cardiomegaly,0.0,0.00146389
00000050_001.png,Effusion,0.0,0.00145245
00000050_001.png,Cardiomegaly,0.0,0.00144577
00000050_001.png,Infiltration,0.0,0.00144482
00000050_001.png,Effusion,0.0,0.00143814
00000050_001.png,Atelectasis,0.0,0.00143242
00000050_001.png,Infiltration,0.0,0.00142002
00000050_001.png,Effusion,0.0,0.00139999
00000050_001.png,Effusion,0.0,0.00139046
00000050_001.png,Infiltration,0.0,0.0013485
00000050_001.png,Effusion,0.0,0.00133896
00000050_001.png,Effusion,0.0,0.00129795
00000050_001.png,Effusion,0.0,0.00128269
00000050_001.png,Effusion,0.0,0.00126743
00000050_001.png,Mass,0.0,0.00122452
00000050_001.png,Infiltration,0.0,0.00122356
00000050_001.png,Cardiomegaly,0.0,0.00121307
00000050_001.png,Effusion,0.0,0.00119209
00000050_001.png,Cardiomegaly,0.0,0.00119209
00000050_001.png,Effusion,0.0,0.00116539
00000050_001.png,Effusion,0.0,0.0011549
00000050_001.png,Infiltration,0.0,0.0011301
00000050_001.png,Cardiomegaly,0.0,0.0011158
00000050_001.png,Cardiomegaly,0.0,0.00111103
00000050_001.png,Infiltration,0.0,0.00110149
00000050_001.png,Mass,0.0,0.00108624
00000050_001.png,Atelectasis,0.0,0.00107956
00000050_001.png,Mass,0.0,0.00107861
00000050_001.png,Effusion,0.0,0.0010643
00000050_001.png,Effusion,0.0,0.00104713
00000050_001.png,Effusion,0.0,0.00104618
00000050_001.png,Infiltration,0.0,0.0010376
00000050_001.png,Infiltration,0.0,0.00102806
00010575_002.png,Effusion,0.094658700328306,0.494385
00010575_002.png,Infiltration,0.05851027893864158,0.0736694
00010575_002.png,Effusion,0.0,0.0383301
00010575_002.png,Effusion,0.0,0.0315552
00010575_002.png,Effusion,0.16852626406888754,0.0289307
00010575_002.png,Atelectasis,0.14304882282676176,0.0259552
00010575_002.png,Cardiomegaly,0.0,0.0148315
00010575_002.png,Effusion,0.0,0.0132446
00010575_002.png,Cardiomegaly,0.029446909773180666,0.0121765
00010575_002.png,Infiltration,0.20169744979408613,0.0106735
00010575_002.png,Cardiomegaly,0.5758176644614945,0.0101166
00010575_002.png,Effusion,0.06370292212131877,0.0098114
00010575_002.png,Effusion,0.0,0.00979614
00010575_002.png,Effusion,0.0,0.00884247
00010575_002.png,Cardiomegaly,0.0,0.00863647
00010575_002.png,Mass,0.0,0.0079422
00010575_002.png,Cardiomegaly,0.7288836914145674,0.00750732
00010575_002.png,Cardiomegaly,0.014348843702287865,0.00745392
00010575_002.png,Infiltration,0.12398753964859546,0.00699997
00010575_002.png,Mass,0.0,0.00695801
00010575_002.png,Effusion,0.07348757006387857,0.00679779
00010575_002.png,Mass,0.0,0.0064888
00010575_002.png,Infiltration,0.019532749424727863,0.00640869
00010575_002.png,Effusion,0.0,0.00577927
00010575_002.png,Mass,0.0,0.00563812
00010575_002.png,Infiltration,0.5924104527575549,0.00524521
00010575_002.png,Mass,0.0,0.00521851
00010575_002.png,Mass,0.0,0.00494003
00010575_002.png,Mass,0.0,0.00476837
00010575_002.png,Cardiomegaly,0.4818640955237403,0.00469589
00010575_002.png,Infiltration,0.32938941248956427,0.00468826
00010575_002.png,Effusion,0.0,0.00464249
00010575_002.png,Effusion,0.19549361796379067,0.0046196
00010575_002.png,Mass,0.05684511480018354,0.00456238
00010575_002.png,Cardiomegaly,0.8323920440466221,0.00456238
00010575_002.png,Mass,0.0,0.00450516
00010575_002.png,Effusion,0.0,0.00429153
00010575_002.png,Effusion,0.0,0.00419617
00010575_002.png,Mass,0.0,0.00407028
00010575_002.png,Infiltration,0.32936891156239356,0.00395584
00010575_002.png,Infiltration,0.0,0.00391769
00010575_002.png,Cardiomegaly,0.05378886386073075,0.003685
00010575_002.png,Effusion,0.10435496599822673,0.0036335
00010575_002.png,Mass,0.0,0.00361824
00010575_002.png,Mass,0.032209238532799445,0.00357056
00010575_002.png,Mass,0.0,0.00341415
00010575_002.png,Cardiomegaly,0.014534968193935573,0.0033493
00010575_002.png,Effusion,0.0,0.00333595
00010575_002.png,Effusion,0.026707483316283892,0.00324631
00010575_002.png,Effusion,0.0,0.00313187
00010575_002.png,Effusion,0.0,0.00309563
00010575_002.png,Mass,0.0,0.003088
00010575_002.png,Mass,0.0,0.00306129
00010575_002.png,Effusion,0.0,0.00304794
00010575_002.png,Infiltration,0.0,0.00302315
00010575_002.png,Mass,0.0,0.00296593
00010575_002.png,Effusion,0.0,0.0029335
00010575_002.png,Infiltration,0.5301440220924151,0.00291824
00010575_002.png,Atelectasis,0.14454239457702803,0.00288963
00010575_002.png,Infiltration,0.20657992847877105,0.00279999
00010575_002.png,Infiltration,0.30232511331657097,0.00278282
00010575_002.png,Cardiomegaly,0.0,0.00276566
00010575_002.png,Cardiomegaly,0.0,0.00271034
00010575_002.png,Mass,0.06033773655465422,0.00264168
00010575_002.png,Effusion,0.0,0.00263596
00010575_002.png,Infiltration,0.46441610405856065,0.00263405
00010575_002.png,Mass,0.024325055270617856,0.00256729
00010575_002.png,Infiltration,0.0,0.00256348
00010575_002.png,Mass,0.0,0.00252151
00010575_002.png,Mass,0.0,0.00250816
00010575_002.png,Cardiomegaly,0.0902536820994322,0.00248146
00010575_002.png,Effusion,0.0,0.00245285
00010575_002.png,Effusion,0.0,0.00238037
00010575_002.png,Infiltration,0.0,0.00215721
00010575_002.png,Effusion,0.0,0.00211906
00010575_002.png,Cardiomegaly,0.05186639095963143,0.0021019
00010575_002.png,Effusion,0.047046241870335404,0.00206375
00010575_002.png,Effusion,0.0,0.00198364
00010575_002.png,Effusion,0.0,0.00197029
00010575_002.png,Effusion,0.0,0.00196266
00010575_002.png,Infiltration,0.0,0.00191784
00010575_002.png,Mass,0.0,0.00191212
00010575_002.png,Mass,0.0,0.00189686
00010575_002.png,Infiltration,0.0,0.001791
00010575_002.png,Effusion,0.0,0.00176907
00010575_002.png,Cardiomegaly,0.0914153415123764,0.00173187
00010575_002.png,Effusion,0.003191217967609386,0.00171375
00010575_002.png,Mass,0.0,0.00171375
00010575_002.png,Effusion,0.0,0.00171375
00010575_002.png,Effusion,0.0,0.00170231
00010575_002.png,Effusion,0.0,0.00167465
00010575_002.png,Effusion,0.0,0.00165844
00010575_002.png,Effusion,0.0,0.00164986
00010575_002.png,Infiltration,0.2978313770117707,0.00160408
00010575_002.png,Effusion,0.0,0.00158882
00010575_002.png,Effusion,0.18022669964055354,0.00156975
00010575_002.png,Cardiomegaly,0.0,0.00156498
00010575_002.png,Cardiomegaly,0.3541191109644858,0.00156212
00010575_002.png,Cardiomegaly,0.41082724628404893,0.00155354
00010575_002.png,Infiltration,0.0,0.00154781
00010575_002.png,Infiltration,0.16852626406888754,0.00154591
00010575_002.png,Cardiomegaly,0.14701503162890023,0.00152874
00010575_002.png,Effusion,0.0,0.00151062
00010575_002.png,Cardiomegaly,0.5158737882817209,0.0015049
00010575_002.png,Infiltration,0.0,0.00150013
00010575_002.png,Cardiomegaly,0.1500371640955706,0.0014925
00010575_002.png,Effusion,0.0,0.0014286
00010575_002.png,Infiltration,0.0,0.00142288
00010575_002.png,Effusion,0.0,0.00142193
00010575_002.png,Effusion,0.0,0.00141525
00010575_002.png,Mass,0.0,0.0014143
00010575_002.png,Effusion,0.0,0.00140095
00010575_002.png,Mass,0.0,0.0013895
00010575_002.png,Infiltration,0.0,0.00138664
00010575_002.png,Infiltration,0.0,0.00138474
00010575_002.png,Effusion,0.0,0.00136948
00010575_002.png,Infiltration,0.465158572950889,0.00136662
00010575_002.png,Effusion,0.0,0.00136471
00010575_002.png,Infiltration,0.0,0.0013504
00010575_002.png,Cardiomegaly,0.210576072352938,0.00132942
00010575_002.png,Infiltration,0.16866323819235673,0.00132751
00010575_002.png,Effusion,0.0,0.00129318
00010575_002.png,Infiltration,0.0,0.00129128
00010575_002.png,Cardiomegaly,0.0,0.00126648
00010575_002.png,Cardiomegaly,0.394532816939105,0.0012598
00010575_002.png,Infiltration,0.0,0.00125122
00010575_002.png,Cardiomegaly,0.21053339217736622,0.0012331
00010575_002.png,Effusion,0.0,0.00122356
00010575_002.png,Infiltration,0.0,0.00121689
00010575_002.png,Mass,0.09038358260209432,0.00120449
00010575_002.png,Cardiomegaly,0.0,0.00119495
00010575_002.png,Cardiomegaly,0.30414282216033817,0.00118065
00010575_002.png,Infiltration,0.0,0.0011425
00010575_002.png,Effusion,0.0,0.00114059
00010575_002.png,Effusion,0.0,0.00113487
00010575_002.png,Mass,0.0,0.00112057
00010575_002.png,Mass,0.0,0.00111103
00010575_002.png,Mass,0.28739047247796345,0.00111008
00010575_002.png,Effusion,0.0,0.00109291
00010575_002.png,Mass,0.0,0.00106812
00010575_002.png,Infiltration,0.0,0.00106621
00010575_002.png,Infiltration,0.0,0.00104523
00010575_002.png,Effusion,0.0,0.00103951
00010575_002.png,Mass,0.0,0.00102997
00010575_002.png,Effusion,0.0,0.00101566
00010575_002.png,Infiltration,0.0,0.00100994
00010575_002.png,Effusion,0.010284744620680868,0.00100422
00010575_002.png,Cardiomegaly,0.0,0.00100422
00016587_069.png,Effusion,0.0,0.0401001
00016587_069.png,Mass,0.0,0.0313721
00016587_069.png,Effusion,0.0,0.0309601
00016587_069.png,Atelectasis,0.020892357813809687,0.0276337
00016587_069.png,Cardiomegaly,0.0,0.0266418
00016587_069.png,Effusion,0.6989930572271303,0.0264587
00016587_069.png,Infiltration,0.0,0.021637
00016587_069.png,Cardiomegaly,0.0,0.0151825
00016587_069.png,Cardiomegaly,0.0,0.012001
00016587_069.png,Mass,0.0,0.0108109
00016587_069.png,Mass,0.0,0.00957489
00016587_069.png,Infiltration,0.0,0.00795746
00016587_069.png,Cardiomegaly,0.0,0.007164
00016587_069.png,Effusion,0.0,0.00677109
00016587_069.png,Cardiomegaly,0.0,0.00676727
00016587_069.png,Effusion,0.0,0.00643539
00016587_069.png,Infiltration,0.0,0.00627518
00016587_069.png,Cardiomegaly,0.0,0.00621414
00016587_069.png,Mass,0.0,0.00613403
00016587_069.png,Mass,0.0,0.0059967
00016587_069.png,Atelectasis,0.0,0.00555038
00016587_069.png,Infiltration,0.0,0.00544357
00016587_069.png,Cardiomegaly,0.0,0.00544357
00016587_069.png,Effusion,0.0,0.00534439
00016587_069.png,Mass,0.0,0.00526047
00016587_069.png,Infiltration,0.0,0.00509262
00016587_069.png,Infiltration,0.0,0.0050621
00016587_069.png,Infiltration,0.0,0.00492096
00016587_069.png,Infiltration,0.0,0.00478745
00016587_069.png,Infiltration,0.0001769765910128238,0.00476837
00016587_069.png,Cardiomegaly,0.0,0.00470734
00016587_069.png,Infiltration,0.0,0.00466537
00016587_069.png,Mass,0.0,0.00443268
00016587_069.png,Infiltration,0.0,0.00428391
00016587_069.png,Cardiomegaly,0.0,0.00406265
00016587_069.png,Mass,0.0,0.00388527
00016587_069.png,Infiltration,0.0,0.00372887
00016587_069.png,Mass,0.0,0.00353432
00016587_069.png,Effusion,0.0,0.00323105
00016587_069.png,Cardiomegaly,0.0,0.00320625
00016587_069.png,Infiltration,0.22881973623223542,0.00317574
00016587_069.png,Infiltration,0.0,0.00307465
00016587_069.png,Infiltration,0.0,0.00305557
00016587_069.png,Atelectasis,0.0001769765910128238,0.00305557
00016587_069.png,Mass,0.0,0.00302696
00016587_069.png,Infiltration,0.0,0.00300598
00016587_069.png,Infiltration,0.07822350205812478,0.00287819
00016587_069.png,Effusion,0.0,0.00270844
00016587_069.png,Cardiomegaly,0.0,0.00258255
00016587_069.png,Effusion,0.014543812950524497,0.00257492
00016587_069.png,Atelectasis,0.0,0.00253296
00016587_069.png,Infiltration,0.0,0.00246811
00016587_069.png,Cardiomegaly,0.0,0.00240517
00016587_069.png,Mass,0.0,0.00240326
00016587_069.png,Mass,0.0,0.002388
00016587_069.png,Effusion,0.7890128168956686,0.00238419
00016587_069.png,Mass,0.0,0.00236893
00016587_069.png,Effusion,0.0,0.00236702
00016587_069.png,Cardiomegaly,0.0,0.00235558
00016587_069.png,Effusion,0.0,0.00226784
00016587_069.png,Infiltration,0.0,0.00223541
00016587_069.png,Infiltration,0.0,0.0022049
00016587_069.png,Mass,0.0,0.00218201
00016587_069.png,Mass,0.0,0.00217247
00016587_069.png,Cardiomegaly,0.0,0.00216675
00016587_069.png,Effusion,0.0,0.00211716
00016587_069.png,Effusion,0.07822350205812478,0.00207901
00016587_069.png,Infiltration,0.0,0.00203896
00016587_069.png,Mass,0.0,0.00197411
00016587_069.png,Cardiomegaly,0.0,0.00196075
00016587_069.png,Effusion,0.0,0.0019331
00016587_069.png,Effusion,0.0,0.00190926
00016587_069.png,Effusion,0.0,0.00188065
00016587_069.png,Effusion,0.0,0.00184345
00016587_069.png,Effusion,0.0,0.001791
00016587_069.png,Effusion,0.0,0.00173187
00016587_069.png,Infiltration,0.0,0.00172043
00016587_069.png,Effusion,0.0,0.00168705
00016587_069.png,Infiltration,0.0,0.0016489
00016587_069.png,Cardiomegaly,0.0,0.0016346
00016587_069.png,Cardiomegaly,0.0,0.00159931
00016587_069.png,Mass,0.0,0.00152206
00016587_069.png,Effusion,0.0,0.00152111
00016587_069.png,Effusion,0.0,0.00145817
00016587_069.png,Cardiomegaly,0.0,0.00145721
00016587_069.png,Effusion,0.0,0.00145626
00016587_069.png,Effusion,0.12980227157952676,0.00144958
00016587_069.png,Effusion,0.0,0.00142384
00016587_069.png,Infiltration,0.0,0.00142002
00016587_069.png,Effusion,0.0,0.00141048
00016587_069.png,Mass,0.0,0.00139427
00016587_069.png,Effusion,0.0,0.00133133
00016587_069.png,Cardiomegaly,0.0,0.00132847
00016587_069.png,Effusion,0.0,0.00129509
00016587_069.png,Mass,0.0,0.00128937
00016587_069.png,Cardiomegaly,0.0,0.00127697
00016587_069.png,Infiltration,0.0,0.00126934
00016587_069.png,Mass,0.0,0.00126171
00016587_069.png,Effusion,0.0,0.00125027
00016587_069.png,Effusion,0.0,0.00123978
00016587_069.png,Effusion,0.0,0.00123787
00016587_069.png,Effusion,0.0,0.00123596
00016587_069.png,Mass,0.0,0.00122547
00016587_069.png,Effusion,0.0,0.0012207
00016587_069.png,Effusion,0.0,0.00118732
00016587_069.png,Mass,0.0,0.00117779
00016587_069.png,Effusion,0.0,0.00116253
00016587_069.png,Cardiomegaly,0.0,0.00115776
00016587_069.png,Mass,0.0,0.00114632
00016587_069.png,Infiltration,0.1109181827665201,0.0011425
00016587_069.png,Mass,0.0,0.00113487
00016587_069.png,Effusion,0.0,0.00113106
00016587_069.png,Cardiomegaly,0.0,0.00112247
00016587_069.png,Infiltration,0.0,0.00111389
00016587_069.png,Mass,0.0,0.00109863
00016587_069.png,Cardiomegaly,0.017993724816122696,0.00109673
00016587_069.png,Effusion,0.0,0.0010767
00016587_069.png,Cardiomegaly,0.0,0.00106239
00016587_069.png,Mass,0.0,0.00103951
00016587_069.png,Infiltration,0.0,0.00103474
00016587_069.png,Effusion,0.0,0.00100994
00016587_069.png,Effusion,0.0,0.00100708
00016587_069.png,Infiltration,0.11933248036820933,0.00100327
00016587_069.png,Cardiomegaly,0.03263372365321074,0.00100231
00002059_008.png,Effusion,0.0,0.392578
00002059_008.png,Cardiomegaly,0.0,0.0656128
00002059_008.png,Cardiomegaly,0.0,0.0502014
00002059_008.png,Infiltration,0.09308686765918583,0.0435791
00002059_008.png,Infiltration,0.08161749596720766,0.0385132
00002059_008.png,Effusion,0.018330207038057572,0.0343628
00002059_008.png,Atelectasis,0.843267922642443,0.0315552
00002059_008.png,Infiltration,0.1263381992247436,0.0294037
00002059_008.png,Infiltration,0.0932842340667851,0.0284424
00002059_008.png,Infiltration,0.07984241352081299,0.0236206
00002059_008.png,Infiltration,0.015398734507802578,0.0212402
00002059_008.png,Cardiomegaly,0.3069997348348367,0.0202789
00002059_008.png,Infiltration,0.07964942665873272,0.018158
00002059_008.png,Infiltration,0.019157243885924255,0.0171051
00002059_008.png,Infiltration,0.33134089642218056,0.0120468
00002059_008.png,Infiltration,0.03051150109942808,0.0109024
00002059_008.png,Infiltration,0.10930821676254279,0.0105133
00002059_008.png,Infiltration,0.279523872335193,0.00996399
00002059_008.png,Cardiomegaly,0.0,0.00955963
00002059_008.png,Infiltration,0.029058481230317144,0.00933075
00002059_008.png,Infiltration,0.014241416289799271,0.00926208
00002059_008.png,Cardiomegaly,0.027689901318627853,0.00909424
00002059_008.png,Effusion,0.0015441037231074522,0.00783539
00002059_008.png,Effusion,0.0,0.00737381
00002059_008.png,Infiltration,0.06861482125143313,0.00735092
00002059_008.png,Cardiomegaly,0.0,0.00727844
00002059_008.png,Infiltration,0.0,0.00705338
00002059_008.png,Infiltration,0.0634326129837378,0.00653076
00002059_008.png,Infiltration,0.17481035769969172,0.00618744
00002059_008.png,Cardiomegaly,0.0,0.00576401
00002059_008.png,Cardiomegaly,0.0,0.00542068
00002059_008.png,Infiltration,0.1026550878524781,0.00503922
00002059_008.png,Infiltration,0.18820050773620609,0.00484085
00002059_008.png,Infiltration,0.35398502480588373,0.00461197
00002059_008.png,Cardiomegaly,0.39366393079958295,0.0045166
00002059_008.png,Infiltration,0.08184946150192153,0.00445938
00002059_008.png,Cardiomegaly,0.34535732000301234,0.0044136
00002059_008.png,Atelectasis,0.636856443358151,0.00390053
00002059_008.png,Effusion,0.009077571071831273,0.0034771
00002059_008.png,Infiltration,0.13336675886505486,0.00327301
00002059_008.png,Effusion,0.005569319014913835,0.00318336
00002059_008.png,Effusion,0.0,0.00314331
00002059_008.png,Effusion,0.0,0.00311852
00002059_008.png,Mass,0.032859544046104694,0.002882
00002059_008.png,Cardiomegaly,0.34944492705770885,0.00279808
00002059_008.png,Effusion,0.0,0.00279427
00002059_008.png,Infiltration,0.018330207038057572,0.00277138
00002059_008.png,Cardiomegaly,0.20404138828900506,0.0027523
00002059_008.png,Infiltration,0.019090853704650083,0.00255966
00002059_008.png,Effusion,0.004472550872267429,0.00246429
00002059_008.png,Atelectasis,0.269154556798722,0.00242805
00002059_008.png,Cardiomegaly,0.18335360063671888,0.0023613
00002059_008.png,Effusion,0.0,0.00233269
00002059_008.png,Infiltration,0.011086676337147503,0.00228882
00002059_008.png,Effusion,0.0,0.002285
00002059_008.png,Effusion,0.0,0.0022316
00002059_008.png,Infiltration,0.3207129421019425,0.00214005
00002059_008.png,Effusion,0.0,0.00207329
00002059_008.png,Mass,0.05514924158271316,0.00207138
00002059_008.png,Cardiomegaly,0.0,0.00198746
00002059_008.png,Mass,0.0,0.00193787
00002059_008.png,Effusion,0.0,0.00185776
00002059_008.png,Cardiomegaly,0.0016341891081367405,0.0018549
00002059_008.png,Cardiomegaly,0.1026550878524781,0.00184631
00002059_008.png,Cardiomegaly,0.19614586220346775,0.0018158
00002059_008.png,Effusion,0.11565656520327912,0.00177193
00002059_008.png,Infiltration,0.09311185585554818,0.00173664
00002059_008.png,Atelectasis,0.6878131700124579,0.00168037
00002059_008.png,Cardiomegaly,0.0,0.00162411
00002059_008.png,Effusion,0.002657455216287923,0.00156593
00002059_008.png,Effusion,0.0,0.00148964
00002059_008.png,Infiltration,0.2539099284565561,0.00146389
00002059_008.png,Cardiomegaly,0.2483614218368483,0.001441
00002059_008.png,Cardiomegaly,0.0,0.00142193
00002059_008.png,Effusion,0.0,0.00141239
00002059_008.png,Effusion,0.046832380800710435,0.00138378
00002059_008.png,Effusion,0.012176795907841011,0.00138187
00002059_008.png,Infiltration,0.39366393079958295,0.00136948
00002059_008.png,Infiltration,0.3184197763535026,0.00130653
00002059_008.png,Effusion,0.0,0.00129509
00002059_008.png,Effusion,0.029058481230317144,0.00126266
00002059_008.png,Cardiomegaly,0.0,0.00123978
00002059_008.png,Effusion,0.007248805132174378,0.00122643
00002059_008.png,Infiltration,0.0,0.00118542
00002059_008.png,Cardiomegaly,0.2607733200425557,0.00118542
00002059_008.png,Cardiomegaly,0.0,0.00117493
00002059_008.png,Cardiomegaly,0.0,0.00117493
00002059_008.png,Effusion,0.0,0.00115871
00002059_008.png,Effusion,0.18056426842849096,0.00113583
00002059_008.png,Mass,0.0,0.00111103
00002059_008.png,Infiltration,0.6106211718426454,0.00110435
00002059_008.png,Mass,0.0,0.00108337
00002059_008.png,Effusion,0.2643846203867303,0.00107193
00002059_008.png,Cardiomegaly,0.0,0.00107098
00002059_008.png,Infiltration,0.4748330649050806,0.00107098
00002059_008.png,Cardiomegaly,0.28657906066840233,0.00105762
00002059_008.png,Infiltration,0.3276389938201562,0.00105381
00002059_008.png,Cardiomegaly,0.11805758872789064,0.00105095
00002059_008.png,Fibrosis,0.0,0.00101852
00002059_008.png,Cardiomegaly,0.0,0.00100994
00002059_008.png,Infiltration,0.1263509615125377,0.00100613
00014004_038.png,Cardiomegaly,0.04953386407876445,0.0749512
00014004_038.png,Infiltration,0.0,0.0577393
00014004_038.png,Mass,0.0,0.0568542
00014004_038.png,Atelectasis,0.011306253618352495,0.0467224
00014004_038.png,Infiltration,0.0,0.0445251
00014004_038.png,Mass,0.0,0.0418396
00014004_038.png,Mass,0.0,0.0370483
00014004_038.png,Mass,0.0,0.0317078
00014004_038.png,Effusion,0.0,0.0310974
00014004_038.png,Effusion,0.0,0.0305023
00014004_038.png,Cardiomegaly,0.0016722239747248362,0.0255127
00014004_038.png,Mass,0.045193486921398976,0.025177
00014004_038.png,Infiltration,0.0,0.024765
00014004_038.png,Cardiomegaly,0.033702569572459325,0.0237885
00014004_038.png,Effusion,0.0,0.0209656
00014004_038.png,Infiltration,0.05206621723615819,0.0205231
00014004_038.png,Infiltration,0.0,0.0202789
00014004_038.png,Mass,0.0,0.0197144
00014004_038.png,Infiltration,0.0,0.0187836
00014004_038.png,Mass,0.0,0.0182648
00014004_038.png,Infiltration,0.0,0.0182037
00014004_038.png,Cardiomegaly,0.03329647757816509,0.0177307
00014004_038.png,Infiltration,0.0,0.0172882
00014004_038.png,Cardiomegaly,0.0,0.0167847
00014004_038.png,Cardiomegaly,0.0,0.0140457
00014004_038.png,Cardiomegaly,0.05139264601521529,0.0140228
00014004_038.png,Atelectasis,0.08768197767422506,0.0137482
00014004_038.png,Infiltration,0.0,0.0128784
00014004_038.png,Cardiomegaly,0.07761631432820607,0.0123138
00014004_038.png,Infiltration,0.0,0.0115891
00014004_038.png,Mass,0.0,0.0115891
00014004_038.png,Infiltration,0.0,0.0112686
00014004_038.png,Effusion,0.0,0.0112381
00014004_038.png,Effusion,0.02721770381839092,0.0106506
00014004_038.png,Infiltration,0.0,0.0105209
00014004_038.png,Mass,0.0,0.00950623
00014004_038.png,Mass,0.0,0.00892639
00014004_038.png,Mass,0.0,0.00871277
00014004_038.png,Infiltration,0.0,0.00826263
00014004_038.png,Mass,0.07731145858167984,0.00805664
00014004_038.png,Mass,0.0,0.00784302
00014004_038.png,Mass,0.0,0.00780487
00014004_038.png,Mass,0.0,0.00762177
00014004_038.png,Effusion,0.0,0.00747299
00014004_038.png,Cardiomegaly,0.0,0.00746918
00014004_038.png,Infiltration,0.0,0.00704193
00014004_038.png,Mass,0.0,0.00695419
00014004_038.png,Mass,0.12343013195545749,0.00656509
00014004_038.png,Infiltration,0.0,0.00645447
00014004_038.png,Infiltration,0.0,0.00608444
00014004_038.png,Mass,0.1131059679905706,0.00572586
00014004_038.png,Mass,0.0,0.00569916
00014004_038.png,Infiltration,0.1851774141707718,0.00546646
00014004_038.png,Infiltration,0.009408552073146597,0.00509262
00014004_038.png,Mass,0.1998075093410688,0.00498199
00014004_038.png,Mass,0.0,0.00482559
00014004_038.png,Infiltration,0.0,0.00481415
00014004_038.png,Infiltration,0.0,0.0047493
00014004_038.png,Cardiomegaly,0.0,0.00469208
00014004_038.png,Cardiomegaly,0.0,0.00460052
00014004_038.png,Mass,0.0,0.00457001
00014004_038.png,Effusion,0.0,0.00444794
00014004_038.png,Mass,0.0,0.00430679
00014004_038.png,Cardiomegaly,0.03735304982788644,0.0042038
00014004_038.png,Cardiomegaly,0.0,0.00414276
00014004_038.png,Cardiomegaly,0.015857127004411185,0.00402069
00014004_038.png,Effusion,0.09088889310068995,0.0038929
00014004_038.png,Cardiomegaly,0.0,0.0038414
00014004_038.png,Effusion,0.0,0.00366211
00014004_038.png,Effusion,0.06670983897002304,0.00351524
00014004_038.png,Mass,0.0,0.00343704
00014004_038.png,Effusion,0.005613727336242929,0.00338936
00014004_038.png,Mass,0.0,0.00314522
00014004_038.png,Effusion,0.6650446316460465,0.00312042
00014004_038.png,Mass,0.0,0.00307274
00014004_038.png,Mass,0.0,0.0030365
00014004_038.png,Mass,0.0,0.00299644
00014004_038.png,Infiltration,0.0,0.00297546
00014004_038.png,Atelectasis,0.0,0.00294876
00014004_038.png,Infiltration,0.0,0.00294304
00014004_038.png,Mass,0.0,0.00289917
00014004_038.png,Mass,0.03399124079215041,0.0028801
00014004_038.png,Effusion,0.8826068750270291,0.00277519
00014004_038.png,Effusion,0.1960516309109699,0.00272369
00014004_038.png,Cardiomegaly,0.0908798824744292,0.00271606
00014004_038.png,Mass,0.0,0.00268936
00014004_038.png,Effusion,0.0,0.00267029
00014004_038.png,Effusion,0.04809564482039414,0.00257683
00014004_038.png,Effusion,0.0,0.0025692
00014004_038.png,Infiltration,0.0,0.0025425
00014004_038.png,Cardiomegaly,0.0,0.00251961
00014004_038.png,Effusion,0.0,0.002491
00014004_038.png,Cardiomegaly,0.0,0.00248718
00014004_038.png,Cardiomegaly,0.0,0.00242424
00014004_038.png,Mass,0.11383645770358379,0.00239372
00014004_038.png,Effusion,0.0016529350069122081,0.00234604
00014004_038.png,Mass,0.0,0.00221443
00014004_038.png,Effusion,0.0,0.00221062
00014004_038.png,Mass,0.0739459047949589,0.00215721
00014004_038.png,Mass,0.3223162325085355,0.00215149
00014004_038.png,Effusion,0.0,0.0021286
00014004_038.png,Infiltration,0.0,0.00209618
00014004_038.png,Effusion,0.0,0.00207138
00014004_038.png,Effusion,0.0,0.00203323
00014004_038.png,Infiltration,0.0,0.00200844
00014004_038.png,Cardiomegaly,0.13531713603689283,0.00200272
00014004_038.png,Cardiomegaly,0.0,0.00200081
00014004_038.png,Mass,0.07176746644305088,0.00198936
00014004_038.png,Infiltration,0.0,0.00196648
00014004_038.png,Effusion,0.0,0.00195503
00014004_038.png,Effusion,0.0,0.00194645
00014004_038.png,Cardiomegaly,0.0,0.00190258
00014004_038.png,Effusion,0.0,0.00190067
00014004_038.png,Mass,0.07737667556808565,0.00186825
00014004_038.png,Effusion,0.0,0.00183201
00014004_038.png,Cardiomegaly,0.033764702159566694,0.00176716
00014004_038.png,Effusion,0.0,0.00169277
00014004_038.png,Effusion,0.0,0.00168514
00014004_038.png,Infiltration,0.0,0.00164604
00014004_038.png,Effusion,0.0,0.00162125
00014004_038.png,Effusion,0.0,0.00160599
00014004_038.png,Cardiomegaly,0.0,0.00160313
00014004_038.png,Cardiomegaly,0.0,0.00159073
00014004_038.png,Effusion,0.0,0.00158215
00014004_038.png,Cardiomegaly,0.1840204300167755,0.00157356
00014004_038.png,Effusion,0.0,0.00157261
00014004_038.png,Effusion,0.0,0.0015707
00014004_038.png,Mass,0.2004446073816889,0.00154781
00014004_038.png,Mass,0.0,0.00152969
00014004_038.png,Cardiomegaly,0.0,0.00150013
00014004_038.png,Cardiomegaly,0.0,0.00149918
00014004_038.png,Cardiomegaly,0.04809564482039414,0.00148296
00014004_038.png,Mass,0.0,0.00147057
00014004_038.png,Effusion,0.0,0.00146294
00014004_038.png,Mass,0.0,0.00144291
00014004_038.png,Cardiomegaly,0.12954336059365093,0.00144291
00014004_038.png,Infiltration,0.0,0.00141811
00014004_038.png,Cardiomegaly,0.0,0.00139809
00014004_038.png,Cardiomegaly,0.0,0.00139236
00014004_038.png,Effusion,0.0,0.00138474
00014004_038.png,Effusion,0.07967949946495692,0.00136089
00014004_038.png,Mass,0.0,0.00134277
00014004_038.png,Mass,0.0,0.00130844
00014004_038.png,Effusion,0.0,0.00127792
00014004_038.png,Effusion,0.0,0.00126076
00014004_038.png,Effusion,0.0044806265176579076,0.0012598
00014004_038.png,Mass,0.0,0.0012207
00014004_038.png,Effusion,0.0,0.0012188
00014004_038.png,Atelectasis,0.0,0.00119877
00014004_038.png,Mass,0.0,0.00112915
00014004_038.png,Infiltration,0.0,0.00111008
00014004_038.png,Effusion,0.0,0.00106812
00014004_038.png,Effusion,0.0,0.00106335
00014004_038.png,Cardiomegaly,0.005613727336242929,0.00106239
00014004_038.png,Effusion,0.05423517773255396,0.00105858
00014004_038.png,Infiltration,0.3341112204368622,0.00105667
00014004_038.png,Cardiomegaly,0.0,0.00105667
00014004_038.png,Effusion,0.0,0.00105476
00014004_038.png,Effusion,0.0,0.00105
00014004_038.png,Mass,0.0,0.00103474
00014004_038.png,Cardiomegaly,0.0,0.00103188
00014004_038.png,Effusion,0.0,0.00102806
00014004_038.png,Mass,0.06046291113624377,0.00100517
00014738_000.png,Atelectasis,0.31405543562058325,0.434326
00014738_000.png,Effusion,0.06809955291964458,0.0882568
00014738_000.png,Cardiomegaly,0.4467992594504964,0.0571289
00014738_000.png,Atelectasis,0.36559057507538417,0.0491028
00014738_000.png,Infiltration,0.0,0.0362549
00014738_000.png,Effusion,0.0,0.0326538
00014738_000.png,Cardiomegaly,0.2995902333229565,0.0203705
00014738_000.png,Cardiomegaly,0.44494974169040635,0.0169678
00014738_000.png,Cardiomegaly,0.560291977655633,0.0163879
00014738_000.png,Mass,0.560291977655633,0.0163727
00014738_000.png,Infiltration,0.0,0.0159607
00014738_000.png,Effusion,0.09118947806181817,0.0115204
00014738_000.png,Cardiomegaly,0.0,0.00969696
00014738_000.png,Infiltration,0.0,0.00852966
00014738_000.png,Infiltration,0.0,0.00716782
00014738_000.png,Cardiomegaly,0.6315325600261236,0.00704575
00014738_000.png,Cardiomegaly,0.0,0.00692368
00014738_000.png,Effusion,0.0,0.00680542
00014738_000.png,Cardiomegaly,0.20546333846380502,0.00624084
00014738_000.png,Cardiomegaly,0.0,0.00495529
00014738_000.png,Infiltration,0.25514864858527053,0.00469208
00014738_000.png,Infiltration,0.0,0.00453949
00014738_000.png,Effusion,0.0,0.00440216
00014738_000.png,Effusion,0.0,0.00378609
00014738_000.png,Cardiomegaly,0.42642613809430485,0.00365067
00014738_000.png,Mass,0.3711767512331776,0.00334549
00014738_000.png,Cardiomegaly,0.16984332043680964,0.0032959
00014738_000.png,Infiltration,0.36378135364800435,0.0032692
00014738_000.png,Effusion,0.0,0.00325775
00014738_000.png,Atelectasis,0.13404939201460217,0.00321579
00014738_000.png,Infiltration,0.0,0.00313187
00014738_000.png,Mass,0.17440926017903696,0.00311852
00014738_000.png,Effusion,0.0,0.00307655
00014738_000.png,Effusion,0.0,0.00294876
00014738_000.png,Mass,0.5791071967603698,0.00290108
00014738_000.png,Cardiomegaly,0.35749198303082325,0.00287628
00014738_000.png,Cardiomegaly,0.0,0.00283241
00014738_000.png,Cardiomegaly,0.4479566933170474,0.00271034
00014738_000.png,Infiltration,0.0,0.00267029
00014738_000.png,Cardiomegaly,0.0,0.00262451
00014738_000.png,Mass,0.0,0.00255203
00014738_000.png,Infiltration,0.0,0.00250626
00014738_000.png,Effusion,0.1459442854668861,0.00244331
00014738_000.png,Infiltration,0.3468072777333544,0.0024128
00014738_000.png,Atelectasis,0.4227699342787821,0.00231171
00014738_000.png,Effusion,0.0,0.00230217
00014738_000.png,Infiltration,0.0,0.00217819
00014738_000.png,Cardiomegaly,0.0,0.00208855
00014738_000.png,Cardiomegaly,0.1586054639428547,0.00208664
00014738_000.png,Mass,0.15021314741236855,0.00208473
00014738_000.png,Cardiomegaly,0.0,0.00206184
00014738_000.png,Mass,0.10671853260587423,0.00205803
00014738_000.png,Atelectasis,0.31451660814997273,0.00200462
00014738_000.png,Infiltration,0.0,0.00194836
00014738_000.png,Cardiomegaly,0.21125380882656747,0.00192356
00014738_000.png,Cardiomegaly,0.29054663373911815,0.00191212
00014738_000.png,Effusion,0.0,0.0019083
00014738_000.png,Effusion,0.0,0.00188732
00014738_000.png,Cardiomegaly,0.0,0.00187492
00014738_000.png,Atelectasis,0.18836563120746616,0.00184822
00014738_000.png,Infiltration,0.16611070273417425,0.00184727
00014738_000.png,Infiltration,0.0,0.00183868
00014738_000.png,Effusion,0.14262971917298783,0.00180912
00014738_000.png,Cardiomegaly,0.7481096252330672,0.001791
00014738_000.png,Mass,0.24003746648668176,0.00178719
00014738_000.png,Effusion,0.0,0.00178146
00014738_000.png,Cardiomegaly,0.0,0.00175858
00014738_000.png,Effusion,0.10260102537110871,0.00175381
00014738_000.png,Mass,0.20389528508107907,0.00174999
00014738_000.png,Cardiomegaly,0.0,0.00171947
00014738_000.png,Effusion,0.053556118235328166,0.0016737
00014738_000.png,Infiltration,0.34537281862645,0.00164413
00014738_000.png,Effusion,0.046826442747412184,0.00161648
00014738_000.png,Mass,0.0,0.00160122
00014738_000.png,Infiltration,0.0,0.00156593
00014738_000.png,Mass,0.08380294143071043,0.00154591
00014738_000.png,Effusion,0.0,0.00148201
00014738_000.png,Infiltration,0.0,0.0014782
00014738_000.png,Mass,0.0,0.00147152
00014738_000.png,Atelectasis,0.21690313672121891,0.0014677
00014738_000.png,Infiltration,0.0,0.00144672
00014738_000.png,Cardiomegaly,0.4094128205196282,0.00139809
00014738_000.png,Mass,0.0,0.00138855
00014738_000.png,Mass,0.0,0.00138187
00014738_000.png,Cardiomegaly,0.277669734629795,0.00136375
00014738_000.png,Infiltration,0.0,0.00133896
00014738_000.png,Infiltration,0.0,0.00133801
00014738_000.png,Cardiomegaly,0.5854614323764084,0.00131226
00014738_000.png,Infiltration,0.0,0.00128174
00014738_000.png,Cardiomegaly,0.0,0.00127316
00014738_000.png,Effusion,0.02464334923779103,0.00126934
00014738_000.png,Mass,0.11047013695868955,0.00125027
00014738_000.png,Effusion,0.08170964424000003,0.00122166
00014738_000.png,Infiltration,0.0,0.00115871
00014738_000.png,Mass,0.08022070507991592,0.00115585
00014738_000.png,Cardiomegaly,0.0,0.00114346
00014738_000.png,Mass,0.38725723332981343,0.00113201
00014738_000.png,Effusion,0.06297885795364487,0.00112438
00014738_000.png,Effusion,0.0,0.00110626
00014738_000.png,Atelectasis,0.31834324495349287,0.00110435
00014738_000.png,Mass,0.07006039911117899,0.00105286
00014738_000.png,Infiltration,0.0,0.00105
00014738_000.png,Cardiomegaly,0.0,0.00104141
00014738_000.png,Effusion,0.0,0.00102425
00014738_000.png,Effusion,0.0,0.00102329
00014738_000.png,Cardiomegaly,0.0,0.00100899
00014738_000.png,Mass,0.13123655200593345,0.00100136
00012270_005.png,Effusion,0.5808089018509728,0.109924
00012270_005.png,Effusion,0.40154552215552947,0.0834351
00012270_005.png,Effusion,0.0,0.0557556
00012270_005.png,Effusion,0.0,0.0554199
00012270_005.png,Effusion,0.0,0.0551453
00012270_005.png,Atelectasis,0.0,0.0279236
00012270_005.png,Effusion,0.0,0.0252838
00012270_005.png,Mass,0.0,0.0210266
00012270_005.png,Mass,0.0,0.0150757
00012270_005.png,Infiltration,0.0,0.0149841
00012270_005.png,Cardiomegaly,0.0,0.0127563
00012270_005.png,Cardiomegaly,0.0,0.0117722
00012270_005.png,Effusion,0.0,0.00971222
00012270_005.png,Mass,0.038539706801761935,0.00820923
00012270_005.png,Cardiomegaly,0.0,0.00757599
00012270_005.png,Effusion,0.011235043465394275,0.00753403
00012270_005.png,Effusion,0.6663689031728344,0.0075264
00012270_005.png,Mass,0.0,0.00751877
00012270_005.png,Effusion,0.0,0.00712204
00012270_005.png,Effusion,0.0,0.00701141
00012270_005.png,Effusion,0.0,0.00671768
00012270_005.png,Mass,0.0,0.00671768
00012270_005.png,Effusion,0.0,0.00646973
00012270_005.png,Infiltration,0.5808089018509728,0.00595474
00012270_005.png,Mass,0.0,0.00559998
00012270_005.png,Mass,0.0,0.00559616
00012270_005.png,Effusion,0.015302328704796619,0.00538254
00012270_005.png,Mass,0.0,0.00510025
00012270_005.png,Mass,0.0,0.00509644
00012270_005.png,Effusion,0.0,0.00508881
00012270_005.png,Effusion,0.0,0.00484467
00012270_005.png,Infiltration,0.0,0.00472641
00012270_005.png,Cardiomegaly,0.0,0.00460052
00012270_005.png,Cardiomegaly,0.0,0.00423431
00012270_005.png,Infiltration,0.0,0.0040741
00012270_005.png,Effusion,0.0,0.00405502
00012270_005.png,Mass,0.0,0.00402069
00012270_005.png,Effusion,0.0,0.00400543
00012270_005.png,Effusion,0.0,0.00395203
00012270_005.png,Effusion,0.0,0.00379562
00012270_005.png,Effusion,0.0,0.00377846
00012270_005.png,Effusion,0.0,0.00369263
00012270_005.png,Mass,0.0,0.00362587
00012270_005.png,Cardiomegaly,0.04337245116195336,0.003479
00012270_005.png,Effusion,0.0,0.00313187
00012270_005.png,Effusion,0.0,0.00312233
00012270_005.png,Infiltration,0.0,0.00296593
00012270_005.png,Effusion,0.0,0.00288582
00012270_005.png,Atelectasis,0.0,0.00286865
00012270_005.png,Effusion,0.0,0.00279236
00012270_005.png,Mass,0.0,0.00275803
00012270_005.png,Infiltration,0.6663689031728344,0.00270844
00012270_005.png,Effusion,0.035664959199945175,0.0025177
00012270_005.png,Mass,0.0,0.00251198
00012270_005.png,Effusion,0.0,0.00247192
00012270_005.png,Mass,0.0,0.00245857
00012270_005.png,Effusion,0.0,0.00244141
00012270_005.png,Effusion,0.0,0.00240898
00012270_005.png,Infiltration,0.0,0.00240326
00012270_005.png,Effusion,0.0,0.00239563
00012270_005.png,Cardiomegaly,0.0,0.00236511
00012270_005.png,Mass,0.0,0.00231743
00012270_005.png,Effusion,0.0,0.00230026
00012270_005.png,Cardiomegaly,0.0,0.00229454
00012270_005.png,Infiltration,0.0,0.00229073
00012270_005.png,Atelectasis,0.0,0.00228691
00012270_005.png,Mass,0.0,0.00224113
00012270_005.png,Cardiomegaly,0.0,0.00223541
00012270_005.png,Infiltration,0.0,0.00222397
00012270_005.png,Effusion,0.0,0.00215912
00012270_005.png,Effusion,0.0,0.00215721
00012270_005.png,Infiltration,0.0,0.00212288
00012270_005.png,Effusion,0.0,0.00211334
00012270_005.png,Infiltration,0.0,0.00210953
00012270_005.png,Effusion,0.0,0.00207901
00012270_005.png,Atelectasis,0.0,0.00207901
00012270_005.png,Effusion,0.1316992070654496,0.00206757
00012270_005.png,Cardiomegaly,0.0,0.00205803
00012270_005.png,Cardiomegaly,0.0,0.00195885
00012270_005.png,Effusion,0.0,0.00184345
00012270_005.png,Effusion,0.0,0.0018034
00012270_005.png,Infiltration,0.0,0.00177956
00012270_005.png,Mass,0.0,0.00174046
00012270_005.png,Effusion,0.033529389562862694,0.0017395
00012270_005.png,Mass,0.0,0.00170612
00012270_005.png,Effusion,0.0,0.00170231
00012270_005.png,Infiltration,0.0,0.00161457
00012270_005.png,Effusion,0.005123022895666007,0.00160408
00012270_005.png,Infiltration,0.0,0.0015974
00012270_005.png,Effusion,0.0,0.0015955
00012270_005.png,Infiltration,0.0,0.0015955
00012270_005.png,Mass,0.0,0.00158024
00012270_005.png,Effusion,0.0,0.00154114
00012270_005.png,Mass,0.0,0.0015316
00012270_005.png,Cardiomegaly,0.0,0.0015316
00012270_005.png,Mass,0.0,0.00152206
00012270_005.png,Effusion,0.0,0.00151539
00012270_005.png,Mass,0.0,0.00149441
00012270_005.png,Effusion,0.0,0.00148773
00012270_005.png,Effusion,0.0,0.00148392
00012270_005.png,Effusion,0.0,0.00146866
00012270_005.png,Cardiomegaly,0.0,0.00145435
00012270_005.png,Infiltration,0.0,0.00142288
00012270_005.png,Infiltration,0.0,0.00141239
00012270_005.png,Effusion,0.0,0.00139904
00012270_005.png,Effusion,0.0,0.00137711
00012270_005.png,Infiltration,0.0019877379119357694,0.0013752
00012270_005.png,Effusion,0.0,0.00136566
00012270_005.png,Infiltration,0.0,0.00132942
00012270_005.png,Infiltration,0.0,0.00130272
00012270_005.png,Mass,0.0,0.00130081
00012270_005.png,Mass,0.0,0.00129414
00012270_005.png,Effusion,0.0,0.00128746
00012270_005.png,Effusion,0.0,0.00128651
00012270_005.png,Cardiomegaly,0.0,0.0012846
00012270_005.png,Mass,0.0,0.00127697
00012270_005.png,Effusion,0.0,0.0012722
00012270_005.png,Effusion,0.0,0.00127125
00012270_005.png,Cardiomegaly,0.0,0.00124931
00012270_005.png,Effusion,0.0,0.00124836
00012270_005.png,Effusion,0.0,0.00123119
00012270_005.png,Effusion,0.0,0.00121689
00012270_005.png,Infiltration,0.0,0.00120831
00012270_005.png,Infiltration,0.0,0.00120544
00012270_005.png,Effusion,0.0,0.001194
00012270_005.png,Mass,0.0,0.00118828
00012270_005.png,Effusion,0.0,0.00118637
00012270_005.png,Effusion,0.0,0.00117397
00012270_005.png,Mass,0.0,0.00117207
00012270_005.png,Effusion,0.0,0.00115967
00012270_005.png,Cardiomegaly,0.0022215217944354273,0.00114918
00012270_005.png,Effusion,0.0,0.0011425
00012270_005.png,Effusion,0.0,0.00114059
00012270_005.png,Effusion,0.0,0.00113583
00012270_005.png,Cardiomegaly,0.0,0.00113297
00012270_005.png,Effusion,0.0,0.00111961
00012270_005.png,Effusion,0.0,0.00111866
00012270_005.png,Effusion,0.0,0.00111485
00012270_005.png,Mass,0.0,0.00111485
00012270_005.png,Mass,0.0,0.00110245
00012270_005.png,Effusion,0.0,0.00105572
00012270_005.png,Infiltration,0.0,0.0010376
00012270_005.png,Effusion,0.012405835717952297,0.0010376
00012270_005.png,Effusion,0.0,0.00103378
00012270_005.png,Effusion,0.0,0.00102615
00012270_005.png,Effusion,0.23577251000102262,0.00102329
00012270_005.png,Infiltration,0.0,0.00102043
00012270_005.png,Infiltration,0.011699556390890237,0.0010128
00012270_005.png,Cardiomegaly,0.0,0.00100422
00012270_005.png,Cardiomegaly,0.0,0.00100327
00020393_001.png,Mass,0.0,0.363037
00020393_001.png,Mass,0.0,0.0912476
00020393_001.png,Atelectasis,0.0,0.0724487
00020393_001.png,Mass,0.0,0.0341797
00020393_001.png,Cardiomegaly,0.0,0.0210266
00020393_001.png,Effusion,0.0,0.0169373
00020393_001.png,Effusion,0.0,0.0165558
00020393_001.png,Cardiomegaly,0.014486383155067367,0.0161438
00020393_001.png,Infiltration,0.0,0.016098
00020393_001.png,Effusion,0.0,0.0147171
00020393_001.png,Effusion,0.0,0.0106277
00020393_001.png,Effusion,0.0,0.0104141
00020393_001.png,Infiltration,0.0,0.00965118
00020393_001.png,Effusion,0.0,0.00940704
00020393_001.png,Cardiomegaly,0.0,0.00911713
00020393_001.png,Effusion,0.0,0.00820923
00020393_001.png,Mass,0.0,0.00800323
00020393_001.png,Infiltration,0.0,0.00785065
00020393_001.png,Effusion,0.0,0.00772476
00020393_001.png,Effusion,0.0,0.00751495
00020393_001.png,Effusion,0.0,0.00731277
00020393_001.png,Effusion,0.0,0.00701523
00020393_001.png,Mass,0.0,0.00668716
00020393_001.png,Mass,0.0,0.00628281
00020393_001.png,Mass,0.0,0.00614166
00020393_001.png,Cardiomegaly,0.0,0.00602722
00020393_001.png,Effusion,0.0,0.00559998
00020393_001.png,Infiltration,0.0,0.00515366
00020393_001.png,Effusion,0.0,0.00509262
00020393_001.png,Effusion,0.0,0.00507736
00020393_001.png,Cardiomegaly,0.0,0.00482178
00020393_001.png,Cardiomegaly,0.0,0.00479889
00020393_001.png,Effusion,0.0,0.00460434
00020393_001.png,Cardiomegaly,0.0,0.00442886
00020393_001.png,Effusion,0.0,0.00435257
00020393_001.png,Infiltration,0.0,0.00428009
00020393_001.png,Cardiomegaly,0.0,0.00422668
00020393_001.png,Infiltration,0.0,0.0042038
00020393_001.png,Cardiomegaly,0.0,0.00415421
00020393_001.png,Effusion,0.0,0.00406647
00020393_001.png,Atelectasis,0.0,0.00366783
00020393_001.png,Effusion,0.0,0.00360107
00020393_001.png,Infiltration,0.0,0.00352669
00020393_001.png,Effusion,0.0,0.00342941
00020393_001.png,Effusion,0.0,0.00337982
00020393_001.png,Cardiomegaly,0.0,0.00329018
00020393_001.png,Mass,0.0,0.00325584
00020393_001.png,Effusion,0.0,0.00314331
00020393_001.png,Cardiomegaly,0.0,0.00310707
00020393_001.png,Infiltration,0.0,0.00282288
00020393_001.png,Cardiomegaly,0.0,0.00278854
00020393_001.png,Cardiomegaly,0.02485777855520604,0.00278091
00020393_001.png,Effusion,0.0,0.00273323
00020393_001.png,Mass,0.0346371121494306,0.00257874
00020393_001.png,Mass,0.0,0.00253868
00020393_001.png,Effusion,0.0,0.00238419
00020393_001.png,Effusion,0.06828376089922421,0.00231552
00020393_001.png,Mass,0.0,0.00231361
00020393_001.png,Infiltration,0.0,0.00231171
00020393_001.png,Infiltration,0.0,0.00230598
00020393_001.png,Cardiomegaly,0.0,0.0022831
00020393_001.png,Effusion,0.4462051851107229,0.00227547
00020393_001.png,Effusion,0.0,0.00223732
00020393_001.png,Cardiomegaly,0.0,0.00221634
00020393_001.png,Effusion,0.0,0.00219917
00020393_001.png,Infiltration,0.0,0.00217819
00020393_001.png,Infiltration,0.0,0.00215721
00020393_001.png,Mass,0.10732322524607729,0.0021553
00020393_001.png,Effusion,0.0,0.00206375
00020393_001.png,Cardiomegaly,0.0,0.00205231
00020393_001.png,Cardiomegaly,0.0,0.00204849
00020393_001.png,Infiltration,0.0,0.00201416
00020393_001.png,Infiltration,0.0,0.00200653
00020393_001.png,Effusion,0.0,0.00196075
00020393_001.png,Infiltration,0.0,0.00195885
00020393_001.png,Mass,0.0,0.00180817
00020393_001.png,Effusion,0.0,0.00173569
00020393_001.png,Infiltration,0.0,0.00173378
00020393_001.png,Infiltration,0.0,0.00173187
00020393_001.png,Cardiomegaly,0.05494707622296832,0.00172043
00020393_001.png,Effusion,0.0,0.00170422
00020393_001.png,Infiltration,0.0,0.00170231
00020393_001.png,Cardiomegaly,0.0,0.00169754
00020393_001.png,Infiltration,0.0,0.00167656
00020393_001.png,Effusion,0.0,0.00165462
00020393_001.png,Effusion,0.0,0.00165367
00020393_001.png,Mass,0.0,0.00164604
00020393_001.png,Effusion,0.0,0.00162983
00020393_001.png,Infiltration,0.0,0.00161934
00020393_001.png,Infiltration,0.0,0.0015974
00020393_001.png,Effusion,0.0,0.00154114
00020393_001.png,Effusion,0.0,0.00151062
00020393_001.png,Effusion,0.0,0.00150967
00020393_001.png,Effusion,0.0,0.00142097
00020393_001.png,Effusion,0.0,0.00140667
00020393_001.png,Effusion,0.0,0.00138569
00020393_001.png,Infiltration,0.0,0.00137615
00020393_001.png,Mass,0.0,0.00137424
00020393_001.png,Mass,0.0,0.00137138
00020393_001.png,Infiltration,0.0,0.0013504
00020393_001.png,Cardiomegaly,0.0,0.00133991
00020393_001.png,Mass,0.0,0.00131798
00020393_001.png,Infiltration,0.0,0.00130463
00020393_001.png,Effusion,0.0,0.0012989
00020393_001.png,Cardiomegaly,0.0,0.00129223
00020393_001.png,Infiltration,0.0,0.0012455
00020393_001.png,Effusion,0.0,0.00124073
00020393_001.png,Mass,0.19486858579719205,0.00123692
00020393_001.png,Effusion,0.0,0.00119114
00020393_001.png,Cardiomegaly,0.0,0.00117588
00020393_001.png,Effusion,0.0,0.00115395
00020393_001.png,Cardiomegaly,0.0,0.00111771
00020393_001.png,Effusion,0.0,0.00111198
00020393_001.png,Cardiomegaly,0.028595672492913924,0.00111198
00020393_001.png,Infiltration,0.0,0.00108814
00020393_001.png,Effusion,0.0,0.00108528
00020393_001.png,Mass,0.0,0.00108242
00020393_001.png,Infiltration,0.0,0.00107193
00020393_001.png,Effusion,0.0,0.00105858
00020393_001.png,Infiltration,0.0,0.0010519
00020393_001.png,Infiltration,0.0,0.00105
00020393_001.png,Cardiomegaly,0.0,0.00105
00020393_001.png,Effusion,0.0,0.00103951
00020393_001.png,Cardiomegaly,0.0,0.00101757
00020393_001.png,Effusion,0.0,0.00101566
00020393_001.png,Effusion,0.0,0.00100517
00020393_001.png,Effusion,0.0,0.00100231
00006851_033.png,Effusion,0.0,0.0629883
00006851_033.png,Cardiomegaly,0.08326416956956781,0.0587769
00006851_033.png,Infiltration,0.255033888747674,0.0514221
00006851_033.png,Atelectasis,0.01583421432473919,0.0193176
00006851_033.png,Infiltration,0.04724629495696083,0.0150604
00006851_033.png,Infiltration,0.4706667705393203,0.0139313
00006851_033.png,Cardiomegaly,0.0823387771894115,0.0119095
00006851_033.png,Effusion,0.0,0.00959778
00006851_033.png,Atelectasis,0.0,0.00910187
00006851_033.png,Infiltration,0.0,0.00860596
00006851_033.png,Effusion,0.0,0.00771713
00006851_033.png,Cardiomegaly,0.15591694534232858,0.00766754
00006851_033.png,Infiltration,0.0,0.00761795
00006851_033.png,Cardiomegaly,0.05383850853462276,0.00754929
00006851_033.png,Effusion,0.0,0.00751495
00006851_033.png,Effusion,0.0,0.00746155
00006851_033.png,Cardiomegaly,0.0694318704978972,0.00707626
00006851_033.png,Infiltration,0.13986027714242857,0.00678253
00006851_033.png,Infiltration,0.0,0.00673676
00006851_033.png,Effusion,0.0,0.00616455
00006851_033.png,Atelectasis,0.013483943779336488,0.00529861
00006851_033.png,Effusion,0.0,0.00477982
00006851_033.png,Infiltration,0.0,0.00452805
00006851_033.png,Effusion,0.0,0.00447464
00006851_033.png,Infiltration,0.0,0.00442886
00006851_033.png,Infiltration,0.0,0.00437546
00006851_033.png,Infiltration,0.0,0.00427246
00006851_033.png,Infiltration,0.0,0.00411224
00006851_033.png,Infiltration,0.0,0.00409698
00006851_033.png,Infiltration,0.0,0.00399017
00006851_033.png,Effusion,0.0,0.00390053
00006851_033.png,Infiltration,0.10759324171267264,0.00365829
00006851_033.png,Infiltration,0.2739203953996433,0.00350761
00006851_033.png,Effusion,0.0,0.00349045
00006851_033.png,Infiltration,0.0,0.0033989
00006851_033.png,Infiltration,0.0,0.00337219
00006851_033.png,Cardiomegaly,0.0,0.00335312
00006851_033.png,Mass,0.0,0.00328636
00006851_033.png,Mass,0.0,0.00323486
00006851_033.png,Infiltration,0.36387834271646036,0.00315857
00006851_033.png,Cardiomegaly,0.08120756531761675,0.00313187
00006851_033.png,Infiltration,0.0,0.0030899
00006851_033.png,Infiltration,0.0,0.00302315
00006851_033.png,Cardiomegaly,0.0,0.002985
00006851_033.png,Cardiomegaly,0.17994714730647593,0.0029068
00006851_033.png,Effusion,0.0,0.00283813
00006851_033.png,Effusion,0.0,0.00275612
00006851_033.png,Infiltration,0.0,0.00270081
00006851_033.png,Infiltration,0.0,0.00269508
00006851_033.png,Atelectasis,0.0049634233762016,0.00263023
00006851_033.png,Cardiomegaly,0.2278990993804988,0.00254822
00006851_033.png,Infiltration,0.057949699643752656,0.00230789
00006851_033.png,Infiltration,0.11339535401798487,0.00208282
00006851_033.png,Cardiomegaly,0.328697807471728,0.00206184
00006851_033.png,Infiltration,0.04162951494189313,0.00206184
00006851_033.png,Effusion,0.0,0.00205421
00006851_033.png,Infiltration,0.0,0.00205231
00006851_033.png,Infiltration,0.14928935823058448,0.0020256
00006851_033.png,Effusion,0.11848054976620088,0.0020237
00006851_033.png,Infiltration,0.0,0.00201416
00006851_033.png,Cardiomegaly,0.07780716205286804,0.0019989
00006851_033.png,Cardiomegaly,0.09298003768271905,0.00199699
00006851_033.png,Cardiomegaly,0.027983392743453475,0.00199509
00006851_033.png,Infiltration,0.06495861340314843,0.00195885
00006851_033.png,Effusion,0.0,0.00193405
00006851_033.png,Cardiomegaly,0.052407863509220685,0.00193405
00006851_033.png,Effusion,0.0,0.00193214
00006851_033.png,Infiltration,0.0,0.00188446
00006851_033.png,Infiltration,0.08989685974636019,0.0018301
00006851_033.png,Cardiomegaly,0.2739203953996433,0.00177383
00006851_033.png,Cardiomegaly,0.0,0.00169754
00006851_033.png,Infiltration,0.29767032759745243,0.00166798
00006851_033.png,Infiltration,0.15591694534232858,0.00164223
00006851_033.png,Effusion,0.0,0.0016222
00006851_033.png,Infiltration,0.0,0.00145817
00006851_033.png,Infiltration,0.11848054976620088,0.00142288
00006851_033.png,Infiltration,0.0,0.00141239
00006851_033.png,Infiltration,0.04646115940285863,0.00136566
00006851_033.png,Infiltration,0.0,0.00135612
00006851_033.png,Effusion,0.0,0.00131893
00006851_033.png,Effusion,0.0,0.00131702
00006851_033.png,Atelectasis,0.05383850853462276,0.0013113
00006851_033.png,Infiltration,0.0,0.00130653
00006851_033.png,Atelectasis,0.05580245247016406,0.00127411
00006851_033.png,Cardiomegaly,0.3873266697084697,0.00127316
00006851_033.png,Cardiomegaly,0.15769413289280243,0.00126362
00006851_033.png,Effusion,0.0,0.00126171
00006851_033.png,Effusion,0.0,0.00123787
00006851_033.png,Infiltration,0.0,0.00122833
00006851_033.png,Cardiomegaly,0.0,0.00121784
00006851_033.png,Effusion,0.0,0.001194
00006851_033.png,Effusion,0.044070340110083185,0.00119114
00006851_033.png,Mass,0.0,0.00118351
00006851_033.png,Effusion,0.08120756531761675,0.00117016
00006851_033.png,Effusion,0.0,0.00115967
00006851_033.png,Effusion,0.0,0.00114346
00006851_033.png,Infiltration,0.08538719692673746,0.00113297
00006851_033.png,Infiltration,0.1295529327003205,0.00113297
00006851_033.png,Infiltration,0.0,0.00111961
00006851_033.png,Cardiomegaly,0.0,0.00111675
00006851_033.png,Effusion,0.15807925038033152,0.00110054
00006851_033.png,Mass,0.0,0.00109768
00006851_033.png,Mass,0.0,0.00107574
00006851_033.png,Mass,0.0,0.00107479
00006851_033.png,Cardiomegaly,0.0,0.00106621
00006851_033.png,Effusion,0.0,0.0010519
00006851_033.png,Effusion,0.0,0.00104904
00006851_033.png,Infiltration,0.01986893108494326,0.00101376
00027213_044.png,Mass,0.0,0.0957642
00027213_044.png,Atelectasis,0.1480717065168095,0.0899048
00027213_044.png,Mass,0.12038753192328695,0.0656128
00027213_044.png,Mass,0.0,0.0593872
00027213_044.png,Atelectasis,0.0,0.04245
00027213_044.png,Mass,0.2733397996953691,0.0273895
00027213_044.png,Mass,0.26274277777310956,0.0270233
00027213_044.png,Mass,0.06872987282314433,0.0204468
00027213_044.png,Mass,0.18847987436693786,0.0185699
00027213_044.png,Mass,0.3412361662164323,0.014679
00027213_044.png,Mass,0.0,0.0142975
00027213_044.png,Infiltration,0.0,0.0139008
00027213_044.png,Effusion,0.0,0.0137939
00027213_044.png,Cardiomegaly,0.0,0.0133896
00027213_044.png,Mass,0.0,0.0131989
00027213_044.png,Infiltration,0.0,0.0121689
00027213_044.png,Mass,0.0,0.0118713
00027213_044.png,Cardiomegaly,0.0,0.00874329
00027213_044.png,Atelectasis,0.022815787739922756,0.00868988
00027213_044.png,Mass,0.1984101476867922,0.00856018
00027213_044.png,Mass,0.0,0.0083847
00027213_044.png,Effusion,0.021502742080215596,0.00775528
00027213_044.png,Cardiomegaly,0.0,0.00754166
00027213_044.png,Mass,0.21451969744017163,0.00748825
00027213_044.png,Atelectasis,0.0,0.00744629
00027213_044.png,Mass,0.14801605426565964,0.00722504
00027213_044.png,Mass,0.29146536232045206,0.00719452
00027213_044.png,Mass,0.0,0.0067215
00027213_044.png,Effusion,0.0,0.00619888
00027213_044.png,Mass,0.09765865298431002,0.00471497
00027213_044.png,Mass,0.41960935016880063,0.00450134
00027213_044.png,Effusion,0.0026637844204421292,0.0044632
00027213_044.png,Effusion,0.0,0.00444794
00027213_044.png,Mass,0.0,0.0043335
00027213_044.png,Cardiomegaly,0.0,0.00426102
00027213_044.png,Mass,0.0,0.00402451
00027213_044.png,Mass,0.04674528875831197,0.0039711
00027213_044.png,Effusion,0.0,0.00388336
00027213_044.png,Mass,0.533821691630043,0.0038681
00027213_044.png,Mass,0.0,0.00377464
00027213_044.png,Mass,0.13653111010084049,0.00370789
00027213_044.png,Effusion,0.0,0.00316811
00027213_044.png,Effusion,0.0,0.0031662
00027213_044.png,Mass,0.10390131731550616,0.00303841
00027213_044.png,Mass,0.0,0.00287437
00027213_044.png,Infiltration,0.0,0.00272369
00027213_044.png,Mass,0.1572863253014249,0.0026226
00027213_044.png,Mass,0.21515516564783835,0.00259399
00027213_044.png,Infiltration,0.0,0.0025425
00027213_044.png,Infiltration,0.0,0.00249863
00027213_044.png,Mass,0.0,0.00245285
00027213_044.png,Mass,0.249274534074547,0.00230598
00027213_044.png,Mass,0.07763235352941175,0.00230026
00027213_044.png,Mass,0.0,0.00230026
00027213_044.png,Effusion,0.03434442128915325,0.00219154
00027213_044.png,Effusion,0.0,0.0021553
00027213_044.png,Effusion,0.0,0.00203705
00027213_044.png,Atelectasis,0.21020020892588795,0.0020237
00027213_044.png,Cardiomegaly,0.0,0.00199318
00027213_044.png,Mass,0.0,0.00198364
00027213_044.png,Effusion,0.0,0.00193787
00027213_044.png,Effusion,0.0,0.00192261
00027213_044.png,Effusion,0.0,0.00192165
00027213_044.png,Mass,0.05034630377870206,0.00191879
00027213_044.png,Cardiomegaly,0.0,0.00189972
00027213_044.png,Cardiomegaly,0.0,0.001894
00027213_044.png,Effusion,0.030453050405587587,0.00189304
00027213_044.png,Infiltration,0.0028039333844675166,0.00186634
00027213_044.png,Effusion,0.020414980368845943,0.00183582
00027213_044.png,Effusion,0.024266276078458524,0.00180817
00027213_044.png,Effusion,0.0,0.001791
00027213_044.png,Mass,0.0,0.00178719
00027213_044.png,Effusion,0.04850037755062313,0.00172138
00027213_044.png,Atelectasis,0.0,0.00166893
00027213_044.png,Effusion,0.0,0.00166702
00027213_044.png,Infiltration,0.0,0.00165653
00027213_044.png,Effusion,0.02271988391144505,0.00165176
00027213_044.png,Cardiomegaly,0.06337026560357688,0.00164795
00027213_044.png,Effusion,0.0,0.00164604
00027213_044.png,Mass,0.0,0.00164413
00027213_044.png,Mass,0.45613454444304596,0.00163651
00027213_044.png,Infiltration,0.0784406040535167,0.0016222
00027213_044.png,Cardiomegaly,0.0,0.001544
00027213_044.png,Mass,0.0,0.00153065
00027213_044.png,Effusion,0.0,0.00150776
00027213_044.png,Effusion,0.029804364158972932,0.00141907
00027213_044.png,Mass,0.4863055852654204,0.00140858
00027213_044.png,Effusion,0.01841581054285719,0.00138378
00027213_044.png,Effusion,0.0,0.00137711
00027213_044.png,Atelectasis,0.04556830679923976,0.00136757
00027213_044.png,Effusion,0.0,0.00136566
00027213_044.png,Effusion,0.0,0.00132942
00027213_044.png,Effusion,0.023334781505877946,0.00129318
00027213_044.png,Mass,0.0,0.00129318
00027213_044.png,Mass,0.0,0.00124264
00027213_044.png,Mass,0.2660127030978263,0.00124168
00027213_044.png,Cardiomegaly,0.0,0.00122643
00027213_044.png,Mass,0.0,0.00122452
00027213_044.png,Effusion,0.04332387377185409,0.00122166
00027213_044.png,Infiltration,0.17882326859051267,0.00121498
00027213_044.png,Mass,0.0,0.00121307
00027213_044.png,Mass,0.030334344138443062,0.00119495
00027213_044.png,Infiltration,0.0,0.00119114
00027213_044.png,Mass,0.0,0.00118637
00027213_044.png,Effusion,0.0,0.0011673
00027213_044.png,Infiltration,0.0,0.00116634
00027213_044.png,Mass,0.23369881760410346,0.00116539
00027213_044.png,Effusion,0.085729014264706,0.00115871
00027213_044.png,Effusion,0.004790912337020793,0.00115871
00027213_044.png,Cardiomegaly,0.0,0.00113869
00027213_044.png,Effusion,0.0,0.00113678
00027213_044.png,Effusion,0.0601510496352074,0.001091
00027213_044.png,Effusion,0.027505627377054524,0.00108433
00027213_044.png,Effusion,0.0,0.00107002
00027213_044.png,Effusion,0.0,0.00106525
00027213_044.png,Effusion,0.036012357476781824,0.00106335
00027213_044.png,Cardiomegaly,0.019341848335408956,0.00105953
00027213_044.png,Mass,0.0,0.00105858
00027213_044.png,Effusion,0.0,0.00103951
00027213_044.png,Cardiomegaly,0.0,0.0010252
00027213_044.png,Effusion,0.0,0.00101948
00027213_044.png,Mass,0.08596392680658586,0.00101185
00027213_044.png,Mass,0.0,0.00101185
00027213_044.png,Effusion,0.0,0.00100231
00001534_005.png,Atelectasis,0.8580912268741829,0.626465
00001534_005.png,Mass,0.09479014944245337,0.262939
00001534_005.png,Infiltration,0.016051935301018123,0.176636
00001534_005.png,Mass,0.0671777329095509,0.158691
00001534_005.png,Effusion,0.0,0.0890503
00001534_005.png,Mass,0.10688588103373041,0.0691528
00001534_005.png,Infiltration,0.0,0.0580444
00001534_005.png,Mass,0.04680763689048811,0.0554199
00001534_005.png,Infiltration,0.020788812920888248,0.0541077
00001534_005.png,Infiltration,0.18143999978264952,0.0434265
00001534_005.png,Effusion,0.09500840364953686,0.0377502
00001534_005.png,Mass,0.1474101324740499,0.037262
00001534_005.png,Infiltration,0.2608708798133255,0.0368958
00001534_005.png,Mass,0.07934013197903014,0.0299683
00001534_005.png,Mass,0.06334361862062735,0.0232697
00001534_005.png,Cardiomegaly,0.0,0.015007
00001534_005.png,Infiltration,0.022064779465963483,0.0144043
00001534_005.png,Infiltration,0.006882272662596406,0.012825
00001534_005.png,Infiltration,0.028384575155948243,0.0123138
00001534_005.png,Infiltration,0.005626150382026797,0.0112305
00001534_005.png,Mass,0.009393020513181185,0.0107346
00001534_005.png,Infiltration,0.03906395291619208,0.0103531
00001534_005.png,Cardiomegaly,0.0,0.0102921
00001534_005.png,Infiltration,0.07890793671676583,0.0100632
00001534_005.png,Effusion,0.02892551888678761,0.00844574
00001534_005.png,Infiltration,0.02079274467862567,0.00766373
00001534_005.png,Infiltration,0.0363639902485879,0.00695419
00001534_005.png,Infiltration,0.5149092214508081,0.00637054
00001534_005.png,Infiltration,0.0,0.00629807
00001534_005.png,Cardiomegaly,0.2715499068180397,0.00589371
00001534_005.png,Infiltration,0.05116874062198938,0.00579453
00001534_005.png,Effusion,0.18143999978264952,0.00565338
00001534_005.png,Effusion,0.048601111829795096,0.00563431
00001534_005.png,Mass,0.0,0.00497055
00001534_005.png,Infiltration,0.08887420575660383,0.00473404
00001534_005.png,Mass,0.0,0.00419998
00001534_005.png,Infiltration,0.0,0.00417328
00001534_005.png,Infiltration,0.09162226570292668,0.00411606
00001534_005.png,Infiltration,0.011710446286035112,0.00399017
00001534_005.png,Cardiomegaly,0.0,0.00391006
00001534_005.png,Infiltration,0.027842425645882126,0.00385094
00001534_005.png,Mass,0.07091273791531288,0.0038414
00001534_005.png,Effusion,0.0,0.00382614
00001534_005.png,Mass,0.07957595366759454,0.00361633
00001534_005.png,Cardiomegaly,0.038303668378134544,0.00352097
00001534_005.png,Mass,0.0,0.00349617
00001534_005.png,Infiltration,0.045443395031855655,0.0032711
00001534_005.png,Mass,0.0,0.00325966
00001534_005.png,Mass,0.1872996492150273,0.00325966
00001534_005.png,Effusion,0.014407047980182134,0.00317383
00001534_005.png,Effusion,0.0,0.00300789
00001534_005.png,Effusion,0.09021673785719697,0.00289917
00001534_005.png,Infiltration,0.09539105386482233,0.00285339
00001534_005.png,Effusion,0.04915705868681999,0.00278854
00001534_005.png,Effusion,0.02488588928246279,0.00278664
00001534_005.png,Effusion,0.0644043751436578,0.00273705
00001534_005.png,Cardiomegaly,0.2139181279109514,0.00272942
00001534_005.png,Atelectasis,0.5149092214508081,0.00271988
00001534_005.png,Mass,0.0,0.00262833
00001534_005.png,Effusion,0.06510724604561453,0.00261116
00001534_005.png,Infiltration,0.0589594285419132,0.00254059
00001534_005.png,Cardiomegaly,0.07217122190760851,0.00246048
00001534_005.png,Mass,0.0,0.00243187
00001534_005.png,Cardiomegaly,0.053825693053176214,0.0023632
00001534_005.png,Mass,0.0,0.00234795
00001534_005.png,Effusion,0.0,0.00230026
00001534_005.png,Effusion,0.0,0.00217247
00001534_005.png,Effusion,0.0,0.0019989
00001534_005.png,Cardiomegaly,0.0,0.00189114
00001534_005.png,Mass,0.12360779213408178,0.00187969
00001534_005.png,Mass,0.04309513095779053,0.00185394
00001534_005.png,Infiltration,0.01433847886252687,0.00183105
00001534_005.png,Cardiomegaly,0.06464163655398486,0.00179958
00001534_005.png,Effusion,0.0,0.001791
00001534_005.png,Cardiomegaly,0.0,0.00176525
00001534_005.png,Effusion,0.0,0.0016861
00001534_005.png,Cardiomegaly,0.04915705868681999,0.00167561
00001534_005.png,Cardiomegaly,0.003163485618528927,0.00162029
00001534_005.png,Effusion,0.0,0.00160885
00001534_005.png,Effusion,0.0,0.00154972
00001534_005.png,Cardiomegaly,0.06050754360960144,0.00153923
00001534_005.png,Cardiomegaly,0.0,0.00150967
00001534_005.png,Mass,0.08134867689924082,0.00148296
00001534_005.png,Infiltration,0.1360953754309114,0.00139046
00001534_005.png,Mass,0.0,0.00137329
00001534_005.png,Mass,0.04066195405925485,0.00136948
00001534_005.png,Infiltration,0.32042584389390655,0.00132465
00001534_005.png,Effusion,0.05860209494095794,0.00131035
00001534_005.png,Effusion,0.06497655276429869,0.00129509
00001534_005.png,Effusion,0.00431142423361646,0.00127506
00001534_005.png,Effusion,0.0,0.00126076
00001534_005.png,Infiltration,0.028794412546076953,0.00124741
00001534_005.png,Infiltration,0.06679144317422517,0.0012455
00001534_005.png,Infiltration,0.7731510689622834,0.0012455
00001534_005.png,Infiltration,0.009678972952018503,0.00124168
00001534_005.png,Infiltration,0.02057503484179612,0.00123978
00001534_005.png,Mass,0.0,0.00119305
00001534_005.png,Infiltration,0.17542180354545162,0.00118542
00001534_005.png,Infiltration,0.22023818370895365,0.00116825
00001534_005.png,Cardiomegaly,0.00016797204206362421,0.00115967
00001534_005.png,Infiltration,0.04292699389199354,0.00111389
00001534_005.png,Cardiomegaly,0.0,0.00111389
00001534_005.png,Infiltration,0.11273325508871744,0.00110722
00001534_005.png,Effusion,0.0,0.00110245
00001534_005.png,Infiltration,0.0,0.00110054
00001534_005.png,Cardiomegaly,0.0,0.00110054
00001534_005.png,Effusion,0.028794412546076953,0.00109386
00001534_005.png,Mass,0.0,0.00109291
00001534_005.png,Mass,0.14745460624937706,0.00108433
00001534_005.png,Effusion,0.0,0.00108242
00001534_005.png,Effusion,0.0039011037707013803,0.00105858
00001534_005.png,Effusion,0.06050754360960144,0.00104904
00017137_016.png,Infiltration,0.0,0.0387573
00017137_016.png,Atelectasis,0.11251417625785202,0.0277405
00017137_016.png,Effusion,0.11861364068204865,0.0250244
00017137_016.png,Effusion,0.0,0.0198517
00017137_016.png,Cardiomegaly,0.1439973838693637,0.0188446
00017137_016.png,Cardiomegaly,0.1428903088469205,0.0184174
00017137_016.png,Infiltration,0.0,0.0145874
00017137_016.png,Cardiomegaly,0.32610811930106703,0.0127106
00017137_016.png,Mass,0.0,0.0116043
00017137_016.png,Cardiomegaly,0.3544508511258542,0.0109406
00017137_016.png,Infiltration,0.11861364068204865,0.0105438
00017137_016.png,Infiltration,0.15152898640299167,0.00997925
00017137_016.png,Infiltration,0.0,0.00904846
00017137_016.png,Infiltration,0.0,0.00830841
00017137_016.png,Cardiomegaly,0.22013170708353708,0.00742722
00017137_016.png,Mass,0.0,0.00718689
00017137_016.png,Cardiomegaly,0.23083869423586612,0.00704575
00017137_016.png,Effusion,0.1550153521389843,0.00669479
00017137_016.png,Infiltration,0.2223328399356998,0.00640869
00017137_016.png,Cardiomegaly,0.05792455687164441,0.00610352
00017137_016.png,Infiltration,0.21729979581386968,0.00598145
00017137_016.png,Atelectasis,0.12952224895345416,0.00511932
00017137_016.png,Cardiomegaly,0.27203073378130316,0.00493622
00017137_016.png,Cardiomegaly,0.1368359142340395,0.00473404
00017137_016.png,Cardiomegaly,0.08490877537889216,0.00466156
00017137_016.png,Effusion,0.0,0.00437927
00017137_016.png,Mass,0.0,0.00432587
00017137_016.png,Effusion,0.0,0.00417328
00017137_016.png,Cardiomegaly,0.4880194562084053,0.00383186
00017137_016.png,Effusion,0.0,0.00378418
00017137_016.png,Effusion,0.0,0.00367355
00017137_016.png,Effusion,0.0,0.00366211
00017137_016.png,Cardiomegaly,0.19138420625956662,0.00359726
00017137_016.png,Mass,0.0,0.00352287
00017137_016.png,Effusion,0.0,0.00344086
00017137_016.png,Infiltration,0.15397065258202994,0.00343513
00017137_016.png,Mass,0.21768659569585674,0.00331306
00017137_016.png,Cardiomegaly,0.22007049262587458,0.00331116
00017137_016.png,Infiltration,0.0,0.00315857
00017137_016.png,Mass,0.0,0.00306892
00017137_016.png,Cardiomegaly,0.08247728315082037,0.00299454
00017137_016.png,Cardiomegaly,0.06060149274848121,0.00293541
00017137_016.png,Effusion,0.0,0.00292969
00017137_016.png,Cardiomegaly,0.08773078212315505,0.00290489
00017137_016.png,Atelectasis,0.0973097272904894,0.00288963
00017137_016.png,Effusion,0.2223328399356998,0.00286484
00017137_016.png,Infiltration,0.13641193652306255,0.00258255
00017137_016.png,Effusion,0.0,0.0025692
00017137_016.png,Effusion,0.0,0.00253487
00017137_016.png,Cardiomegaly,0.045381771056706995,0.00247383
00017137_016.png,Infiltration,0.0,0.00244522
00017137_016.png,Infiltration,0.0,0.00244522
00017137_016.png,Cardiomegaly,0.10868967309512148,0.00242233
00017137_016.png,Cardiomegaly,0.16685023014839825,0.00237465
00017137_016.png,Infiltration,0.0,0.00224876
00017137_016.png,Effusion,0.040539763393717516,0.00221825
00017137_016.png,Effusion,0.0,0.00219917
00017137_016.png,Effusion,0.026573620121358957,0.00218964
00017137_016.png,Mass,0.0,0.0021801
00017137_016.png,Effusion,0.05399458265172002,0.00213623
00017137_016.png,Infiltration,0.0,0.00212479
00017137_016.png,Infiltration,0.1567615348829522,0.00208092
00017137_016.png,Mass,0.40196370493342626,0.00206375
00017137_016.png,Infiltration,0.0,0.00204277
00017137_016.png,Effusion,0.0,0.00198936
00017137_016.png,Infiltration,0.18932203754316607,0.00197601
00017137_016.png,Effusion,0.0,0.00190639
00017137_016.png,Effusion,0.0,0.00188541
00017137_016.png,Cardiomegaly,0.16167838166939014,0.0018692
00017137_016.png,Infiltration,0.0,0.00184727
00017137_016.png,Effusion,0.0,0.00183582
00017137_016.png,Effusion,0.08400891027970561,0.00175381
00017137_016.png,Effusion,0.0,0.00175285
00017137_016.png,Effusion,0.0,0.00175095
00017137_016.png,Effusion,0.0,0.00169086
00017137_016.png,Effusion,0.022382727162235015,0.00166702
00017137_016.png,Cardiomegaly,0.0,0.00166512
00017137_016.png,Effusion,0.0,0.00165272
00017137_016.png,Mass,0.19501794910263442,0.00164223
00017137_016.png,Infiltration,0.0,0.00163555
00017137_016.png,Mass,0.19755345585736706,0.00160789
00017137_016.png,Effusion,0.0,0.00159454
00017137_016.png,Effusion,0.0,0.00155926
00017137_016.png,Cardiomegaly,0.0,0.00153923
00017137_016.png,Infiltration,0.4077917956194617,0.00152874
00017137_016.png,Effusion,0.34625224731182663,0.00152779
00017137_016.png,Infiltration,0.34755427544622425,0.0014782
00017137_016.png,Effusion,0.0,0.00147343
00017137_016.png,Cardiomegaly,0.36398961205609215,0.00145149
00017137_016.png,Cardiomegaly,0.0,0.00142193
00017137_016.png,Mass,0.2773951977536546,0.0014143
00017137_016.png,Infiltration,0.02544392858681315,0.00141048
00017137_016.png,Mass,0.08679538579565779,0.00140953
00017137_016.png,Infiltration,0.0,0.00137329
00017137_016.png,Effusion,0.02739177983268338,0.0013628
00017137_016.png,Effusion,0.0,0.00136185
00017137_016.png,Effusion,0.0,0.00135422
00017137_016.png,Infiltration,0.0,0.00133896
00017137_016.png,Cardiomegaly,0.025264528843987482,0.00133514
00017137_016.png,Cardiomegaly,0.1534101610750626,0.00132751
00017137_016.png,Effusion,0.0,0.0013237
00017137_016.png,Infiltration,0.0,0.00130081
00017137_016.png,Effusion,0.02587944807766702,0.00126171
00017137_016.png,Mass,0.0,0.00125217
00017137_016.png,Cardiomegaly,0.0,0.00125217
00017137_016.png,Mass,0.14978596484275142,0.00121212
00017137_016.png,Infiltration,0.11301125046855903,0.00120544
00017137_016.png,Cardiomegaly,0.0,0.00119781
00017137_016.png,Infiltration,0.1803559359809215,0.00119114
00017137_016.png,Infiltration,0.19481793607239425,0.00118828
00017137_016.png,Effusion,0.0,0.00117111
00017137_016.png,Mass,0.0,0.00116062
00017137_016.png,Atelectasis,0.3451347521504337,0.00115967
00017137_016.png,Effusion,0.03403373396283495,0.00115776
00017137_016.png,Infiltration,0.0,0.00114059
00017137_016.png,Effusion,0.03030631285610395,0.00113964
00017137_016.png,Effusion,0.1493210862243252,0.00113964
00017137_016.png,Mass,0.0,0.00113487
00017137_016.png,Cardiomegaly,0.2810080412773841,0.00113392
00017137_016.png,Infiltration,0.0,0.00111771
00017137_016.png,Infiltration,0.0,0.00110722
00017137_016.png,Mass,0.03971803569175255,0.00107288
00017137_016.png,Mass,0.0,0.00106621
00017137_016.png,Cardiomegaly,0.0,0.00105762
00017137_016.png,Cardiomegaly,0.0,0.00105286
00017137_016.png,Effusion,0.08014390775705876,0.00103188
00017137_016.png,Mass,0.17812962103825855,0.00103092
00017137_016.png,Cardiomegaly,0.0,0.00102425
00017137_016.png,Cardiomegaly,0.11623741861589783,0.00101089
00013635_002.png,Atelectasis,0.8694419919629708,0.330811
00013635_002.png,Effusion,0.059074802012139466,0.144409
00013635_002.png,Mass,0.059902794522411595,0.0495605
00013635_002.png,Cardiomegaly,0.0,0.0476685
00013635_002.png,Effusion,0.0,0.0315247
00013635_002.png,Cardiomegaly,0.0,0.0246277
00013635_002.png,Cardiomegaly,0.0,0.0219269
00013635_002.png,Infiltration,0.0,0.016861
00013635_002.png,Cardiomegaly,0.0,0.0167236
00013635_002.png,Infiltration,0.0,0.0142899
00013635_002.png,Cardiomegaly,0.0,0.0110474
00013635_002.png,Mass,0.08454819808590847,0.0110092
00013635_002.png,Infiltration,0.22410742236057957,0.0109329
00013635_002.png,Cardiomegaly,0.0,0.00866699
00013635_002.png,Cardiomegaly,0.0,0.00786591
00013635_002.png,Effusion,0.022997970269229367,0.0064621
00013635_002.png,Effusion,0.10032172086077613,0.00638962
00013635_002.png,Infiltration,0.032542282333807855,0.00619888
00013635_002.png,Infiltration,0.1086478339243609,0.0052948
00013635_002.png,Effusion,0.011616194779562454,0.00501633
00013635_002.png,Mass,0.09988968957892547,0.00496674
00013635_002.png,Mass,0.15717125216574895,0.00470352
00013635_002.png,Effusion,0.016054244221333985,0.00460434
00013635_002.png,Infiltration,0.0013103981730225838,0.00439453
00013635_002.png,Mass,0.0,0.00426102
00013635_002.png,Infiltration,0.21015766093849533,0.00414276
00013635_002.png,Mass,0.0,0.00404358
00013635_002.png,Infiltration,0.03456525611546421,0.00385666
00013635_002.png,Infiltration,0.141695917689309,0.00374794
00013635_002.png,Cardiomegaly,0.0,0.00371933
00013635_002.png,Mass,0.0,0.00365067
00013635_002.png,Effusion,0.0912972736905486,0.00363541
00013635_002.png,Infiltration,0.23417457225283056,0.00354958
00013635_002.png,Mass,0.04575664208109037,0.00350952
00013635_002.png,Cardiomegaly,0.0,0.00339317
00013635_002.png,Effusion,0.0,0.00337601
00013635_002.png,Mass,0.05864719057565246,0.0033741
00013635_002.png,Effusion,0.018763157949157578,0.00326729
00013635_002.png,Mass,0.02310200592807359,0.00326729
00013635_002.png,Mass,0.035034052150627236,0.00324821
00013635_002.png,Effusion,0.015596461492707454,0.0030365
00013635_002.png,Effusion,0.006640128107266398,0.00299072
00013635_002.png,Atelectasis,0.4299454085518684,0.00295639
00013635_002.png,Cardiomegaly,0.0,0.00285339
00013635_002.png,Cardiomegaly,0.0,0.00285149
00013635_002.png,Effusion,0.0587648907055353,0.00265312
00013635_002.png,Effusion,0.012052858703902356,0.00263786
00013635_002.png,Cardiomegaly,0.0,0.0026226
00013635_002.png,Infiltration,0.017579988301152736,0.00260735
00013635_002.png,Infiltration,0.016952363495552177,0.0025692
00013635_002.png,Atelectasis,0.19104517132387053,0.00256157
00013635_002.png,Mass,0.0,0.00247955
00013635_002.png,Infiltration,0.0729501693473067,0.00245667
00013635_002.png,Infiltration,0.4060952162328176,0.00243568
00013635_002.png,Effusion,0.0687841708894705,0.00236511
00013635_002.png,Cardiomegaly,0.048030406119341625,0.00223351
00013635_002.png,Mass,0.10292516857041549,0.0021553
00013635_002.png,Infiltration,0.013648464835803415,0.00213051
00013635_002.png,Effusion,0.0152615038047064,0.00212288
00013635_002.png,Infiltration,0.0,0.00211525
00013635_002.png,Effusion,0.045986299671197314,0.00208855
00013635_002.png,Effusion,0.04829224230154231,0.00208092
00013635_002.png,Infiltration,0.0,0.00200081
00013635_002.png,Infiltration,0.2197104263210212,0.00188255
00013635_002.png,Cardiomegaly,0.0,0.00182724
00013635_002.png,Effusion,0.03239245770445307,0.00174427
00013635_002.png,Mass,0.0,0.00173092
00013635_002.png,Infiltration,0.03322565590370813,0.00172234
00013635_002.png,Cardiomegaly,0.0,0.00167942
00013635_002.png,Cardiomegaly,0.06311309960246674,0.00166512
00013635_002.png,Effusion,0.0,0.00161839
00013635_002.png,Mass,0.0,0.00161362
00013635_002.png,Effusion,0.015776307945475333,0.00159931
00013635_002.png,Effusion,0.0,0.00157738
00013635_002.png,Cardiomegaly,0.06305164982488279,0.00157166
00013635_002.png,Effusion,0.07296421996923436,0.00154686
00013635_002.png,Infiltration,0.06715791577866155,0.00154495
00013635_002.png,Infiltration,0.30532065283309806,0.00153828
00013635_002.png,Cardiomegaly,0.03322565590370813,0.0015316
00013635_002.png,Infiltration,0.0309581093869713,0.00151634
00013635_002.png,Cardiomegaly,0.2981659142314951,0.00149918
00013635_002.png,Infiltration,0.8830728992709016,0.00145435
00013635_002.png,Effusion,0.06346284141657382,0.00141716
00013635_002.png,Cardiomegaly,0.0,0.00140858
00013635_002.png,Infiltration,0.018763157949157578,0.00139809
00013635_002.png,Effusion,0.030985262081538772,0.00139141
00013635_002.png,Mass,0.06715791577866155,0.00135326
00013635_002.png,Effusion,0.00023220948693485993,0.00134182
00013635_002.png,Effusion,0.06329290860221914,0.00134182
00013635_002.png,Mass,0.061794379188616536,0.00132179
00013635_002.png,Cardiomegaly,0.0,0.00131798
00013635_002.png,Cardiomegaly,0.0,0.00129509
00013635_002.png,Infiltration,0.23249876680128886,0.00128365
00013635_002.png,Cardiomegaly,0.28559199118670703,0.00128174
00013635_002.png,Infiltration,0.024308402627406626,0.00127029
00013635_002.png,Infiltration,0.02310200592807359,0.00123978
00013635_002.png,Infiltration,0.12653268100158788,0.00120068
00013635_002.png,Effusion,0.0745596726432821,0.00118065
00013635_002.png,Effusion,0.006992733808341071,0.00117493
00013635_002.png,Effusion,0.009649168758719484,0.00116539
00013635_002.png,Effusion,0.032542282333807855,0.00116253
00013635_002.png,Effusion,0.0012910673141805962,0.00114918
00013635_002.png,Cardiomegaly,0.041980177125527485,0.00114727
00013635_002.png,Effusion,0.0034190570785751534,0.00113964
00013635_002.png,Effusion,0.8448330768666374,0.00111389
00013635_002.png,Mass,0.09037108766793091,0.00111103
00013635_002.png,Effusion,0.0,0.00111008
00013635_002.png,Effusion,0.0008010758922125524,0.0010891
00013635_002.png,Effusion,0.0,0.00108814
00013635_002.png,Mass,0.08737012351396832,0.00107765
00013635_002.png,Effusion,0.023188832886092175,0.00106525
00013635_002.png,Mass,0.2538682388029825,0.0010519
00013635_002.png,Cardiomegaly,0.0,0.00103569
00013635_002.png,Mass,0.03264237511173011,0.00103378
00013635_002.png,Infiltration,0.0030746265606458314,0.00102043
00018419_001.png,Atelectasis,0.01095996174051509,0.409912
00018419_001.png,Mass,0.0,0.0897217
00018419_001.png,Effusion,0.0,0.083313
00018419_001.png,Mass,0.0,0.0754395
00018419_001.png,Effusion,0.0,0.0448914
00018419_001.png,Mass,0.0,0.036377
00018419_001.png,Mass,0.0,0.0321655
00018419_001.png,Infiltration,0.0,0.0296478
00018419_001.png,Mass,0.22313390480750755,0.0164948
00018419_001.png,Infiltration,0.0,0.015686
00018419_001.png,Mass,0.0,0.0141296
00018419_001.png,Effusion,0.0,0.0129623
00018419_001.png,Mass,0.0,0.0126266
00018419_001.png,Cardiomegaly,0.0,0.0125885
00018419_001.png,Effusion,0.0,0.0118713
00018419_001.png,Effusion,0.0,0.0118408
00018419_001.png,Effusion,0.0,0.0117645
00018419_001.png,Cardiomegaly,0.0,0.0114441
00018419_001.png,Mass,0.0,0.00922394
00018419_001.png,Infiltration,0.06301276818648217,0.00886536
00018419_001.png,Mass,0.21606598630249452,0.00836182
00018419_001.png,Mass,0.0,0.00812531
00018419_001.png,Effusion,0.0,0.00769806
00018419_001.png,Effusion,0.0,0.00762558
00018419_001.png,Infiltration,0.0,0.00712204
00018419_001.png,Cardiomegaly,0.0,0.00694275
00018419_001.png,Effusion,0.0,0.00686264
00018419_001.png,Effusion,0.0,0.00663376
00018419_001.png,Effusion,0.0,0.00661469
00018419_001.png,Mass,0.0,0.00606918
00018419_001.png,Effusion,0.0,0.00601959
00018419_001.png,Cardiomegaly,0.0,0.00592804
00018419_001.png,Effusion,0.0,0.00538254
00018419_001.png,Mass,0.0,0.00537872
00018419_001.png,Effusion,0.0,0.00434875
00018419_001.png,Cardiomegaly,0.0,0.00422287
00018419_001.png,Infiltration,0.0,0.0040741
00018419_001.png,Mass,0.006326382104450265,0.00392532
00018419_001.png,Cardiomegaly,0.0,0.00328064
00018419_001.png,Effusion,0.0,0.0032692
00018419_001.png,Mass,0.0,0.00323296
00018419_001.png,Cardiomegaly,0.0,0.0032177
00018419_001.png,Effusion,0.0,0.00319481
00018419_001.png,Mass,0.0,0.00303841
00018419_001.png,Cardiomegaly,0.0,0.00301933
00018419_001.png,Effusion,0.0,0.002985
00018419_001.png,Infiltration,0.0,0.00289536
00018419_001.png,Effusion,0.0,0.00279427
00018419_001.png,Cardiomegaly,0.04694217947119094,0.00278091
00018419_001.png,Effusion,0.0,0.00274849
00018419_001.png,Infiltration,0.0,0.00270653
00018419_001.png,Effusion,0.0,0.00270271
00018419_001.png,Cardiomegaly,0.0,0.00267029
00018419_001.png,Atelectasis,0.0,0.00259781
00018419_001.png,Infiltration,0.0,0.00259399
00018419_001.png,Effusion,0.0,0.0025444
00018419_001.png,Effusion,0.0,0.00250816
00018419_001.png,Mass,0.3410995239188629,0.00241852
00018419_001.png,Mass,0.0,0.00238037
00018419_001.png,Infiltration,0.0,0.0023632
00018419_001.png,Infiltration,0.0,0.00233269
00018419_001.png,Mass,0.0,0.00233269
00018419_001.png,Cardiomegaly,0.0,0.00230408
00018419_001.png,Cardiomegaly,0.0,0.00229263
00018419_001.png,Effusion,0.0,0.0022316
00018419_001.png,Infiltration,0.15631301902345546,0.00222778
00018419_001.png,Infiltration,0.008187733564987325,0.00216103
00018419_001.png,Infiltration,0.0,0.00214386
00018419_001.png,Effusion,0.0,0.00210953
00018419_001.png,Effusion,0.0,0.00196075
00018419_001.png,Infiltration,0.3802394639184834,0.00191307
00018419_001.png,Mass,0.0,0.00186157
00018419_001.png,Infiltration,0.15865106788304864,0.00183201
00018419_001.png,Infiltration,0.0,0.00181675
00018419_001.png,Mass,0.0,0.00179482
00018419_001.png,Infiltration,0.0,0.00178528
00018419_001.png,Infiltration,0.0,0.00169468
00018419_001.png,Mass,0.0,0.00167942
00018419_001.png,Infiltration,0.2784937055802417,0.00165081
00018419_001.png,Effusion,0.0,0.00164223
00018419_001.png,Effusion,0.0,0.00160027
00018419_001.png,Infiltration,0.0,0.00154495
00018419_001.png,Cardiomegaly,0.0,0.00151539
00018419_001.png,Infiltration,0.0,0.00149536
00018419_001.png,Infiltration,0.03489970620499625,0.00149155
00018419_001.png,Effusion,0.0,0.0014782
00018419_001.png,Effusion,0.0,0.00145626
00018419_001.png,Atelectasis,0.0,0.00144482
00018419_001.png,Mass,0.0,0.001441
00018419_001.png,Cardiomegaly,0.0,0.00143814
00018419_001.png,Cardiomegaly,0.02974383797553673,0.00141716
00018419_001.png,Effusion,0.0,0.00138283
00018419_001.png,Infiltration,0.15077351173791378,0.00136948
00018419_001.png,Effusion,0.01386929449873576,0.00135708
00018419_001.png,Infiltration,0.17414086069838708,0.00134468
00018419_001.png,Infiltration,0.0,0.00134182
00018419_001.png,Cardiomegaly,0.0,0.00130558
00018419_001.png,Mass,0.0,0.00130272
00018419_001.png,Infiltration,0.0,0.00129604
00018419_001.png,Cardiomegaly,0.03489970620499625,0.00129128
00018419_001.png,Effusion,0.0,0.00128937
00018419_001.png,Effusion,0.0,0.00127125
00018419_001.png,Atelectasis,0.0,0.00125694
00018419_001.png,Infiltration,0.0,0.00125599
00018419_001.png,Infiltration,0.0,0.00124073
00018419_001.png,Infiltration,0.3194093285632195,0.00122547
00018419_001.png,Cardiomegaly,0.1066206121012,0.00121117
00018419_001.png,Mass,0.0,0.00118923
00018419_001.png,Cardiomegaly,0.0,0.00118351
00018419_001.png,Mass,0.0,0.00117016
00018419_001.png,Infiltration,0.0,0.00116634
00018419_001.png,Mass,0.0,0.00114536
00018419_001.png,Effusion,0.0,0.00113678
00018419_001.png,Effusion,0.0,0.00112343
00018419_001.png,Effusion,0.0,0.00110435
00018419_001.png,Effusion,0.0,0.00110245
00018419_001.png,Effusion,0.0,0.00108719
00018419_001.png,Infiltration,0.0,0.00108242
00018419_001.png,Mass,0.0,0.00107479
00018419_001.png,Cardiomegaly,0.11675259187905275,0.00107002
00018419_001.png,Effusion,0.0,0.00105858
00018419_001.png,Infiltration,0.0,0.00105667
00018419_001.png,Cardiomegaly,0.15786160947675118,0.00102806
00018419_001.png,Mass,0.0,0.00100136
00012973_005.png,Effusion,0.0,0.220093
00012973_005.png,Cardiomegaly,0.2719388665930843,0.0916748
00012973_005.png,Cardiomegaly,0.2087264484377285,0.0393066
00012973_005.png,Effusion,0.0,0.0244446
00012973_005.png,Cardiomegaly,0.3443454804308104,0.0206909
00012973_005.png,Atelectasis,0.055548219359476875,0.02034
00012973_005.png,Cardiomegaly,0.20247514514980944,0.0193024
00012973_005.png,Effusion,0.05995309382690199,0.0147781
00012973_005.png,Infiltration,0.2870800318194069,0.0142975
00012973_005.png,Effusion,0.05434635328392282,0.0138855
00012973_005.png,Effusion,0.0,0.0130463
00012973_005.png,Atelectasis,0.08565043214250091,0.0101471
00012973_005.png,Atelectasis,0.07443173263012696,0.00998688
00012973_005.png,Effusion,0.05003068341439962,0.00984955
00012973_005.png,Effusion,0.03397110772330739,0.00983429
00012973_005.png,Cardiomegaly,0.34425738851711885,0.00923157
00012973_005.png,Effusion,0.0,0.00893402
00012973_005.png,Cardiomegaly,0.16405186454648887,0.00872803
00012973_005.png,Infiltration,0.0,0.00862122
00012973_005.png,Cardiomegaly,0.5470318486201304,0.00799561
00012973_005.png,Effusion,0.0,0.00741959
00012973_005.png,Effusion,0.07777365728512324,0.00727463
00012973_005.png,Mass,0.03502696312716284,0.00679779
00012973_005.png,Atelectasis,0.031935338334850565,0.00669479
00012973_005.png,Atelectasis,0.19700919814930948,0.00641251
00012973_005.png,Cardiomegaly,0.0,0.00564957
00012973_005.png,Effusion,0.05497607852200101,0.0056076
00012973_005.png,Mass,0.015662764855871397,0.0051384
00012973_005.png,Effusion,0.0,0.0050354
00012973_005.png,Cardiomegaly,0.18449300330359325,0.00499725
00012973_005.png,Cardiomegaly,0.09649462750595558,0.0049324
00012973_005.png,Cardiomegaly,0.6717161797149199,0.00471497
00012973_005.png,Effusion,0.0,0.00464249
00012973_005.png,Cardiomegaly,0.0,0.00463867
00012973_005.png,Infiltration,0.0,0.0045166
00012973_005.png,Effusion,0.0,0.00436401
00012973_005.png,Infiltration,0.0,0.00379181
00012973_005.png,Effusion,0.0,0.0037899
00012973_005.png,Infiltration,0.0,0.00374794
00012973_005.png,Effusion,0.0,0.00351715
00012973_005.png,Cardiomegaly,0.40480766308797844,0.00346756
00012973_005.png,Mass,0.07122905778715596,0.00345612
00012973_005.png,Effusion,0.0,0.0033226
00012973_005.png,Effusion,0.09147796375703711,0.00316238
00012973_005.png,Mass,0.05834999135498517,0.00315666
00012973_005.png,Infiltration,0.0,0.00291443
00012973_005.png,Mass,0.02241072695758158,0.00286102
00012973_005.png,Effusion,0.0,0.00281334
00012973_005.png,Cardiomegaly,0.2556319472013999,0.00271606
00012973_005.png,Effusion,0.048958252513082064,0.00262451
00012973_005.png,Effusion,0.05697966382961147,0.00260353
00012973_005.png,Atelectasis,0.147414949981449,0.00258636
00012973_005.png,Cardiomegaly,0.36759449139439365,0.00251961
00012973_005.png,Effusion,0.03244483677034021,0.00250626
00012973_005.png,Infiltration,0.0,0.0024128
00012973_005.png,Effusion,0.0,0.00235939
00012973_005.png,Effusion,0.0,0.00233078
00012973_005.png,Infiltration,0.0,0.00233078
00012973_005.png,Cardiomegaly,0.0,0.00231934
00012973_005.png,Cardiomegaly,0.3373128173504467,0.00231743
00012973_005.png,Infiltration,0.10132818264263793,0.00231361
00012973_005.png,Cardiomegaly,0.0,0.00231361
00012973_005.png,Effusion,0.0,0.00230217
00012973_005.png,Infiltration,0.05697966382961147,0.00227547
00012973_005.png,Effusion,0.0,0.00226593
00012973_005.png,Infiltration,0.0,0.00214958
00012973_005.png,Effusion,0.05089801316062099,0.00211143
00012973_005.png,Effusion,0.027858548980717563,0.00206375
00012973_005.png,Infiltration,0.0,0.00199699
00012973_005.png,Effusion,0.0,0.00197029
00012973_005.png,Cardiomegaly,0.0724407921541487,0.00196457
00012973_005.png,Effusion,0.041796072741690206,0.00192451
00012973_005.png,Cardiomegaly,0.0,0.00192261
00012973_005.png,Infiltration,0.0,0.00189018
00012973_005.png,Effusion,0.01160598306834286,0.00187588
00012973_005.png,Infiltration,0.0,0.00186253
00012973_005.png,Effusion,0.0,0.00183392
00012973_005.png,Infiltration,0.0,0.0018301
00012973_005.png,Effusion,0.0,0.00180244
00012973_005.png,Cardiomegaly,0.0,0.00179005
00012973_005.png,Effusion,0.03488078510304617,0.00178909
00012973_005.png,Cardiomegaly,0.14341587346441523,0.00175953
00012973_005.png,Infiltration,0.06627040523533036,0.00173187
00012973_005.png,Effusion,0.0,0.00172138
00012973_005.png,Mass,0.08090263184805442,0.00172043
00012973_005.png,Effusion,0.07672679790140963,0.00172043
00012973_005.png,Effusion,0.0,0.00171185
00012973_005.png,Effusion,0.0519340915412493,0.00171185
00012973_005.png,Effusion,0.01575473079302347,0.00167465
00012973_005.png,Mass,0.0,0.0015955
00012973_005.png,Mass,0.03925879420660185,0.00156021
00012973_005.png,Mass,0.0,0.00154591
00012973_005.png,Effusion,0.0,0.0014925
00012973_005.png,Infiltration,0.07969792875164512,0.0014925
00012973_005.png,Effusion,0.0,0.00147247
00012973_005.png,Effusion,0.07969792875164512,0.00144386
00012973_005.png,Effusion,0.027465238036271288,0.00142384
00012973_005.png,Mass,0.07672679790140963,0.00142097
00012973_005.png,Effusion,0.0,0.00140953
00012973_005.png,Effusion,0.0,0.0014019
00012973_005.png,Infiltration,0.12665366559031363,0.00139713
00012973_005.png,Effusion,0.2690312855027869,0.00139332
00012973_005.png,Infiltration,0.058950376949921945,0.00138664
00012973_005.png,Infiltration,0.0,0.00138187
00012973_005.png,Cardiomegaly,0.05577263641271714,0.00137711
00012973_005.png,Infiltration,0.10086233403358054,0.00133514
00012973_005.png,Infiltration,0.0,0.00133324
00012973_005.png,Infiltration,0.0,0.00131512
00012973_005.png,Infiltration,0.0,0.00129986
00012973_005.png,Effusion,0.0,0.00128365
00012973_005.png,Infiltration,0.10104357688542032,0.00127316
00012973_005.png,Infiltration,0.0,0.00123596
00012973_005.png,Cardiomegaly,0.22207951484463462,0.00122738
00012973_005.png,Infiltration,0.0,0.00121593
00012973_005.png,Effusion,0.0,0.00119591
00012973_005.png,Effusion,0.0,0.00118828
00012973_005.png,Cardiomegaly,0.0,0.00118637
00012973_005.png,Infiltration,0.0,0.00117302
00012973_005.png,Effusion,0.02834209152772089,0.00114727
00012973_005.png,Cardiomegaly,0.0,0.00114632
00012973_005.png,Infiltration,0.0,0.00113869
00012973_005.png,Effusion,0.0,0.00113773
00012973_005.png,Cardiomegaly,0.0,0.00112629
00012973_005.png,Effusion,0.0,0.00110531
00012973_005.png,Infiltration,0.0,0.00110435
00012973_005.png,Effusion,0.024212329240544894,0.00108337
00012973_005.png,Infiltration,0.15156939942679815,0.00107765
00012973_005.png,Effusion,0.006128367457125015,0.00106335
00012973_005.png,Cardiomegaly,0.47088500612057593,0.00104332
00012973_005.png,Cardiomegaly,0.22944905952880965,0.00100994
00012973_005.png,Infiltration,0.26370844245704056,0.00100613
00018762_002.png,Atelectasis,0.10186826492874573,0.139771
00018762_002.png,Infiltration,0.10439131264375089,0.0414429
00018762_002.png,Infiltration,0.14262274819820914,0.0403442
00018762_002.png,Infiltration,0.23825030244272954,0.0377808
00018762_002.png,Mass,0.0,0.0315247
00018762_002.png,Infiltration,0.0,0.0299377
00018762_002.png,Effusion,0.0,0.0188599
00018762_002.png,Infiltration,0.3949131504905144,0.0177612
00018762_002.png,Mass,0.0,0.0144958
00018762_002.png,Infiltration,0.0,0.0143433
00018762_002.png,Cardiomegaly,0.0,0.0138855
00018762_002.png,Effusion,0.0,0.0137482
00018762_002.png,Cardiomegaly,0.0,0.0125961
00018762_002.png,Cardiomegaly,0.15744610610226856,0.0118866
00018762_002.png,Mass,0.0,0.0109406
00018762_002.png,Mass,0.0,0.0107269
00018762_002.png,Mass,0.0,0.0106506
00018762_002.png,Infiltration,0.24758509399681766,0.0104904
00018762_002.png,Mass,0.0,0.0102386
00018762_002.png,Cardiomegaly,0.08408949103681407,0.00970459
00018762_002.png,Mass,0.0,0.00912476
00018762_002.png,Infiltration,0.0,0.00841522
00018762_002.png,Effusion,0.0,0.00748825
00018762_002.png,Cardiomegaly,0.06266017148505287,0.00735474
00018762_002.png,Cardiomegaly,0.21592933435789305,0.00694656
00018762_002.png,Effusion,0.0,0.00662994
00018762_002.png,Mass,0.0,0.00640488
00018762_002.png,Infiltration,0.0,0.00608444
00018762_002.png,Cardiomegaly,0.22845735206932954,0.0057106
00018762_002.png,Atelectasis,0.09083332589698807,0.00553894
00018762_002.png,Cardiomegaly,0.0,0.00540161
00018762_002.png,Infiltration,0.0,0.00473022
00018762_002.png,Cardiomegaly,0.15230265593240666,0.00416565
00018762_002.png,Cardiomegaly,0.0,0.00394058
00018762_002.png,Effusion,0.0,0.0037365
00018762_002.png,Infiltration,0.0,0.00364876
00018762_002.png,Cardiomegaly,0.0702120598125687,0.00362015
00018762_002.png,Cardiomegaly,0.0,0.00327682
00018762_002.png,Cardiomegaly,0.15514531063410963,0.00322533
00018762_002.png,Infiltration,0.23282227155503266,0.0032196
00018762_002.png,Infiltration,0.0,0.00321579
00018762_002.png,Cardiomegaly,0.10021415668198003,0.00316429
00018762_002.png,Mass,0.0,0.00308609
00018762_002.png,Infiltration,0.021582924365181787,0.00300789
00018762_002.png,Infiltration,0.08408949103681407,0.00300789
00018762_002.png,Effusion,0.0,0.00300026
00018762_002.png,Effusion,0.0,0.00298882
00018762_002.png,Cardiomegaly,0.0,0.00298309
00018762_002.png,Mass,0.0,0.00296593
00018762_002.png,Infiltration,0.08357224410553492,0.00289154
00018762_002.png,Cardiomegaly,0.0,0.00283813
00018762_002.png,Infiltration,0.0,0.00281525
00018762_002.png,Cardiomegaly,0.03922818597963902,0.00275993
00018762_002.png,Cardiomegaly,0.009096642103638097,0.0025959
00018762_002.png,Cardiomegaly,0.0,0.00256538
00018762_002.png,Cardiomegaly,0.04475052390921107,0.00254059
00018762_002.png,Effusion,0.0,0.00248718
00018762_002.png,Mass,0.0,0.00244141
00018762_002.png,Infiltration,0.0,0.00240326
00018762_002.png,Infiltration,0.004844744417200093,0.00238609
00018762_002.png,Effusion,0.0,0.00237274
00018762_002.png,Cardiomegaly,0.15401616173364124,0.00226402
00018762_002.png,Cardiomegaly,0.010836729746613063,0.00223351
00018762_002.png,Atelectasis,0.08281308372264871,0.00205231
00018762_002.png,Effusion,0.0,0.00204086
00018762_002.png,Effusion,0.0,0.00196266
00018762_002.png,Infiltration,0.0,0.00194931
00018762_002.png,Infiltration,0.21592933435789305,0.0019207
00018762_002.png,Cardiomegaly,0.0,0.00191212
00018762_002.png,Mass,0.0,0.00190353
00018762_002.png,Infiltration,0.0,0.00187969
00018762_002.png,Cardiomegaly,0.0,0.0018568
00018762_002.png,Mass,0.0,0.00185299
00018762_002.png,Effusion,0.0,0.00183487
00018762_002.png,Atelectasis,0.0,0.00174999
00018762_002.png,Effusion,0.0,0.00173283
00018762_002.png,Cardiomegaly,0.41682138866925184,0.00156116
00018762_002.png,Infiltration,0.0,0.00154018
00018762_002.png,Infiltration,0.0,0.00149536
00018762_002.png,Effusion,0.0,0.00143051
00018762_002.png,Infiltration,0.0,0.00141621
00018762_002.png,Cardiomegaly,0.1558470438957066,0.00140762
00018762_002.png,Effusion,0.0,0.00139618
00018762_002.png,Effusion,0.0,0.00139236
00018762_002.png,Cardiomegaly,0.0,0.00138855
00018762_002.png,Cardiomegaly,0.0,0.00135612
00018762_002.png,Atelectasis,0.14425304762559518,0.00134945
00018762_002.png,Cardiomegaly,0.0,0.00133133
00018762_002.png,Atelectasis,0.0,0.00132179
00018762_002.png,Effusion,0.0,0.00131798
00018762_002.png,Cardiomegaly,0.1704891602136063,0.00131416
00018762_002.png,Infiltration,0.06266017148505287,0.00131321
00018762_002.png,Effusion,0.0,0.00126362
00018762_002.png,Infiltration,0.0,0.00123692
00018762_002.png,Mass,0.0,0.0012207
00018762_002.png,Infiltration,0.11811789719196443,0.00120926
00018762_002.png,Effusion,0.0,0.00119781
00018762_002.png,Effusion,0.0,0.00119114
00018762_002.png,Cardiomegaly,0.0,0.00114632
00018762_002.png,Infiltration,0.0,0.00114536
00018762_002.png,Cardiomegaly,0.0,0.00113964
00018762_002.png,Effusion,0.0,0.00112343
00018762_002.png,Effusion,0.0,0.0011034
00018762_002.png,Infiltration,0.1699946853938241,0.001091
00018762_002.png,Cardiomegaly,0.08277294255449047,0.00108337
00018762_002.png,Mass,0.0,0.00106812
00018762_002.png,Mass,0.0,0.00105476
00018762_002.png,Cardiomegaly,0.0,0.00105286
00018762_002.png,Effusion,0.0,0.00103092
00018762_002.png,Mass,0.0,0.00101948
00018762_002.png,Effusion,0.0,0.00101662
00018762_002.png,Effusion,0.0,0.00100708
00029502_006.png,Cardiomegaly,0.5163794697793961,0.0402222
00029502_006.png,Atelectasis,0.08306028646897039,0.0386353
00029502_006.png,Cardiomegaly,0.4207746437250547,0.0310059
00029502_006.png,Effusion,0.0,0.0273285
00029502_006.png,Effusion,0.0,0.0175476
00029502_006.png,Cardiomegaly,0.6292314020065957,0.0165863
00029502_006.png,Infiltration,0.6730297149927479,0.016037
00029502_006.png,Cardiomegaly,0.42102219273888253,0.0131607
00029502_006.png,Effusion,0.0,0.0116806
00029502_006.png,Cardiomegaly,0.3463553109392461,0.0112991
00029502_006.png,Effusion,0.0,0.0101471
00029502_006.png,Atelectasis,0.08184724219123955,0.00961304
00029502_006.png,Infiltration,0.31100337601027406,0.0089798
00029502_006.png,Cardiomegaly,0.03702974882725495,0.00830078
00029502_006.png,Cardiomegaly,0.0,0.0080719
00029502_006.png,Effusion,0.0,0.00792694
00029502_006.png,Infiltration,0.1779684831710262,0.00652695
00029502_006.png,Cardiomegaly,0.43834339057104077,0.00630951
00029502_006.png,Cardiomegaly,0.5881866193968034,0.00616455
00029502_006.png,Infiltration,0.08177783445464766,0.0060997
00029502_006.png,Cardiomegaly,0.2619838771156504,0.00561142
00029502_006.png,Infiltration,0.0,0.00504303
00029502_006.png,Cardiomegaly,0.0,0.00501633
00029502_006.png,Atelectasis,0.056459038608297984,0.00494385
00029502_006.png,Cardiomegaly,0.35611043915221136,0.00490189
00029502_006.png,Atelectasis,0.06554044364909031,0.00476074
00029502_006.png,Cardiomegaly,0.2885317126972895,0.00450897
00029502_006.png,Effusion,0.0,0.00442505
00029502_006.png,Effusion,0.0,0.00415421
00029502_006.png,Effusion,0.0,0.00396347
00029502_006.png,Cardiomegaly,0.6049370490226035,0.00372505
00029502_006.png,Mass,0.0,0.00369644
00029502_006.png,Cardiomegaly,0.0,0.0032692
00029502_006.png,Cardiomegaly,0.07652317006993122,0.00322914
00029502_006.png,Infiltration,0.0,0.0032196
00029502_006.png,Infiltration,0.21812253347634353,0.00315666
00029502_006.png,Cardiomegaly,0.2543141733379697,0.00296593
00029502_006.png,Cardiomegaly,0.0,0.0028019
00029502_006.png,Effusion,0.0,0.00265312
00029502_006.png,Infiltration,0.5889200481202966,0.00262642
00029502_006.png,Cardiomegaly,0.09855181059261442,0.00257492
00029502_006.png,Cardiomegaly,0.5067905380639591,0.00253487
00029502_006.png,Cardiomegaly,0.0,0.00247192
00029502_006.png,Effusion,0.0,0.00237846
00029502_006.png,Cardiomegaly,0.0,0.00230217
00029502_006.png,Effusion,0.0,0.00214577
00029502_006.png,Infiltration,0.08256478033086789,0.00212479
00029502_006.png,Cardiomegaly,0.03487000267672586,0.00210571
00029502_006.png,Cardiomegaly,0.3573753880315342,0.00199318
00029502_006.png,Infiltration,0.0,0.00196457
00029502_006.png,Effusion,0.0,0.00189781
00029502_006.png,Cardiomegaly,0.0,0.00185966
00029502_006.png,Mass,0.0,0.00184727
00029502_006.png,Effusion,0.0,0.00182247
00029502_006.png,Cardiomegaly,0.4992133394347569,0.00179958
00029502_006.png,Infiltration,0.1434867866587716,0.00179482
00029502_006.png,Effusion,0.062275012339759586,0.00178719
00029502_006.png,Infiltration,0.4335659125101248,0.00177193
00029502_006.png,Infiltration,0.1613374081590407,0.00176334
00029502_006.png,Effusion,0.0,0.0017004
00029502_006.png,Effusion,0.0,0.00168419
00029502_006.png,Infiltration,0.1992990137215161,0.00157356
00029502_006.png,Effusion,0.0,0.00155926
00029502_006.png,Effusion,0.0,0.0014925
00029502_006.png,Effusion,0.0,0.00148678
00029502_006.png,Infiltration,0.0,0.00147343
00029502_006.png,Mass,0.0,0.0014267
00029502_006.png,Effusion,0.008353304175208102,0.0014143
00029502_006.png,Infiltration,0.0,0.00136662
00029502_006.png,Mass,0.0,0.00135326
00029502_006.png,Effusion,0.0,0.00134277
00029502_006.png,Cardiomegaly,0.5534397072067778,0.00133801
00029502_006.png,Effusion,0.0,0.00133705
00029502_006.png,Effusion,0.0,0.00132751
00029502_006.png,Effusion,0.0,0.00131798
00029502_006.png,Effusion,0.0,0.00131512
00029502_006.png,Effusion,0.026999758825865545,0.00131035
00029502_006.png,Cardiomegaly,0.05219552779565519,0.00129223
00029502_006.png,Cardiomegaly,0.0,0.00128841
00029502_006.png,Effusion,0.0,0.00125694
00029502_006.png,Mass,0.0,0.00124836
00029502_006.png,Effusion,0.0,0.0012455
00029502_006.png,Cardiomegaly,0.0,0.00123692
00029502_006.png,Cardiomegaly,0.0,0.00123501
00029502_006.png,Effusion,0.0027312102756971088,0.00121689
00029502_006.png,Cardiomegaly,0.37285741895332525,0.00121117
00029502_006.png,Mass,0.04478386864586009,0.00118542
00029502_006.png,Effusion,0.0,0.00117683
00029502_006.png,Infiltration,0.0,0.00116062
00029502_006.png,Effusion,0.0,0.00115395
00029502_006.png,Infiltration,0.0,0.00112343
00029502_006.png,Effusion,0.0,0.00111866
00029502_006.png,Effusion,0.0,0.00111866
00029502_006.png,Infiltration,0.0,0.00108337
00029502_006.png,Effusion,0.7287664435684882,0.00107098
00029502_006.png,Effusion,0.007015652875034506,0.0010643
00029502_006.png,Effusion,0.0,0.00105
00029502_006.png,Effusion,0.0,0.00102806
00029502_006.png,Effusion,0.0,0.00102139
00029502_006.png,Cardiomegaly,0.0,0.00100231
00000052_001.png,Atelectasis,0.0,0.0553589
00000052_001.png,Effusion,0.0,0.039856
00000052_001.png,Infiltration,0.0,0.030777
00000052_001.png,Infiltration,0.0,0.0252838
00000052_001.png,Infiltration,0.0,0.0242462
00000052_001.png,Effusion,0.0,0.0175934
00000052_001.png,Infiltration,0.0,0.0172882
00000052_001.png,Infiltration,0.0,0.0169678
00000052_001.png,Infiltration,0.0,0.0168762
00000052_001.png,Infiltration,0.0,0.0148163
00000052_001.png,Mass,0.0,0.0147476
00000052_001.png,Infiltration,0.0,0.0143814
00000052_001.png,Infiltration,0.0,0.0128174
00000052_001.png,Infiltration,0.0,0.0112305
00000052_001.png,Infiltration,0.0,0.0102005
00000052_001.png,Infiltration,0.0,0.00978088
00000052_001.png,Effusion,0.0,0.00859833
00000052_001.png,Infiltration,0.0,0.00843811
00000052_001.png,Cardiomegaly,0.0,0.00789642
00000052_001.png,Infiltration,0.0,0.00761795
00000052_001.png,Effusion,0.0,0.00759888
00000052_001.png,Effusion,0.0,0.00735855
00000052_001.png,Infiltration,0.0,0.00717926
00000052_001.png,Mass,0.0,0.00621796
00000052_001.png,Effusion,0.0,0.00582504
00000052_001.png,Infiltration,0.0,0.00564957
00000052_001.png,Infiltration,0.0,0.00523376
00000052_001.png,Mass,0.0,0.00522232
00000052_001.png,Infiltration,0.0,0.00507736
00000052_001.png,Mass,0.0,0.00486755
00000052_001.png,Effusion,0.0,0.00486374
00000052_001.png,Effusion,0.0,0.00484467
00000052_001.png,Cardiomegaly,0.0,0.00457764
00000052_001.png,Infiltration,0.0,0.00456619
00000052_001.png,Mass,0.0,0.00455475
00000052_001.png,Effusion,0.0,0.00448227
00000052_001.png,Infiltration,0.0,0.00448227
00000052_001.png,Infiltration,0.0,0.00442886
00000052_001.png,Infiltration,0.0,0.00430298
00000052_001.png,Infiltration,0.0,0.00429916
00000052_001.png,Cardiomegaly,0.0,0.00427246
00000052_001.png,Infiltration,0.0,0.00403214
00000052_001.png,Cardiomegaly,0.0,0.0039711
00000052_001.png,Effusion,0.0,0.00387383
00000052_001.png,Mass,0.0,0.0038414
00000052_001.png,Infiltration,0.0,0.00383186
00000052_001.png,Cardiomegaly,0.0,0.00380898
00000052_001.png,Mass,0.0,0.00343895
00000052_001.png,Mass,0.0,0.00337982
00000052_001.png,Infiltration,0.0,0.00330353
00000052_001.png,Mass,0.0,0.00321007
00000052_001.png,Infiltration,0.0,0.00317383
00000052_001.png,Infiltration,0.0,0.00302887
00000052_001.png,Mass,0.0,0.00297928
00000052_001.png,Mass,0.0,0.00295448
00000052_001.png,Infiltration,0.0,0.00291443
00000052_001.png,Effusion,0.0,0.00281525
00000052_001.png,Infiltration,0.0,0.00279236
00000052_001.png,Mass,0.0,0.00265312
00000052_001.png,Effusion,0.0,0.00263977
00000052_001.png,Infiltration,0.0,0.0025444
00000052_001.png,Mass,0.0,0.00252724
00000052_001.png,Mass,0.0,0.00249672
00000052_001.png,Effusion,0.0,0.00244904
00000052_001.png,Effusion,0.0,0.00239563
00000052_001.png,Effusion,0.0,0.00228882
00000052_001.png,Infiltration,0.0,0.00226021
00000052_001.png,Infiltration,0.0,0.00223541
00000052_001.png,Effusion,0.0,0.00217819
00000052_001.png,Effusion,0.0,0.00216675
00000052_001.png,Effusion,0.0,0.00215721
00000052_001.png,Effusion,0.0,0.0021553
00000052_001.png,Infiltration,0.0,0.00211525
00000052_001.png,Mass,0.0,0.0020752
00000052_001.png,Infiltration,0.0,0.00205612
00000052_001.png,Cardiomegaly,0.0,0.00204659
00000052_001.png,Infiltration,0.0,0.00201797
00000052_001.png,Infiltration,0.0,0.00199127
00000052_001.png,Infiltration,0.0,0.00192261
00000052_001.png,Effusion,0.0,0.00188828
00000052_001.png,Mass,0.0,0.00186729
00000052_001.png,Cardiomegaly,0.0,0.00179482
00000052_001.png,Mass,0.0,0.00179195
00000052_001.png,Infiltration,0.0,0.0017767
00000052_001.png,Infiltration,0.0,0.00177288
00000052_001.png,Effusion,0.0,0.00175571
00000052_001.png,Effusion,0.0,0.00174618
00000052_001.png,Mass,0.0,0.0017004
00000052_001.png,Effusion,0.0,0.00166607
00000052_001.png,Effusion,0.0,0.00166225
00000052_001.png,Mass,0.0,0.00165367
00000052_001.png,Mass,0.0,0.00161076
00000052_001.png,Mass,0.0,0.00161076
00000052_001.png,Mass,0.0,0.0015831
00000052_001.png,Cardiomegaly,0.0,0.00157452
00000052_001.png,Infiltration,0.0,0.00155449
00000052_001.png,Cardiomegaly,0.0,0.00154018
00000052_001.png,Cardiomegaly,0.0,0.00152397
00000052_001.png,Effusion,0.0,0.00152206
00000052_001.png,Effusion,0.0,0.00150681
00000052_001.png,Atelectasis,0.0,0.0015049
00000052_001.png,Effusion,0.0,0.00148869
00000052_001.png,Mass,0.0,0.0014677
00000052_001.png,Infiltration,0.0,0.00146103
00000052_001.png,Cardiomegaly,0.0,0.00143147
00000052_001.png,Cardiomegaly,0.0,0.00141525
00000052_001.png,Infiltration,0.0,0.0014019
00000052_001.png,Effusion,0.0,0.00136852
00000052_001.png,Effusion,0.0,0.00133991
00000052_001.png,Mass,0.0,0.00133991
00000052_001.png,Atelectasis,0.0,0.00132561
00000052_001.png,Effusion,0.0,0.00131226
00000052_001.png,Infiltration,0.0,0.00127506
00000052_001.png,Infiltration,0.0,0.00125313
00000052_001.png,Infiltration,0.0,0.00124741
00000052_001.png,Effusion,0.0,0.00124168
00000052_001.png,Effusion,0.0,0.0012331
00000052_001.png,Effusion,0.0,0.00121403
00000052_001.png,Effusion,0.0,0.00121403
00000052_001.png,Effusion,0.0,0.00119591
00000052_001.png,Effusion,0.0,0.00119209
00000052_001.png,Mass,0.0,0.00118351
00000052_001.png,Infiltration,0.0,0.00117111
00000052_001.png,Effusion,0.0,0.00116634
00000052_001.png,Infiltration,0.0,0.00116444
00000052_001.png,Effusion,0.0,0.00115013
00000052_001.png,Mass,0.0,0.00114059
00000052_001.png,Effusion,0.0,0.00112057
00000052_001.png,Cardiomegaly,0.0,0.00111961
00000052_001.png,Effusion,0.0,0.00110626
00000052_001.png,Effusion,0.0,0.00109768
00000052_001.png,Mass,0.0,0.00107574
00000052_001.png,Mass,0.0,0.00107384
00000052_001.png,Effusion,0.0,0.0010643
00000052_001.png,Infiltration,0.0,0.00106144
00000052_001.png,Infiltration,0.0,0.00105
00000052_001.png,Effusion,0.0,0.00102997
00000052_001.png,Effusion,0.0,0.00102329
00000052_001.png,Mass,0.0,0.00101089
00000052_001.png,Effusion,0.0,0.00100517
00000050_002.png,Effusion,0.0,0.0693359
00000050_002.png,Infiltration,0.0,0.0504456
00000050_002.png,Infiltration,0.0,0.0463562
00000050_002.png,Effusion,0.0,0.0405884
00000050_002.png,Infiltration,0.0,0.0262146
00000050_002.png,Infiltration,0.0,0.0258484
00000050_002.png,Mass,0.0,0.0243835
00000050_002.png,Atelectasis,0.0,0.0230255
00000050_002.png,Infiltration,0.0,0.0179901
00000050_002.png,Infiltration,0.0,0.0176697
00000050_002.png,Effusion,0.0,0.0109024
00000050_002.png,Mass,0.0,0.0107727
00000050_002.png,Infiltration,0.0,0.00954437
00000050_002.png,Effusion,0.0,0.0085144
00000050_002.png,Effusion,0.0,0.00806427
00000050_002.png,Infiltration,0.0,0.00791931
00000050_002.png,Infiltration,0.0,0.00740433
00000050_002.png,Cardiomegaly,0.0,0.00734329
00000050_002.png,Effusion,0.0,0.00658035
00000050_002.png,Infiltration,0.0,0.00656509
00000050_002.png,Infiltration,0.0,0.00640869
00000050_002.png,Effusion,0.0,0.00636292
00000050_002.png,Mass,0.0,0.00624084
00000050_002.png,Effusion,0.0,0.005867
00000050_002.png,Mass,0.0,0.00582504
00000050_002.png,Infiltration,0.0,0.00580597
00000050_002.png,Atelectasis,0.0,0.00574875
00000050_002.png,Effusion,0.0,0.00546265
00000050_002.png,Effusion,0.0,0.00530243
00000050_002.png,Infiltration,0.0,0.00525665
00000050_002.png,Effusion,0.0,0.00517654
00000050_002.png,Infiltration,0.0,0.00462341
00000050_002.png,Infiltration,0.0,0.00416183
00000050_002.png,Effusion,0.0,0.00401688
00000050_002.png,Cardiomegaly,0.0,0.00393677
00000050_002.png,Cardiomegaly,0.0,0.00379181
00000050_002.png,Cardiomegaly,0.0,0.00361443
00000050_002.png,Infiltration,0.0,0.00351143
00000050_002.png,Effusion,0.0,0.00344086
00000050_002.png,Mass,0.0,0.00343704
00000050_002.png,Effusion,0.0,0.00342751
00000050_002.png,Effusion,0.0,0.00327492
00000050_002.png,Infiltration,0.0,0.00320053
00000050_002.png,Effusion,0.0,0.00312042
00000050_002.png,Infiltration,0.0,0.00311089
00000050_002.png,Effusion,0.0,0.00299644
00000050_002.png,Effusion,0.0,0.00299454
00000050_002.png,Cardiomegaly,0.0,0.00297737
00000050_002.png,Effusion,0.0,0.00291061
00000050_002.png,Effusion,0.0,0.00285339
00000050_002.png,Mass,0.0,0.00284767
00000050_002.png,Infiltration,0.0,0.00280762
00000050_002.png,Effusion,0.0,0.00279427
00000050_002.png,Effusion,0.0,0.00263977
00000050_002.png,Mass,0.0,0.00263786
00000050_002.png,Infiltration,0.0,0.00252724
00000050_002.png,Mass,0.0,0.00252151
00000050_002.png,Effusion,0.0,0.00250816
00000050_002.png,Infiltration,0.0,0.00250244
00000050_002.png,Cardiomegaly,0.0,0.0024929
00000050_002.png,Effusion,0.0,0.00245285
00000050_002.png,Mass,0.0,0.00243187
00000050_002.png,Infiltration,0.0,0.00242996
00000050_002.png,Infiltration,0.0,0.00241852
00000050_002.png,Effusion,0.0,0.00238419
00000050_002.png,Infiltration,0.0,0.00233269
00000050_002.png,Infiltration,0.0,0.00229836
00000050_002.png,Infiltration,0.0,0.00224304
00000050_002.png,Mass,0.0,0.00222969
00000050_002.png,Effusion,0.0,0.00215721
00000050_002.png,Infiltration,0.0,0.0021553
00000050_002.png,Mass,0.0,0.00211334
00000050_002.png,Infiltration,0.0,0.00210381
00000050_002.png,Mass,0.0,0.00201797
00000050_002.png,Effusion,0.0,0.00200653
00000050_002.png,Effusion,0.0,0.00197601
00000050_002.png,Mass,0.0,0.00195694
00000050_002.png,Effusion,0.0,0.0019474
00000050_002.png,Effusion,0.0,0.00193501
00000050_002.png,Effusion,0.0,0.00187397
00000050_002.png,Mass,0.0,0.00187302
00000050_002.png,Cardiomegaly,0.0,0.00187206
00000050_002.png,Mass,0.0,0.00185776
00000050_002.png,Cardiomegaly,0.0,0.00185394
00000050_002.png,Effusion,0.0,0.00184536
00000050_002.png,Infiltration,0.0,0.00182438
00000050_002.png,Effusion,0.0,0.00177383
00000050_002.png,Effusion,0.0,0.00174713
00000050_002.png,Effusion,0.0,0.00174713
00000050_002.png,Effusion,0.0,0.00174427
00000050_002.png,Mass,0.0,0.00169659
00000050_002.png,Mass,0.0,0.00169659
00000050_002.png,Infiltration,0.0,0.00169086
00000050_002.png,Infiltration,0.0,0.00168324
00000050_002.png,Effusion,0.0,0.00166702
00000050_002.png,Effusion,0.0,0.00166512
00000050_002.png,Mass,0.0,0.00165558
00000050_002.png,Mass,0.0,0.00160408
00000050_002.png,Infiltration,0.0,0.00160027
00000050_002.png,Infiltration,0.0,0.00156784
00000050_002.png,Infiltration,0.0,0.00156689
00000050_002.png,Effusion,0.0,0.00154495
00000050_002.png,Mass,0.0,0.00153637
00000050_002.png,Effusion,0.0,0.0015316
00000050_002.png,Infiltration,0.0,0.00153065
00000050_002.png,Effusion,0.0,0.00152874
00000050_002.png,Infiltration,0.0,0.00152779
00000050_002.png,Effusion,0.0,0.00149155
00000050_002.png,Effusion,0.0,0.00149059
00000050_002.png,Infiltration,0.0,0.00148106
00000050_002.png,Effusion,0.0,0.00142956
00000050_002.png,Effusion,0.0,0.00141525
00000050_002.png,Mass,0.0,0.00138378
00000050_002.png,Effusion,0.0,0.00137711
00000050_002.png,Effusion,0.0,0.00137329
00000050_002.png,Atelectasis,0.0,0.00135612
00000050_002.png,Mass,0.0,0.00133705
00000050_002.png,Infiltration,0.0,0.00132561
00000050_002.png,Effusion,0.0,0.00132084
00000050_002.png,Infiltration,0.0,0.00131416
00000050_002.png,Effusion,0.0,0.00130844
00000050_002.png,Infiltration,0.0,0.00127602
00000050_002.png,Effusion,0.0,0.00126648
00000050_002.png,Effusion,0.0,0.00126362
00000050_002.png,Effusion,0.0,0.00125694
00000050_002.png,Effusion,0.0,0.00125694
00000050_002.png,Infiltration,0.0,0.00125599
00000050_002.png,Infiltration,0.0,0.00125217
00000050_002.png,Cardiomegaly,0.0,0.00124454
00000050_002.png,Effusion,0.0,0.00122452
00000050_002.png,Effusion,0.0,0.00122261
00000050_002.png,Effusion,0.0,0.00118732
00000050_002.png,Mass,0.0,0.00117779
00000050_002.png,Effusion,0.0,0.00117397
00000050_002.png,Effusion,0.0,0.00117207
00000050_002.png,Mass,0.0,0.00116444
00000050_002.png,Effusion,0.0,0.00115681
00000050_002.png,Effusion,0.0,0.00113583
00000050_002.png,Effusion,0.0,0.00112534
00000050_002.png,Effusion,0.0,0.00111961
00000050_002.png,Mass,0.0,0.00111961
00000050_002.png,Effusion,0.0,0.00111103
00000050_002.png,Effusion,0.0,0.00109863
00000050_002.png,Infiltration,0.0,0.001091
00000050_002.png,Effusion,0.0,0.00108433
00000050_002.png,Effusion,0.0,0.00107288
00000050_002.png,Infiltration,0.0,0.00106335
00000050_002.png,Infiltration,0.0,0.00105953
00000050_002.png,Cardiomegaly,0.0,0.00104046
00000050_002.png,Infiltration,0.0,0.00103474
00000050_002.png,Effusion,0.0,0.00102234
00000050_002.png,Effusion,0.0,0.00102139
00000050_002.png,Infiltration,0.0,0.00101566
00000050_002.png,Infiltration,0.0,0.00100899
00014716_007.png,Atelectasis,0.019240412351649753,0.202271
00014716_007.png,Effusion,0.20901965049732982,0.111572
00014716_007.png,Effusion,0.06648503389601167,0.100647
00014716_007.png,Mass,0.026777461484073853,0.0500488
00014716_007.png,Effusion,0.2772408531137841,0.0379639
00014716_007.png,Mass,0.0,0.0358887
00014716_007.png,Mass,0.0,0.0318604
00014716_007.png,Cardiomegaly,0.0,0.028656
00014716_007.png,Effusion,0.0,0.0255737
00014716_007.png,Effusion,0.25004319503026673,0.0234375
00014716_007.png,Effusion,0.0,0.0224457
00014716_007.png,Effusion,0.0,0.0170441
00014716_007.png,Effusion,0.026555747697792793,0.0149841
00014716_007.png,Mass,0.2795083688539536,0.0136871
00014716_007.png,Infiltration,0.0,0.012352
00014716_007.png,Effusion,0.07940174864199254,0.0123062
00014716_007.png,Atelectasis,0.0,0.0103912
00014716_007.png,Effusion,0.0,0.0102997
00014716_007.png,Infiltration,0.07940174864199254,0.0102615
00014716_007.png,Effusion,0.0,0.00985718
00014716_007.png,Cardiomegaly,0.0,0.0091629
00014716_007.png,Effusion,0.2187178467567318,0.00905609
00014716_007.png,Cardiomegaly,0.0,0.00873566
00014716_007.png,Mass,0.0,0.00870514
00014716_007.png,Mass,0.06461179368369158,0.00704956
00014716_007.png,Infiltration,0.0,0.00658417
00014716_007.png,Effusion,0.17398970475800643,0.00574493
00014716_007.png,Effusion,0.0,0.00574112
00014716_007.png,Mass,0.007665419700478789,0.00521088
00014716_007.png,Effusion,0.07034520991862062,0.00519943
00014716_007.png,Effusion,0.1549335146457663,0.00512314
00014716_007.png,Mass,0.35458545932750113,0.00509262
00014716_007.png,Atelectasis,0.07262863723906453,0.00481796
00014716_007.png,Mass,0.413352378074751,0.00476837
00014716_007.png,Effusion,0.1638976545692731,0.00465393
00014716_007.png,Infiltration,0.0,0.00420761
00014716_007.png,Mass,0.0,0.00414276
00014716_007.png,Mass,0.2772408531137841,0.0038662
00014716_007.png,Effusion,0.0,0.00382233
00014716_007.png,Effusion,0.0,0.0037384
00014716_007.png,Effusion,0.0,0.00367737
00014716_007.png,Cardiomegaly,0.0,0.00365257
00014716_007.png,Effusion,0.3088211463288841,0.00362587
00014716_007.png,Effusion,0.01854474172746933,0.00360298
00014716_007.png,Effusion,0.0,0.00357437
00014716_007.png,Atelectasis,0.0,0.00328064
00014716_007.png,Effusion,0.10326946662402287,0.00317192
00014716_007.png,Infiltration,0.0,0.0030365
00014716_007.png,Effusion,0.049318321112327014,0.00286865
00014716_007.png,Infiltration,0.0,0.00283432
00014716_007.png,Cardiomegaly,0.0,0.00276375
00014716_007.png,Mass,0.3730819378658366,0.00273132
00014716_007.png,Cardiomegaly,0.38220112648221766,0.00260353
00014716_007.png,Effusion,0.0,0.00256729
00014716_007.png,Effusion,0.0,0.00256538
00014716_007.png,Infiltration,0.19162310595599436,0.00243568
00014716_007.png,Effusion,0.0,0.00240898
00014716_007.png,Effusion,0.10019233769763304,0.00233269
00014716_007.png,Infiltration,0.0,0.00227737
00014716_007.png,Effusion,0.0,0.00226974
00014716_007.png,Cardiomegaly,0.0,0.00223351
00014716_007.png,Atelectasis,0.0,0.00220871
00014716_007.png,Mass,0.2223917940582124,0.00219917
00014716_007.png,Effusion,0.0,0.00216484
00014716_007.png,Mass,0.2187178467567318,0.00212669
00014716_007.png,Cardiomegaly,0.0,0.00209999
00014716_007.png,Effusion,0.0,0.00207901
00014716_007.png,Effusion,0.0,0.00204277
00014716_007.png,Effusion,0.0,0.0019989
00014716_007.png,Effusion,0.0,0.00195122
00014716_007.png,Atelectasis,0.10061564294693764,0.00194836
00014716_007.png,Effusion,0.0,0.00192165
00014716_007.png,Mass,0.0,0.00189686
00014716_007.png,Cardiomegaly,0.0,0.00184441
00014716_007.png,Mass,0.12252440176478985,0.00182915
00014716_007.png,Infiltration,0.011598072598574002,0.00182533
00014716_007.png,Mass,0.1638976545692731,0.0018158
00014716_007.png,Effusion,0.22087592540461776,0.00174999
00014716_007.png,Effusion,0.16514190081807678,0.00172806
00014716_007.png,Effusion,0.0,0.00172615
00014716_007.png,Effusion,0.0,0.00169563
00014716_007.png,Mass,0.0,0.00167274
00014716_007.png,Effusion,0.14939243862003534,0.00165176
00014716_007.png,Effusion,0.0,0.0016346
00014716_007.png,Cardiomegaly,0.0,0.00161648
00014716_007.png,Effusion,0.0,0.00159359
00014716_007.png,Effusion,0.011598072598574002,0.00157452
00014716_007.png,Effusion,0.0,0.0015173
00014716_007.png,Effusion,0.10462588945547244,0.0015173
00014716_007.png,Effusion,0.012815632781955584,0.0015173
00014716_007.png,Effusion,0.0,0.0014677
00014716_007.png,Mass,0.3970075450438955,0.00146675
00014716_007.png,Effusion,0.19595849069783808,0.00144005
00014716_007.png,Infiltration,0.0,0.00143528
00014716_007.png,Effusion,0.0,0.00142765
00014716_007.png,Infiltration,0.0,0.00140285
00014716_007.png,Effusion,0.32986928145154426,0.00136662
00014716_007.png,Effusion,0.0,0.00133228
00014716_007.png,Mass,0.03298905316554648,0.00131416
00014716_007.png,Effusion,0.0,0.00130844
00014716_007.png,Cardiomegaly,0.0,0.00130844
00014716_007.png,Mass,0.6577660003792488,0.00128746
00014716_007.png,Effusion,0.0,0.00128269
00014716_007.png,Effusion,0.0,0.00125694
00014716_007.png,Effusion,0.0,0.00121021
00014716_007.png,Infiltration,0.0,0.00118446
00014716_007.png,Mass,0.24155627573183264,0.00117397
00014716_007.png,Cardiomegaly,0.0,0.00116253
00014716_007.png,Effusion,0.0,0.00114346
00014716_007.png,Mass,0.0,0.00113964
00014716_007.png,Cardiomegaly,0.0,0.00113297
00014716_007.png,Effusion,0.0,0.00112915
00014716_007.png,Effusion,0.0,0.00112438
00014716_007.png,Effusion,0.0,0.00112247
00014716_007.png,Effusion,0.07042129709654926,0.00111294
00014716_007.png,Infiltration,0.0,0.00110817
00014716_007.png,Infiltration,0.0,0.00109386
00014716_007.png,Effusion,0.0,0.001091
00014716_007.png,Effusion,0.07648491351449666,0.00107574
00014716_007.png,Cardiomegaly,0.0,0.00107384
00014716_007.png,Mass,0.17584350897150455,0.00105286
00014716_007.png,Cardiomegaly,0.0,0.00104237
00014716_007.png,Effusion,0.0,0.00104141
00014716_007.png,Mass,0.5088560003212359,0.00104046
00014716_007.png,Mass,0.0,0.00103092
00014716_007.png,Effusion,0.0,0.00102615
00014716_007.png,Mass,0.0,0.00102329
00014716_007.png,Effusion,0.07570073650099991,0.00101757
00014716_007.png,Effusion,0.0,0.00100231
00029843_001.png,Infiltration,0.038923597228784294,0.0335999
00029843_001.png,Atelectasis,0.02178192983528879,0.0287933
00029843_001.png,Cardiomegaly,0.0,0.0218048
00029843_001.png,Infiltration,0.7912092968214252,0.0215912
00029843_001.png,Cardiomegaly,0.0,0.0196838
00029843_001.png,Effusion,0.12404486409625427,0.0168152
00029843_001.png,Infiltration,0.0,0.0135117
00029843_001.png,Infiltration,0.0,0.0126343
00029843_001.png,Cardiomegaly,0.0,0.0105667
00029843_001.png,Effusion,0.0,0.0103683
00029843_001.png,Cardiomegaly,0.0,0.0101547
00029843_001.png,Infiltration,0.0,0.0101242
00029843_001.png,Infiltration,0.0,0.00918579
00029843_001.png,Infiltration,0.0,0.00915527
00029843_001.png,Effusion,0.0,0.00763702
00029843_001.png,Effusion,0.0,0.00730133
00029843_001.png,Effusion,0.0,0.00723267
00029843_001.png,Cardiomegaly,0.0,0.00688171
00029843_001.png,Infiltration,0.11679418722243202,0.00678253
00029843_001.png,Infiltration,0.0,0.00639343
00029843_001.png,Infiltration,0.0,0.00617599
00029843_001.png,Infiltration,0.0,0.00601959
00029843_001.png,Infiltration,0.08183379420841878,0.00601196
00029843_001.png,Effusion,0.0,0.00598145
00029843_001.png,Effusion,0.0,0.00568771
00029843_001.png,Infiltration,0.12404486409625427,0.00531769
00029843_001.png,Infiltration,0.0,0.00524902
00029843_001.png,Infiltration,0.0,0.00522995
00029843_001.png,Infiltration,0.0,0.00520325
00029843_001.png,Cardiomegaly,0.0,0.00512695
00029843_001.png,Mass,0.0,0.00499725
00029843_001.png,Infiltration,0.0,0.00491333
00029843_001.png,Effusion,0.11631195637256142,0.00476074
00029843_001.png,Infiltration,0.02799398968481655,0.00446701
00029843_001.png,Infiltration,0.0,0.0044136
00029843_001.png,Infiltration,0.0,0.0042572
00029843_001.png,Effusion,0.20404414656900877,0.00424194
00029843_001.png,Cardiomegaly,0.0,0.00418091
00029843_001.png,Cardiomegaly,0.0,0.0041275
00029843_001.png,Cardiomegaly,0.059979750798482126,0.00409317
00029843_001.png,Cardiomegaly,0.1264732152375796,0.0039444
00029843_001.png,Effusion,0.17627859897148615,0.00375366
00029843_001.png,Infiltration,0.040217201225933454,0.00371552
00029843_001.png,Mass,0.0,0.00367165
00029843_001.png,Infiltration,0.0,0.00364113
00029843_001.png,Atelectasis,0.0,0.00362587
00029843_001.png,Effusion,0.0,0.00361252
00029843_001.png,Mass,0.0,0.00358963
00029843_001.png,Effusion,0.0,0.00355148
00029843_001.png,Effusion,0.0,0.00329208
00029843_001.png,Infiltration,0.6699877294341549,0.00321198
00029843_001.png,Effusion,0.0,0.00303841
00029843_001.png,Infiltration,0.20836086964939995,0.00287247
00029843_001.png,Infiltration,0.0,0.0028286
00029843_001.png,Infiltration,0.5145821030346327,0.00280952
00029843_001.png,Cardiomegaly,0.0,0.00280952
00029843_001.png,Mass,0.0,0.00273705
00029843_001.png,Cardiomegaly,0.0,0.00268745
00029843_001.png,Effusion,0.0,0.00267792
00029843_001.png,Cardiomegaly,0.0,0.00263977
00029843_001.png,Infiltration,0.0,0.00258446
00029843_001.png,Cardiomegaly,0.0,0.00258255
00029843_001.png,Atelectasis,0.07933899304344288,0.00255203
00029843_001.png,Effusion,0.0,0.0025425
00029843_001.png,Effusion,0.0,0.00251961
00029843_001.png,Infiltration,0.0,0.0025177
00029843_001.png,Infiltration,0.0,0.00251579
00029843_001.png,Infiltration,0.35972088397140783,0.00250435
00029843_001.png,Cardiomegaly,0.0,0.00250435
00029843_001.png,Infiltration,0.0,0.0024929
00029843_001.png,Infiltration,0.08294688004093512,0.00248337
00029843_001.png,Mass,0.0,0.00246048
00029843_001.png,Infiltration,0.20088267519169226,0.00245667
00029843_001.png,Effusion,0.0,0.00243378
00029843_001.png,Infiltration,0.0,0.00243187
00029843_001.png,Mass,0.0,0.00231934
00029843_001.png,Infiltration,0.058488199713668365,0.002285
00029843_001.png,Cardiomegaly,0.0,0.00225449
00029843_001.png,Cardiomegaly,0.0,0.00223923
00029843_001.png,Effusion,0.0,0.00219727
00029843_001.png,Cardiomegaly,0.10084461163276415,0.00214195
00029843_001.png,Infiltration,0.0,0.00209427
00029843_001.png,Cardiomegaly,0.06100669224454661,0.0020752
00029843_001.png,Mass,0.0,0.00202179
00029843_001.png,Mass,0.0,0.00200653
00029843_001.png,Mass,0.5243130014024991,0.00199127
00029843_001.png,Infiltration,0.1903269988909825,0.00198555
00029843_001.png,Cardiomegaly,0.0,0.00197983
00029843_001.png,Effusion,0.0,0.00194645
00029843_001.png,Effusion,0.0621048466415879,0.00187397
00029843_001.png,Effusion,0.0,0.00185966
00029843_001.png,Effusion,0.0,0.00183773
00029843_001.png,Cardiomegaly,0.0,0.00182629
00029843_001.png,Effusion,0.0,0.00182056
00029843_001.png,Infiltration,0.0,0.00179195
00029843_001.png,Mass,0.0,0.00177479
00029843_001.png,Mass,0.0,0.00176907
00029843_001.png,Effusion,0.0,0.00175667
00029843_001.png,Infiltration,0.0,0.00174427
00029843_001.png,Infiltration,0.5243130014024991,0.00174427
00029843_001.png,Effusion,0.0,0.00169754
00029843_001.png,Cardiomegaly,0.12373318724020958,0.00169086
00029843_001.png,Mass,0.1025833840509147,0.00167084
00029843_001.png,Mass,0.0035446240823096,0.00163746
00029843_001.png,Mass,0.060334884863946885,0.00162792
00029843_001.png,Mass,0.0,0.0016098
00029843_001.png,Cardiomegaly,0.0,0.00160694
00029843_001.png,Infiltration,0.0,0.00155163
00029843_001.png,Infiltration,0.24108826503359232,0.00153065
00029843_001.png,Cardiomegaly,0.0,0.00152683
00029843_001.png,Effusion,0.0,0.00151157
00029843_001.png,Cardiomegaly,0.0,0.00150585
00029843_001.png,Effusion,0.0,0.00141239
00029843_001.png,Mass,0.0,0.00140953
00029843_001.png,Mass,0.0,0.00140858
00029843_001.png,Cardiomegaly,0.0,0.0014019
00029843_001.png,Mass,0.23714194370559008,0.00139332
00029843_001.png,Effusion,0.0,0.00137901
00029843_001.png,Effusion,0.0,0.0013504
00029843_001.png,Effusion,0.0,0.00133514
00029843_001.png,Mass,0.0,0.00130939
00029843_001.png,Effusion,0.0,0.00129318
00029843_001.png,Cardiomegaly,0.08209950649662454,0.00129318
00029843_001.png,Effusion,0.0,0.00128746
00029843_001.png,Mass,0.0,0.00125885
00029843_001.png,Cardiomegaly,0.1712330862847576,0.00124168
00029843_001.png,Effusion,0.0,0.00122547
00029843_001.png,Mass,0.6699877294341549,0.00122452
00029843_001.png,Mass,0.0,0.0012207
00029843_001.png,Effusion,0.08656500397807246,0.00120449
00029843_001.png,Effusion,0.0,0.00119114
00029843_001.png,Effusion,0.0,0.00119114
00029843_001.png,Effusion,0.0,0.00118828
00029843_001.png,Effusion,0.0,0.00118446
00029843_001.png,Effusion,0.0,0.00114727
00029843_001.png,Effusion,0.0,0.0011425
00029843_001.png,Effusion,0.0,0.00113869
00029843_001.png,Effusion,0.0,0.00113773
00029843_001.png,Mass,0.0,0.00112438
00029843_001.png,Effusion,0.0,0.00111961
00029843_001.png,Effusion,0.11679418722243202,0.00110722
00029843_001.png,Effusion,0.0,0.00110149
00029843_001.png,Infiltration,0.0,0.00108814
00029843_001.png,Cardiomegaly,0.0,0.00107956
00029843_001.png,Atelectasis,0.0626517398859148,0.00107861
00029843_001.png,Effusion,0.0,0.00105858
00029843_001.png,Effusion,0.10332371589163336,0.00105667
00029843_001.png,Cardiomegaly,0.11119237787462966,0.00105667
00029843_001.png,Infiltration,0.0,0.00105476
00029843_001.png,Effusion,0.0,0.00105381
00029843_001.png,Effusion,0.0,0.00104618
00029843_001.png,Mass,0.06100669224454661,0.00103664
00029843_001.png,Effusion,0.6652632914625944,0.00103664
00029843_001.png,Cardiomegaly,0.0,0.00103474
00029843_001.png,Effusion,0.0,0.00102997
00029843_001.png,Mass,0.0,0.00102806
00000054_001.png,Atelectasis,0.0,0.319824
00000054_001.png,Effusion,0.0,0.0667114
00000054_001.png,Infiltration,0.0,0.0171204
00000054_001.png,Infiltration,0.0,0.0165253
00000054_001.png,Effusion,0.0,0.0107574
00000054_001.png,Cardiomegaly,0.0,0.00797272
00000054_001.png,Effusion,0.0,0.00753784
00000054_001.png,Infiltration,0.0,0.00634003
00000054_001.png,Cardiomegaly,0.0,0.00633621
00000054_001.png,Mass,0.0,0.00583649
00000054_001.png,Infiltration,0.0,0.00524139
00000054_001.png,Effusion,0.0,0.0046463
00000054_001.png,Effusion,0.0,0.00423431
00000054_001.png,Cardiomegaly,0.0,0.00421524
00000054_001.png,Effusion,0.0,0.00411224
00000054_001.png,Cardiomegaly,0.0,0.00382233
00000054_001.png,Infiltration,0.0,0.00367737
00000054_001.png,Infiltration,0.0,0.00363922
00000054_001.png,Infiltration,0.0,0.00360489
00000054_001.png,Mass,0.0,0.00352478
00000054_001.png,Infiltration,0.0,0.00343895
00000054_001.png,Cardiomegaly,0.0,0.00342178
00000054_001.png,Effusion,0.0,0.00340652
00000054_001.png,Infiltration,0.0,0.00298691
00000054_001.png,Effusion,0.0,0.00284386
00000054_001.png,Infiltration,0.0,0.0026226
00000054_001.png,Effusion,0.0,0.00260735
00000054_001.png,Effusion,0.0,0.00253868
00000054_001.png,Effusion,0.0,0.00226593
00000054_001.png,Cardiomegaly,0.0,0.00217819
00000054_001.png,Effusion,0.0,0.0021286
00000054_001.png,Effusion,0.0,0.00211143
00000054_001.png,Effusion,0.0,0.0020752
00000054_001.png,Cardiomegaly,0.0,0.00205421
00000054_001.png,Infiltration,0.0,0.00201416
00000054_001.png,Effusion,0.0,0.00201035
00000054_001.png,Atelectasis,0.0,0.00200462
00000054_001.png,Cardiomegaly,0.0,0.00200272
00000054_001.png,Infiltration,0.0,0.00198364
00000054_001.png,Effusion,0.0,0.00195694
00000054_001.png,Infiltration,0.0,0.00195503
00000054_001.png,Mass,0.0,0.00195503
00000054_001.png,Infiltration,0.0,0.00195503
00000054_001.png,Infiltration,0.0,0.0019474
00000054_001.png,Cardiomegaly,0.0,0.00185299
00000054_001.png,Cardiomegaly,0.0,0.00183868
00000054_001.png,Effusion,0.0,0.00182915
00000054_001.png,Atelectasis,0.0,0.00181198
00000054_001.png,Effusion,0.0,0.00174427
00000054_001.png,Effusion,0.0,0.00170422
00000054_001.png,Mass,0.0,0.0017004
00000054_001.png,Effusion,0.0,0.00169277
00000054_001.png,Infiltration,0.0,0.00169277
00000054_001.png,Cardiomegaly,0.0,0.00168324
00000054_001.png,Effusion,0.0,0.00166798
00000054_001.png,Infiltration,0.0,0.0016489
00000054_001.png,Effusion,0.0,0.00164509
00000054_001.png,Effusion,0.0,0.00163937
00000054_001.png,Infiltration,0.0,0.00163651
00000054_001.png,Effusion,0.0,0.0016346
00000054_001.png,Mass,0.0,0.00161934
00000054_001.png,Atelectasis,0.0,0.00159073
00000054_001.png,Infiltration,0.0,0.00158882
00000054_001.png,Cardiomegaly,0.0,0.00153637
00000054_001.png,Infiltration,0.0,0.00152493
00000054_001.png,Infiltration,0.0,0.00152302
00000054_001.png,Cardiomegaly,0.0,0.00151634
00000054_001.png,Infiltration,0.0,0.00146484
00000054_001.png,Infiltration,0.0,0.00138092
00000054_001.png,Infiltration,0.0,0.00132942
00000054_001.png,Mass,0.0,0.0012989
00000054_001.png,Infiltration,0.0,0.00129032
00000054_001.png,Infiltration,0.0,0.00127792
00000054_001.png,Effusion,0.0,0.00126743
00000054_001.png,Cardiomegaly,0.0,0.00125027
00000054_001.png,Effusion,0.0,0.00122833
00000054_001.png,Infiltration,0.0,0.00119305
00000054_001.png,Cardiomegaly,0.0,0.00119114
00000054_001.png,Effusion,0.0,0.00117683
00000054_001.png,Effusion,0.0,0.0011673
00000054_001.png,Effusion,0.0,0.00115967
00000054_001.png,Effusion,0.0,0.00112152
00000054_001.png,Atelectasis,0.0,0.00109768
00000054_001.png,Infiltration,0.0,0.00108337
00000054_001.png,Effusion,0.0,0.00106812
00000054_001.png,Effusion,0.0,0.00104237
00000054_001.png,Effusion,0.0,0.00103855
00000054_001.png,Mass,0.0,0.00103188
00000054_001.png,Mass,0.0,0.00103092
00000054_001.png,Effusion,0.0,0.00102711
00000054_001.png,Mass,0.0,0.00101566
00000054_001.png,Cardiomegaly,0.0,0.00101185
00000054_001.png,Effusion,0.0,0.00100899
00000054_001.png,Effusion,0.0,0.00100422
00000054_001.png,Mass,0.0,0.00100136
00009705_000.png,Atelectasis,0.8747423669045331,0.435547
00009705_000.png,Infiltration,0.23606746168320594,0.0537109
00009705_000.png,Infiltration,0.19185784913628331,0.0393066
00009705_000.png,Cardiomegaly,0.0,0.02771
00009705_000.png,Atelectasis,0.5467992728091422,0.0245819
00009705_000.png,Effusion,0.019695418564587362,0.0234985
00009705_000.png,Effusion,0.00619218051541417,0.0210419
00009705_000.png,Infiltration,0.07108091416802902,0.0150146
00009705_000.png,Atelectasis,0.38147622971281475,0.0149612
00009705_000.png,Infiltration,0.38147622971281475,0.0136108
00009705_000.png,Infiltration,0.029014212883766086,0.012413
00009705_000.png,Infiltration,0.06510310344955873,0.0109482
00009705_000.png,Effusion,0.06992770529101792,0.0103989
00009705_000.png,Infiltration,0.643953431586848,0.0101852
00009705_000.png,Infiltration,0.09199723837505965,0.00998688
00009705_000.png,Cardiomegaly,0.0,0.00994873
00009705_000.png,Cardiomegaly,0.0,0.00917816
00009705_000.png,Cardiomegaly,0.0,0.00910187
00009705_000.png,Cardiomegaly,0.0,0.00782776
00009705_000.png,Infiltration,0.008541732926193233,0.00767136
00009705_000.png,Mass,0.03173438178950649,0.00670624
00009705_000.png,Infiltration,0.06057711771871016,0.00662231
00009705_000.png,Infiltration,0.039868961945070586,0.00629807
00009705_000.png,Infiltration,0.06820547305143841,0.00626755
00009705_000.png,Infiltration,0.019283570149976594,0.0059166
00009705_000.png,Infiltration,0.051008208604249976,0.0058136
00009705_000.png,Infiltration,0.024613545570905594,0.00553513
00009705_000.png,Mass,0.0,0.00524139
00009705_000.png,Atelectasis,0.6072551599892235,0.00517654
00009705_000.png,Infiltration,0.04691145313677748,0.00506592
00009705_000.png,Effusion,0.049704925489032895,0.00437927
00009705_000.png,Effusion,0.0625211761732215,0.00432968
00009705_000.png,Mass,0.0,0.0042305
00009705_000.png,Infiltration,0.0338279631634048,0.0042305
00009705_000.png,Infiltration,0.09831009260938324,0.00408554
00009705_000.png,Effusion,0.014202912910580892,0.00403595
00009705_000.png,Effusion,0.07455489057768673,0.00403214
00009705_000.png,Mass,0.007711664064316717,0.0039978
00009705_000.png,Infiltration,0.0,0.00394821
00009705_000.png,Cardiomegaly,0.07891743371932022,0.00390434
00009705_000.png,Effusion,0.0,0.0038681
00009705_000.png,Effusion,0.06761406683990301,0.00366783
00009705_000.png,Effusion,0.009020880233472814,0.00346375
00009705_000.png,Atelectasis,0.5697268673498253,0.00345612
00009705_000.png,Infiltration,0.14949029125655236,0.00344276
00009705_000.png,Infiltration,0.014380489867306055,0.00329208
00009705_000.png,Effusion,0.02793917727941733,0.00328827
00009705_000.png,Infiltration,0.009445292944323806,0.00314331
00009705_000.png,Mass,0.0,0.00270271
00009705_000.png,Effusion,0.020329426592158983,0.00247002
00009705_000.png,Infiltration,0.1041546313909036,0.00235176
00009705_000.png,Effusion,0.031900129790435036,0.0022316
00009705_000.png,Effusion,0.04691145313677748,0.0021534
00009705_000.png,Effusion,0.009732287011397995,0.00211143
00009705_000.png,Effusion,0.059496753666939836,0.00205612
00009705_000.png,Infiltration,0.1301137561969902,0.00204468
00009705_000.png,Atelectasis,0.1392085119868013,0.00204277
00009705_000.png,Effusion,0.08232099895605144,0.00201416
00009705_000.png,Effusion,0.07021714245827292,0.00200462
00009705_000.png,Cardiomegaly,0.17980098326847718,0.00198364
00009705_000.png,Cardiomegaly,0.05423638579813085,0.00195503
00009705_000.png,Effusion,0.0,0.00194836
00009705_000.png,Cardiomegaly,0.0,0.00194645
00009705_000.png,Mass,0.014810880909765253,0.00194168
00009705_000.png,Infiltration,0.25930097367281574,0.00190926
00009705_000.png,Effusion,0.014334978291021896,0.00174618
00009705_000.png,Cardiomegaly,0.1573699107533659,0.00172806
00009705_000.png,Infiltration,0.06824381434978108,0.00172424
00009705_000.png,Infiltration,0.05701768173241006,0.00169182
00009705_000.png,Infiltration,0.8683020592373489,0.00160122
00009705_000.png,Infiltration,0.09886862159080885,0.00156689
00009705_000.png,Atelectasis,0.31135339806026247,0.00156212
00009705_000.png,Infiltration,0.034624513272525706,0.00155926
00009705_000.png,Infiltration,0.021887819157978317,0.00153351
00009705_000.png,Effusion,0.036115632534358344,0.00151062
00009705_000.png,Effusion,0.500635424627956,0.00146484
00009705_000.png,Cardiomegaly,0.0,0.00145912
00009705_000.png,Infiltration,0.41059293707107825,0.00145912
00009705_000.png,Effusion,0.03305131062416079,0.00144958
00009705_000.png,Mass,0.00010779028728273033,0.00143528
00009705_000.png,Mass,0.0,0.00142956
00009705_000.png,Effusion,0.0,0.00141239
00009705_000.png,Infiltration,0.03527641687930981,0.0013895
00009705_000.png,Effusion,0.06442178348230176,0.0013504
00009705_000.png,Cardiomegaly,0.19029224368419825,0.00133228
00009705_000.png,Effusion,0.0,0.00132847
00009705_000.png,Atelectasis,0.264109779482322,0.00131512
00009705_000.png,Effusion,0.01771981759244807,0.00129318
00009705_000.png,Infiltration,0.01781525945723631,0.00127983
00009705_000.png,Effusion,0.0,0.00127792
00009705_000.png,Infiltration,0.6041846636330332,0.00125504
00009705_000.png,Effusion,0.0,0.00124264
00009705_000.png,Cardiomegaly,0.0,0.00120449
00009705_000.png,Effusion,0.0,0.00119019
00009705_000.png,Infiltration,0.1506809837306342,0.0011692
00009705_000.png,Mass,0.0,0.00116444
00009705_000.png,Cardiomegaly,0.5213309413002404,0.00116253
00009705_000.png,Cardiomegaly,0.010753766501461808,0.00115204
00009705_000.png,Infiltration,0.0,0.00115108
00009705_000.png,Effusion,0.005764185716778749,0.00114632
00009705_000.png,Effusion,0.0,0.00110245
00009705_000.png,Cardiomegaly,0.0,0.00110054
00009705_000.png,Cardiomegaly,0.0,0.00108624
00009705_000.png,Effusion,0.0,0.00107002
00009705_000.png,Mass,0.0,0.00106525
00009705_000.png,Infiltration,0.034986636775322655,0.00105858
00009705_000.png,Effusion,0.05249322846020568,0.00103664
00009705_000.png,Cardiomegaly,0.057088689714651315,0.00102329
00009705_000.png,Effusion,0.006951872027258012,0.00101948
00009705_000.png,Mass,0.0,0.00101757
00009705_000.png,Effusion,0.05921304884629772,0.00101662
00025252_032.png,Mass,0.7689333996498068,0.453369
00025252_032.png,Effusion,0.0,0.11615
00025252_032.png,Mass,0.43335170546669705,0.102051
00025252_032.png,Mass,0.6904352323337896,0.0827026
00025252_032.png,Atelectasis,0.09737216400754001,0.0744019
00025252_032.png,Atelectasis,0.2554488035934456,0.0562439
00025252_032.png,Mass,0.495502508192558,0.0322876
00025252_032.png,Effusion,0.0,0.0320435
00025252_032.png,Mass,0.5115548010740709,0.0252075
00025252_032.png,Mass,0.49159377685435407,0.0225525
00025252_032.png,Effusion,0.1669487467874907,0.0206146
00025252_032.png,Mass,0.0,0.0167389
00025252_032.png,Effusion,0.0,0.0164795
00025252_032.png,Mass,0.5501852551279236,0.0163727
00025252_032.png,Infiltration,0.0,0.015686
00025252_032.png,Mass,0.0,0.0147018
00025252_032.png,Mass,0.0,0.011322
00025252_032.png,Mass,0.27130463104030883,0.0111618
00025252_032.png,Infiltration,0.0,0.0108795
00025252_032.png,Mass,0.3951425951157781,0.0105209
00025252_032.png,Effusion,0.3319300024526126,0.0103607
00025252_032.png,Effusion,0.0,0.00965881
00025252_032.png,Cardiomegaly,0.11482351852202234,0.0094223
00025252_032.png,Cardiomegaly,0.0,0.0088501
00025252_032.png,Effusion,0.0,0.00866699
00025252_032.png,Effusion,0.10621778206314123,0.00836945
00025252_032.png,Mass,0.458660884775096,0.00836182
00025252_032.png,Cardiomegaly,0.0,0.00836182
00025252_032.png,Cardiomegaly,0.0,0.00818634
00025252_032.png,Mass,0.0,0.00764847
00025252_032.png,Infiltration,0.19018646376033646,0.0071907
00025252_032.png,Infiltration,0.2666477170307549,0.00697327
00025252_032.png,Mass,0.24079285847696255,0.00694656
00025252_032.png,Infiltration,0.0,0.00667191
00025252_032.png,Mass,0.0,0.00628281
00025252_032.png,Mass,0.0,0.00614166
00025252_032.png,Infiltration,0.0,0.00603104
00025252_032.png,Effusion,0.0,0.00585938
00025252_032.png,Effusion,0.0,0.00577545
00025252_032.png,Infiltration,0.0,0.00563431
00025252_032.png,Mass,0.0,0.00552368
00025252_032.png,Infiltration,0.0,0.00530243
00025252_032.png,Infiltration,0.0,0.00519562
00025252_032.png,Mass,0.0,0.00507355
00025252_032.png,Infiltration,0.0,0.00484085
00025252_032.png,Mass,0.0,0.00478363
00025252_032.png,Mass,0.5007135822797256,0.00471115
00025252_032.png,Cardiomegaly,0.0,0.00457001
00025252_032.png,Cardiomegaly,0.0,0.00453949
00025252_032.png,Infiltration,0.0,0.0045166
00025252_032.png,Infiltration,0.0,0.00446701
00025252_032.png,Mass,0.4770290336474123,0.0044136
00025252_032.png,Mass,0.0,0.00439072
00025252_032.png,Infiltration,0.0,0.00416183
00025252_032.png,Infiltration,0.0,0.00414658
00025252_032.png,Cardiomegaly,0.0,0.00413513
00025252_032.png,Mass,0.0,0.0041008
00025252_032.png,Effusion,0.0,0.00403595
00025252_032.png,Infiltration,0.0,0.00391006
00025252_032.png,Effusion,0.2523699397469553,0.00370789
00025252_032.png,Effusion,0.0,0.00352287
00025252_032.png,Infiltration,0.0,0.00351143
00025252_032.png,Mass,0.0,0.00334549
00025252_032.png,Effusion,0.0,0.00332642
00025252_032.png,Infiltration,0.0,0.00331306
00025252_032.png,Mass,0.0,0.00326347
00025252_032.png,Mass,0.0,0.00323105
00025252_032.png,Mass,0.0,0.00322914
00025252_032.png,Cardiomegaly,0.0,0.00315094
00025252_032.png,Infiltration,0.0,0.00309563
00025252_032.png,Cardiomegaly,0.0,0.00302696
00025252_032.png,Effusion,0.19018646376033646,0.0029335
00025252_032.png,Mass,0.7004678899522617,0.00290108
00025252_032.png,Effusion,0.0,0.00287628
00025252_032.png,Effusion,0.19872745936285474,0.00283241
00025252_032.png,Effusion,0.0,0.0028286
00025252_032.png,Effusion,0.0,0.0027256
00025252_032.png,Effusion,0.0,0.00268173
00025252_032.png,Infiltration,0.0,0.00265694
00025252_032.png,Effusion,0.0,0.00260735
00025252_032.png,Infiltration,0.3488144545237516,0.00255585
00025252_032.png,Infiltration,0.16148297640887907,0.0025177
00025252_032.png,Effusion,0.0,0.00251007
00025252_032.png,Mass,0.0,0.00242615
00025252_032.png,Effusion,0.0,0.00239563
00025252_032.png,Mass,0.0,0.00229645
00025252_032.png,Effusion,0.0,0.00229454
00025252_032.png,Cardiomegaly,0.27449832204389485,0.00228119
00025252_032.png,Effusion,0.08785916984960573,0.0022316
00025252_032.png,Infiltration,0.0,0.00222588
00025252_032.png,Effusion,0.0,0.00213814
00025252_032.png,Mass,0.0,0.00209427
00025252_032.png,Infiltration,0.0,0.00208473
00025252_032.png,Mass,0.4215497232392804,0.00207138
00025252_032.png,Effusion,0.39055671624130006,0.00203896
00025252_032.png,Cardiomegaly,0.0,0.00201035
00025252_032.png,Cardiomegaly,0.0,0.00198555
00025252_032.png,Effusion,0.0,0.00198174
00025252_032.png,Infiltration,0.0,0.00195885
00025252_032.png,Effusion,0.0,0.00191021
00025252_032.png,Effusion,0.12334712041117198,0.00186157
00025252_032.png,Atelectasis,0.03210577225378472,0.00185013
00025252_032.png,Effusion,0.0,0.00180244
00025252_032.png,Mass,0.0,0.00180054
00025252_032.png,Mass,0.0,0.00178719
00025252_032.png,Mass,0.0,0.00178528
00025252_032.png,Infiltration,0.18296164236035226,0.00178432
00025252_032.png,Effusion,0.0,0.00177956
00025252_032.png,Effusion,0.0,0.00177956
00025252_032.png,Mass,0.0,0.00177288
00025252_032.png,Cardiomegaly,0.0,0.00175476
00025252_032.png,Effusion,0.0,0.00172806
00025252_032.png,Cardiomegaly,0.0,0.0017271
00025252_032.png,Cardiomegaly,0.0,0.00171089
00025252_032.png,Mass,0.0,0.0017004
00025252_032.png,Effusion,0.0,0.00166512
00025252_032.png,Mass,0.20374880639770765,0.00166321
00025252_032.png,Cardiomegaly,0.0,0.00166321
00025252_032.png,Cardiomegaly,0.0,0.0016346
00025252_032.png,Effusion,0.07687677361840502,0.00160599
00025252_032.png,Cardiomegaly,0.0,0.00158024
00025252_032.png,Cardiomegaly,0.05382744727654927,0.00157166
00025252_032.png,Effusion,0.2666477170307549,0.00156879
00025252_032.png,Infiltration,0.0,0.00153446
00025252_032.png,Cardiomegaly,0.3896679703831989,0.00152397
00025252_032.png,Infiltration,0.0,0.00151825
00025252_032.png,Mass,0.0,0.00150967
00025252_032.png,Cardiomegaly,0.0,0.00148773
00025252_032.png,Effusion,0.0,0.00147629
00025252_032.png,Infiltration,0.0,0.00144958
00025252_032.png,Effusion,0.0,0.00143147
00025252_032.png,Infiltration,0.0,0.00143051
00025252_032.png,Infiltration,0.0,0.00142479
00025252_032.png,Mass,0.0,0.00142097
00025252_032.png,Infiltration,0.2189654999572434,0.0014143
00025252_032.png,Atelectasis,0.10914167473297509,0.00141048
00025252_032.png,Cardiomegaly,0.0,0.00138092
00025252_032.png,Infiltration,0.0,0.00135994
00025252_032.png,Mass,0.0,0.001297
00025252_032.png,Infiltration,0.11705559940513392,0.00126743
00025252_032.png,Cardiomegaly,0.0,0.00126553
00025252_032.png,Effusion,0.08523654213416063,0.00126362
00025252_032.png,Cardiomegaly,0.0,0.00123882
00025252_032.png,Effusion,0.0,0.00123405
00025252_032.png,Cardiomegaly,0.0,0.00122356
00025252_032.png,Cardiomegaly,0.0,0.00121403
00025252_032.png,Effusion,0.0,0.00121212
00025252_032.png,Mass,0.0,0.0012064
00025252_032.png,Infiltration,0.0,0.00120068
00025252_032.png,Effusion,0.0,0.00119877
00025252_032.png,Effusion,0.0,0.00118065
00025252_032.png,Infiltration,0.0036547755045003225,0.00117493
00025252_032.png,Cardiomegaly,0.21302430372001951,0.00116634
00025252_032.png,Effusion,0.0,0.00116539
00025252_032.png,Effusion,0.0,0.00115871
00025252_032.png,Effusion,0.0,0.00115681
00025252_032.png,Effusion,0.0,0.0011301
00025252_032.png,Cardiomegaly,0.35831764479988737,0.00112629
00025252_032.png,Effusion,0.0,0.00112343
00025252_032.png,Infiltration,0.0,0.00110531
00025252_032.png,Infiltration,0.0,0.00108147
00025252_032.png,Cardiomegaly,0.0,0.00107861
00025252_032.png,Mass,0.0,0.00107765
00025252_032.png,Effusion,0.0,0.00107479
00025252_032.png,Cardiomegaly,0.0,0.00106812
00025252_032.png,Cardiomegaly,0.0,0.00106144
00025252_032.png,Mass,0.0,0.00106049
00025252_032.png,Effusion,0.15763708058128453,0.00105572
00025252_032.png,Mass,0.2666477170307549,0.0010376
00025252_032.png,Mass,0.4871024188313903,0.00103283
00025252_032.png,Effusion,0.0,0.00103092
00025252_032.png,Infiltration,0.0,0.00102997
00025252_032.png,Mass,0.0,0.00102711
00025252_032.png,Infiltration,0.2719361683448582,0.0010252
00025252_032.png,Effusion,0.0,0.00102329
00025252_032.png,Infiltration,0.26643077484582656,0.00102043
00011322_002.png,Atelectasis,0.933054299885819,0.327637
00011322_002.png,Effusion,0.0,0.0596924
00011322_002.png,Infiltration,0.09076116519667952,0.0472107
00011322_002.png,Infiltration,0.12124210793094936,0.0225525
00011322_002.png,Cardiomegaly,0.0,0.0200043
00011322_002.png,Infiltration,0.06982818492193471,0.0194244
00011322_002.png,Cardiomegaly,0.07037257600284892,0.0166016
00011322_002.png,Effusion,0.0,0.0157623
00011322_002.png,Mass,0.0,0.0124664
00011322_002.png,Infiltration,0.02853569754772109,0.011322
00011322_002.png,Effusion,0.017519823750354064,0.0096817
00011322_002.png,Mass,0.0,0.00933838
00011322_002.png,Mass,0.07470676274571188,0.00904083
00011322_002.png,Effusion,0.031683592740572364,0.00881195
00011322_002.png,Infiltration,0.24959381365614458,0.0085907
00011322_002.png,Infiltration,0.029725930775370585,0.00784302
00011322_002.png,Effusion,0.02853569754772109,0.00744247
00011322_002.png,Effusion,0.027113861181462844,0.00583267
00011322_002.png,Mass,0.050729066942509574,0.00572205
00011322_002.png,Infiltration,0.0,0.0055809
00011322_002.png,Effusion,0.054065244057511876,0.00534058
00011322_002.png,Cardiomegaly,0.0,0.00515366
00011322_002.png,Mass,0.0,0.00509644
00011322_002.png,Cardiomegaly,0.08007585806505976,0.00463867
00011322_002.png,Mass,0.0,0.00418854
00011322_002.png,Cardiomegaly,0.006218721042250137,0.00413513
00011322_002.png,Infiltration,0.028853416484894485,0.00400925
00011322_002.png,Infiltration,0.0304733556331369,0.00399399
00011322_002.png,Effusion,0.028237981122895123,0.00395203
00011322_002.png,Infiltration,0.01267428330637286,0.00390053
00011322_002.png,Mass,0.0,0.00385284
00011322_002.png,Mass,0.042987005527309,0.0038414
00011322_002.png,Effusion,0.008442457167081675,0.0037632
00011322_002.png,Effusion,0.013658534831295206,0.00375175
00011322_002.png,Cardiomegaly,0.0,0.00370026
00011322_002.png,Mass,0.0,0.00359154
00011322_002.png,Effusion,0.014706364287029443,0.00352097
00011322_002.png,Atelectasis,0.609080000599993,0.00350571
00011322_002.png,Infiltration,0.042987005527309,0.00337029
00011322_002.png,Mass,0.0,0.00333405
00011322_002.png,Infiltration,0.10918030574780534,0.00326729
00011322_002.png,Mass,0.0,0.00308609
00011322_002.png,Cardiomegaly,0.05130278412577882,0.00308037
00011322_002.png,Cardiomegaly,0.025326117199342586,0.00287819
00011322_002.png,Infiltration,0.08705686314956432,0.00287819
00011322_002.png,Infiltration,0.046887752055343825,0.0028019
00011322_002.png,Mass,0.0,0.0024662
00011322_002.png,Mass,0.0,0.00245857
00011322_002.png,Effusion,0.06448384521386705,0.00245094
00011322_002.png,Effusion,0.0,0.00243187
00011322_002.png,Infiltration,0.0,0.00240517
00011322_002.png,Cardiomegaly,0.0027770969511854114,0.00240326
00011322_002.png,Effusion,0.0016768455114779144,0.00237656
00011322_002.png,Infiltration,0.1776106225360951,0.00233841
00011322_002.png,Effusion,0.0,0.00231552
00011322_002.png,Effusion,0.0,0.0022316
00011322_002.png,Infiltration,0.02408944256797011,0.00218964
00011322_002.png,Mass,0.0985287903282818,0.0021019
00011322_002.png,Effusion,0.0024180448960382447,0.00207329
00011322_002.png,Infiltration,0.027113861181462844,0.00206184
00011322_002.png,Infiltration,0.0017546116518144283,0.00195503
00011322_002.png,Cardiomegaly,0.07653047627529654,0.00193119
00011322_002.png,Effusion,0.00852232576364133,0.00190163
00011322_002.png,Mass,0.0,0.00186062
00011322_002.png,Infiltration,0.0,0.0018568
00011322_002.png,Effusion,0.028853416484894485,0.00183201
00011322_002.png,Cardiomegaly,0.07447600913669611,0.0018177
00011322_002.png,Cardiomegaly,0.0,0.00174427
00011322_002.png,Mass,0.0,0.00172901
00011322_002.png,Cardiomegaly,0.08603242690972018,0.0016861
00011322_002.png,Effusion,0.0,0.00168419
00011322_002.png,Infiltration,0.004058524944280414,0.00167751
00011322_002.png,Effusion,0.09070494920818795,0.00167084
00011322_002.png,Cardiomegaly,0.0,0.00165367
00011322_002.png,Cardiomegaly,0.04351162149177529,0.00164223
00011322_002.png,Effusion,0.0,0.00161076
00011322_002.png,Effusion,0.0,0.00158596
00011322_002.png,Effusion,0.003356285410756331,0.00157166
00011322_002.png,Infiltration,0.038157553592726184,0.00154018
00011322_002.png,Effusion,0.011296472638446605,0.00150204
00011322_002.png,Effusion,0.019387921385487936,0.00149727
00011322_002.png,Effusion,0.0,0.00148487
00011322_002.png,Effusion,0.0,0.00147438
00011322_002.png,Effusion,0.0,0.00141621
00011322_002.png,Effusion,0.0265581515375239,0.00141525
00011322_002.png,Mass,0.02715485949657561,0.00140476
00011322_002.png,Effusion,0.0,0.00138283
00011322_002.png,Effusion,0.0,0.00138092
00011322_002.png,Infiltration,0.619539417038836,0.00135326
00011322_002.png,Effusion,0.010093849079540971,0.00126839
00011322_002.png,Mass,0.0,0.00124454
00011322_002.png,Effusion,0.01630892409791712,0.00123882
00011322_002.png,Mass,0.0,0.00122356
00011322_002.png,Effusion,0.025387288043900943,0.00118732
00011322_002.png,Atelectasis,0.5782664377271824,0.00118732
00011322_002.png,Cardiomegaly,0.07985868009394903,0.00118446
00011322_002.png,Infiltration,0.025387288043900943,0.00117302
00011322_002.png,Cardiomegaly,0.0021106958623370426,0.00116062
00011322_002.png,Infiltration,0.011296472638446605,0.00115967
00011322_002.png,Cardiomegaly,0.0,0.00114727
00011322_002.png,Cardiomegaly,0.1580101609497833,0.00113583
00011322_002.png,Infiltration,0.05966142645253431,0.00112343
00011322_002.png,Effusion,0.006222883126392584,0.00112247
00011322_002.png,Effusion,0.011782515062459253,0.00111389
00011322_002.png,Infiltration,0.0271300629991658,0.00111008
00011322_002.png,Mass,0.0,0.00110531
00011322_002.png,Effusion,0.01456973808901117,0.00110245
00011322_002.png,Mass,0.0,0.00108719
00011322_002.png,Infiltration,0.0,0.00108433
00011322_002.png,Effusion,0.003398810349501373,0.00108051
00011322_002.png,Effusion,0.01267428330637286,0.00107479
00011322_002.png,Cardiomegaly,0.0,0.00106144
00011322_002.png,Effusion,0.021054731402572423,0.00103951
00011322_002.png,Cardiomegaly,0.06285359019044968,0.00103855
00011322_002.png,Cardiomegaly,0.0,0.00103283
00011322_002.png,Infiltration,0.15793073800893917,0.00101376
00017511_006.png,Atelectasis,0.8257428427983663,0.471436
00017511_006.png,Infiltration,0.005037601439967305,0.0305023
00017511_006.png,Cardiomegaly,0.0,0.0129547
00017511_006.png,Infiltration,0.009143412668065934,0.0122223
00017511_006.png,Mass,0.0,0.0112228
00017511_006.png,Effusion,0.0,0.0107956
00017511_006.png,Cardiomegaly,0.0,0.0100861
00017511_006.png,Cardiomegaly,0.0,0.00818634
00017511_006.png,Mass,0.0,0.00797272
00017511_006.png,Effusion,0.0,0.00780869
00017511_006.png,Infiltration,0.0,0.00715637
00017511_006.png,Cardiomegaly,0.0,0.00640488
00017511_006.png,Effusion,0.0,0.00619125
00017511_006.png,Mass,0.0,0.00563812
00017511_006.png,Cardiomegaly,0.0,0.00563049
00017511_006.png,Effusion,0.0,0.00525665
00017511_006.png,Effusion,0.0,0.00505829
00017511_006.png,Cardiomegaly,0.0,0.00487518
00017511_006.png,Effusion,0.046937657259953254,0.00473022
00017511_006.png,Mass,0.0,0.00467682
00017511_006.png,Effusion,0.0,0.0044632
00017511_006.png,Infiltration,0.7315363624696316,0.00440598
00017511_006.png,Infiltration,0.33450698741369334,0.00418854
00017511_006.png,Cardiomegaly,0.0,0.00407791
00017511_006.png,Infiltration,0.041445474995674116,0.00336266
00017511_006.png,Effusion,0.0,0.00330734
00017511_006.png,Cardiomegaly,0.0,0.00327873
00017511_006.png,Infiltration,0.0,0.00323105
00017511_006.png,Infiltration,0.023958093924766635,0.00315285
00017511_006.png,Cardiomegaly,0.0,0.00305939
00017511_006.png,Infiltration,0.058508974393144696,0.00299263
00017511_006.png,Mass,0.0,0.00288773
00017511_006.png,Mass,0.06296993016959612,0.00283241
00017511_006.png,Infiltration,0.03839236841106383,0.00265694
00017511_006.png,Infiltration,0.05157747099807232,0.00254822
00017511_006.png,Infiltration,0.07131294333594465,0.00251961
00017511_006.png,Mass,0.0,0.00250244
00017511_006.png,Mass,0.0,0.00236511
00017511_006.png,Infiltration,0.0661946107622888,0.00224495
00017511_006.png,Infiltration,0.01073760127004551,0.00222397
00017511_006.png,Effusion,0.6586247456134374,0.00221443
00017511_006.png,Infiltration,0.0,0.00216675
00017511_006.png,Cardiomegaly,0.0,0.00212097
00017511_006.png,Effusion,0.007917036473952638,0.00198174
00017511_006.png,Effusion,0.0,0.00194073
00017511_006.png,Mass,0.0,0.00180626
00017511_006.png,Effusion,0.0,0.00173855
00017511_006.png,Cardiomegaly,0.08876141072283412,0.00171185
00017511_006.png,Infiltration,0.0,0.00163746
00017511_006.png,Mass,0.0,0.00160885
00017511_006.png,Mass,0.0,0.00160217
00017511_006.png,Infiltration,0.014186305257901165,0.0015564
00017511_006.png,Mass,0.05143555978647927,0.00154591
00017511_006.png,Effusion,0.015041129748478948,0.00152683
00017511_006.png,Cardiomegaly,0.0,0.00145912
00017511_006.png,Cardiomegaly,0.0,0.00145721
00017511_006.png,Infiltration,0.3126483880814501,0.00142288
00017511_006.png,Effusion,0.024208908124796962,0.00141811
00017511_006.png,Mass,0.0,0.00140476
00017511_006.png,Cardiomegaly,0.0,0.00138474
00017511_006.png,Effusion,0.0,0.00133991
00017511_006.png,Mass,0.0,0.00130749
00017511_006.png,Infiltration,0.7808370098007407,0.00129032
00017511_006.png,Effusion,0.0798602237328552,0.00124168
00017511_006.png,Infiltration,0.20637960618926685,0.0012331
00017511_006.png,Infiltration,0.0,0.00122452
00017511_006.png,Mass,0.0,0.00122166
00017511_006.png,Cardiomegaly,0.0,0.00115299
00017511_006.png,Effusion,0.0,0.00114918
00017511_006.png,Infiltration,0.06296993016959612,0.00114346
00017511_006.png,Mass,0.0,0.00114059
00017511_006.png,Cardiomegaly,0.0,0.00113678
00017511_006.png,Infiltration,0.030685067032521923,0.00112724
00017511_006.png,Mass,0.0,0.00112247
00017511_006.png,Infiltration,0.0,0.00112152
00017511_006.png,Effusion,0.0,0.00111198
00017511_006.png,Cardiomegaly,0.0,0.00110722
00017511_006.png,Infiltration,0.0,0.001091
00017511_006.png,Effusion,0.0036026806190631697,0.00108624
00017511_006.png,Effusion,0.0,0.00108051
00017511_006.png,Infiltration,0.0,0.00107861
00017511_006.png,Infiltration,0.09248280173283263,0.00106335
00017511_006.png,Cardiomegaly,0.0,0.00105286
00017511_006.png,Mass,0.0,0.00103951
00017511_006.png,Cardiomegaly,0.10213780917081905,0.0010128
00017511_006.png,Effusion,0.0,0.00100327
00013249_052.png,Atelectasis,0.8949998450363877,0.252197
00013249_052.png,Infiltration,0.08013605786726538,0.0318298
00013249_052.png,Mass,0.052844451631681395,0.0305176
00013249_052.png,Cardiomegaly,0.03765814344381085,0.0261536
00013249_052.png,Mass,0.03050972199792653,0.02565
00013249_052.png,Mass,0.04588581694705935,0.0236359
00013249_052.png,Infiltration,0.09160825243276839,0.0220642
00013249_052.png,Cardiomegaly,0.04474547087659563,0.0135803
00013249_052.png,Effusion,0.0051900112069116,0.0121689
00013249_052.png,Cardiomegaly,0.03896598269902525,0.0117111
00013249_052.png,Infiltration,0.07687774889218568,0.0082016
00013249_052.png,Infiltration,0.03534008693963057,0.00811768
00013249_052.png,Mass,0.06557452027733293,0.00803375
00013249_052.png,Cardiomegaly,0.011881906086518984,0.00787354
00013249_052.png,Mass,0.08647171884317693,0.00747299
00013249_052.png,Infiltration,0.11958573181417054,0.00712967
00013249_052.png,Mass,0.016313438643793747,0.00683594
00013249_052.png,Atelectasis,0.6609753629250366,0.00603867
00013249_052.png,Effusion,0.008867183564630109,0.0044136
00013249_052.png,Cardiomegaly,0.1963415006410818,0.0044136
00013249_052.png,Mass,0.06820772133377254,0.00428009
00013249_052.png,Effusion,0.11653532144696119,0.00419998
00013249_052.png,Cardiomegaly,0.07746865597755037,0.00378036
00013249_052.png,Infiltration,0.1478361403278976,0.00369072
00013249_052.png,Mass,0.041960482928817565,0.00326157
00013249_052.png,Cardiomegaly,0.051897304481755946,0.00325203
00013249_052.png,Cardiomegaly,0.16144324476087382,0.0031395
00013249_052.png,Cardiomegaly,0.0,0.00307274
00013249_052.png,Atelectasis,0.5776109293752905,0.00300217
00013249_052.png,Cardiomegaly,0.12253396928372687,0.0026226
00013249_052.png,Mass,0.0,0.00253105
00013249_052.png,Infiltration,0.7770521300481821,0.00245667
00013249_052.png,Cardiomegaly,0.05025562764442667,0.00243187
00013249_052.png,Mass,0.0,0.00240135
00013249_052.png,Cardiomegaly,0.07285216204635242,0.0019989
00013249_052.png,Atelectasis,0.5777047413168594,0.00196266
00013249_052.png,Infiltration,0.21528793735985588,0.00195885
00013249_052.png,Cardiomegaly,0.08351893414324725,0.0019474
00013249_052.png,Infiltration,0.156965006474273,0.00193501
00013249_052.png,Infiltration,0.10643088720709727,0.00180054
00013249_052.png,Effusion,0.0,0.00175953
00013249_052.png,Cardiomegaly,0.31795365506259976,0.00173283
00013249_052.png,Mass,0.07285216204635242,0.00171185
00013249_052.png,Mass,0.0,0.00150204
00013249_052.png,Cardiomegaly,0.020790861812256395,0.0014534
00013249_052.png,Infiltration,0.08886520665272084,0.00139236
00013249_052.png,Mass,0.08322845906014355,0.00139236
00013249_052.png,Mass,0.14423947318724542,0.00138283
00013249_052.png,Cardiomegaly,0.0,0.00136566
00013249_052.png,Effusion,0.01572556301385384,0.00133324
00013249_052.png,Infiltration,0.12943637774009709,0.0012188
00013249_052.png,Cardiomegaly,0.031603309007675176,0.00121784
00013249_052.png,Effusion,0.020339539471476452,0.00118637
00013249_052.png,Cardiomegaly,0.0,0.00117207
00013249_052.png,Cardiomegaly,0.11478683522447658,0.0011673
00013249_052.png,Effusion,0.4526014434489305,0.00116253
00013249_052.png,Infiltration,0.24295450364253934,0.00115585
00013249_052.png,Effusion,0.031086499557961302,0.00112152
00013249_052.png,Effusion,0.0,0.001091
00013249_052.png,Infiltration,0.031603309007675176,0.00108337
00013249_052.png,Mass,0.0,0.00105953
00013249_052.png,Mass,0.08683608384189995,0.00104904
00013249_052.png,Mass,0.059114141893121065,0.0010376
00013249_052.png,Mass,0.0,0.00102901
00016964_011.png,Effusion,0.0,0.35376
00016964_011.png,Infiltration,0.09803236507852713,0.101135
00016964_011.png,Effusion,0.0,0.0969238
00016964_011.png,Cardiomegaly,0.07757728660215948,0.0733032
00016964_011.png,Infiltration,0.08771850202264034,0.0596313
00016964_011.png,Cardiomegaly,0.1264127195124784,0.0526733
00016964_011.png,Atelectasis,0.03761651250292359,0.0480652
00016964_011.png,Atelectasis,0.0,0.0420837
00016964_011.png,Infiltration,0.042114995247080726,0.0394592
00016964_011.png,Effusion,0.0,0.0336914
00016964_011.png,Cardiomegaly,0.19929098399923345,0.0292206
00016964_011.png,Mass,0.0,0.023407
00016964_011.png,Effusion,0.0,0.0219574
00016964_011.png,Effusion,0.0,0.0198975
00016964_011.png,Mass,0.0,0.0187683
00016964_011.png,Cardiomegaly,0.037029169298576574,0.0187531
00016964_011.png,Effusion,0.0,0.0178833
00016964_011.png,Cardiomegaly,0.1459241926109273,0.0159149
00016964_011.png,Cardiomegaly,0.09102207285266677,0.0137787
00016964_011.png,Infiltration,0.0,0.012764
00016964_011.png,Cardiomegaly,0.2548931282109921,0.0115509
00016964_011.png,Cardiomegaly,0.08277730293672794,0.0110626
00016964_011.png,Effusion,0.0,0.0105667
00016964_011.png,Infiltration,0.16407615354535032,0.00971222
00016964_011.png,Infiltration,0.0,0.00904846
00016964_011.png,Infiltration,0.22086839157668273,0.00884247
00016964_011.png,Cardiomegaly,0.050840039383473104,0.00862885
00016964_011.png,Infiltration,0.053806593139580854,0.00803375
00016964_011.png,Infiltration,0.1322804071616259,0.0075264
00016964_011.png,Infiltration,0.02453290762029763,0.00699234
00016964_011.png,Infiltration,0.049451214225356276,0.00691605
00016964_011.png,Effusion,0.0,0.00685501
00016964_011.png,Infiltration,0.0,0.00650024
00016964_011.png,Infiltration,0.0,0.00628281
00016964_011.png,Cardiomegaly,0.09596938495887408,0.00613022
00016964_011.png,Effusion,0.0,0.00604248
00016964_011.png,Cardiomegaly,0.0,0.00590515
00016964_011.png,Infiltration,0.03441708303015975,0.00588989
00016964_011.png,Cardiomegaly,0.13897250275676795,0.00579834
00016964_011.png,Infiltration,0.04820256266079706,0.00556564
00016964_011.png,Cardiomegaly,0.06957137375891072,0.00548553
00016964_011.png,Mass,0.0,0.00533295
00016964_011.png,Infiltration,0.0,0.00505066
00016964_011.png,Cardiomegaly,0.048286506254570226,0.00492859
00016964_011.png,Cardiomegaly,0.22085900793816884,0.00482178
00016964_011.png,Atelectasis,0.032287878331596666,0.00470352
00016964_011.png,Effusion,0.0,0.00371742
00016964_011.png,Cardiomegaly,0.04774934577800654,0.00367928
00016964_011.png,Mass,0.0,0.00363731
00016964_011.png,Effusion,0.0,0.00358772
00016964_011.png,Effusion,0.0,0.00353622
00016964_011.png,Cardiomegaly,0.0,0.00349426
00016964_011.png,Effusion,0.0,0.00347519
00016964_011.png,Cardiomegaly,0.0358082073732512,0.00344849
00016964_011.png,Cardiomegaly,0.057281218957875406,0.00317955
00016964_011.png,Infiltration,0.0,0.00305367
00016964_011.png,Atelectasis,0.04249520113575883,0.00294304
00016964_011.png,Effusion,0.0,0.00287819
00016964_011.png,Cardiomegaly,0.0,0.00284195
00016964_011.png,Effusion,0.0,0.00282097
00016964_011.png,Cardiomegaly,0.04890041653515863,0.00279045
00016964_011.png,Infiltration,0.08986448289569343,0.00270462
00016964_011.png,Infiltration,0.06277238939694896,0.00250816
00016964_011.png,Infiltration,0.0,0.00242424
00016964_011.png,Mass,0.0,0.00240135
00016964_011.png,Atelectasis,0.0,0.00237274
00016964_011.png,Infiltration,0.047726395622191435,0.00236702
00016964_011.png,Infiltration,0.0,0.002285
00016964_011.png,Effusion,0.0,0.00221634
00016964_011.png,Cardiomegaly,0.04742675791699808,0.00216675
00016964_011.png,Cardiomegaly,0.0,0.00214386
00016964_011.png,Mass,0.0,0.00214005
00016964_011.png,Mass,0.0,0.00207901
00016964_011.png,Effusion,0.0,0.00206566
00016964_011.png,Effusion,0.0,0.00203896
00016964_011.png,Cardiomegaly,0.047726395622191435,0.0019989
00016964_011.png,Cardiomegaly,0.06986560714513941,0.00196838
00016964_011.png,Cardiomegaly,0.0,0.00196838
00016964_011.png,Effusion,0.0,0.00195885
00016964_011.png,Effusion,0.0,0.00192833
00016964_011.png,Infiltration,0.0,0.00192451
00016964_011.png,Mass,0.0,0.00186539
00016964_011.png,Mass,0.0,0.00183868
00016964_011.png,Mass,0.0,0.00177479
00016964_011.png,Cardiomegaly,0.0,0.00177097
00016964_011.png,Cardiomegaly,0.057806637699257576,0.00175381
00016964_011.png,Mass,0.0,0.00167847
00016964_011.png,Cardiomegaly,0.25320984510843375,0.00165558
00016964_011.png,Mass,0.0,0.00164795
00016964_011.png,Effusion,0.0,0.00164604
00016964_011.png,Effusion,0.0,0.00160885
00016964_011.png,Effusion,0.0,0.00158119
00016964_011.png,Cardiomegaly,0.0,0.00157833
00016964_011.png,Cardiomegaly,0.1327066214334781,0.00157261
00016964_011.png,Infiltration,0.11346076419034573,0.00155067
00016964_011.png,Effusion,0.0,0.00148106
00016964_011.png,Cardiomegaly,0.10140878954995419,0.00147438
00016964_011.png,Infiltration,0.0,0.00146103
00016964_011.png,Infiltration,0.0,0.00142956
00016964_011.png,Effusion,0.0,0.0013876
00016964_011.png,Infiltration,0.02554245737483428,0.00138474
00016964_011.png,Cardiomegaly,0.0,0.00137424
00016964_011.png,Cardiomegaly,0.04371156115148141,0.00133705
00016964_011.png,Cardiomegaly,0.059096440939012077,0.00132084
00016964_011.png,Mass,0.0,0.001297
00016964_011.png,Mass,0.0,0.00128746
00016964_011.png,Effusion,0.0,0.00126839
00016964_011.png,Cardiomegaly,0.0,0.00126553
00016964_011.png,Mass,0.0,0.00123692
00016964_011.png,Effusion,0.0,0.00119591
00016964_011.png,Effusion,0.0,0.00116158
00016964_011.png,Effusion,0.0,0.00115108
00016964_011.png,Infiltration,0.0,0.00114822
00016964_011.png,Infiltration,0.057281218957875406,0.00113869
00016964_011.png,Atelectasis,0.05980297034626988,0.00112915
00016964_011.png,Infiltration,0.0,0.00111389
00016964_011.png,Mass,0.0,0.00110245
00016964_011.png,Mass,0.0,0.00109196
00016964_011.png,Infiltration,0.02916266842628489,0.00109005
00016964_011.png,Mass,0.0,0.00106335
00016964_011.png,Effusion,0.0,0.00106239
00016964_011.png,Infiltration,0.0,0.00105
00016964_011.png,Cardiomegaly,0.0,0.00101757
00016964_011.png,Infiltration,0.0,0.00101662
00016964_011.png,Infiltration,0.0,0.00100327
00001320_003.png,Atelectasis,0.0,0.106323
00001320_003.png,Infiltration,0.0017381744690295683,0.0558472
00001320_003.png,Infiltration,0.0,0.0487061
00001320_003.png,Cardiomegaly,0.0357172641391645,0.0485535
00001320_003.png,Cardiomegaly,0.0,0.0419312
00001320_003.png,Infiltration,0.0,0.0301819
00001320_003.png,Cardiomegaly,0.030724875935452766,0.029068
00001320_003.png,Infiltration,0.0,0.0227203
00001320_003.png,Infiltration,0.0,0.0196991
00001320_003.png,Infiltration,0.0,0.0194702
00001320_003.png,Cardiomegaly,0.0,0.0158844
00001320_003.png,Infiltration,0.0,0.0151062
00001320_003.png,Infiltration,0.0,0.0147552
00001320_003.png,Atelectasis,0.0017381744690295683,0.0139008
00001320_003.png,Cardiomegaly,0.04017203286653225,0.0129776
00001320_003.png,Effusion,0.0,0.0126114
00001320_003.png,Effusion,0.0,0.0123062
00001320_003.png,Mass,0.0,0.00993347
00001320_003.png,Infiltration,0.020276754965829022,0.00925446
00001320_003.png,Infiltration,0.0,0.00917816
00001320_003.png,Cardiomegaly,0.053283656716702016,0.00915527
00001320_003.png,Infiltration,0.0,0.00900269
00001320_003.png,Cardiomegaly,0.04635017505014222,0.00884247
00001320_003.png,Cardiomegaly,0.026068376398559506,0.00860596
00001320_003.png,Cardiomegaly,0.04478586490120871,0.00843811
00001320_003.png,Atelectasis,0.01129992860315408,0.00827026
00001320_003.png,Infiltration,0.013482505305127748,0.00818634
00001320_003.png,Cardiomegaly,0.0,0.00814056
00001320_003.png,Infiltration,0.0,0.00792694
00001320_003.png,Effusion,0.0,0.00791931
00001320_003.png,Cardiomegaly,0.0,0.00785828
00001320_003.png,Infiltration,0.0,0.00689316
00001320_003.png,Infiltration,0.009949200993226314,0.00640488
00001320_003.png,Cardiomegaly,0.020276754965829022,0.00617218
00001320_003.png,Infiltration,0.0,0.00606155
00001320_003.png,Effusion,0.0,0.00602722
00001320_003.png,Effusion,0.0,0.00585938
00001320_003.png,Cardiomegaly,0.0,0.00583267
00001320_003.png,Cardiomegaly,0.009949200993226314,0.0056839
00001320_003.png,Mass,0.0,0.00556183
00001320_003.png,Cardiomegaly,0.0,0.00533295
00001320_003.png,Cardiomegaly,0.0,0.00523758
00001320_003.png,Effusion,0.0,0.0050621
00001320_003.png,Infiltration,0.0,0.00493622
00001320_003.png,Infiltration,0.0,0.00483322
00001320_003.png,Infiltration,0.0,0.00479889
00001320_003.png,Effusion,0.0,0.00478363
00001320_003.png,Cardiomegaly,0.0,0.004776
00001320_003.png,Cardiomegaly,0.0,0.00458145
00001320_003.png,Infiltration,0.0017736432678518307,0.00442123
00001320_003.png,Infiltration,0.01535053062572664,0.00415421
00001320_003.png,Effusion,0.0,0.00402069
00001320_003.png,Effusion,0.0,0.00390625
00001320_003.png,Infiltration,0.0,0.00387001
00001320_003.png,Cardiomegaly,0.02947607296524495,0.00343895
00001320_003.png,Cardiomegaly,0.020205613508098266,0.00334167
00001320_003.png,Mass,0.0,0.00328827
00001320_003.png,Cardiomegaly,0.033154879702485734,0.00316048
00001320_003.png,Cardiomegaly,0.0,0.00313377
00001320_003.png,Cardiomegaly,0.0,0.00312805
00001320_003.png,Cardiomegaly,0.0,0.0030632
00001320_003.png,Effusion,0.0,0.00301552
00001320_003.png,Cardiomegaly,0.0,0.0030117
00001320_003.png,Effusion,0.0,0.00299072
00001320_003.png,Effusion,0.0,0.00294495
00001320_003.png,Effusion,0.0,0.00288391
00001320_003.png,Effusion,0.0,0.00278282
00001320_003.png,Infiltration,0.0,0.00274086
00001320_003.png,Effusion,0.0,0.00271606
00001320_003.png,Infiltration,0.0,0.0026989
00001320_003.png,Infiltration,0.013180258026232206,0.0026474
00001320_003.png,Cardiomegaly,0.0,0.00263214
00001320_003.png,Atelectasis,0.012238766505335967,0.00260162
00001320_003.png,Infiltration,0.0,0.00252914
00001320_003.png,Infiltration,0.0,0.00252724
00001320_003.png,Mass,0.0,0.00247765
00001320_003.png,Effusion,0.0038572297854029534,0.00233078
00001320_003.png,Cardiomegaly,0.0,0.00226784
00001320_003.png,Mass,0.0,0.00222015
00001320_003.png,Cardiomegaly,0.031242520696980792,0.00209999
00001320_003.png,Infiltration,0.0,0.00209618
00001320_003.png,Cardiomegaly,0.05365068538514776,0.00208855
00001320_003.png,Cardiomegaly,0.0,0.00194931
00001320_003.png,Infiltration,0.0,0.00193024
00001320_003.png,Cardiomegaly,0.0,0.00191402
00001320_003.png,Cardiomegaly,0.0,0.0018959
00001320_003.png,Infiltration,0.0,0.00188065
00001320_003.png,Effusion,0.0,0.00185871
00001320_003.png,Infiltration,0.0,0.00185776
00001320_003.png,Effusion,0.0,0.00178432
00001320_003.png,Infiltration,0.0,0.00178432
00001320_003.png,Effusion,0.0,0.00178146
00001320_003.png,Effusion,0.0,0.00178051
00001320_003.png,Effusion,0.0,0.00172234
00001320_003.png,Cardiomegaly,0.0,0.00168896
00001320_003.png,Effusion,0.0,0.00168419
00001320_003.png,Cardiomegaly,0.09286780457261137,0.00165176
00001320_003.png,Effusion,0.0,0.00162125
00001320_003.png,Effusion,0.0,0.00157166
00001320_003.png,Cardiomegaly,0.0,0.00154495
00001320_003.png,Effusion,0.0,0.00153351
00001320_003.png,Cardiomegaly,0.0,0.0015316
00001320_003.png,Cardiomegaly,0.0014755906707284595,0.00150394
00001320_003.png,Effusion,0.0,0.00147057
00001320_003.png,Cardiomegaly,0.0,0.00145721
00001320_003.png,Effusion,0.0,0.00144005
00001320_003.png,Mass,0.0,0.00141525
00001320_003.png,Infiltration,0.0,0.00140858
00001320_003.png,Cardiomegaly,0.0,0.00137329
00001320_003.png,Cardiomegaly,0.03726441174940638,0.00137234
00001320_003.png,Effusion,0.0,0.00134468
00001320_003.png,Effusion,0.0,0.00133514
00001320_003.png,Effusion,0.0,0.00130844
00001320_003.png,Cardiomegaly,0.0,0.00130177
00001320_003.png,Effusion,0.0,0.0012846
00001320_003.png,Cardiomegaly,0.02500141336748893,0.00122643
00001320_003.png,Effusion,0.0,0.00120926
00001320_003.png,Effusion,0.0,0.00118256
00001320_003.png,Mass,0.0,0.00114822
00001320_003.png,Effusion,0.0,0.00112724
00001320_003.png,Infiltration,0.02081785069649664,0.00112438
00001320_003.png,Infiltration,0.06851934765452229,0.0011158
00001320_003.png,Infiltration,0.0,0.00109291
00001320_003.png,Cardiomegaly,0.04373351584159609,0.0010767
00001320_003.png,Effusion,0.0,0.00107384
00001320_003.png,Mass,0.0,0.00104523
00001320_003.png,Cardiomegaly,0.0,0.00104523
00001320_003.png,Cardiomegaly,0.036911370612998914,0.00103283
00001320_003.png,Effusion,0.009473516981572203,0.00102711
00001320_003.png,Infiltration,0.0,0.00101852
00001320_003.png,Infiltration,0.04373351584159609,0.00101662
00001320_003.png,Cardiomegaly,0.0,0.00100803
00001320_003.png,Infiltration,0.01897350581619746,0.00100517
00001320_003.png,Infiltration,0.0,0.00100136
00014976_003.png,Atelectasis,0.12598756430232552,0.237671
00014976_003.png,Effusion,0.0,0.0738525
00014976_003.png,Infiltration,0.0,0.0421753
00014976_003.png,Infiltration,0.0,0.0341492
00014976_003.png,Infiltration,0.0,0.0205078
00014976_003.png,Infiltration,0.0,0.0147247
00014976_003.png,Effusion,0.0,0.0139847
00014976_003.png,Cardiomegaly,0.19135991961455076,0.0124893
00014976_003.png,Infiltration,0.3017473232097371,0.0124435
00014976_003.png,Cardiomegaly,0.0,0.0119095
00014976_003.png,Infiltration,0.33051297634908317,0.0118561
00014976_003.png,Infiltration,0.0,0.0114059
00014976_003.png,Cardiomegaly,0.0,0.0102386
00014976_003.png,Infiltration,0.0,0.00958252
00014976_003.png,Cardiomegaly,0.18893966763432837,0.00797272
00014976_003.png,Effusion,0.0,0.00746536
00014976_003.png,Effusion,0.0,0.00721359
00014976_003.png,Infiltration,0.0,0.00713348
00014976_003.png,Infiltration,0.0,0.00699615
00014976_003.png,Mass,0.0,0.00669479
00014976_003.png,Effusion,0.0,0.00660706
00014976_003.png,Mass,0.0,0.00628662
00014976_003.png,Cardiomegaly,0.0,0.00575256
00014976_003.png,Effusion,0.0,0.00574493
00014976_003.png,Effusion,0.0,0.00541306
00014976_003.png,Infiltration,0.0,0.00538635
00014976_003.png,Mass,0.0,0.00523758
00014976_003.png,Cardiomegaly,0.1542785216454897,0.00519562
00014976_003.png,Mass,0.0,0.00517654
00014976_003.png,Effusion,0.0,0.00513458
00014976_003.png,Mass,0.0,0.00478363
00014976_003.png,Infiltration,0.0,0.00475693
00014976_003.png,Effusion,0.0,0.00463867
00014976_003.png,Infiltration,0.0,0.00441742
00014976_003.png,Infiltration,0.12299273934363922,0.00421906
00014976_003.png,Infiltration,0.15358096438655833,0.00421524
00014976_003.png,Infiltration,0.0,0.00414658
00014976_003.png,Cardiomegaly,0.1763243044625938,0.00402069
00014976_003.png,Cardiomegaly,0.0,0.00396729
00014976_003.png,Effusion,0.0,0.00385094
00014976_003.png,Effusion,0.0,0.00383186
00014976_003.png,Mass,0.0,0.00381851
00014976_003.png,Infiltration,0.13072695691694136,0.00379181
00014976_003.png,Mass,0.0,0.00377274
00014976_003.png,Mass,0.0,0.00371933
00014976_003.png,Mass,0.0,0.00324249
00014976_003.png,Mass,0.0,0.00316811
00014976_003.png,Effusion,0.0,0.0030632
00014976_003.png,Effusion,0.0,0.00294113
00014976_003.png,Effusion,0.0,0.0029335
00014976_003.png,Mass,0.0,0.00288391
00014976_003.png,Cardiomegaly,0.0,0.002882
00014976_003.png,Effusion,0.0,0.00285149
00014976_003.png,Infiltration,0.1673224514517951,0.00284195
00014976_003.png,Effusion,0.0,0.00274467
00014976_003.png,Effusion,0.0,0.00273514
00014976_003.png,Effusion,0.0,0.00269699
00014976_003.png,Mass,0.0,0.00240326
00014976_003.png,Cardiomegaly,0.0,0.00233269
00014976_003.png,Mass,0.0,0.00231934
00014976_003.png,Effusion,0.0,0.00230217
00014976_003.png,Cardiomegaly,0.0,0.00229073
00014976_003.png,Infiltration,0.0,0.00224113
00014976_003.png,Mass,0.0,0.00221443
00014976_003.png,Cardiomegaly,0.0,0.0021553
00014976_003.png,Effusion,0.0,0.00205612
00014976_003.png,Cardiomegaly,0.12846889173072545,0.00204849
00014976_003.png,Mass,0.0,0.00197792
00014976_003.png,Effusion,0.0,0.0019474
00014976_003.png,Cardiomegaly,0.07615704934856064,0.00194454
00014976_003.png,Cardiomegaly,0.0,0.00193119
00014976_003.png,Mass,0.0,0.00192261
00014976_003.png,Effusion,0.0,0.00190639
00014976_003.png,Effusion,0.0,0.00188065
00014976_003.png,Mass,0.0,0.00183392
00014976_003.png,Cardiomegaly,0.0,0.00182629
00014976_003.png,Cardiomegaly,0.2845617050389211,0.00169086
00014976_003.png,Atelectasis,0.13574233293003107,0.001688
00014976_003.png,Infiltration,0.18893966763432837,0.00165462
00014976_003.png,Effusion,0.0,0.00158787
00014976_003.png,Mass,0.0,0.00158691
00014976_003.png,Mass,0.0,0.00150871
00014976_003.png,Effusion,0.0,0.00149918
00014976_003.png,Mass,0.0,0.00144482
00014976_003.png,Cardiomegaly,0.3115231205792197,0.00144196
00014976_003.png,Mass,0.0,0.00139904
00014976_003.png,Mass,0.0,0.00138664
00014976_003.png,Effusion,0.0,0.00134945
00014976_003.png,Mass,0.0,0.0013361
00014976_003.png,Cardiomegaly,0.0,0.00131893
00014976_003.png,Cardiomegaly,0.0,0.00130558
00014976_003.png,Infiltration,0.0,0.00127506
00014976_003.png,Mass,0.0,0.00124931
00014976_003.png,Mass,0.19135991961455076,0.00123596
00014976_003.png,Mass,0.0,0.00121403
00014976_003.png,Cardiomegaly,0.425520619559801,0.0012064
00014976_003.png,Mass,0.0,0.00119495
00014976_003.png,Cardiomegaly,0.0,0.00118732
00014976_003.png,Effusion,0.0,0.00117588
00014976_003.png,Infiltration,0.0,0.00117111
00014976_003.png,Cardiomegaly,0.11963745314603158,0.00116539
00014976_003.png,Effusion,0.0,0.00115681
00014976_003.png,Cardiomegaly,0.0,0.00114632
00014976_003.png,Effusion,0.0,0.00114441
00014976_003.png,Cardiomegaly,0.0,0.00114441
00014976_003.png,Mass,0.0,0.00112629
00014976_003.png,Effusion,0.0,0.00111771
00014976_003.png,Effusion,0.0,0.00111675
00014976_003.png,Effusion,0.0,0.0010891
00014976_003.png,Infiltration,0.0,0.00108624
00014976_003.png,Infiltration,0.0,0.00108242
00014976_003.png,Effusion,0.0,0.00107288
00014976_003.png,Infiltration,0.09378566323429463,0.00104618
00014976_003.png,Effusion,0.0,0.00104332
00014976_003.png,Effusion,0.0,0.00102139
00014976_003.png,Cardiomegaly,0.0,0.00100517
00018865_008.png,Effusion,0.0,0.225708
00018865_008.png,Infiltration,0.0,0.0269775
00018865_008.png,Cardiomegaly,0.0,0.015419
00018865_008.png,Effusion,0.0,0.0150909
00018865_008.png,Mass,0.0,0.0150223
00018865_008.png,Effusion,0.0,0.0133438
00018865_008.png,Cardiomegaly,0.0,0.0130997
00018865_008.png,Effusion,0.0,0.0127258
00018865_008.png,Effusion,0.0,0.0119553
00018865_008.png,Effusion,0.0,0.011879
00018865_008.png,Cardiomegaly,0.0,0.009758
00018865_008.png,Effusion,0.0,0.00947571
00018865_008.png,Infiltration,0.0,0.00733185
00018865_008.png,Infiltration,0.0,0.00720978
00018865_008.png,Infiltration,0.0,0.00643539
00018865_008.png,Mass,0.0,0.00630951
00018865_008.png,Infiltration,0.0,0.00596619
00018865_008.png,Infiltration,0.0,0.00576019
00018865_008.png,Effusion,0.0,0.00535965
00018865_008.png,Infiltration,0.0,0.00487518
00018865_008.png,Cardiomegaly,0.0,0.00480652
00018865_008.png,Effusion,0.0,0.00478745
00018865_008.png,Effusion,0.0,0.004776
00018865_008.png,Atelectasis,0.0,0.00460434
00018865_008.png,Cardiomegaly,0.0,0.00439453
00018865_008.png,Infiltration,0.0,0.00428009
00018865_008.png,Effusion,0.0,0.00421524
00018865_008.png,Effusion,0.0,0.00387192
00018865_008.png,Atelectasis,0.0,0.0036602
00018865_008.png,Cardiomegaly,0.0,0.00352097
00018865_008.png,Infiltration,0.0,0.00307655
00018865_008.png,Effusion,0.0,0.00294495
00018865_008.png,Effusion,0.0,0.00291634
00018865_008.png,Infiltration,0.0,0.0027771
00018865_008.png,Effusion,0.0,0.00275612
00018865_008.png,Effusion,0.0,0.00275421
00018865_008.png,Effusion,0.0,0.0026989
00018865_008.png,Effusion,0.0,0.00257301
00018865_008.png,Mass,0.0,0.00253868
00018865_008.png,Infiltration,0.0,0.00239754
00018865_008.png,Mass,0.06643312412497888,0.002388
00018865_008.png,Effusion,0.0,0.00235939
00018865_008.png,Effusion,0.0,0.00230408
00018865_008.png,Infiltration,0.0,0.00229454
00018865_008.png,Mass,0.17820414995903233,0.00226784
00018865_008.png,Cardiomegaly,0.023073367638584506,0.00221443
00018865_008.png,Infiltration,0.0,0.00221062
00018865_008.png,Cardiomegaly,0.0,0.00220299
00018865_008.png,Effusion,0.0,0.00209045
00018865_008.png,Effusion,0.0,0.00207138
00018865_008.png,Infiltration,0.0,0.0020504
00018865_008.png,Effusion,0.0,0.00200653
00018865_008.png,Effusion,0.0,0.00183105
00018865_008.png,Effusion,0.0,0.00181675
00018865_008.png,Cardiomegaly,0.0,0.00181198
00018865_008.png,Mass,0.3029072607063697,0.00180912
00018865_008.png,Infiltration,0.0,0.00178337
00018865_008.png,Effusion,0.0,0.00175953
00018865_008.png,Infiltration,0.0,0.00175667
00018865_008.png,Effusion,0.0,0.00173283
00018865_008.png,Effusion,0.0,0.00170422
00018865_008.png,Infiltration,0.0,0.00168324
00018865_008.png,Infiltration,0.0,0.00166893
00018865_008.png,Effusion,0.0,0.0015955
00018865_008.png,Effusion,0.0,0.00156593
00018865_008.png,Infiltration,0.0,0.00156116
00018865_008.png,Mass,0.0,0.00155926
00018865_008.png,Mass,0.0,0.00153542
00018865_008.png,Atelectasis,0.0,0.00150299
00018865_008.png,Effusion,0.0,0.00148678
00018865_008.png,Infiltration,0.0,0.00148201
00018865_008.png,Effusion,0.0,0.00147438
00018865_008.png,Effusion,0.0,0.0014677
00018865_008.png,Mass,0.0,0.00144577
00018865_008.png,Effusion,0.0,0.00143719
00018865_008.png,Cardiomegaly,0.0,0.00141907
00018865_008.png,Cardiomegaly,0.0,0.00137901
00018865_008.png,Cardiomegaly,0.0,0.0013628
00018865_008.png,Mass,0.0,0.00134754
00018865_008.png,Effusion,0.0,0.0012989
00018865_008.png,Infiltration,0.0,0.00129223
00018865_008.png,Effusion,0.0,0.00127792
00018865_008.png,Mass,0.0,0.00126266
00018865_008.png,Mass,0.28352837397771247,0.00125217
00018865_008.png,Infiltration,0.0,0.00123978
00018865_008.png,Mass,0.0,0.00122929
00018865_008.png,Effusion,0.0,0.00121784
00018865_008.png,Infiltration,0.0,0.00120926
00018865_008.png,Effusion,0.0,0.00119495
00018865_008.png,Infiltration,0.0,0.00117111
00018865_008.png,Mass,0.061559901113417324,0.00116825
00018865_008.png,Infiltration,0.0,0.00114822
00018865_008.png,Infiltration,0.0,0.00113964
00018865_008.png,Infiltration,0.0,0.00113583
00018865_008.png,Effusion,0.0,0.00111771
00018865_008.png,Effusion,0.0,0.0011158
00018865_008.png,Cardiomegaly,0.0,0.00110817
00018865_008.png,Effusion,0.0,0.0011034
00018865_008.png,Infiltration,0.0,0.00109863
00018865_008.png,Effusion,0.0,0.00107956
00018865_008.png,Effusion,0.0,0.00104332
00018865_008.png,Mass,0.0,0.0010376
00018865_008.png,Cardiomegaly,0.20276861962821682,0.00103474
00018865_008.png,Effusion,0.0,0.00102901
00018865_008.png,Mass,0.0,0.00102901
00018865_008.png,Infiltration,0.0,0.00101566
00018865_008.png,Effusion,0.0,0.00100803
00012299_002.png,Infiltration,0.21369175829337597,0.135864
00012299_002.png,Infiltration,0.3205372975196582,0.118225
00012299_002.png,Infiltration,0.32224618344827366,0.0726929
00012299_002.png,Infiltration,0.2228275870890213,0.0477295
00012299_002.png,Atelectasis,0.18481832601355783,0.0243988
00012299_002.png,Infiltration,0.29371576238034963,0.0226898
00012299_002.png,Mass,0.0,0.022583
00012299_002.png,Cardiomegaly,0.06424097334563693,0.0174255
00012299_002.png,Mass,0.0,0.0165863
00012299_002.png,Mass,0.0,0.0139465
00012299_002.png,Mass,0.0,0.0135269
00012299_002.png,Effusion,0.0,0.0132675
00012299_002.png,Infiltration,0.2473113742568228,0.0120544
00012299_002.png,Cardiomegaly,0.0,0.0110016
00012299_002.png,Effusion,0.0,0.0107269
00012299_002.png,Infiltration,0.3021939486478261,0.0102921
00012299_002.png,Cardiomegaly,0.05267497162951252,0.0102844
00012299_002.png,Effusion,0.0,0.00992584
00012299_002.png,Mass,0.0,0.00992584
00012299_002.png,Mass,0.0,0.0096283
00012299_002.png,Mass,0.0,0.00944519
00012299_002.png,Mass,0.0,0.00873566
00012299_002.png,Mass,0.0,0.00799561
00012299_002.png,Mass,0.0,0.00739288
00012299_002.png,Atelectasis,0.23065157768702366,0.00730133
00012299_002.png,Infiltration,0.0,0.00726318
00012299_002.png,Infiltration,0.0,0.00700378
00012299_002.png,Infiltration,0.2513646453157765,0.00650787
00012299_002.png,Effusion,0.0,0.00643539
00012299_002.png,Mass,0.0,0.00628662
00012299_002.png,Infiltration,0.10881261435939045,0.0062027
00012299_002.png,Cardiomegaly,0.08054500005259656,0.00585938
00012299_002.png,Mass,0.0,0.0058403
00012299_002.png,Effusion,0.0,0.00570679
00012299_002.png,Cardiomegaly,0.0,0.00561523
00012299_002.png,Effusion,0.0,0.00549698
00012299_002.png,Effusion,0.0,0.00534439
00012299_002.png,Effusion,0.005081013592817231,0.00515747
00012299_002.png,Mass,0.0,0.00512314
00012299_002.png,Cardiomegaly,0.2758536595452226,0.00499344
00012299_002.png,Infiltration,0.20503867974319298,0.004776
00012299_002.png,Effusion,0.0,0.00474167
00012299_002.png,Cardiomegaly,0.06588076301221932,0.00468063
00012299_002.png,Cardiomegaly,0.0,0.00455093
00012299_002.png,Effusion,0.07068827146695511,0.00442886
00012299_002.png,Cardiomegaly,0.13134995878332548,0.00434494
00012299_002.png,Infiltration,0.0,0.00392532
00012299_002.png,Infiltration,0.17265721134196502,0.00390434
00012299_002.png,Mass,0.0,0.00371361
00012299_002.png,Cardiomegaly,0.21190466237346395,0.00350189
00012299_002.png,Infiltration,0.0,0.00349426
00012299_002.png,Mass,0.0,0.0033226
00012299_002.png,Infiltration,0.0,0.00329018
00012299_002.png,Infiltration,0.16608904568321992,0.00326157
00012299_002.png,Effusion,0.0,0.00324631
00012299_002.png,Infiltration,0.15239793829624212,0.00321007
00012299_002.png,Infiltration,0.0320221120603987,0.00311661
00012299_002.png,Effusion,0.0,0.0030365
00012299_002.png,Infiltration,0.12306278037132695,0.00298309
00012299_002.png,Effusion,0.0,0.00290298
00012299_002.png,Effusion,0.0,0.00283241
00012299_002.png,Effusion,0.0,0.0027771
00012299_002.png,Infiltration,0.027503271112785877,0.0027771
00012299_002.png,Effusion,0.0,0.00270271
00012299_002.png,Cardiomegaly,0.11063449000094211,0.00264931
00012299_002.png,Mass,0.0,0.00250053
00012299_002.png,Infiltration,0.08399101793661715,0.00246429
00012299_002.png,Cardiomegaly,0.0,0.00236511
00012299_002.png,Mass,0.0,0.00212097
00012299_002.png,Infiltration,0.2722561438812355,0.00209808
00012299_002.png,Cardiomegaly,0.18963781108344785,0.00208282
00012299_002.png,Mass,0.0,0.00207901
00012299_002.png,Cardiomegaly,0.08614339205017828,0.00207901
00012299_002.png,Effusion,0.0,0.00206757
00012299_002.png,Effusion,0.010725422247481414,0.00200462
00012299_002.png,Effusion,0.0,0.00200081
00012299_002.png,Mass,0.0,0.00199699
00012299_002.png,Mass,0.0,0.00188065
00012299_002.png,Effusion,0.0,0.00186634
00012299_002.png,Effusion,0.0,0.00186157
00012299_002.png,Mass,0.0,0.00179863
00012299_002.png,Effusion,0.0,0.00171947
00012299_002.png,Mass,0.0,0.0017128
00012299_002.png,Effusion,0.0,0.00169754
00012299_002.png,Mass,0.0,0.00169659
00012299_002.png,Mass,0.0,0.00164795
00012299_002.png,Cardiomegaly,0.0,0.00158119
00012299_002.png,Effusion,0.0,0.00157166
00012299_002.png,Infiltration,0.11705732083042382,0.00153255
00012299_002.png,Effusion,0.0,0.00150299
00012299_002.png,Cardiomegaly,0.31176563781038,0.00148964
00012299_002.png,Effusion,0.0,0.0014677
00012299_002.png,Effusion,0.0,0.00135517
00012299_002.png,Effusion,0.0,0.00135231
00012299_002.png,Cardiomegaly,0.07070699071560979,0.00132942
00012299_002.png,Effusion,0.0,0.00132275
00012299_002.png,Mass,0.0,0.00130463
00012299_002.png,Effusion,0.14215417111041848,0.00130177
00012299_002.png,Infiltration,0.21387466566065771,0.00127125
00012299_002.png,Effusion,0.0,0.00126171
00012299_002.png,Cardiomegaly,0.04456040998502731,0.00125504
00012299_002.png,Effusion,0.19884025390935986,0.00121593
00012299_002.png,Cardiomegaly,0.07441380452931372,0.00121498
00012299_002.png,Effusion,0.0,0.00116348
00012299_002.png,Cardiomegaly,0.11705732083042382,0.00115204
00012299_002.png,Infiltration,0.0,0.00113964
00012299_002.png,Infiltration,0.13113717497820188,0.0011282
00012299_002.png,Effusion,0.0,0.00112057
00012299_002.png,Cardiomegaly,0.33058099584417044,0.00109291
00012299_002.png,Effusion,0.0,0.0010767
00012299_002.png,Effusion,0.0,0.00107574
00012299_002.png,Effusion,0.0,0.00104618
00012299_002.png,Effusion,0.0,0.00104332
00012299_002.png,Infiltration,0.0,0.00104237
00012299_002.png,Effusion,0.0,0.00102711
00012299_002.png,Cardiomegaly,0.0,0.00102615
00012299_002.png,Effusion,0.23529415045397825,0.00100803
00004968_003.png,Effusion,0.0,0.189697
00004968_003.png,Effusion,0.0,0.0628662
00004968_003.png,Infiltration,0.316838237912119,0.055603
00004968_003.png,Atelectasis,0.08306648285917002,0.0291595
00004968_003.png,Mass,0.0,0.0261993
00004968_003.png,Effusion,0.0,0.023407
00004968_003.png,Cardiomegaly,0.0,0.018158
00004968_003.png,Infiltration,0.2313505754625048,0.0174866
00004968_003.png,Effusion,0.0,0.0150681
00004968_003.png,Infiltration,0.5170513755459871,0.0139313
00004968_003.png,Infiltration,0.49603352622169194,0.0139236
00004968_003.png,Infiltration,0.21676365248603952,0.0132599
00004968_003.png,Effusion,0.0,0.011055
00004968_003.png,Infiltration,0.0,0.0102539
00004968_003.png,Infiltration,0.09057620018886403,0.0100708
00004968_003.png,Effusion,0.0,0.00946808
00004968_003.png,Infiltration,0.20918850090048494,0.00914001
00004968_003.png,Infiltration,0.33165322713016365,0.00759888
00004968_003.png,Effusion,0.0,0.00737762
00004968_003.png,Effusion,0.0,0.00735092
00004968_003.png,Infiltration,0.1630871540175022,0.00714111
00004968_003.png,Cardiomegaly,0.0,0.00712585
00004968_003.png,Cardiomegaly,0.32762634758232323,0.00703812
00004968_003.png,Effusion,0.0,0.00686646
00004968_003.png,Effusion,0.0,0.00680923
00004968_003.png,Infiltration,0.0,0.00665283
00004968_003.png,Cardiomegaly,0.0,0.00636673
00004968_003.png,Infiltration,0.0,0.00589371
00004968_003.png,Effusion,0.0,0.00587082
00004968_003.png,Infiltration,0.0,0.0057869
00004968_003.png,Infiltration,0.0,0.00561142
00004968_003.png,Effusion,0.0,0.00544357
00004968_003.png,Infiltration,0.0,0.00498581
00004968_003.png,Infiltration,0.04634065387740932,0.00498199
00004968_003.png,Cardiomegaly,0.0,0.00497437
00004968_003.png,Effusion,0.0,0.00491714
00004968_003.png,Effusion,0.0,0.00485229
00004968_003.png,Cardiomegaly,0.31069308467895707,0.00478745
00004968_003.png,Effusion,0.0,0.00472641
00004968_003.png,Mass,0.0,0.00432968
00004968_003.png,Infiltration,0.26852002942170267,0.00417328
00004968_003.png,Effusion,0.0,0.00416565
00004968_003.png,Effusion,0.0,0.00403595
00004968_003.png,Effusion,0.0,0.00379562
00004968_003.png,Cardiomegaly,0.22989960822162325,0.00377464
00004968_003.png,Effusion,0.0,0.00375938
00004968_003.png,Effusion,0.0,0.00371933
00004968_003.png,Mass,0.0,0.00366211
00004968_003.png,Cardiomegaly,0.0,0.00351715
00004968_003.png,Effusion,0.0,0.00348473
00004968_003.png,Infiltration,0.0,0.00344658
00004968_003.png,Mass,0.0,0.00341415
00004968_003.png,Effusion,0.0,0.00333214
00004968_003.png,Infiltration,0.0,0.00333023
00004968_003.png,Effusion,0.0,0.0032711
00004968_003.png,Effusion,0.0,0.0032692
00004968_003.png,Cardiomegaly,0.0,0.00323868
00004968_003.png,Mass,0.0,0.00322151
00004968_003.png,Cardiomegaly,0.22604046181454882,0.00316238
00004968_003.png,Infiltration,0.0,0.00313377
00004968_003.png,Infiltration,0.4492670433698837,0.0030632
00004968_003.png,Effusion,0.0,0.0030365
00004968_003.png,Cardiomegaly,0.0,0.00270271
00004968_003.png,Infiltration,0.0,0.00266457
00004968_003.png,Cardiomegaly,0.18739629380678613,0.00259018
00004968_003.png,Cardiomegaly,0.0,0.00258255
00004968_003.png,Effusion,0.0,0.00252724
00004968_003.png,Effusion,0.0,0.00252151
00004968_003.png,Effusion,0.0,0.00244904
00004968_003.png,Cardiomegaly,0.0,0.00244141
00004968_003.png,Cardiomegaly,0.0,0.00240517
00004968_003.png,Infiltration,0.0,0.00237846
00004968_003.png,Mass,0.0,0.00227547
00004968_003.png,Mass,0.0,0.00226021
00004968_003.png,Cardiomegaly,0.0,0.00224686
00004968_003.png,Effusion,0.0,0.00224304
00004968_003.png,Cardiomegaly,0.22272548134598916,0.00223732
00004968_003.png,Atelectasis,0.0819421506070138,0.00218391
00004968_003.png,Cardiomegaly,0.0,0.00216866
00004968_003.png,Effusion,0.0,0.00211334
00004968_003.png,Effusion,0.0,0.00204468
00004968_003.png,Infiltration,0.0,0.00201607
00004968_003.png,Effusion,0.0,0.00200272
00004968_003.png,Cardiomegaly,0.0,0.00197601
00004968_003.png,Effusion,0.0,0.00196838
00004968_003.png,Cardiomegaly,0.24589658313527213,0.00196648
00004968_003.png,Effusion,0.0,0.00196075
00004968_003.png,Infiltration,0.0,0.00195885
00004968_003.png,Effusion,0.0,0.00191116
00004968_003.png,Effusion,0.0,0.0019083
00004968_003.png,Effusion,0.0,0.00189686
00004968_003.png,Cardiomegaly,0.3466259206056759,0.00186634
00004968_003.png,Cardiomegaly,0.0,0.00179005
00004968_003.png,Effusion,0.0,0.00177002
00004968_003.png,Cardiomegaly,0.14010523616703102,0.00175095
00004968_003.png,Cardiomegaly,0.0,0.00167084
00004968_003.png,Infiltration,0.0,0.00166893
00004968_003.png,Infiltration,0.0,0.00164413
00004968_003.png,Effusion,0.0,0.00162601
00004968_003.png,Infiltration,0.0,0.00159931
00004968_003.png,Effusion,0.0,0.00152016
00004968_003.png,Infiltration,0.3318628829079495,0.00148201
00004968_003.png,Effusion,0.0,0.00147724
00004968_003.png,Cardiomegaly,0.0,0.00147057
00004968_003.png,Cardiomegaly,0.22669148737560105,0.00146198
00004968_003.png,Infiltration,0.1739029644568242,0.00146008
00004968_003.png,Effusion,0.0,0.00145531
00004968_003.png,Infiltration,0.24589658313527213,0.00143719
00004968_003.png,Cardiomegaly,0.1739029644568242,0.0014143
00004968_003.png,Infiltration,0.0,0.00140381
00004968_003.png,Effusion,0.0,0.00139618
00004968_003.png,Effusion,0.0,0.00137901
00004968_003.png,Infiltration,0.0,0.00137043
00004968_003.png,Infiltration,0.0,0.00136757
00004968_003.png,Cardiomegaly,0.2127296721171769,0.00136185
00004968_003.png,Cardiomegaly,0.0,0.00134373
00004968_003.png,Cardiomegaly,0.0,0.00133324
00004968_003.png,Effusion,0.0,0.00130272
00004968_003.png,Infiltration,0.0,0.00130177
00004968_003.png,Infiltration,0.0,0.00129318
00004968_003.png,Infiltration,0.0,0.00126171
00004968_003.png,Infiltration,0.0,0.00125313
00004968_003.png,Effusion,0.0,0.00125217
00004968_003.png,Infiltration,0.0,0.0012331
00004968_003.png,Effusion,0.0,0.00122166
00004968_003.png,Effusion,0.0,0.00121307
00004968_003.png,Cardiomegaly,0.0,0.00119591
00004968_003.png,Effusion,0.0,0.00117016
00004968_003.png,Mass,0.01510746332789582,0.00116444
00004968_003.png,Effusion,0.0,0.00111389
00004968_003.png,Mass,0.0,0.00110722
00004968_003.png,Cardiomegaly,0.07907923923015965,0.00110722
00004968_003.png,Infiltration,0.5685211797780435,0.001091
00004968_003.png,Cardiomegaly,0.0,0.00107956
00004968_003.png,Effusion,0.0,0.00107574
00004968_003.png,Infiltration,0.0,0.0010643
00004968_003.png,Effusion,0.0,0.00104141
00004968_003.png,Cardiomegaly,0.0,0.00103474
00004968_003.png,Infiltration,0.0,0.00102901
00004968_003.png,Infiltration,0.12546668439376718,0.00102139
00004968_003.png,Effusion,0.0,0.00101948
00004968_003.png,Mass,0.0,0.00100327
00019373_058.png,Effusion,0.8068114227139292,0.763184
00019373_058.png,Effusion,0.0,0.198975
00019373_058.png,Atelectasis,0.02348445156171552,0.0979614
00019373_058.png,Effusion,0.0,0.0728149
00019373_058.png,Infiltration,0.0,0.0690308
00019373_058.png,Cardiomegaly,0.0,0.0634155
00019373_058.png,Effusion,0.0,0.0449219
00019373_058.png,Effusion,0.0,0.037384
00019373_058.png,Effusion,0.6156193845181981,0.0357056
00019373_058.png,Infiltration,0.0,0.0286407
00019373_058.png,Cardiomegaly,0.0,0.0244446
00019373_058.png,Cardiomegaly,0.0,0.0176697
00019373_058.png,Infiltration,0.0,0.0173645
00019373_058.png,Mass,0.0,0.0139389
00019373_058.png,Atelectasis,0.03697160344228607,0.012619
00019373_058.png,Cardiomegaly,0.0,0.0125961
00019373_058.png,Mass,0.0,0.0116196
00019373_058.png,Effusion,0.0,0.010788
00019373_058.png,Mass,0.0,0.0106735
00019373_058.png,Cardiomegaly,0.0,0.0105362
00019373_058.png,Effusion,0.01411321365061189,0.0102539
00019373_058.png,Infiltration,0.0,0.00959015
00019373_058.png,Infiltration,0.0,0.008461
00019373_058.png,Infiltration,0.0,0.00834656
00019373_058.png,Effusion,0.5941110331062521,0.00763702
00019373_058.png,Infiltration,0.0,0.00762939
00019373_058.png,Mass,0.0,0.0075798
00019373_058.png,Cardiomegaly,0.0,0.00715637
00019373_058.png,Mass,0.0,0.00712967
00019373_058.png,Mass,0.0,0.00706863
00019373_058.png,Infiltration,0.0,0.00688171
00019373_058.png,Effusion,0.0,0.00673294
00019373_058.png,Effusion,0.1680640906603393,0.00663376
00019373_058.png,Atelectasis,0.0,0.00638962
00019373_058.png,Infiltration,0.0,0.00613022
00019373_058.png,Atelectasis,0.0598226447794037,0.00551224
00019373_058.png,Infiltration,0.0,0.00535202
00019373_058.png,Infiltration,0.0,0.00526047
00019373_058.png,Infiltration,0.0,0.00505066
00019373_058.png,Effusion,0.0,0.00503922
00019373_058.png,Effusion,0.0,0.0050354
00019373_058.png,Mass,0.1680640906603393,0.00482559
00019373_058.png,Cardiomegaly,0.0,0.00482178
00019373_058.png,Effusion,0.0,0.00466919
00019373_058.png,Infiltration,0.0,0.00436401
00019373_058.png,Infiltration,0.0,0.00410461
00019373_058.png,Infiltration,0.0,0.00397491
00019373_058.png,Atelectasis,0.034229643788845215,0.00395203
00019373_058.png,Infiltration,0.0,0.00388145
00019373_058.png,Infiltration,0.0,0.00380135
00019373_058.png,Infiltration,0.0,0.0037632
00019373_058.png,Effusion,0.0,0.00370789
00019373_058.png,Effusion,0.0,0.00367165
00019373_058.png,Mass,0.0,0.00365829
00019373_058.png,Effusion,0.09873959628818514,0.00363922
00019373_058.png,Mass,0.0,0.0036335
00019373_058.png,Effusion,0.0,0.00326729
00019373_058.png,Effusion,0.654449485374202,0.00323296
00019373_058.png,Infiltration,0.0,0.00321007
00019373_058.png,Effusion,0.0,0.00310326
00019373_058.png,Infiltration,0.0,0.00290871
00019373_058.png,Infiltration,0.0,0.0029068
00019373_058.png,Effusion,0.0,0.00282097
00019373_058.png,Mass,0.0,0.00277519
00019373_058.png,Atelectasis,0.8661859692294203,0.00277328
00019373_058.png,Effusion,0.0,0.0026474
00019373_058.png,Cardiomegaly,0.0,0.00264168
00019373_058.png,Infiltration,0.0,0.0024929
00019373_058.png,Effusion,0.0,0.002491
00019373_058.png,Effusion,0.0,0.00244331
00019373_058.png,Effusion,0.0,0.0024395
00019373_058.png,Mass,0.13455098454972564,0.0024128
00019373_058.png,Infiltration,0.0,0.00240707
00019373_058.png,Mass,0.09873959628818514,0.00239754
00019373_058.png,Effusion,0.46342514187927125,0.0023613
00019373_058.png,Mass,0.0,0.00232124
00019373_058.png,Effusion,0.0,0.002285
00019373_058.png,Infiltration,0.0,0.00227737
00019373_058.png,Cardiomegaly,0.0,0.00226593
00019373_058.png,Mass,0.2880050427383126,0.00220108
00019373_058.png,Mass,0.24620629065706215,0.00218582
00019373_058.png,Infiltration,0.0,0.00215149
00019373_058.png,Infiltration,0.0,0.00214005
00019373_058.png,Infiltration,0.0,0.00213432
00019373_058.png,Infiltration,0.0,0.0020504
00019373_058.png,Infiltration,0.0,0.00202942
00019373_058.png,Cardiomegaly,0.0,0.0019722
00019373_058.png,Effusion,0.245953668869915,0.00195885
00019373_058.png,Mass,0.0,0.00194454
00019373_058.png,Infiltration,0.0,0.00193882
00019373_058.png,Fibrosis,0.8341881033664907,0.00189304
00019373_058.png,Infiltration,0.0,0.00188828
00019373_058.png,Mass,0.8341881033664907,0.00186443
00019373_058.png,Mass,0.1414316474678871,0.00183487
00019373_058.png,Effusion,0.0,0.00181866
00019373_058.png,Cardiomegaly,0.0,0.00181007
00019373_058.png,Mass,0.0,0.00173569
00019373_058.png,Infiltration,0.0,0.00172329
00019373_058.png,Effusion,0.0,0.00169945
00019373_058.png,Effusion,0.0,0.00169563
00019373_058.png,Effusion,0.0,0.00169563
00019373_058.png,Infiltration,0.0,0.00165749
00019373_058.png,Infiltration,0.0,0.0016489
00019373_058.png,Effusion,0.418670759841052,0.00163746
00019373_058.png,Cardiomegaly,0.05861117688748863,0.00162029
00019373_058.png,Effusion,0.006468519976529562,0.00161171
00019373_058.png,Cardiomegaly,0.0,0.00160408
00019373_058.png,Cardiomegaly,0.8664835803619018,0.00160122
00019373_058.png,Effusion,0.01891155985471127,0.0015955
00019373_058.png,Atelectasis,0.0,0.00158787
00019373_058.png,Infiltration,0.0,0.00157642
00019373_058.png,Cardiomegaly,0.0,0.00150967
00019373_058.png,Effusion,0.0,0.00150585
00019373_058.png,Atelectasis,0.007159031196894397,0.00149632
00019373_058.png,Cardiomegaly,0.0,0.00149536
00019373_058.png,Effusion,0.0,0.00144291
00019373_058.png,Infiltration,0.0,0.00143528
00019373_058.png,Atelectasis,0.0,0.00142574
00019373_058.png,Effusion,0.0,0.00142288
00019373_058.png,Infiltration,0.0,0.00139809
00019373_058.png,Mass,0.0,0.00139523
00019373_058.png,Effusion,0.37883324729635215,0.0013895
00019373_058.png,Infiltration,0.0,0.00133991
00019373_058.png,Cardiomegaly,0.0,0.0013361
00019373_058.png,Effusion,0.0,0.00131035
00019373_058.png,Effusion,0.0,0.00129795
00019373_058.png,Effusion,0.43750918541962913,0.00129795
00019373_058.png,Effusion,0.0,0.00129128
00019373_058.png,Infiltration,0.0,0.00127602
00019373_058.png,Infiltration,0.0,0.00125122
00019373_058.png,Mass,0.0,0.00124931
00019373_058.png,Infiltration,0.0,0.00121307
00019373_058.png,Infiltration,0.0,0.00120163
00019373_058.png,Effusion,0.3864917780517361,0.00119019
00019373_058.png,Infiltration,0.0,0.00118732
00019373_058.png,Edema,0.7580587863530548,0.0011673
00019373_058.png,Effusion,0.0,0.00116539
00019373_058.png,Infiltration,0.0,0.00115681
00019373_058.png,Effusion,0.0,0.00112724
00019373_058.png,Emphysema,0.8068114227139292,0.00112057
00019373_058.png,Mass,0.0,0.00111961
00019373_058.png,Infiltration,0.0,0.00111771
00019373_058.png,Effusion,0.0,0.00111198
00019373_058.png,Effusion,0.07919045767240801,0.00110817
00019373_058.png,Mass,0.5192690419319367,0.00110722
00019373_058.png,Effusion,0.0,0.00110435
00019373_058.png,Effusion,0.0,0.00108051
00019373_058.png,Hernia,0.8341881033664907,0.00107765
00019373_058.png,Mass,0.0,0.00106144
00019373_058.png,Effusion,0.5192690419319367,0.00105667
00019373_058.png,Effusion,0.0,0.00104713
00019373_058.png,Infiltration,0.0,0.00104332
00019373_058.png,Atelectasis,0.1680640906603393,0.00103092
00019373_058.png,Pleural_Thickening,0.8068114227139292,0.00102043
00019373_058.png,Infiltration,0.0,0.00100803
00019373_058.png,Infiltration,0.0,0.00100613
00014795_002.png,Infiltration,0.0,0.191284
00014795_002.png,Infiltration,0.0,0.151001
00014795_002.png,Infiltration,0.4601887002023684,0.0597534
00014795_002.png,Infiltration,0.0,0.0537109
00014795_002.png,Infiltration,0.0,0.0494995
00014795_002.png,Infiltration,0.0,0.0461731
00014795_002.png,Cardiomegaly,0.09240528567083273,0.0357361
00014795_002.png,Atelectasis,0.018993132253478782,0.0278168
00014795_002.png,Mass,0.0,0.025116
00014795_002.png,Effusion,0.0,0.0229645
00014795_002.png,Effusion,0.0,0.0224304
00014795_002.png,Infiltration,0.0,0.0209961
00014795_002.png,Infiltration,0.0,0.0192108
00014795_002.png,Infiltration,0.725494375379078,0.019104
00014795_002.png,Infiltration,0.400208573440686,0.018692
00014795_002.png,Infiltration,0.0,0.014801
00014795_002.png,Infiltration,0.0,0.0125885
00014795_002.png,Infiltration,0.0,0.0123672
00014795_002.png,Mass,0.0,0.0120621
00014795_002.png,Infiltration,0.0,0.0118103
00014795_002.png,Mass,0.16914625762161484,0.0114136
00014795_002.png,Mass,0.0,0.0105667
00014795_002.png,Mass,0.0,0.00992584
00014795_002.png,Infiltration,0.5121617748580363,0.00992584
00014795_002.png,Infiltration,0.2050701013236108,0.00932312
00014795_002.png,Infiltration,0.3522293990527567,0.00922394
00014795_002.png,Infiltration,0.0,0.0089798
00014795_002.png,Cardiomegaly,0.09516379151487042,0.00887299
00014795_002.png,Mass,0.0,0.00854492
00014795_002.png,Infiltration,0.0,0.00791931
00014795_002.png,Effusion,0.0,0.00767136
00014795_002.png,Infiltration,0.0,0.00751877
00014795_002.png,Mass,0.0,0.00730133
00014795_002.png,Infiltration,0.0,0.00727463
00014795_002.png,Mass,0.23252596966674696,0.00683212
00014795_002.png,Infiltration,0.00743852637653189,0.00645065
00014795_002.png,Mass,0.0,0.0063324
00014795_002.png,Infiltration,0.07722711487744661,0.00630951
00014795_002.png,Infiltration,0.0,0.00605392
00014795_002.png,Infiltration,0.0660699135694434,0.00600815
00014795_002.png,Infiltration,0.0,0.00598526
00014795_002.png,Cardiomegaly,0.1517052077843091,0.00590134
00014795_002.png,Mass,0.0,0.00541306
00014795_002.png,Infiltration,0.0,0.00534821
00014795_002.png,Infiltration,0.0,0.00505447
00014795_002.png,Infiltration,0.0,0.00502777
00014795_002.png,Effusion,0.0,0.00497818
00014795_002.png,Infiltration,0.0,0.00483704
00014795_002.png,Effusion,0.0,0.00482941
00014795_002.png,Infiltration,0.0,0.0047226
00014795_002.png,Effusion,0.0,0.00458145
00014795_002.png,Infiltration,0.0,0.00431442
00014795_002.png,Infiltration,0.0,0.00424957
00014795_002.png,Infiltration,0.4312856643486438,0.00418854
00014795_002.png,Infiltration,0.24133418050606512,0.00383186
00014795_002.png,Mass,0.0,0.00369072
00014795_002.png,Infiltration,0.37242524402839566,0.00368309
00014795_002.png,Infiltration,0.0,0.00349045
00014795_002.png,Cardiomegaly,0.047926991014152126,0.00343132
00014795_002.png,Mass,0.0,0.00334358
00014795_002.png,Infiltration,0.014564926759312192,0.00298309
00014795_002.png,Mass,0.0,0.00294304
00014795_002.png,Mass,0.424725569288247,0.00290298
00014795_002.png,Mass,0.003919217916650723,0.00271988
00014795_002.png,Cardiomegaly,0.1437645252151709,0.00271034
00014795_002.png,Infiltration,0.1020986225888535,0.00267792
00014795_002.png,Mass,0.0,0.00263977
00014795_002.png,Infiltration,0.0,0.00259972
00014795_002.png,Effusion,0.0,0.0025959
00014795_002.png,Infiltration,0.0,0.0025692
00014795_002.png,Mass,0.0013010402030499075,0.00252914
00014795_002.png,Cardiomegaly,0.0,0.00251579
00014795_002.png,Effusion,0.0,0.00240326
00014795_002.png,Infiltration,0.6345402346120178,0.00237656
00014795_002.png,Effusion,0.0,0.00225067
00014795_002.png,Effusion,0.032446720808914364,0.00222969
00014795_002.png,Mass,0.0,0.00208092
00014795_002.png,Effusion,0.0,0.00204659
00014795_002.png,Infiltration,0.12513597278588295,0.00200653
00014795_002.png,Effusion,0.0,0.00196457
00014795_002.png,Effusion,0.0,0.00191784
00014795_002.png,Infiltration,0.0,0.00189877
00014795_002.png,Effusion,0.0,0.00189781
00014795_002.png,Effusion,0.0,0.00187969
00014795_002.png,Atelectasis,0.00920289511920207,0.00176525
00014795_002.png,Infiltration,0.0,0.00173473
00014795_002.png,Effusion,0.0,0.00171852
00014795_002.png,Cardiomegaly,0.0,0.00170898
00014795_002.png,Effusion,0.0,0.0017004
00014795_002.png,Infiltration,0.7959415280088405,0.00165176
00014795_002.png,Effusion,0.0,0.001647
00014795_002.png,Mass,0.0,0.00162697
00014795_002.png,Infiltration,0.0,0.00159645
00014795_002.png,Mass,0.0,0.00152683
00014795_002.png,Infiltration,0.09823432231394462,0.00152397
00014795_002.png,Effusion,0.0,0.00147247
00014795_002.png,Infiltration,0.18796128948124521,0.00146294
00014795_002.png,Infiltration,0.3684384008035088,0.00145626
00014795_002.png,Effusion,0.0,0.00144863
00014795_002.png,Infiltration,0.0,0.00144196
00014795_002.png,Effusion,0.0,0.00141621
00014795_002.png,Mass,0.0,0.00138569
00014795_002.png,Mass,0.0,0.00137711
00014795_002.png,Infiltration,0.0,0.00136948
00014795_002.png,Effusion,0.0,0.00136566
00014795_002.png,Effusion,0.0,0.00136089
00014795_002.png,Infiltration,0.0,0.00135612
00014795_002.png,Cardiomegaly,0.03872980580191415,0.00135517
00014795_002.png,Cardiomegaly,0.2208904504434402,0.00135326
00014795_002.png,Infiltration,0.0,0.00135136
00014795_002.png,Mass,0.0,0.00133514
00014795_002.png,Effusion,0.0,0.00130367
00014795_002.png,Atelectasis,0.055953281720803986,0.00129509
00014795_002.png,Mass,0.0624307208040508,0.00127888
00014795_002.png,Effusion,0.0,0.00125885
00014795_002.png,Effusion,0.0,0.00122452
00014795_002.png,Cardiomegaly,0.0,0.00120068
00014795_002.png,Infiltration,0.0,0.00118351
00014795_002.png,Cardiomegaly,0.003919217916650723,0.00117111
00014795_002.png,Effusion,0.0,0.00116539
00014795_002.png,Infiltration,0.16511945937011083,0.00115204
00014795_002.png,Effusion,0.0,0.0011425
00014795_002.png,Cardiomegaly,0.0,0.00113583
00014795_002.png,Infiltration,0.0,0.00110912
00014795_002.png,Effusion,0.0,0.00109291
00014795_002.png,Mass,0.0,0.00109291
00014795_002.png,Infiltration,0.0,0.001091
00014795_002.png,Effusion,0.39146626516630545,0.0010891
00014795_002.png,Infiltration,0.0,0.00108624
00014795_002.png,Mass,0.0,0.00106239
00014795_002.png,Infiltration,0.0,0.00103951
00014795_002.png,Mass,0.4312856643486438,0.00103569
00014795_002.png,Atelectasis,0.0,0.00103474
00014795_002.png,Mass,0.0,0.00102425
00014795_002.png,Effusion,0.0,0.00101948
00014795_002.png,Mass,0.03872980580191415,0.00101948
00014795_002.png,Effusion,0.019191488241372713,0.00101471
00014795_002.png,Effusion,0.0,0.0010128
00014795_002.png,Cardiomegaly,0.04123857439987843,0.00100517
00005827_000.png,Atelectasis,0.8210543083465276,0.418701
00005827_000.png,Effusion,0.05393852022449513,0.373047
00005827_000.png,Mass,0.08283248500123598,0.303223
00005827_000.png,Infiltration,0.00394479396839725,0.163086
00005827_000.png,Mass,0.0,0.0673218
00005827_000.png,Mass,0.04471749478246379,0.0555115
00005827_000.png,Mass,0.0,0.0551453
00005827_000.png,Infiltration,0.011228329897031864,0.0445557
00005827_000.png,Effusion,0.034320675942262555,0.0326843
00005827_000.png,Mass,0.0,0.0282135
00005827_000.png,Effusion,0.07436651325463978,0.02388
00005827_000.png,Effusion,0.0675661852768965,0.0193176
00005827_000.png,Cardiomegaly,0.0,0.0187225
00005827_000.png,Mass,0.0,0.0155334
00005827_000.png,Infiltration,0.017521691679414964,0.0133057
00005827_000.png,Infiltration,0.0,0.0128632
00005827_000.png,Infiltration,0.005827375327988248,0.0127411
00005827_000.png,Infiltration,0.16918942384062766,0.0120468
00005827_000.png,Infiltration,0.028119805878466523,0.0119553
00005827_000.png,Infiltration,0.1242724729904116,0.0112
00005827_000.png,Cardiomegaly,0.01656399994088481,0.0111542
00005827_000.png,Infiltration,0.01866366901530108,0.0106125
00005827_000.png,Infiltration,0.0,0.0104675
00005827_000.png,Mass,0.0,0.0103302
00005827_000.png,Cardiomegaly,0.0312910639901263,0.00811768
00005827_000.png,Mass,0.16644739771718584,0.00723267
00005827_000.png,Mass,0.03073436618232046,0.0069809
00005827_000.png,Mass,0.0,0.00669098
00005827_000.png,Infiltration,0.045555481938552064,0.00623322
00005827_000.png,Effusion,0.06814334045929299,0.00591278
00005827_000.png,Cardiomegaly,0.0,0.00587845
00005827_000.png,Infiltration,0.039981511029449565,0.00554276
00005827_000.png,Effusion,0.06592491734702306,0.00544357
00005827_000.png,Effusion,0.0,0.00538254
00005827_000.png,Infiltration,0.07873585267115978,0.0050087
00005827_000.png,Infiltration,0.017366114131949037,0.00490952
00005827_000.png,Cardiomegaly,0.0,0.00482178
00005827_000.png,Mass,0.0,0.00469971
00005827_000.png,Mass,0.0,0.00426102
00005827_000.png,Infiltration,0.04549574632352208,0.00421524
00005827_000.png,Cardiomegaly,0.0,0.00420761
00005827_000.png,Cardiomegaly,0.0,0.00391006
00005827_000.png,Effusion,0.05732615429839237,0.00380707
00005827_000.png,Infiltration,0.033718394730949286,0.00379753
00005827_000.png,Infiltration,0.02666620959775203,0.0037632
00005827_000.png,Mass,0.029509696605497772,0.00370789
00005827_000.png,Mass,0.0,0.00364494
00005827_000.png,Effusion,0.0,0.00351715
00005827_000.png,Mass,0.0312910639901263,0.00349045
00005827_000.png,Mass,0.0,0.00338364
00005827_000.png,Mass,0.0,0.00337601
00005827_000.png,Infiltration,0.0,0.00319099
00005827_000.png,Mass,0.012279563504759457,0.00316238
00005827_000.png,Effusion,0.01644670323379358,0.00303841
00005827_000.png,Effusion,0.0,0.00302505
00005827_000.png,Infiltration,0.02337542136766244,0.00299263
00005827_000.png,Effusion,0.014817467352964917,0.00292969
00005827_000.png,Cardiomegaly,0.0,0.00292015
00005827_000.png,Effusion,0.0,0.00275421
00005827_000.png,Infiltration,0.04844675024887065,0.00272751
00005827_000.png,Mass,0.0,0.0027256
00005827_000.png,Infiltration,0.06001460637820209,0.00268936
00005827_000.png,Effusion,0.0,0.00261879
00005827_000.png,Infiltration,0.0,0.00251389
00005827_000.png,Effusion,0.0,0.00250053
00005827_000.png,Cardiomegaly,0.0,0.00246811
00005827_000.png,Mass,0.0,0.00244713
00005827_000.png,Effusion,0.0,0.00242805
00005827_000.png,Mass,0.10855748482052223,0.00239944
00005827_000.png,Effusion,0.0,0.00239754
00005827_000.png,Infiltration,0.021171513033556445,0.00239182
00005827_000.png,Infiltration,0.14366749678713947,0.00238609
00005827_000.png,Infiltration,0.06534631225560723,0.00226974
00005827_000.png,Infiltration,0.24604236326371107,0.00226974
00005827_000.png,Cardiomegaly,0.028457331327284886,0.00226593
00005827_000.png,Mass,0.0473080336906928,0.0022583
00005827_000.png,Mass,0.0,0.00222397
00005827_000.png,Mass,0.09524931655668523,0.0021801
00005827_000.png,Effusion,0.024508064228789383,0.00210571
00005827_000.png,Effusion,0.017366114131949037,0.00205421
00005827_000.png,Effusion,0.0,0.00203705
00005827_000.png,Mass,0.0,0.00201607
00005827_000.png,Infiltration,0.05684747334330382,0.00194645
00005827_000.png,Infiltration,0.0,0.00193596
00005827_000.png,Mass,0.0,0.00191879
00005827_000.png,Cardiomegaly,0.0,0.00187588
00005827_000.png,Effusion,0.04183271275268485,0.00187111
00005827_000.png,Effusion,0.0075659516266562785,0.0018692
00005827_000.png,Mass,0.14218896873214779,0.00186539
00005827_000.png,Infiltration,0.0,0.00184536
00005827_000.png,Cardiomegaly,0.035799909900753366,0.0018425
00005827_000.png,Infiltration,0.043681264498127044,0.00181961
00005827_000.png,Effusion,0.007166317207854982,0.00174618
00005827_000.png,Effusion,0.07098923189913667,0.00171185
00005827_000.png,Effusion,0.020893795108027323,0.00169754
00005827_000.png,Infiltration,0.032126614653155014,0.00167847
00005827_000.png,Infiltration,0.02093930042750912,0.0016737
00005827_000.png,Effusion,0.011270953751829463,0.00165939
00005827_000.png,Atelectasis,0.05393852022449513,0.00164795
00005827_000.png,Mass,0.0,0.00161171
00005827_000.png,Effusion,0.0,0.00160408
00005827_000.png,Infiltration,0.10303692738268207,0.00158787
00005827_000.png,Mass,0.0,0.00151825
00005827_000.png,Cardiomegaly,0.0,0.00151634
00005827_000.png,Effusion,0.0,0.00149345
00005827_000.png,Effusion,0.021138098102682266,0.00147915
00005827_000.png,Effusion,0.020916361424435884,0.00146484
00005827_000.png,Mass,0.0,0.00145531
00005827_000.png,Cardiomegaly,0.0,0.00144577
00005827_000.png,Mass,0.0,0.00144291
00005827_000.png,Cardiomegaly,0.0,0.00142193
00005827_000.png,Effusion,0.0,0.00140762
00005827_000.png,Infiltration,0.0,0.00135803
00005827_000.png,Mass,0.0,0.00135136
00005827_000.png,Effusion,0.0,0.00132847
00005827_000.png,Infiltration,0.04129615812738975,0.00132847
00005827_000.png,Mass,0.014770115365246772,0.00131798
00005827_000.png,Effusion,0.04037964795567104,0.00128651
00005827_000.png,Infiltration,0.12883714266557575,0.00127125
00005827_000.png,Effusion,0.013556882026278761,0.00127029
00005827_000.png,Mass,0.32243880960252,0.00126171
00005827_000.png,Infiltration,0.016944964784978825,0.00125694
00005827_000.png,Infiltration,0.03519633027692083,0.00122356
00005827_000.png,Effusion,0.0,0.00121975
00005827_000.png,Mass,0.062437575272423856,0.00120735
00005827_000.png,Mass,0.14230609108472728,0.00120449
00005827_000.png,Cardiomegaly,0.0,0.00120068
00005827_000.png,Cardiomegaly,0.0,0.00119781
00005827_000.png,Infiltration,0.05421180443890344,0.0011797
00005827_000.png,Infiltration,0.9046979359192597,0.00115013
00005827_000.png,Effusion,0.033718394730949286,0.00113583
00005827_000.png,Mass,0.02666620959775203,0.00113106
00005827_000.png,Mass,0.0,0.0011282
00005827_000.png,Infiltration,0.029258584885102655,0.00112629
00005827_000.png,Mass,0.0,0.00112343
00005827_000.png,Cardiomegaly,0.11185214370963949,0.00112343
00005827_000.png,Infiltration,0.06388907088945454,0.00109673
00005827_000.png,Atelectasis,0.11567184864548923,0.00109577
00005827_000.png,Infiltration,0.045464630588238034,0.00108814
00005827_000.png,Effusion,0.0,0.00108147
00005827_000.png,Mass,0.0,0.00107002
00005827_000.png,Effusion,0.058171199641644716,0.00105953
00005827_000.png,Mass,0.3928704286146683,0.00105
00005827_000.png,Effusion,0.8173866298878993,0.00101852
00005827_000.png,Effusion,0.04062140192758719,0.0010128
00005827_000.png,Mass,0.16244627489457536,0.00100899
00005827_000.png,Mass,0.047696456286650354,0.00100803
00005827_000.png,Effusion,0.0,0.00100422
00018102_001.png,Atelectasis,0.0,0.310303
00018102_001.png,Effusion,0.0,0.157471
00018102_001.png,Effusion,0.0,0.146606
00018102_001.png,Cardiomegaly,0.04387861301513569,0.120667
00018102_001.png,Effusion,0.0,0.0500183
00018102_001.png,Effusion,0.0,0.0468445
00018102_001.png,Infiltration,0.0,0.0437012
00018102_001.png,Effusion,0.0,0.0361023
00018102_001.png,Effusion,0.0,0.0335999
00018102_001.png,Cardiomegaly,0.0,0.0274811
00018102_001.png,Effusion,0.0,0.026474
00018102_001.png,Mass,0.0,0.024765
00018102_001.png,Infiltration,0.0,0.0231781
00018102_001.png,Effusion,0.0,0.0207367
00018102_001.png,Mass,0.0,0.0200043
00018102_001.png,Effusion,0.0,0.0185852
00018102_001.png,Effusion,0.0,0.0182495
00018102_001.png,Mass,0.0,0.0169067
00018102_001.png,Effusion,0.0,0.0160828
00018102_001.png,Mass,0.0,0.0158997
00018102_001.png,Infiltration,0.0,0.0158844
00018102_001.png,Infiltration,0.0,0.0148087
00018102_001.png,Cardiomegaly,0.02768997433000536,0.0122223
00018102_001.png,Cardiomegaly,0.04271524960056982,0.0118637
00018102_001.png,Mass,0.0,0.0101624
00018102_001.png,Mass,0.0,0.00940704
00018102_001.png,Mass,0.0,0.00887299
00018102_001.png,Cardiomegaly,0.0,0.00846863
00018102_001.png,Effusion,0.0,0.00830078
00018102_001.png,Effusion,0.0,0.00795746
00018102_001.png,Effusion,0.0,0.00734329
00018102_001.png,Cardiomegaly,0.01820373759396636,0.00720596
00018102_001.png,Infiltration,0.0,0.0069313
00018102_001.png,Infiltration,0.0,0.00681305
00018102_001.png,Cardiomegaly,0.023166774764484057,0.00650787
00018102_001.png,Infiltration,0.0,0.00646973
00018102_001.png,Infiltration,0.0,0.00644684
00018102_001.png,Mass,0.0,0.00625992
00018102_001.png,Infiltration,0.0,0.00625229
00018102_001.png,Infiltration,0.04387861301513569,0.00615311
00018102_001.png,Cardiomegaly,0.0,0.00614166
00018102_001.png,Infiltration,0.0,0.00603867
00018102_001.png,Mass,0.0,0.00588226
00018102_001.png,Mass,0.0,0.00571442
00018102_001.png,Effusion,0.0,0.0055275
00018102_001.png,Infiltration,0.0,0.00529861
00018102_001.png,Mass,0.0,0.00522614
00018102_001.png,Mass,0.0,0.00514984
00018102_001.png,Effusion,0.0,0.00506973
00018102_001.png,Cardiomegaly,0.0,0.00506973
00018102_001.png,Effusion,0.0,0.0048027
00018102_001.png,Cardiomegaly,0.0,0.00468826
00018102_001.png,Mass,0.0,0.00464249
00018102_001.png,Cardiomegaly,0.02643428494005699,0.00453186
00018102_001.png,Infiltration,0.0,0.0044632
00018102_001.png,Infiltration,0.004115750235092546,0.00442886
00018102_001.png,Infiltration,0.0,0.00439072
00018102_001.png,Mass,0.0,0.00433731
00018102_001.png,Effusion,0.0,0.00430679
00018102_001.png,Mass,0.0,0.00426102
00018102_001.png,Cardiomegaly,0.046497625374000755,0.00423431
00018102_001.png,Infiltration,0.0,0.00421143
00018102_001.png,Cardiomegaly,0.0,0.00411224
00018102_001.png,Infiltration,0.0,0.00406265
00018102_001.png,Effusion,0.0,0.00405121
00018102_001.png,Effusion,0.0,0.00403595
00018102_001.png,Mass,0.0,0.00398636
00018102_001.png,Effusion,0.0,0.00397873
00018102_001.png,Effusion,0.0,0.00392532
00018102_001.png,Infiltration,0.0,0.003685
00018102_001.png,Infiltration,0.0,0.00362968
00018102_001.png,Infiltration,0.0,0.00361061
00018102_001.png,Effusion,0.0,0.00354958
00018102_001.png,Cardiomegaly,0.020103710376746207,0.00351334
00018102_001.png,Infiltration,0.0,0.00349998
00018102_001.png,Effusion,0.0,0.00348091
00018102_001.png,Effusion,0.0,0.003479
00018102_001.png,Cardiomegaly,0.0,0.00347519
00018102_001.png,Effusion,0.0,0.00345993
00018102_001.png,Effusion,0.0,0.00336456
00018102_001.png,Effusion,0.0,0.0033474
00018102_001.png,Mass,0.0,0.00331116
00018102_001.png,Cardiomegaly,0.02834467835694302,0.00330734
00018102_001.png,Mass,0.0,0.00305367
00018102_001.png,Effusion,0.0,0.00302505
00018102_001.png,Infiltration,0.0,0.00302505
00018102_001.png,Effusion,0.0,0.00298882
00018102_001.png,Effusion,0.0,0.00288773
00018102_001.png,Effusion,0.0,0.00287056
00018102_001.png,Effusion,0.0,0.00283241
00018102_001.png,Cardiomegaly,0.0,0.00280952
00018102_001.png,Mass,0.0,0.00273323
00018102_001.png,Effusion,0.0,0.00269318
00018102_001.png,Mass,0.0,0.00263405
00018102_001.png,Mass,0.0,0.0025692
00018102_001.png,Infiltration,0.0,0.00256538
00018102_001.png,Mass,0.0,0.00248718
00018102_001.png,Effusion,0.0,0.00247383
00018102_001.png,Mass,0.0,0.00247002
00018102_001.png,Effusion,0.0,0.00246811
00018102_001.png,Effusion,0.0,0.00230026
00018102_001.png,Cardiomegaly,0.03790321556630808,0.00229454
00018102_001.png,Effusion,0.0,0.00226402
00018102_001.png,Effusion,0.0,0.00222969
00018102_001.png,Infiltration,0.0,0.00212097
00018102_001.png,Cardiomegaly,0.02728888190078856,0.00212097
00018102_001.png,Effusion,0.0,0.00210571
00018102_001.png,Mass,0.0,0.00208855
00018102_001.png,Mass,0.0,0.00208855
00018102_001.png,Effusion,0.0,0.00204659
00018102_001.png,Infiltration,0.0,0.00199127
00018102_001.png,Infiltration,0.0,0.00198555
00018102_001.png,Effusion,0.0,0.00196838
00018102_001.png,Mass,0.0,0.00196648
00018102_001.png,Effusion,0.0,0.00196266
00018102_001.png,Effusion,0.0,0.0019474
00018102_001.png,Mass,0.0,0.00192547
00018102_001.png,Effusion,0.0,0.00191498
00018102_001.png,Effusion,0.0,0.00191402
00018102_001.png,Effusion,0.0,0.00190926
00018102_001.png,Infiltration,0.0,0.00190258
00018102_001.png,Effusion,0.0,0.00189686
00018102_001.png,Infiltration,0.0,0.0018959
00018102_001.png,Effusion,0.0,0.00184631
00018102_001.png,Cardiomegaly,0.0,0.00184441
00018102_001.png,Mass,0.0,0.00183678
00018102_001.png,Mass,0.0,0.00182915
00018102_001.png,Mass,0.0,0.00178051
00018102_001.png,Effusion,0.0,0.00173855
00018102_001.png,Infiltration,0.0,0.00171471
00018102_001.png,Effusion,0.0,0.00170422
00018102_001.png,Cardiomegaly,0.0,0.00169849
00018102_001.png,Effusion,0.0,0.00169754
00018102_001.png,Mass,0.0,0.00167656
00018102_001.png,Effusion,0.0,0.00166607
00018102_001.png,Mass,0.0,0.00165272
00018102_001.png,Effusion,0.0,0.00163651
00018102_001.png,Effusion,0.0,0.00163269
00018102_001.png,Effusion,0.0,0.00161934
00018102_001.png,Mass,0.0,0.00161076
00018102_001.png,Effusion,0.0,0.00160313
00018102_001.png,Mass,0.0,0.00158596
00018102_001.png,Infiltration,0.0,0.00158405
00018102_001.png,Mass,0.0,0.00157928
00018102_001.png,Effusion,0.0,0.0015707
00018102_001.png,Infiltration,0.0,0.0015564
00018102_001.png,Mass,0.0,0.00155163
00018102_001.png,Mass,0.0,0.00154781
00018102_001.png,Mass,0.0,0.00154209
00018102_001.png,Infiltration,0.0,0.00152206
00018102_001.png,Effusion,0.0,0.00149632
00018102_001.png,Effusion,0.0,0.00146484
00018102_001.png,Mass,0.0,0.00143242
00018102_001.png,Mass,0.0,0.00138283
00018102_001.png,Cardiomegaly,0.03201645524348872,0.00138187
00018102_001.png,Effusion,0.0,0.00137997
00018102_001.png,Effusion,0.0,0.00137615
00018102_001.png,Effusion,0.0,0.00137329
00018102_001.png,Mass,0.0,0.00136566
00018102_001.png,Cardiomegaly,0.021104515699058347,0.00136185
00018102_001.png,Cardiomegaly,0.029739557543727403,0.0013485
00018102_001.png,Mass,0.0,0.00134087
00018102_001.png,Cardiomegaly,0.030470881813877533,0.00131226
00018102_001.png,Mass,0.0,0.00130749
00018102_001.png,Mass,0.0,0.00126934
00018102_001.png,Cardiomegaly,0.02862810653105227,0.00126076
00018102_001.png,Infiltration,0.0,0.00125408
00018102_001.png,Mass,0.0,0.00124359
00018102_001.png,Effusion,0.0,0.00124073
00018102_001.png,Mass,0.0,0.00123405
00018102_001.png,Effusion,0.0,0.0012064
00018102_001.png,Cardiomegaly,0.0683054274346232,0.00120068
00018102_001.png,Effusion,0.0,0.00119781
00018102_001.png,Effusion,0.0,0.00119591
00018102_001.png,Mass,0.0,0.00118828
00018102_001.png,Mass,0.0,0.00118065
00018102_001.png,Effusion,0.0,0.00117397
00018102_001.png,Effusion,0.0,0.0011673
00018102_001.png,Effusion,0.0,0.00116253
00018102_001.png,Mass,0.0,0.00116158
00018102_001.png,Cardiomegaly,0.0,0.00114727
00018102_001.png,Mass,0.0,0.00113297
00018102_001.png,Mass,0.0,0.00111866
00018102_001.png,Effusion,0.0,0.00111103
00018102_001.png,Effusion,0.0,0.00108242
00018102_001.png,Infiltration,0.0,0.00106621
00018102_001.png,Effusion,0.0,0.00106525
00018102_001.png,Effusion,0.0,0.00105858
00018102_001.png,Mass,0.0,0.00105858
00018102_001.png,Cardiomegaly,0.03488786023251834,0.00105572
00018102_001.png,Cardiomegaly,0.0,0.00104809
00018102_001.png,Mass,0.0,0.00104713
00018102_001.png,Effusion,0.0,0.0010376
00018102_001.png,Atelectasis,0.0,0.00103092
00018102_001.png,Infiltration,0.0,0.00102425
00018102_001.png,Mass,0.0,0.00101662
00018102_001.png,Infiltration,0.0,0.00100899
00018102_001.png,Infiltration,0.0,0.00100517
00018102_001.png,Cardiomegaly,0.0,0.00100136
00019861_010.png,Atelectasis,0.8589663107114764,0.113037
00019861_010.png,Mass,0.0,0.0949707
00019861_010.png,Effusion,0.0,0.0501404
00019861_010.png,Cardiomegaly,0.0,0.0267944
00019861_010.png,Mass,0.0,0.0248871
00019861_010.png,Effusion,0.011616637683343811,0.024704
00019861_010.png,Cardiomegaly,0.0,0.0244446
00019861_010.png,Infiltration,0.059716403048534115,0.0242157
00019861_010.png,Mass,0.0,0.0236359
00019861_010.png,Infiltration,0.23709144864683437,0.021698
00019861_010.png,Effusion,0.0,0.0186462
00019861_010.png,Cardiomegaly,0.09137554954476192,0.0184021
00019861_010.png,Atelectasis,0.563323395662998,0.015152
00019861_010.png,Infiltration,0.10308378570050561,0.0140762
00019861_010.png,Infiltration,0.21597460907839092,0.0139771
00019861_010.png,Infiltration,0.0,0.0136719
00019861_010.png,Mass,0.0,0.0124512
00019861_010.png,Mass,0.0,0.010231
00019861_010.png,Cardiomegaly,0.07664122546077315,0.01017
00019861_010.png,Infiltration,0.1625886388979091,0.00870514
00019861_010.png,Cardiomegaly,0.0,0.00758743
00019861_010.png,Infiltration,0.024132334655845925,0.00725174
00019861_010.png,Mass,0.0,0.00719452
00019861_010.png,Mass,0.0,0.00667953
00019861_010.png,Infiltration,0.004786773525133321,0.00628662
00019861_010.png,Infiltration,0.048230031950593596,0.00622559
00019861_010.png,Infiltration,0.2786876978931741,0.00611115
00019861_010.png,Infiltration,0.08261597559861422,0.00555038
00019861_010.png,Infiltration,0.1690942110393352,0.00523758
00019861_010.png,Infiltration,0.19529053872459312,0.00509262
00019861_010.png,Effusion,0.050418147475063374,0.00489044
00019861_010.png,Effusion,0.01185129309112973,0.0047493
00019861_010.png,Cardiomegaly,0.0,0.00465393
00019861_010.png,Cardiomegaly,0.013734622765895446,0.00434113
00019861_010.png,Effusion,0.04663267514418064,0.00427246
00019861_010.png,Cardiomegaly,0.0,0.00421906
00019861_010.png,Mass,0.0,0.00419998
00019861_010.png,Mass,0.0,0.00405121
00019861_010.png,Effusion,0.028885968914443595,0.00402832
00019861_010.png,Mass,0.0,0.00399399
00019861_010.png,Effusion,0.0,0.00391769
00019861_010.png,Infiltration,0.07451652361194905,0.00375175
00019861_010.png,Cardiomegaly,0.08973831233503116,0.00369453
00019861_010.png,Atelectasis,0.619950953608197,0.00365639
00019861_010.png,Effusion,0.02677782700417341,0.00359154
00019861_010.png,Infiltration,0.24192971418353662,0.00359154
00019861_010.png,Infiltration,0.009468833995693638,0.00358582
00019861_010.png,Mass,0.0,0.00354958
00019861_010.png,Infiltration,0.03506969417258505,0.00348091
00019861_010.png,Mass,0.0,0.00336075
00019861_010.png,Atelectasis,0.6753491331628457,0.0033493
00019861_010.png,Infiltration,0.0,0.00325775
00019861_010.png,Cardiomegaly,0.0,0.00309753
00019861_010.png,Cardiomegaly,0.051340569174908875,0.00301552
00019861_010.png,Infiltration,0.0,0.00293541
00019861_010.png,Infiltration,0.016225841359969847,0.002882
00019861_010.png,Infiltration,0.5234900920958533,0.00285149
00019861_010.png,Mass,0.0,0.00284386
00019861_010.png,Effusion,0.016225841359969847,0.00274086
00019861_010.png,Cardiomegaly,0.07451652361194905,0.00271416
00019861_010.png,Infiltration,0.0,0.00267601
00019861_010.png,Cardiomegaly,0.1402948339705164,0.00257301
00019861_010.png,Cardiomegaly,0.10029984957446854,0.00255585
00019861_010.png,Effusion,0.025479374368884356,0.00253487
00019861_010.png,Mass,0.0,0.0025177
00019861_010.png,Cardiomegaly,0.0025232827914581915,0.00246811
00019861_010.png,Cardiomegaly,0.012204149877030154,0.00238609
00019861_010.png,Effusion,0.0,0.00234604
00019861_010.png,Infiltration,0.0,0.00230217
00019861_010.png,Cardiomegaly,0.21114775435323355,0.00226402
00019861_010.png,Cardiomegaly,0.03506969417258505,0.00223351
00019861_010.png,Cardiomegaly,0.012299778337605384,0.00221634
00019861_010.png,Effusion,0.0,0.00221443
00019861_010.png,Infiltration,0.0,0.00217819
00019861_010.png,Effusion,0.03768500108108514,0.00216866
00019861_010.png,Mass,0.0,0.00214767
00019861_010.png,Infiltration,0.030233384640772774,0.00212669
00019861_010.png,Infiltration,0.011649125763520684,0.00208473
00019861_010.png,Cardiomegaly,0.0,0.0020752
00019861_010.png,Cardiomegaly,0.03250531011582401,0.00206947
00019861_010.png,Effusion,0.06212317240347682,0.00204659
00019861_010.png,Effusion,0.0,0.00204086
00019861_010.png,Infiltration,0.08373657480713237,0.00203514
00019861_010.png,Infiltration,0.03568145201474105,0.0020256
00019861_010.png,Effusion,0.012295635768664168,0.00200462
00019861_010.png,Mass,0.0,0.00199509
00019861_010.png,Mass,0.0,0.00195885
00019861_010.png,Effusion,0.0066819065172418046,0.0019474
00019861_010.png,Cardiomegaly,0.0,0.00194168
00019861_010.png,Infiltration,0.0,0.00191593
00019861_010.png,Effusion,0.0,0.00191498
00019861_010.png,Infiltration,0.01947559684649587,0.00191021
00019861_010.png,Effusion,0.0,0.00186539
00019861_010.png,Infiltration,0.07713483876710929,0.00183487
00019861_010.png,Infiltration,0.0,0.00179482
00019861_010.png,Cardiomegaly,0.03762853115340874,0.00178432
00019861_010.png,Effusion,0.019080308430693013,0.00173092
00019861_010.png,Infiltration,0.04050881777517548,0.00169849
00019861_010.png,Effusion,0.03250531011582401,0.00164318
00019861_010.png,Cardiomegaly,0.1541370160301365,0.00163174
00019861_010.png,Mass,0.0,0.00162697
00019861_010.png,Cardiomegaly,0.19458067380730074,0.00158119
00019861_010.png,Mass,0.0,0.00157833
00019861_010.png,Effusion,0.0,0.00157261
00019861_010.png,Effusion,0.029641186959388395,0.00154877
00019861_010.png,Mass,0.0,0.00153828
00019861_010.png,Effusion,0.0,0.00153255
00019861_010.png,Infiltration,0.14749750103774842,0.00152397
00019861_010.png,Cardiomegaly,0.029396452221891394,0.00148392
00019861_010.png,Infiltration,0.03498233420629569,0.0014782
00019861_010.png,Effusion,0.0,0.00147533
00019861_010.png,Effusion,0.0,0.00146484
00019861_010.png,Effusion,0.0,0.00143719
00019861_010.png,Effusion,0.02733959870195368,0.00142288
00019861_010.png,Mass,0.0,0.00142002
00019861_010.png,Effusion,0.0,0.00141811
00019861_010.png,Infiltration,0.026516536717318514,0.0014019
00019861_010.png,Effusion,0.00888726200277108,0.00139046
00019861_010.png,Cardiomegaly,0.014306234619974286,0.00136471
00019861_010.png,Cardiomegaly,0.04216098819328119,0.0013504
00019861_010.png,Effusion,0.0,0.00134754
00019861_010.png,Effusion,0.011675095752949928,0.00132847
00019861_010.png,Effusion,0.0,0.00132656
00019861_010.png,Effusion,0.012193729489682913,0.00131321
00019861_010.png,Cardiomegaly,0.22075126879230594,0.00129795
00019861_010.png,Mass,0.0,0.00127888
00019861_010.png,Effusion,0.04785984816033621,0.00127792
00019861_010.png,Effusion,0.0030849916412914046,0.00127792
00019861_010.png,Mass,0.03049551684804086,0.00126743
00019861_010.png,Effusion,0.007754038802099824,0.00126266
00019861_010.png,Infiltration,0.05343012968948222,0.00123787
00019861_010.png,Infiltration,0.029396452221891394,0.00123215
00019861_010.png,Effusion,0.023555433368019636,0.00122833
00019861_010.png,Infiltration,0.08511890880676398,0.00122643
00019861_010.png,Effusion,0.7319031807397746,0.00121403
00019861_010.png,Effusion,0.0,0.00120544
00019861_010.png,Mass,0.1255837815184221,0.00120068
00019861_010.png,Cardiomegaly,0.14325172237586853,0.00115681
00019861_010.png,Effusion,0.0,0.00114346
00019861_010.png,Effusion,0.0,0.00114059
00019861_010.png,Effusion,0.0,0.00113106
00019861_010.png,Mass,0.018694055885344476,0.00112247
00019861_010.png,Infiltration,0.013262783003027103,0.00111485
00019861_010.png,Cardiomegaly,0.0,0.00110435
00019861_010.png,Mass,0.0,0.00106049
00019861_010.png,Infiltration,0.12191576510601497,0.00105858
00019861_010.png,Effusion,0.09151009785888091,0.00105095
00019861_010.png,Infiltration,0.04072124200740767,0.00103951
00019861_010.png,Cardiomegaly,0.0,0.00103664
00019861_010.png,Mass,0.001603629378803146,0.0010128
00013977_005.png,Effusion,0.0,0.642578
00013977_005.png,Mass,0.0,0.0251923
00013977_005.png,Atelectasis,0.011049103430636916,0.0246429
00013977_005.png,Effusion,0.0,0.0141144
00013977_005.png,Effusion,0.0,0.0127792
00013977_005.png,Effusion,0.0,0.0100937
00013977_005.png,Mass,0.0,0.0100861
00013977_005.png,Effusion,0.0,0.00978088
00013977_005.png,Effusion,0.0,0.00834656
00013977_005.png,Infiltration,0.0,0.00804901
00013977_005.png,Effusion,0.0,0.00801849
00013977_005.png,Mass,0.0,0.00769043
00013977_005.png,Mass,0.0,0.00698471
00013977_005.png,Cardiomegaly,0.0,0.00688934
00013977_005.png,Effusion,0.0,0.00641251
00013977_005.png,Effusion,0.0,0.00587845
00013977_005.png,Cardiomegaly,0.13738136110007837,0.0051918
00013977_005.png,Infiltration,0.0,0.0050354
00013977_005.png,Mass,0.0,0.00490189
00013977_005.png,Mass,0.0,0.00488281
00013977_005.png,Atelectasis,0.0,0.00486755
00013977_005.png,Effusion,0.0,0.00464249
00013977_005.png,Infiltration,0.0,0.00453186
00013977_005.png,Mass,0.0,0.00452042
00013977_005.png,Effusion,0.0,0.00424957
00013977_005.png,Effusion,0.0,0.00416183
00013977_005.png,Effusion,0.0,0.00392532
00013977_005.png,Effusion,0.0,0.00375366
00013977_005.png,Cardiomegaly,0.0,0.00371742
00013977_005.png,Infiltration,0.0,0.00362778
00013977_005.png,Effusion,0.0,0.00362015
00013977_005.png,Mass,0.04198359513741824,0.00352097
00013977_005.png,Cardiomegaly,0.0,0.00346756
00013977_005.png,Effusion,0.0,0.0033493
00013977_005.png,Effusion,0.0,0.00333786
00013977_005.png,Atelectasis,0.0,0.0031147
00013977_005.png,Mass,0.0,0.00297737
00013977_005.png,Infiltration,0.0,0.00289726
00013977_005.png,Effusion,0.0,0.00284576
00013977_005.png,Infiltration,0.0,0.00282669
00013977_005.png,Mass,0.0,0.00279808
00013977_005.png,Mass,0.026699006647267334,0.00278664
00013977_005.png,Cardiomegaly,0.0,0.00270271
00013977_005.png,Mass,0.07747198363734203,0.00266838
00013977_005.png,Mass,0.0,0.00254059
00013977_005.png,Effusion,0.0,0.00247765
00013977_005.png,Mass,0.0,0.00247002
00013977_005.png,Atelectasis,0.0,0.002388
00013977_005.png,Effusion,0.0,0.00233459
00013977_005.png,Mass,0.00960349516034745,0.00230789
00013977_005.png,Effusion,0.0,0.00228882
00013977_005.png,Effusion,0.0,0.00224876
00013977_005.png,Effusion,0.0,0.00219727
00013977_005.png,Effusion,0.07747198363734203,0.00214767
00013977_005.png,Infiltration,0.0,0.00214577
00013977_005.png,Effusion,0.0,0.00212479
00013977_005.png,Infiltration,0.0,0.00212097
00013977_005.png,Infiltration,0.0,0.00208092
00013977_005.png,Effusion,0.0,0.0020752
00013977_005.png,Infiltration,0.0,0.00201797
00013977_005.png,Effusion,0.0,0.00200844
00013977_005.png,Mass,0.0,0.00198936
00013977_005.png,Effusion,0.0,0.00196648
00013977_005.png,Effusion,0.026699006647267334,0.00193405
00013977_005.png,Effusion,0.0,0.0019207
00013977_005.png,Atelectasis,0.0,0.00189877
00013977_005.png,Infiltration,0.0,0.00189686
00013977_005.png,Effusion,0.0,0.00187302
00013977_005.png,Cardiomegaly,0.0,0.00183773
00013977_005.png,Effusion,0.0,0.00179768
00013977_005.png,Mass,0.0,0.00178909
00013977_005.png,Effusion,0.0,0.00173187
00013977_005.png,Mass,0.0,0.0017271
00013977_005.png,Effusion,0.0,0.00166512
00013977_005.png,Effusion,0.0,0.00165844
00013977_005.png,Cardiomegaly,0.0,0.00165367
00013977_005.png,Infiltration,0.0,0.00160599
00013977_005.png,Cardiomegaly,0.0,0.00160599
00013977_005.png,Mass,0.02047581560062133,0.00160503
00013977_005.png,Effusion,0.01853287786526451,0.00156593
00013977_005.png,Infiltration,0.0,0.00155163
00013977_005.png,Effusion,0.0,0.00151539
00013977_005.png,Effusion,0.0,0.00150871
00013977_005.png,Infiltration,0.0,0.00148106
00013977_005.png,Effusion,0.0,0.00146198
00013977_005.png,Mass,0.0,0.00146103
00013977_005.png,Effusion,0.0,0.00145435
00013977_005.png,Effusion,0.004703101676707188,0.00145435
00013977_005.png,Effusion,0.0,0.00144672
00013977_005.png,Effusion,0.0,0.00136566
00013977_005.png,Mass,0.0,0.00135326
00013977_005.png,Effusion,0.0,0.00133228
00013977_005.png,Effusion,0.0,0.00132751
00013977_005.png,Cardiomegaly,0.0,0.00129795
00013977_005.png,Infiltration,0.0,0.00125885
00013977_005.png,Effusion,0.0,0.00125217
00013977_005.png,Cardiomegaly,0.0,0.00124931
00013977_005.png,Effusion,0.0,0.00124359
00013977_005.png,Atelectasis,0.0,0.00122643
00013977_005.png,Mass,0.0,0.00121498
00013977_005.png,Cardiomegaly,0.06884882237045113,0.00118828
00013977_005.png,Effusion,0.0,0.00118542
00013977_005.png,Effusion,0.0,0.00115776
00013977_005.png,Hernia,0.0,0.00115395
00013977_005.png,Effusion,0.0,0.00115108
00013977_005.png,Infiltration,0.0,0.00114441
00013977_005.png,Effusion,0.0,0.00113964
00013977_005.png,Effusion,0.0,0.00113583
00013977_005.png,Effusion,0.0,0.00113583
00013977_005.png,Effusion,0.0,0.0011301
00013977_005.png,Effusion,0.0,0.00112247
00013977_005.png,Effusion,0.0,0.00111961
00013977_005.png,Mass,0.002195432246883298,0.00111294
00013977_005.png,Fibrosis,0.0,0.00110149
00013977_005.png,Cardiomegaly,0.0,0.00108814
00013977_005.png,Edema,0.0,0.00105381
00013977_005.png,Effusion,0.0,0.00104427
00013977_005.png,Effusion,0.0,0.00104427
00013977_005.png,Cardiomegaly,0.02016092851679922,0.00104427
00013977_005.png,Effusion,0.0,0.00103664
00013977_005.png,Cardiomegaly,0.07747198363734203,0.00103474
00013977_005.png,Infiltration,0.0,0.00103283
00013977_005.png,Effusion,0.0,0.00102711
00013977_005.png,Atelectasis,0.0,0.00102615
00013977_005.png,Effusion,0.0,0.00102043
00013977_005.png,Effusion,0.0,0.00100327
00013977_005.png,Atelectasis,0.0,0.00100231
00017199_005.png,Atelectasis,0.0,0.177124
00017199_005.png,Mass,0.0,0.0613098
00017199_005.png,Effusion,0.6912862007782933,0.0440369
00017199_005.png,Infiltration,0.6912862007782933,0.0374146
00017199_005.png,Infiltration,0.4018785236322955,0.0327454
00017199_005.png,Effusion,0.0,0.0307922
00017199_005.png,Cardiomegaly,0.0,0.0234375
00017199_005.png,Mass,0.0,0.0211639
00017199_005.png,Mass,0.0,0.0142136
00017199_005.png,Mass,0.0,0.014061
00017199_005.png,Effusion,0.0,0.0125046
00017199_005.png,Cardiomegaly,0.0,0.0122375
00017199_005.png,Effusion,0.0,0.0119781
00017199_005.png,Mass,0.0,0.0115585
00017199_005.png,Cardiomegaly,0.0,0.0114441
00017199_005.png,Mass,0.0,0.0100098
00017199_005.png,Effusion,0.0,0.009758
00017199_005.png,Effusion,0.0,0.0096817
00017199_005.png,Effusion,0.0,0.00948334
00017199_005.png,Mass,0.0,0.00940704
00017199_005.png,Cardiomegaly,0.0,0.00869751
00017199_005.png,Cardiomegaly,0.0,0.00856018
00017199_005.png,Cardiomegaly,0.0,0.00818634
00017199_005.png,Mass,0.0,0.00806427
00017199_005.png,Infiltration,0.0,0.00777054
00017199_005.png,Cardiomegaly,0.0,0.00748825
00017199_005.png,Cardiomegaly,0.0,0.00712967
00017199_005.png,Effusion,0.01938513941574501,0.00536728
00017199_005.png,Cardiomegaly,0.0,0.00494003
00017199_005.png,Infiltration,0.0,0.004879
00017199_005.png,Effusion,0.0,0.00476837
00017199_005.png,Mass,0.036937539719314176,0.00415802
00017199_005.png,Infiltration,0.0,0.00405121
00017199_005.png,Infiltration,0.0,0.00403595
00017199_005.png,Effusion,0.0,0.00402069
00017199_005.png,Mass,0.0,0.00397491
00017199_005.png,Infiltration,0.3174574256913554,0.00380135
00017199_005.png,Mass,0.0,0.00377846
00017199_005.png,Cardiomegaly,0.0,0.00372124
00017199_005.png,Infiltration,0.0,0.00349617
00017199_005.png,Infiltration,0.0,0.00335884
00017199_005.png,Effusion,0.44061379704490833,0.00309372
00017199_005.png,Infiltration,0.0,0.00301743
00017199_005.png,Infiltration,0.30883265400471915,0.00292206
00017199_005.png,Effusion,0.0,0.00286674
00017199_005.png,Cardiomegaly,0.0,0.00279236
00017199_005.png,Cardiomegaly,0.002006706333581474,0.00278854
00017199_005.png,Effusion,0.0,0.00269127
00017199_005.png,Infiltration,0.11659436561501724,0.00267792
00017199_005.png,Effusion,0.7181627398681034,0.00266457
00017199_005.png,Infiltration,0.20728977659440712,0.0026474
00017199_005.png,Cardiomegaly,0.0,0.0026474
00017199_005.png,Cardiomegaly,0.0,0.00262642
00017199_005.png,Effusion,0.0,0.00257492
00017199_005.png,Effusion,0.0,0.00245285
00017199_005.png,Effusion,0.040325736041263466,0.00242996
00017199_005.png,Atelectasis,0.0,0.00237656
00017199_005.png,Cardiomegaly,0.0,0.0023613
00017199_005.png,Effusion,0.0,0.00230217
00017199_005.png,Mass,0.0,0.0022831
00017199_005.png,Atelectasis,0.0,0.0022583
00017199_005.png,Cardiomegaly,0.0,0.00211334
00017199_005.png,Mass,0.0,0.00210571
00017199_005.png,Cardiomegaly,0.0,0.0020771
00017199_005.png,Mass,0.0,0.00204849
00017199_005.png,Cardiomegaly,0.0,0.00203705
00017199_005.png,Cardiomegaly,0.0,0.00202751
00017199_005.png,Infiltration,0.0,0.00193787
00017199_005.png,Cardiomegaly,0.0,0.00192261
00017199_005.png,Infiltration,0.1545250049123222,0.00189972
00017199_005.png,Infiltration,0.0,0.00189686
00017199_005.png,Infiltration,0.0,0.00188923
00017199_005.png,Mass,0.0,0.00187588
00017199_005.png,Cardiomegaly,0.0,0.00184441
00017199_005.png,Effusion,0.0,0.00181103
00017199_005.png,Cardiomegaly,0.0,0.00179195
00017199_005.png,Cardiomegaly,0.0,0.00171471
00017199_005.png,Mass,0.0,0.00164223
00017199_005.png,Effusion,0.0,0.00160217
00017199_005.png,Cardiomegaly,0.0,0.00157547
00017199_005.png,Infiltration,0.0,0.00155544
00017199_005.png,Cardiomegaly,0.036141225480560674,0.00155544
00017199_005.png,Infiltration,0.0,0.00154018
00017199_005.png,Mass,0.027630255299703227,0.00153446
00017199_005.png,Infiltration,0.0,0.00151253
00017199_005.png,Infiltration,0.0,0.00150681
00017199_005.png,Effusion,0.06178275413342667,0.00147915
00017199_005.png,Infiltration,0.0,0.00143433
00017199_005.png,Cardiomegaly,0.0,0.00143337
00017199_005.png,Effusion,0.0,0.00142193
00017199_005.png,Infiltration,0.022831942686171395,0.00137234
00017199_005.png,Cardiomegaly,0.0,0.00131989
00017199_005.png,Cardiomegaly,0.023532658525412743,0.00123405
00017199_005.png,Effusion,0.0,0.00122929
00017199_005.png,Infiltration,0.0,0.00122547
00017199_005.png,Effusion,0.0,0.00122452
00017199_005.png,Cardiomegaly,0.02001484671276057,0.00121784
00017199_005.png,Mass,0.0,0.00120926
00017199_005.png,Effusion,0.0,0.00119305
00017199_005.png,Infiltration,0.16295211638790316,0.00119305
00017199_005.png,Cardiomegaly,0.0,0.0011797
00017199_005.png,Mass,0.0,0.00115776
00017199_005.png,Mass,0.0,0.00114918
00017199_005.png,Infiltration,0.0,0.00114155
00017199_005.png,Infiltration,0.0,0.00112724
00017199_005.png,Cardiomegaly,0.0,0.00112152
00017199_005.png,Effusion,0.0,0.00111008
00017199_005.png,Effusion,0.0,0.00109768
00017199_005.png,Cardiomegaly,0.0,0.00109768
00017199_005.png,Infiltration,0.0,0.00109291
00017199_005.png,Cardiomegaly,0.0,0.00107574
00017199_005.png,Infiltration,0.0,0.00106049
00017199_005.png,Infiltration,0.0,0.00105381
00017199_005.png,Mass,0.0,0.00104809
00017199_005.png,Effusion,0.0,0.00103664
00017199_005.png,Infiltration,0.0,0.00102615
00017199_005.png,Infiltration,0.0,0.00101948
00017199_005.png,Mass,0.0,0.00101852
00017199_005.png,Effusion,0.0,0.00101376
00017199_005.png,Mass,0.0,0.00101185
00017199_005.png,Mass,0.0,0.00100803
00017199_005.png,Infiltration,0.0,0.00100613
00017199_005.png,Cardiomegaly,0.0,0.00100422
00017199_005.png,Cardiomegaly,0.0,0.00100136
00017199_005.png,Mass,0.0,0.00100136
00000054_002.png,Atelectasis,0.0,0.270264
00000054_002.png,Mass,0.0,0.0322876
00000054_002.png,Infiltration,0.0,0.0202026
00000054_002.png,Cardiomegaly,0.0,0.0178986
00000054_002.png,Infiltration,0.0,0.0176086
00000054_002.png,Infiltration,0.0,0.0134659
00000054_002.png,Infiltration,0.0,0.0117035
00000054_002.png,Infiltration,0.0,0.0101166
00000054_002.png,Cardiomegaly,0.0,0.0100403
00000054_002.png,Infiltration,0.0,0.00884247
00000054_002.png,Infiltration,0.0,0.00870514
00000054_002.png,Infiltration,0.0,0.00859833
00000054_002.png,Cardiomegaly,0.0,0.00853729
00000054_002.png,Infiltration,0.0,0.0071907
00000054_002.png,Cardiomegaly,0.0,0.00696182
00000054_002.png,Mass,0.0,0.0059166
00000054_002.png,Effusion,0.0,0.0052681
00000054_002.png,Infiltration,0.0,0.00497818
00000054_002.png,Effusion,0.0,0.00482178
00000054_002.png,Infiltration,0.0,0.0043602
00000054_002.png,Atelectasis,0.0,0.00426483
00000054_002.png,Atelectasis,0.0,0.00374985
00000054_002.png,Infiltration,0.0,0.00362587
00000054_002.png,Infiltration,0.0,0.00352859
00000054_002.png,Cardiomegaly,0.0,0.00342369
00000054_002.png,Mass,0.0,0.0033493
00000054_002.png,Effusion,0.0,0.00330925
00000054_002.png,Mass,0.0,0.00284958
00000054_002.png,Infiltration,0.0,0.00268364
00000054_002.png,Effusion,0.0,0.00257492
00000054_002.png,Cardiomegaly,0.0,0.00245476
00000054_002.png,Cardiomegaly,0.0,0.00240707
00000054_002.png,Effusion,0.0,0.00226021
00000054_002.png,Effusion,0.0,0.00214767
00000054_002.png,Mass,0.0,0.00206566
00000054_002.png,Mass,0.0,0.00204849
00000054_002.png,Mass,0.0,0.0019722
00000054_002.png,Effusion,0.0,0.00190353
00000054_002.png,Effusion,0.0,0.0018959
00000054_002.png,Infiltration,0.0,0.00186253
00000054_002.png,Effusion,0.0,0.00185204
00000054_002.png,Effusion,0.0,0.00184917
00000054_002.png,Effusion,0.0,0.00179768
00000054_002.png,Infiltration,0.0,0.00176811
00000054_002.png,Infiltration,0.0,0.00170994
00000054_002.png,Infiltration,0.0,0.00168896
00000054_002.png,Cardiomegaly,0.0,0.00166225
00000054_002.png,Infiltration,0.0,0.00165749
00000054_002.png,Cardiomegaly,0.0,0.00163078
00000054_002.png,Effusion,0.0,0.0016222
00000054_002.png,Mass,0.0,0.0016222
00000054_002.png,Infiltration,0.0,0.0016222
00000054_002.png,Effusion,0.0,0.00154781
00000054_002.png,Infiltration,0.0,0.00154305
00000054_002.png,Effusion,0.0,0.00151634
00000054_002.png,Infiltration,0.0,0.00145817
00000054_002.png,Effusion,0.0,0.00144386
00000054_002.png,Infiltration,0.0,0.00139904
00000054_002.png,Infiltration,0.0,0.00135136
00000054_002.png,Cardiomegaly,0.0,0.00131702
00000054_002.png,Mass,0.0,0.00131226
00000054_002.png,Cardiomegaly,0.0,0.00130463
00000054_002.png,Mass,0.0,0.00127316
00000054_002.png,Infiltration,0.0,0.00127316
00000054_002.png,Mass,0.0,0.00127029
00000054_002.png,Effusion,0.0,0.00126648
00000054_002.png,Infiltration,0.0,0.00123692
00000054_002.png,Infiltration,0.0,0.0012331
00000054_002.png,Mass,0.0,0.00122929
00000054_002.png,Mass,0.0,0.0012188
00000054_002.png,Effusion,0.0,0.00121498
00000054_002.png,Cardiomegaly,0.0,0.00120926
00000054_002.png,Cardiomegaly,0.0,0.00118065
00000054_002.png,Effusion,0.0,0.00117302
00000054_002.png,Cardiomegaly,0.0,0.00114918
00000054_002.png,Infiltration,0.0,0.00114059
00000054_002.png,Cardiomegaly,0.0,0.00111008
00000054_002.png,Effusion,0.0,0.00107956
00000054_002.png,Mass,0.0,0.00106716
00000054_002.png,Mass,0.0,0.00106716
00000054_002.png,Effusion,0.0,0.0010376
00028620_000.png,Infiltration,0.0,0.15564
00028620_000.png,Infiltration,0.0,0.11615
00028620_000.png,Infiltration,0.0,0.0715942
00028620_000.png,Effusion,0.0,0.0671997
00028620_000.png,Infiltration,0.0,0.0396729
00028620_000.png,Cardiomegaly,0.0,0.0303192
00028620_000.png,Atelectasis,0.04030438079328142,0.0298004
00028620_000.png,Infiltration,0.3584893614394351,0.0278778
00028620_000.png,Effusion,0.0,0.0230408
00028620_000.png,Infiltration,0.0,0.0198364
00028620_000.png,Infiltration,0.2196831178268123,0.0177002
00028620_000.png,Infiltration,0.0,0.0168304
00028620_000.png,Infiltration,0.0,0.0157471
00028620_000.png,Infiltration,0.0,0.0151978
00028620_000.png,Infiltration,0.3749333368137021,0.0148163
00028620_000.png,Effusion,0.0,0.014061
00028620_000.png,Infiltration,0.0,0.0122757
00028620_000.png,Mass,0.0,0.0109787
00028620_000.png,Mass,0.0,0.0109634
00028620_000.png,Mass,0.0,0.0105286
00028620_000.png,Infiltration,0.5670809427357967,0.00983429
00028620_000.png,Infiltration,0.0,0.00837708
00028620_000.png,Infiltration,0.0,0.00811768
00028620_000.png,Mass,0.0,0.00800323
00028620_000.png,Infiltration,0.0,0.00728989
00028620_000.png,Effusion,0.0,0.00648117
00028620_000.png,Infiltration,0.0,0.00614548
00028620_000.png,Infiltration,0.0,0.00590134
00028620_000.png,Cardiomegaly,0.0,0.00561905
00028620_000.png,Effusion,0.0,0.00550461
00028620_000.png,Infiltration,0.0,0.00542831
00028620_000.png,Infiltration,0.036666887801222875,0.0051918
00028620_000.png,Effusion,0.0,0.0050354
00028620_000.png,Infiltration,0.0,0.00481033
00028620_000.png,Infiltration,0.0,0.00473785
00028620_000.png,Effusion,0.0,0.00468826
00028620_000.png,Effusion,0.0,0.00458908
00028620_000.png,Cardiomegaly,0.0,0.00440979
00028620_000.png,Infiltration,0.04094825954286872,0.00440979
00028620_000.png,Infiltration,0.0,0.00419617
00028620_000.png,Infiltration,0.16340343798387363,0.00413513
00028620_000.png,Infiltration,0.0,0.00402451
00028620_000.png,Effusion,0.0,0.00394058
00028620_000.png,Infiltration,0.0,0.00391006
00028620_000.png,Cardiomegaly,0.0,0.00385284
00028620_000.png,Infiltration,0.26972741748809276,0.0038147
00028620_000.png,Mass,0.0,0.00345421
00028620_000.png,Mass,0.0,0.00344276
00028620_000.png,Effusion,0.0,0.00337791
00028620_000.png,Effusion,0.0,0.00333595
00028620_000.png,Infiltration,0.0,0.00332642
00028620_000.png,Effusion,0.0,0.00319481
00028620_000.png,Infiltration,0.0,0.00312042
00028620_000.png,Cardiomegaly,0.0,0.00305939
00028620_000.png,Cardiomegaly,0.0,0.00288773
00028620_000.png,Cardiomegaly,0.0,0.00288582
00028620_000.png,Infiltration,0.0,0.00280571
00028620_000.png,Effusion,0.0,0.00264931
00028620_000.png,Effusion,0.0,0.00260925
00028620_000.png,Infiltration,0.05921227641860706,0.00257874
00028620_000.png,Effusion,0.0,0.00253487
00028620_000.png,Infiltration,0.0,0.00249672
00028620_000.png,Infiltration,0.2279067120553459,0.00245094
00028620_000.png,Infiltration,0.02434213650516993,0.00226212
00028620_000.png,Cardiomegaly,0.0,0.00224876
00028620_000.png,Infiltration,0.0,0.00212097
00028620_000.png,Mass,0.0,0.00206566
00028620_000.png,Infiltration,0.0,0.00203896
00028620_000.png,Effusion,0.0,0.00202179
00028620_000.png,Infiltration,0.0,0.00201797
00028620_000.png,Mass,0.0,0.00200272
00028620_000.png,Effusion,0.0,0.00196075
00028620_000.png,Cardiomegaly,0.0,0.00191116
00028620_000.png,Mass,0.0,0.00184536
00028620_000.png,Infiltration,0.0,0.00182533
00028620_000.png,Cardiomegaly,0.0,0.00181103
00028620_000.png,Cardiomegaly,0.0,0.00180626
00028620_000.png,Effusion,0.0,0.00179958
00028620_000.png,Infiltration,0.0,0.00179482
00028620_000.png,Effusion,0.0,0.00174713
00028620_000.png,Cardiomegaly,0.0,0.00169086
00028620_000.png,Effusion,0.0,0.00161648
00028620_000.png,Effusion,0.0,0.0015955
00028620_000.png,Infiltration,0.09069263041130038,0.00159168
00028620_000.png,Infiltration,0.0,0.00158882
00028620_000.png,Cardiomegaly,0.0,0.00158882
00028620_000.png,Cardiomegaly,0.0,0.00157166
00028620_000.png,Infiltration,0.35731329330172334,0.0015564
00028620_000.png,Infiltration,0.0,0.00152016
00028620_000.png,Effusion,0.0,0.00151157
00028620_000.png,Infiltration,0.0,0.00151062
00028620_000.png,Infiltration,0.0,0.00150681
00028620_000.png,Infiltration,0.0,0.00148106
00028620_000.png,Infiltration,0.3406085467961215,0.00147724
00028620_000.png,Cardiomegaly,0.0,0.00140762
00028620_000.png,Mass,0.0,0.00137329
00028620_000.png,Cardiomegaly,0.08194765795082207,0.00134468
00028620_000.png,Effusion,0.0,0.00133419
00028620_000.png,Cardiomegaly,0.0,0.00131798
00028620_000.png,Infiltration,0.0,0.00127506
00028620_000.png,Infiltration,0.0,0.00123215
00028620_000.png,Infiltration,0.0,0.00122452
00028620_000.png,Infiltration,0.0,0.00122261
00028620_000.png,Infiltration,0.0,0.00122166
00028620_000.png,Effusion,0.0,0.00120544
00028620_000.png,Cardiomegaly,0.0,0.001194
00028620_000.png,Infiltration,0.0,0.00118732
00028620_000.png,Infiltration,0.19056750928083702,0.00115395
00028620_000.png,Effusion,0.0,0.00114441
00028620_000.png,Atelectasis,0.02085266097534878,0.0011425
00028620_000.png,Cardiomegaly,0.0,0.00113869
00028620_000.png,Cardiomegaly,0.0,0.00111198
00028620_000.png,Effusion,0.0,0.00109768
00028620_000.png,Infiltration,0.0,0.001091
00028620_000.png,Infiltration,0.0,0.00108051
00028620_000.png,Effusion,0.0,0.00107861
00028620_000.png,Infiltration,0.0,0.00105858
00028620_000.png,Effusion,0.0,0.00105286
00028620_000.png,Infiltration,0.0,0.00105
00028620_000.png,Infiltration,0.06207092273550612,0.00102806
00000047_005.png,Infiltration,0.0,0.223145
00000047_005.png,Infiltration,0.0,0.0768433
00000047_005.png,Infiltration,0.0,0.0673828
00000047_005.png,Cardiomegaly,0.0,0.0546875
00000047_005.png,Effusion,0.0,0.0427246
00000047_005.png,Infiltration,0.0,0.0394287
00000047_005.png,Infiltration,0.0,0.0383301
00000047_005.png,Infiltration,0.0,0.037262
00000047_005.png,Cardiomegaly,0.0,0.0331726
00000047_005.png,Infiltration,0.0,0.0300598
00000047_005.png,Infiltration,0.0,0.0290527
00000047_005.png,Cardiomegaly,0.0,0.0249634
00000047_005.png,Infiltration,0.0,0.0245361
00000047_005.png,Effusion,0.0,0.0235138
00000047_005.png,Cardiomegaly,0.0,0.0233612
00000047_005.png,Infiltration,0.0,0.0202179
00000047_005.png,Infiltration,0.0,0.0144119
00000047_005.png,Infiltration,0.0,0.0138016
00000047_005.png,Cardiomegaly,0.0,0.0129013
00000047_005.png,Infiltration,0.0,0.0125275
00000047_005.png,Infiltration,0.0,0.0108643
00000047_005.png,Effusion,0.0,0.0107117
00000047_005.png,Infiltration,0.0,0.00875854
00000047_005.png,Cardiomegaly,0.0,0.00806427
00000047_005.png,Infiltration,0.0,0.00775146
00000047_005.png,Cardiomegaly,0.0,0.00775146
00000047_005.png,Cardiomegaly,0.0,0.007164
00000047_005.png,Infiltration,0.0,0.00714493
00000047_005.png,Effusion,0.0,0.00679779
00000047_005.png,Infiltration,0.0,0.00671005
00000047_005.png,Infiltration,0.0,0.00670624
00000047_005.png,Cardiomegaly,0.0,0.00658417
00000047_005.png,Cardiomegaly,0.0,0.00653076
00000047_005.png,Infiltration,0.0,0.0064888
00000047_005.png,Cardiomegaly,0.0,0.00619507
00000047_005.png,Cardiomegaly,0.0,0.00611115
00000047_005.png,Infiltration,0.0,0.00572586
00000047_005.png,Infiltration,0.0,0.00558853
00000047_005.png,Cardiomegaly,0.0,0.00546646
00000047_005.png,Infiltration,0.0,0.00532532
00000047_005.png,Infiltration,0.0,0.00531387
00000047_005.png,Infiltration,0.0,0.00507355
00000047_005.png,Effusion,0.0,0.004879
00000047_005.png,Infiltration,0.0,0.00486755
00000047_005.png,Effusion,0.0,0.0046463
00000047_005.png,Atelectasis,0.0,0.00464249
00000047_005.png,Cardiomegaly,0.0,0.00462723
00000047_005.png,Effusion,0.0,0.00462341
00000047_005.png,Cardiomegaly,0.0,0.00445557
00000047_005.png,Infiltration,0.0,0.00445175
00000047_005.png,Atelectasis,0.0,0.00440979
00000047_005.png,Infiltration,0.0,0.00432205
00000047_005.png,Cardiomegaly,0.0,0.00397873
00000047_005.png,Cardiomegaly,0.0,0.00388336
00000047_005.png,Infiltration,0.0,0.0037384
00000047_005.png,Mass,0.0,0.00352097
00000047_005.png,Mass,0.0,0.00350952
00000047_005.png,Mass,0.0,0.00316811
00000047_005.png,Mass,0.0,0.0030365
00000047_005.png,Effusion,0.0,0.00299072
00000047_005.png,Infiltration,0.0,0.00295448
00000047_005.png,Cardiomegaly,0.0,0.00293541
00000047_005.png,Effusion,0.0,0.00285912
00000047_005.png,Cardiomegaly,0.0,0.00284958
00000047_005.png,Effusion,0.0,0.00283813
00000047_005.png,Mass,0.0,0.00277519
00000047_005.png,Effusion,0.0,0.00266075
00000047_005.png,Effusion,0.0,0.00252914
00000047_005.png,Effusion,0.0,0.00250244
00000047_005.png,Infiltration,0.0,0.00250244
00000047_005.png,Infiltration,0.0,0.00247574
00000047_005.png,Cardiomegaly,0.0,0.00241089
00000047_005.png,Mass,0.0,0.00231743
00000047_005.png,Effusion,0.0,0.00229454
00000047_005.png,Infiltration,0.0,0.00225449
00000047_005.png,Cardiomegaly,0.0,0.00212669
00000047_005.png,Effusion,0.0,0.00212479
00000047_005.png,Effusion,0.0,0.00194168
00000047_005.png,Effusion,0.0,0.00193882
00000047_005.png,Infiltration,0.0,0.00189209
00000047_005.png,Effusion,0.0,0.00177765
00000047_005.png,Infiltration,0.0,0.00177097
00000047_005.png,Infiltration,0.0,0.00175476
00000047_005.png,Mass,0.0,0.00174999
00000047_005.png,Cardiomegaly,0.0,0.00172424
00000047_005.png,Infiltration,0.0,0.00171661
00000047_005.png,Cardiomegaly,0.0,0.00170231
00000047_005.png,Mass,0.0,0.00168419
00000047_005.png,Infiltration,0.0,0.00167274
00000047_005.png,Infiltration,0.0,0.00166512
00000047_005.png,Effusion,0.0,0.00165176
00000047_005.png,Cardiomegaly,0.0,0.00164127
00000047_005.png,Cardiomegaly,0.0,0.00163078
00000047_005.png,Effusion,0.0,0.00162983
00000047_005.png,Effusion,0.0,0.00161839
00000047_005.png,Effusion,0.0,0.00158978
00000047_005.png,Cardiomegaly,0.0,0.00157738
00000047_005.png,Effusion,0.0,0.00155926
00000047_005.png,Effusion,0.0,0.00155926
00000047_005.png,Effusion,0.0,0.00155735
00000047_005.png,Effusion,0.0,0.00154686
00000047_005.png,Cardiomegaly,0.0,0.00153255
00000047_005.png,Cardiomegaly,0.0,0.00151443
00000047_005.png,Infiltration,0.0,0.00149918
00000047_005.png,Mass,0.0,0.00145817
00000047_005.png,Effusion,0.0,0.00143337
00000047_005.png,Effusion,0.0,0.00139332
00000047_005.png,Cardiomegaly,0.0,0.0013876
00000047_005.png,Effusion,0.0,0.00134468
00000047_005.png,Effusion,0.0,0.00134277
00000047_005.png,Effusion,0.0,0.00129414
00000047_005.png,Cardiomegaly,0.0,0.00129318
00000047_005.png,Effusion,0.0,0.00128651
00000047_005.png,Cardiomegaly,0.0,0.00126648
00000047_005.png,Infiltration,0.0,0.00126266
00000047_005.png,Cardiomegaly,0.0,0.00124741
00000047_005.png,Effusion,0.0,0.00124264
00000047_005.png,Effusion,0.0,0.00121021
00000047_005.png,Cardiomegaly,0.0,0.00119305
00000047_005.png,Cardiomegaly,0.0,0.00118256
00000047_005.png,Effusion,0.0,0.00111294
00000047_005.png,Cardiomegaly,0.0,0.0011034
00000047_005.png,Cardiomegaly,0.0,0.00109863
00000047_005.png,Effusion,0.0,0.00109291
00000047_005.png,Cardiomegaly,0.0,0.00108528
00000047_005.png,Cardiomegaly,0.0,0.00107002
00000047_005.png,Infiltration,0.0,0.00104332
00000047_005.png,Effusion,0.0,0.00104046
00000047_005.png,Effusion,0.0,0.00103951
00000047_005.png,Effusion,0.0,0.00103188
00000047_005.png,Infiltration,0.0,0.00102901
00000047_005.png,Effusion,0.0,0.00101852
00000047_005.png,Infiltration,0.0,0.00101852
00000047_005.png,Effusion,0.0,0.00100422
00027866_002.png,Effusion,0.030086424560136736,0.134766
00027866_002.png,Effusion,0.0,0.119629
00027866_002.png,Cardiomegaly,0.21522235114679444,0.0652466
00027866_002.png,Mass,0.0,0.0317993
00027866_002.png,Infiltration,0.18553728955166146,0.030014
00027866_002.png,Cardiomegaly,0.1950012551798108,0.0238495
00027866_002.png,Infiltration,0.2553603231876385,0.0232239
00027866_002.png,Cardiomegaly,0.11732781744027636,0.0225983
00027866_002.png,Atelectasis,0.5113480479415098,0.0205231
00027866_002.png,Infiltration,0.14462021232918615,0.0188599
00027866_002.png,Mass,0.0,0.0167236
00027866_002.png,Cardiomegaly,0.1529186203489357,0.0159302
00027866_002.png,Cardiomegaly,0.0,0.014679
00027866_002.png,Cardiomegaly,0.09381397895631315,0.0140076
00027866_002.png,Cardiomegaly,0.11422225639594051,0.0138397
00027866_002.png,Infiltration,0.15062979346423502,0.0123596
00027866_002.png,Cardiomegaly,0.19375727862195066,0.0113297
00027866_002.png,Cardiomegaly,0.21159158109998508,0.0101547
00027866_002.png,Cardiomegaly,0.3526192659417478,0.0100479
00027866_002.png,Mass,0.0,0.0087738
00027866_002.png,Effusion,0.05730904572564838,0.00785065
00027866_002.png,Infiltration,0.0,0.00742722
00027866_002.png,Mass,0.0,0.00721741
00027866_002.png,Cardiomegaly,0.27362874270800686,0.00718689
00027866_002.png,Mass,0.0,0.00698471
00027866_002.png,Infiltration,0.1400493711989241,0.00697708
00027866_002.png,Effusion,0.02308892079554151,0.00693893
00027866_002.png,Infiltration,0.24489435737288434,0.00682068
00027866_002.png,Infiltration,0.1765971548313342,0.00649261
00027866_002.png,Infiltration,0.37694750614772193,0.00629044
00027866_002.png,Infiltration,0.0,0.00617218
00027866_002.png,Mass,0.0,0.00601578
00027866_002.png,Cardiomegaly,0.14873244613678413,0.00533295
00027866_002.png,Effusion,0.10287603210874952,0.00528717
00027866_002.png,Cardiomegaly,0.0,0.00521088
00027866_002.png,Effusion,0.04208791782674228,0.00510406
00027866_002.png,Cardiomegaly,0.13583109912864066,0.00490952
00027866_002.png,Cardiomegaly,0.10532702526071962,0.00488281
00027866_002.png,Effusion,0.0377008350916671,0.00482559
00027866_002.png,Mass,0.1950012551798108,0.00450134
00027866_002.png,Mass,0.0,0.0044632
00027866_002.png,Mass,0.0,0.00427628
00027866_002.png,Atelectasis,0.31756301717583607,0.00419235
00027866_002.png,Infiltration,0.34684424075016645,0.00413132
00027866_002.png,Mass,0.0,0.00403595
00027866_002.png,Cardiomegaly,0.09418466251618048,0.00393295
00027866_002.png,Effusion,0.08528177175021809,0.00391769
00027866_002.png,Infiltration,0.25004677151308113,0.00351715
00027866_002.png,Mass,0.0,0.00344276
00027866_002.png,Effusion,0.0,0.00303841
00027866_002.png,Cardiomegaly,0.2407197762505961,0.00298309
00027866_002.png,Atelectasis,0.37556206391721647,0.00280571
00027866_002.png,Effusion,0.0,0.00278664
00027866_002.png,Mass,0.0,0.00276947
00027866_002.png,Infiltration,0.07457459154845734,0.00272369
00027866_002.png,Infiltration,0.5040731120694689,0.00270844
00027866_002.png,Infiltration,0.3057260422151601,0.00261307
00027866_002.png,Cardiomegaly,0.06878919003674046,0.0025959
00027866_002.png,Atelectasis,0.38994161413052414,0.0025959
00027866_002.png,Effusion,0.0,0.00257492
00027866_002.png,Effusion,0.04992690062586819,0.00255775
00027866_002.png,Effusion,0.04073681219017052,0.00252724
00027866_002.png,Infiltration,0.21159158109998508,0.00247765
00027866_002.png,Effusion,0.004765946835240074,0.00226593
00027866_002.png,Infiltration,0.21060400590487655,0.00225258
00027866_002.png,Effusion,0.0,0.00222015
00027866_002.png,Effusion,0.0,0.00214958
00027866_002.png,Effusion,0.0,0.00214767
00027866_002.png,Effusion,0.0,0.00213814
00027866_002.png,Cardiomegaly,0.04895949177083196,0.00211716
00027866_002.png,Cardiomegaly,0.052266720917058224,0.00203896
00027866_002.png,Mass,0.0,0.0019722
00027866_002.png,Cardiomegaly,0.12585461758786406,0.00192547
00027866_002.png,Infiltration,0.0075920579486679655,0.00188255
00027866_002.png,Atelectasis,0.5729820195473775,0.00186157
00027866_002.png,Effusion,0.0,0.00182247
00027866_002.png,Cardiomegaly,0.048298153698065734,0.001791
00027866_002.png,Effusion,0.0,0.00172424
00027866_002.png,Effusion,0.0,0.00171757
00027866_002.png,Cardiomegaly,0.08258727094773896,0.00169373
00027866_002.png,Effusion,0.0,0.00167561
00027866_002.png,Effusion,0.0,0.00164604
00027866_002.png,Infiltration,0.15639755854097603,0.00162506
00027866_002.png,Cardiomegaly,0.21170431082721075,0.00161743
00027866_002.png,Effusion,0.0,0.00159931
00027866_002.png,Mass,0.0,0.0015955
00027866_002.png,Infiltration,0.20860872086662863,0.00158882
00027866_002.png,Cardiomegaly,0.05227708243121339,0.00158405
00027866_002.png,Mass,0.0,0.00157356
00027866_002.png,Infiltration,0.1452537259618117,0.00156593
00027866_002.png,Effusion,0.0,0.00155258
00027866_002.png,Effusion,0.3069973051870796,0.00153732
00027866_002.png,Effusion,0.07457459154845734,0.00152206
00027866_002.png,Cardiomegaly,0.138780520636111,0.0015173
00027866_002.png,Infiltration,0.0,0.00147629
00027866_002.png,Infiltration,0.4383669054218606,0.00145054
00027866_002.png,Effusion,0.0,0.00144291
00027866_002.png,Effusion,0.0,0.00142288
00027866_002.png,Effusion,0.00443070174139405,0.00142288
00027866_002.png,Effusion,0.002478198691022738,0.00137329
00027866_002.png,Atelectasis,0.35526294586294793,0.00136662
00027866_002.png,Cardiomegaly,0.1110180758201766,0.00135994
00027866_002.png,Cardiomegaly,0.1372014177995616,0.00135231
00027866_002.png,Cardiomegaly,0.08175055914735102,0.00130367
00027866_002.png,Effusion,0.0,0.00129318
00027866_002.png,Infiltration,0.03686712109470604,0.00129128
00027866_002.png,Infiltration,0.33279239840591035,0.0012846
00027866_002.png,Cardiomegaly,0.12341328912085019,0.00128269
00027866_002.png,Cardiomegaly,0.0,0.00127983
00027866_002.png,Mass,0.13236970760156797,0.00127888
00027866_002.png,Effusion,0.033152651759875175,0.00127411
00027866_002.png,Cardiomegaly,0.08528177175021809,0.00127125
00027866_002.png,Effusion,0.0,0.00126743
00027866_002.png,Infiltration,0.24905310447186055,0.00126648
00027866_002.png,Effusion,0.0,0.00125694
00027866_002.png,Cardiomegaly,0.06443322798096633,0.00124454
00027866_002.png,Mass,0.0,0.00124264
00027866_002.png,Effusion,0.0,0.00123978
00027866_002.png,Mass,0.0,0.00117207
00027866_002.png,Effusion,0.04053355149067606,0.00116825
00027866_002.png,Effusion,0.0,0.00115013
00027866_002.png,Effusion,0.0,0.0011425
00027866_002.png,Mass,0.0,0.00112915
00027866_002.png,Mass,0.0,0.0011282
00027866_002.png,Effusion,0.024715333135793962,0.00112152
00027866_002.png,Infiltration,0.0992025570204147,0.00108242
00027866_002.png,Effusion,0.008241523790700733,0.00107193
00027866_002.png,Mass,0.0,0.00105953
00027866_002.png,Effusion,0.0,0.00105667
00027866_002.png,Cardiomegaly,0.1816188097356643,0.00105381
00027866_002.png,Infiltration,0.0,0.00103474
00027866_002.png,Effusion,0.0,0.00102139
00027866_002.png,Effusion,0.0,0.00102139
00017514_008.png,Atelectasis,0.8523168086928794,0.589844
00017514_008.png,Mass,0.0,0.0626221
00017514_008.png,Effusion,0.07826374165557567,0.0484314
00017514_008.png,Infiltration,0.0,0.0379944
00017514_008.png,Infiltration,0.020050772972611097,0.0311432
00017514_008.png,Effusion,0.03903182212511864,0.0286865
00017514_008.png,Infiltration,0.0,0.0193634
00017514_008.png,Infiltration,0.008452994515705746,0.0178223
00017514_008.png,Infiltration,0.04234264969692744,0.0158997
00017514_008.png,Mass,0.0,0.0137634
00017514_008.png,Infiltration,0.18686968813393556,0.0122757
00017514_008.png,Cardiomegaly,0.030921635776161895,0.010025
00017514_008.png,Effusion,0.011748366495181089,0.00905609
00017514_008.png,Infiltration,0.0,0.00859833
00017514_008.png,Infiltration,0.0,0.00782013
00017514_008.png,Cardiomegaly,0.0,0.00703812
00017514_008.png,Infiltration,0.23022489874489824,0.00687027
00017514_008.png,Infiltration,0.049104854589460116,0.00655746
00017514_008.png,Infiltration,0.0,0.00651169
00017514_008.png,Infiltration,0.05418072391705805,0.00614929
00017514_008.png,Cardiomegaly,0.0,0.00590515
00017514_008.png,Mass,0.0,0.00498199
00017514_008.png,Effusion,0.0032575095533533814,0.00486374
00017514_008.png,Effusion,0.0,0.00471497
00017514_008.png,Cardiomegaly,0.0,0.00469208
00017514_008.png,Infiltration,0.0,0.0046196
00017514_008.png,Infiltration,0.0,0.00460434
00017514_008.png,Mass,0.0,0.00458527
00017514_008.png,Cardiomegaly,0.0,0.00453568
00017514_008.png,Infiltration,0.14349106275178594,0.00441742
00017514_008.png,Infiltration,0.04732988133985279,0.00437927
00017514_008.png,Infiltration,0.0,0.00423431
00017514_008.png,Mass,0.0,0.00419617
00017514_008.png,Effusion,0.0,0.00364113
00017514_008.png,Effusion,0.018740022218931583,0.0036335
00017514_008.png,Infiltration,0.055229213721859315,0.00358009
00017514_008.png,Infiltration,0.0,0.00335693
00017514_008.png,Effusion,0.00014987842713347558,0.0032444
00017514_008.png,Infiltration,0.11871572963228447,0.00316238
00017514_008.png,Effusion,0.0,0.00315475
00017514_008.png,Effusion,0.0,0.00312805
00017514_008.png,Effusion,0.033691001310715826,0.00311661
00017514_008.png,Infiltration,0.0,0.00306129
00017514_008.png,Mass,0.0018500188190102333,0.00303268
00017514_008.png,Effusion,0.036843770658652415,0.00277138
00017514_008.png,Effusion,0.0,0.00272369
00017514_008.png,Effusion,0.0,0.00270271
00017514_008.png,Effusion,0.04110560638951311,0.0026474
00017514_008.png,Cardiomegaly,0.0,0.00263977
00017514_008.png,Atelectasis,0.6826193496686292,0.00259399
00017514_008.png,Effusion,0.0,0.0025692
00017514_008.png,Infiltration,0.04015465219523221,0.00255394
00017514_008.png,Effusion,0.0,0.0025177
00017514_008.png,Effusion,0.0035647645324958016,0.00251007
00017514_008.png,Effusion,0.0,0.00244522
00017514_008.png,Infiltration,0.054523590378153845,0.002388
00017514_008.png,Effusion,0.06138578810069739,0.00231171
00017514_008.png,Cardiomegaly,0.0,0.00226402
00017514_008.png,Infiltration,0.03531884651002199,0.00218201
00017514_008.png,Effusion,0.06526853548845306,0.00216293
00017514_008.png,Effusion,0.061251591646498724,0.00216103
00017514_008.png,Mass,0.0,0.00214767
00017514_008.png,Atelectasis,0.1350551130674279,0.00213623
00017514_008.png,Cardiomegaly,0.0,0.00211906
00017514_008.png,Mass,0.0,0.00211334
00017514_008.png,Infiltration,0.30533969002196204,0.0021019
00017514_008.png,Infiltration,0.8199655319637741,0.0020771
00017514_008.png,Infiltration,0.06400208022626762,0.00203514
00017514_008.png,Mass,0.0,0.00197792
00017514_008.png,Infiltration,0.0,0.00186348
00017514_008.png,Atelectasis,0.5040976487123802,0.00182438
00017514_008.png,Effusion,0.012858746204717594,0.00182247
00017514_008.png,Effusion,0.0010526122964506141,0.00180531
00017514_008.png,Cardiomegaly,0.0,0.00175095
00017514_008.png,Effusion,0.0,0.0017128
00017514_008.png,Infiltration,0.014008346088348148,0.00165462
00017514_008.png,Effusion,0.0,0.001647
00017514_008.png,Mass,0.0,0.00163269
00017514_008.png,Infiltration,0.02874855023843258,0.00162506
00017514_008.png,Infiltration,0.060990986896747174,0.00160885
00017514_008.png,Infiltration,0.5040976487123802,0.00159645
00017514_008.png,Effusion,0.0,0.0015955
00017514_008.png,Effusion,0.049104854589460116,0.00156784
00017514_008.png,Cardiomegaly,0.0495463862515545,0.0015583
00017514_008.png,Atelectasis,0.6239228976651152,0.00145531
00017514_008.png,Effusion,0.053535973330599354,0.00142002
00017514_008.png,Cardiomegaly,0.09673270103910675,0.0013876
00017514_008.png,Mass,0.0004128776434797703,0.00137615
00017514_008.png,Infiltration,0.08116469148419343,0.00125885
00017514_008.png,Infiltration,0.005843442231467437,0.00124264
00017514_008.png,Cardiomegaly,0.003709941470740357,0.00123692
00017514_008.png,Effusion,0.018075132149531346,0.00122929
00017514_008.png,Effusion,0.0,0.00122452
00017514_008.png,Mass,0.0,0.00119114
00017514_008.png,Effusion,0.0,0.0011816
00017514_008.png,Mass,0.0,0.0011673
00017514_008.png,Mass,0.0,0.00114918
00017514_008.png,Effusion,0.002942418419595999,0.00114155
00017514_008.png,Mass,0.061384767772423895,0.00113773
00017514_008.png,Atelectasis,0.1727475998256286,0.00112915
00017514_008.png,Effusion,0.0,0.00111961
00017514_008.png,Effusion,0.0,0.00109768
00017514_008.png,Mass,0.0,0.00108528
00017514_008.png,Infiltration,0.0,0.0010519
00017514_008.png,Infiltration,0.048737825249577274,0.00105095
00017514_008.png,Mass,0.0,0.00102615
00017514_008.png,Effusion,0.0,0.00102425
00017514_008.png,Mass,0.0,0.00102234
00017514_008.png,Effusion,0.0,0.00101566
00017514_008.png,Mass,0.0,0.0010128
00025228_005.png,Effusion,0.0,0.426758
00025228_005.png,Infiltration,0.19316683459717873,0.0925903
00025228_005.png,Infiltration,0.2439968882849606,0.0827637
00025228_005.png,Infiltration,0.144671199217143,0.0492249
00025228_005.png,Effusion,0.0,0.039917
00025228_005.png,Cardiomegaly,0.2600269053090791,0.0283203
00025228_005.png,Cardiomegaly,0.16544516851685068,0.0271301
00025228_005.png,Cardiomegaly,0.1604723963202159,0.0253754
00025228_005.png,Effusion,0.0,0.0219879
00025228_005.png,Cardiomegaly,0.0,0.021347
00025228_005.png,Effusion,0.0,0.021286
00025228_005.png,Effusion,0.0,0.0207214
00025228_005.png,Atelectasis,0.2655590511295376,0.017334
00025228_005.png,Atelectasis,0.145291551158201,0.0163422
00025228_005.png,Infiltration,0.510592360167675,0.0157166
00025228_005.png,Infiltration,0.2065505867598399,0.0156021
00025228_005.png,Infiltration,0.4655813991118125,0.0154114
00025228_005.png,Infiltration,0.3030587536356545,0.0151367
00025228_005.png,Infiltration,0.398910463809468,0.0146866
00025228_005.png,Cardiomegaly,0.0,0.0139313
00025228_005.png,Cardiomegaly,0.25001647812568684,0.0134506
00025228_005.png,Effusion,0.0,0.0121918
00025228_005.png,Mass,0.0,0.0120773
00025228_005.png,Infiltration,0.0,0.0119705
00025228_005.png,Cardiomegaly,0.0,0.0117645
00025228_005.png,Cardiomegaly,0.23898433598158472,0.0106201
00025228_005.png,Effusion,0.06553050919458182,0.0099411
00025228_005.png,Mass,0.0,0.00944519
00025228_005.png,Infiltration,0.0,0.00891876
00025228_005.png,Atelectasis,0.3222051779931942,0.0088501
00025228_005.png,Mass,0.0,0.00884247
00025228_005.png,Infiltration,0.4435357565723198,0.00883484
00025228_005.png,Infiltration,0.5433487624502712,0.0085907
00025228_005.png,Effusion,0.0,0.00841522
00025228_005.png,Cardiomegaly,0.19482941646405783,0.00814819
00025228_005.png,Infiltration,0.0,0.00803375
00025228_005.png,Infiltration,0.15653144611957842,0.00765991
00025228_005.png,Cardiomegaly,0.0,0.00762939
00025228_005.png,Cardiomegaly,0.2565554283645506,0.00699234
00025228_005.png,Infiltration,0.4128592630299358,0.00671768
00025228_005.png,Mass,0.0,0.0063324
00025228_005.png,Infiltration,0.2600269053090791,0.00614548
00025228_005.png,Cardiomegaly,0.1595475436673178,0.00606537
00025228_005.png,Cardiomegaly,0.09782721465382763,0.00569534
00025228_005.png,Infiltration,0.1604723963202159,0.00564194
00025228_005.png,Mass,0.0,0.00556946
00025228_005.png,Infiltration,0.0,0.00550079
00025228_005.png,Infiltration,0.03286437053832504,0.00538254
00025228_005.png,Infiltration,0.06496768714496791,0.00528717
00025228_005.png,Cardiomegaly,0.12762423693996428,0.00514603
00025228_005.png,Atelectasis,0.30084590307594294,0.00506973
00025228_005.png,Cardiomegaly,0.08182789573394883,0.00502014
00025228_005.png,Effusion,0.0,0.00469589
00025228_005.png,Cardiomegaly,0.0,0.004673
00025228_005.png,Infiltration,0.42617380720900866,0.00456619
00025228_005.png,Mass,0.0,0.00439072
00025228_005.png,Effusion,0.0,0.00420761
00025228_005.png,Infiltration,0.0,0.00417709
00025228_005.png,Effusion,0.0,0.00410461
00025228_005.png,Infiltration,0.4364213550323933,0.00404739
00025228_005.png,Effusion,0.0,0.00403214
00025228_005.png,Infiltration,0.4174239747359668,0.0039978
00025228_005.png,Cardiomegaly,0.0,0.00393677
00025228_005.png,Infiltration,0.08497878045799681,0.00393295
00025228_005.png,Infiltration,0.006968562971400238,0.0037899
00025228_005.png,Infiltration,0.26555972264673816,0.00377846
00025228_005.png,Cardiomegaly,0.0,0.00374985
00025228_005.png,Effusion,0.0,0.00358391
00025228_005.png,Atelectasis,0.1005767402226665,0.00356674
00025228_005.png,Cardiomegaly,0.12246763771281656,0.00353432
00025228_005.png,Effusion,0.0,0.0033989
00025228_005.png,Cardiomegaly,0.0,0.00332451
00025228_005.png,Infiltration,0.328279296201977,0.00313187
00025228_005.png,Effusion,0.0,0.00309181
00025228_005.png,Effusion,0.0,0.00301743
00025228_005.png,Infiltration,0.37158493709052487,0.00292778
00025228_005.png,Mass,0.0,0.00273514
00025228_005.png,Atelectasis,0.4174239747359668,0.00269508
00025228_005.png,Effusion,0.0,0.00252724
00025228_005.png,Infiltration,0.13285727429903724,0.00241852
00025228_005.png,Effusion,0.00769501381951428,0.0024147
00025228_005.png,Mass,0.0,0.00239182
00025228_005.png,Effusion,0.03286437053832504,0.002388
00025228_005.png,Infiltration,0.40306948127783887,0.00235939
00025228_005.png,Cardiomegaly,0.0,0.00234032
00025228_005.png,Infiltration,0.25001647812568684,0.00225449
00025228_005.png,Cardiomegaly,0.4480137712486723,0.00213623
00025228_005.png,Effusion,0.048688275348492335,0.00213051
00025228_005.png,Mass,0.0,0.00212669
00025228_005.png,Cardiomegaly,0.0,0.00210571
00025228_005.png,Cardiomegaly,0.0,0.00209999
00025228_005.png,Cardiomegaly,0.0,0.00208282
00025228_005.png,Cardiomegaly,0.0,0.00208092
00025228_005.png,Effusion,0.003852304134035405,0.00207901
00025228_005.png,Cardiomegaly,0.12585917194558602,0.00206375
00025228_005.png,Effusion,0.0,0.00203323
00025228_005.png,Cardiomegaly,0.2130899761490007,0.0019989
00025228_005.png,Cardiomegaly,0.4500589526222842,0.00198936
00025228_005.png,Mass,0.0,0.00190258
00025228_005.png,Infiltration,0.3595055447436601,0.00188637
00025228_005.png,Effusion,0.0,0.00182915
00025228_005.png,Effusion,0.0,0.00181866
00025228_005.png,Infiltration,0.0,0.00179482
00025228_005.png,Effusion,0.0,0.0017786
00025228_005.png,Cardiomegaly,0.0,0.00176907
00025228_005.png,Infiltration,0.015293154395953133,0.00165749
00025228_005.png,Effusion,0.0,0.0016222
00025228_005.png,Effusion,0.0,0.0015955
00025228_005.png,Infiltration,0.0,0.0015831
00025228_005.png,Effusion,0.0,0.00154972
00025228_005.png,Cardiomegaly,0.40991405904543665,0.00153732
00025228_005.png,Cardiomegaly,0.0,0.00151348
00025228_005.png,Effusion,0.0,0.00150681
00025228_005.png,Infiltration,0.1202704424093339,0.00149632
00025228_005.png,Infiltration,0.3993103833823585,0.00149632
00025228_005.png,Effusion,0.0,0.00146484
00025228_005.png,Cardiomegaly,0.11496789172716704,0.00145626
00025228_005.png,Effusion,0.0,0.00142765
00025228_005.png,Effusion,0.0,0.00142574
00025228_005.png,Effusion,0.0,0.00141525
00025228_005.png,Infiltration,0.012148609009260975,0.00141239
00025228_005.png,Cardiomegaly,0.0,0.00138187
00025228_005.png,Cardiomegaly,0.0,0.00137997
00025228_005.png,Atelectasis,0.06498071856173138,0.00135612
00025228_005.png,Mass,0.0,0.00134087
00025228_005.png,Cardiomegaly,0.6206307579098712,0.00133705
00025228_005.png,Cardiomegaly,0.13300666151276613,0.00133419
00025228_005.png,Infiltration,0.0,0.00127792
00025228_005.png,Effusion,0.0,0.00127125
00025228_005.png,Mass,0.0,0.00126934
00025228_005.png,Cardiomegaly,0.10246620479456023,0.00121593
00025228_005.png,Effusion,0.029164035568882272,0.00119209
00025228_005.png,Cardiomegaly,0.0,0.00115395
00025228_005.png,Effusion,0.18631882161475047,0.00114155
00025228_005.png,Infiltration,0.0,0.00113201
00025228_005.png,Effusion,0.0,0.00112343
00025228_005.png,Mass,0.0,0.00109673
00025228_005.png,Cardiomegaly,0.4909963219836361,0.00108528
00025228_005.png,Effusion,0.0,0.00105476
00025228_005.png,Infiltration,0.0,0.00105095
00025228_005.png,Effusion,0.0,0.00104904
00025228_005.png,Effusion,0.0,0.00104141
00025228_005.png,Mass,0.0,0.00102711
00025228_005.png,Infiltration,0.339015455227701,0.00101852
00025228_005.png,Mass,0.0,0.00100708
00027464_033.png,Atelectasis,0.7570484697524692,0.477295
00027464_033.png,Cardiomegaly,0.0,0.0364075
00027464_033.png,Mass,0.07203565779111683,0.0184326
00027464_033.png,Cardiomegaly,0.14708054278513355,0.0129471
00027464_033.png,Mass,0.07438499418830673,0.0126724
00027464_033.png,Cardiomegaly,0.0,0.0125427
00027464_033.png,Effusion,0.03949900441599629,0.0093689
00027464_033.png,Infiltration,0.14450890013384995,0.00912476
00027464_033.png,Infiltration,0.035857851050457544,0.00884247
00027464_033.png,Mass,0.0,0.0086441
00027464_033.png,Effusion,0.0,0.0083313
00027464_033.png,Cardiomegaly,0.0,0.00789642
00027464_033.png,Infiltration,0.007806068644690234,0.00786591
00027464_033.png,Infiltration,0.18781589669022022,0.00774384
00027464_033.png,Effusion,0.06642152189239073,0.00772476
00027464_033.png,Atelectasis,0.6812337913171823,0.0065918
00027464_033.png,Effusion,0.064700544121428,0.00618744
00027464_033.png,Atelectasis,0.1855260329562124,0.00612259
00027464_033.png,Cardiomegaly,0.0,0.00609207
00027464_033.png,Infiltration,0.10262841215136467,0.00528336
00027464_033.png,Atelectasis,0.5127936637683216,0.00518036
00027464_033.png,Infiltration,0.08594285959813869,0.00485611
00027464_033.png,Atelectasis,0.47798584077614126,0.00482559
00027464_033.png,Cardiomegaly,0.10532903903352654,0.00464249
00027464_033.png,Cardiomegaly,0.0,0.00448227
00027464_033.png,Infiltration,0.022421515211843,0.0039711
00027464_033.png,Effusion,0.06104190686872267,0.00396347
00027464_033.png,Effusion,0.04713602589210694,0.00370789
00027464_033.png,Cardiomegaly,0.00459420664452777,0.00334549
00027464_033.png,Mass,0.0,0.00324631
00027464_033.png,Effusion,0.06820085957599961,0.0032177
00027464_033.png,Infiltration,0.12203563391839713,0.00319862
00027464_033.png,Cardiomegaly,0.025517284544210036,0.00318527
00027464_033.png,Effusion,0.09723048256682093,0.00305748
00027464_033.png,Infiltration,0.05441442351173201,0.00276947
00027464_033.png,Infiltration,0.15453376871214503,0.00263596
00027464_033.png,Effusion,0.025741970202599003,0.00261879
00027464_033.png,Cardiomegaly,0.1837547683696608,0.00256729
00027464_033.png,Effusion,0.11656021189578597,0.00256538
00027464_033.png,Cardiomegaly,0.027558282475552885,0.00248909
00027464_033.png,Cardiomegaly,0.0,0.0024147
00027464_033.png,Effusion,0.06053111460186739,0.00230408
00027464_033.png,Cardiomegaly,0.13169770584442103,0.00227737
00027464_033.png,Effusion,0.1373635650930409,0.00227356
00027464_033.png,Effusion,0.0,0.00226593
00027464_033.png,Infiltration,0.04713602589210694,0.00217628
00027464_033.png,Infiltration,0.06737390583088096,0.00213814
00027464_033.png,Atelectasis,0.5258426499612167,0.00211906
00027464_033.png,Cardiomegaly,0.0,0.00208664
00027464_033.png,Cardiomegaly,0.021075384618572387,0.00197983
00027464_033.png,Effusion,0.033665182560132796,0.0019455
00027464_033.png,Infiltration,0.04264886926099202,0.00192833
00027464_033.png,Cardiomegaly,0.038483032822540106,0.00188637
00027464_033.png,Mass,0.0957014300178748,0.00187492
00027464_033.png,Mass,0.0,0.00185776
00027464_033.png,Infiltration,0.25359706438360324,0.00183201
00027464_033.png,Effusion,0.025915207679200088,0.00182629
00027464_033.png,Effusion,0.008598369275827989,0.0018158
00027464_033.png,Effusion,0.01879887101941656,0.00180244
00027464_033.png,Infiltration,0.06403857941616439,0.00179863
00027464_033.png,Effusion,0.0,0.00179577
00027464_033.png,Mass,0.0,0.00179482
00027464_033.png,Infiltration,0.3032144267571169,0.00172997
00027464_033.png,Effusion,0.05512434234308088,0.001688
00027464_033.png,Infiltration,0.029771189380739645,0.00164318
00027464_033.png,Infiltration,0.04466025741729509,0.00162125
00027464_033.png,Infiltration,0.16914784133912247,0.00153732
00027464_033.png,Infiltration,0.03817135780463995,0.00147057
00027464_033.png,Effusion,0.0,0.00144482
00027464_033.png,Mass,0.0,0.0014267
00027464_033.png,Infiltration,0.41782138965366306,0.00142193
00027464_033.png,Cardiomegaly,0.0,0.00141811
00027464_033.png,Cardiomegaly,0.0125528870157664,0.00137997
00027464_033.png,Infiltration,0.06614900174802017,0.00129128
00027464_033.png,Effusion,0.11515991155598725,0.00128841
00027464_033.png,Mass,0.0,0.00128746
00027464_033.png,Mass,0.05077800387653785,0.00128651
00027464_033.png,Mass,0.0,0.00128365
00027464_033.png,Cardiomegaly,0.0,0.00128078
00027464_033.png,Infiltration,0.0,0.00126171
00027464_033.png,Mass,0.0,0.00124359
00027464_033.png,Effusion,0.04002584312334378,0.00123596
00027464_033.png,Mass,0.0,0.00123596
00027464_033.png,Effusion,0.06095788949713873,0.00120926
00027464_033.png,Effusion,0.0,0.00120544
00027464_033.png,Infiltration,0.7554111110538697,0.00120258
00027464_033.png,Infiltration,0.03673601468792887,0.0011816
00027464_033.png,Effusion,0.07826638190104943,0.00117207
00027464_033.png,Effusion,0.022603870381573687,0.00114918
00027464_033.png,Cardiomegaly,0.0,0.00113201
00027464_033.png,Infiltration,0.03315297204734243,0.00111866
00027464_033.png,Effusion,0.0,0.0011158
00027464_033.png,Effusion,0.04371984964754608,0.00111389
00027464_033.png,Effusion,0.021916000906064718,0.00111389
00027464_033.png,Effusion,0.0,0.00108814
00027464_033.png,Mass,0.0,0.00107956
00027464_033.png,Effusion,0.025323617655825234,0.00107193
00027464_033.png,Cardiomegaly,0.010136671763277483,0.00106144
00027464_033.png,Effusion,0.0237279708511782,0.00104332
00027464_033.png,Mass,0.0,0.00103855
00027464_033.png,Infiltration,0.14498117055622767,0.00103855
00027464_033.png,Mass,0.0,0.00103283
00027464_033.png,Mass,0.09977183060188743,0.00101852
00027464_033.png,Mass,0.0,0.00101471
00027464_033.png,Effusion,0.0,0.00100517
00008005_004.png,Effusion,0.0,0.0752563
00008005_004.png,Infiltration,0.07271081249661449,0.057312
00008005_004.png,Infiltration,0.13201543699867224,0.0514526
00008005_004.png,Infiltration,0.11147202445965236,0.0466919
00008005_004.png,Infiltration,0.0,0.0435486
00008005_004.png,Atelectasis,0.0753313730631375,0.0345154
00008005_004.png,Infiltration,0.0,0.0339966
00008005_004.png,Effusion,0.0,0.0291443
00008005_004.png,Infiltration,0.06660449770065444,0.0193939
00008005_004.png,Mass,0.0,0.0177002
00008005_004.png,Infiltration,0.20163660578629253,0.014328
00008005_004.png,Infiltration,0.0,0.0139771
00008005_004.png,Mass,0.0,0.0134277
00008005_004.png,Infiltration,0.0,0.0110779
00008005_004.png,Effusion,0.0,0.0102081
00008005_004.png,Infiltration,0.0,0.0101395
00008005_004.png,Infiltration,0.0,0.00751877
00008005_004.png,Cardiomegaly,0.0,0.00667572
00008005_004.png,Infiltration,0.0,0.00608063
00008005_004.png,Effusion,0.0,0.00589371
00008005_004.png,Infiltration,0.0,0.00550079
00008005_004.png,Mass,0.0,0.00495911
00008005_004.png,Effusion,0.0,0.00487137
00008005_004.png,Infiltration,0.0,0.00487137
00008005_004.png,Effusion,0.0,0.00471878
00008005_004.png,Effusion,0.0,0.00466156
00008005_004.png,Mass,0.0,0.00457764
00008005_004.png,Mass,0.0,0.0045166
00008005_004.png,Effusion,0.0,0.00441742
00008005_004.png,Infiltration,0.02160594151660209,0.0043869
00008005_004.png,Infiltration,0.0,0.00437164
00008005_004.png,Infiltration,0.0,0.00433731
00008005_004.png,Effusion,0.0,0.00426102
00008005_004.png,Infiltration,0.0,0.00422668
00008005_004.png,Infiltration,0.0,0.00419235
00008005_004.png,Infiltration,0.0,0.00394821
00008005_004.png,Effusion,0.0,0.00382233
00008005_004.png,Effusion,0.0,0.0037365
00008005_004.png,Infiltration,0.3532454221221685,0.00369453
00008005_004.png,Infiltration,0.3757727707106263,0.00369263
00008005_004.png,Infiltration,0.0,0.00366211
00008005_004.png,Cardiomegaly,0.0,0.0036602
00008005_004.png,Effusion,0.0,0.00362396
00008005_004.png,Mass,0.0,0.00348282
00008005_004.png,Effusion,0.0,0.00329971
00008005_004.png,Effusion,0.0,0.0032711
00008005_004.png,Infiltration,0.0,0.00323868
00008005_004.png,Infiltration,0.0,0.00318146
00008005_004.png,Effusion,0.0,0.00312996
00008005_004.png,Infiltration,0.0,0.00312233
00008005_004.png,Infiltration,0.0,0.00305176
00008005_004.png,Infiltration,0.0,0.00299072
00008005_004.png,Cardiomegaly,0.0,0.00299072
00008005_004.png,Infiltration,0.26728110206909417,0.00294113
00008005_004.png,Effusion,0.0,0.00289917
00008005_004.png,Mass,0.0,0.00289917
00008005_004.png,Infiltration,0.0,0.00280762
00008005_004.png,Mass,0.0,0.00275803
00008005_004.png,Infiltration,0.0,0.00271225
00008005_004.png,Infiltration,0.1925952177598264,0.00269508
00008005_004.png,Cardiomegaly,0.0,0.00253868
00008005_004.png,Infiltration,0.0,0.00253105
00008005_004.png,Infiltration,0.0,0.00250816
00008005_004.png,Infiltration,0.0,0.0024147
00008005_004.png,Infiltration,0.0,0.00234222
00008005_004.png,Infiltration,0.0,0.00232887
00008005_004.png,Effusion,0.0,0.00230408
00008005_004.png,Infiltration,0.0,0.00229263
00008005_004.png,Effusion,0.0,0.00226784
00008005_004.png,Cardiomegaly,0.0,0.0022316
00008005_004.png,Effusion,0.0,0.00222969
00008005_004.png,Infiltration,0.0,0.00212669
00008005_004.png,Effusion,0.0,0.00207138
00008005_004.png,Cardiomegaly,0.0,0.00206947
00008005_004.png,Cardiomegaly,0.10167032966641569,0.00206947
00008005_004.png,Infiltration,0.0,0.00204086
00008005_004.png,Effusion,0.0,0.00197792
00008005_004.png,Atelectasis,0.06389632159267286,0.00190639
00008005_004.png,Cardiomegaly,0.0,0.00183582
00008005_004.png,Effusion,0.0,0.00180912
00008005_004.png,Infiltration,0.0,0.00180149
00008005_004.png,Mass,0.0,0.00179291
00008005_004.png,Effusion,0.0,0.00178146
00008005_004.png,Atelectasis,0.07594125543102226,0.00171757
00008005_004.png,Infiltration,0.07594125543102226,0.00170422
00008005_004.png,Effusion,0.0,0.0017004
00008005_004.png,Cardiomegaly,0.0,0.00165462
00008005_004.png,Effusion,0.0,0.00162411
00008005_004.png,Infiltration,0.19416856750540362,0.00162411
00008005_004.png,Effusion,0.0,0.00158405
00008005_004.png,Infiltration,0.0,0.00154209
00008005_004.png,Effusion,0.0,0.00154114
00008005_004.png,Infiltration,0.0,0.00152683
00008005_004.png,Effusion,0.0,0.00150204
00008005_004.png,Cardiomegaly,0.0,0.00147343
00008005_004.png,Effusion,0.0,0.00146484
00008005_004.png,Effusion,0.0,0.00141907
00008005_004.png,Infiltration,0.0,0.00141907
00008005_004.png,Infiltration,0.0,0.00141525
00008005_004.png,Effusion,0.0,0.0014143
00008005_004.png,Cardiomegaly,0.0,0.00136948
00008005_004.png,Cardiomegaly,0.23309479786006626,0.00136566
00008005_004.png,Effusion,0.0,0.0013237
00008005_004.png,Cardiomegaly,0.0,0.00132179
00008005_004.png,Effusion,0.0,0.00131798
00008005_004.png,Infiltration,0.0,0.00126362
00008005_004.png,Infiltration,0.0,0.00125217
00008005_004.png,Infiltration,0.0,0.00123692
00008005_004.png,Mass,0.0,0.00119781
00008005_004.png,Effusion,0.0,0.00119114
00008005_004.png,Effusion,0.0,0.00119114
00008005_004.png,Infiltration,0.0,0.00118732
00008005_004.png,Effusion,0.0,0.00118637
00008005_004.png,Effusion,0.0,0.00117016
00008005_004.png,Cardiomegaly,0.0,0.00111866
00008005_004.png,Effusion,0.0,0.00110149
00008005_004.png,Effusion,0.0,0.00109768
00008005_004.png,Effusion,0.0,0.00109768
00008005_004.png,Effusion,0.0,0.00108528
00008005_004.png,Infiltration,0.11195819781963964,0.00108528
00008005_004.png,Infiltration,0.0,0.00106621
00008005_004.png,Atelectasis,0.0,0.00104523
00008005_004.png,Effusion,0.0,0.00103855
00008005_004.png,Effusion,0.0,0.00102329
00008005_004.png,Infiltration,0.0,0.00100994
00008005_004.png,Infiltration,0.21292678822480196,0.00100517
00014198_000.png,Atelectasis,0.11660884795488681,0.0690918
00014198_000.png,Effusion,0.27628271639584945,0.0150909
00014198_000.png,Infiltration,0.27502371580194684,0.0141907
00014198_000.png,Mass,0.0,0.0132217
00014198_000.png,Mass,0.0,0.00944519
00014198_000.png,Effusion,0.17754001463257027,0.0086441
00014198_000.png,Cardiomegaly,0.0,0.00843811
00014198_000.png,Effusion,0.0,0.00810242
00014198_000.png,Effusion,0.0,0.00798798
00014198_000.png,Cardiomegaly,0.0,0.00795746
00014198_000.png,Effusion,0.0,0.00736618
00014198_000.png,Mass,0.0,0.00629044
00014198_000.png,Effusion,0.20450780089654572,0.00620651
00014198_000.png,Infiltration,0.0,0.00612259
00014198_000.png,Effusion,0.09265664336961753,0.00591278
00014198_000.png,Infiltration,0.0,0.00587082
00014198_000.png,Infiltration,0.004188675763466448,0.0056076
00014198_000.png,Cardiomegaly,0.0,0.00533295
00014198_000.png,Mass,0.0,0.00513077
00014198_000.png,Effusion,0.0,0.00509644
00014198_000.png,Infiltration,0.0,0.0050354
00014198_000.png,Effusion,0.0,0.004776
00014198_000.png,Effusion,0.0,0.00446701
00014198_000.png,Effusion,0.29037830031896383,0.00422668
00014198_000.png,Cardiomegaly,0.0,0.00387764
00014198_000.png,Effusion,0.0,0.00384903
00014198_000.png,Mass,0.0,0.00379562
00014198_000.png,Infiltration,0.0,0.00364494
00014198_000.png,Mass,0.0,0.00362396
00014198_000.png,Infiltration,0.0,0.00358963
00014198_000.png,Infiltration,0.0,0.00346184
00014198_000.png,Infiltration,0.4151334607232536,0.00325966
00014198_000.png,Cardiomegaly,0.0,0.00324249
00014198_000.png,Infiltration,0.2710426844495409,0.00318336
00014198_000.png,Mass,0.0,0.00317192
00014198_000.png,Effusion,0.0,0.00305176
00014198_000.png,Mass,0.0,0.00302696
00014198_000.png,Cardiomegaly,0.0,0.00300026
00014198_000.png,Mass,0.0,0.00279427
00014198_000.png,Effusion,0.012952568503968143,0.0026207
00014198_000.png,Effusion,0.21752132686863665,0.00260544
00014198_000.png,Infiltration,0.0,0.00257492
00014198_000.png,Infiltration,0.0,0.00253296
00014198_000.png,Effusion,0.10000949581096555,0.0025177
00014198_000.png,Mass,0.0,0.00243568
00014198_000.png,Effusion,0.0,0.00233841
00014198_000.png,Effusion,0.0,0.0023098
00014198_000.png,Cardiomegaly,0.0,0.00227547
00014198_000.png,Cardiomegaly,0.01751838390320808,0.00226402
00014198_000.png,Effusion,0.0,0.00222969
00014198_000.png,Effusion,0.0,0.00219727
00014198_000.png,Cardiomegaly,0.0,0.00219345
00014198_000.png,Effusion,0.0,0.00210762
00014198_000.png,Effusion,0.0,0.00210381
00014198_000.png,Mass,0.0,0.00206947
00014198_000.png,Cardiomegaly,0.0,0.00197792
00014198_000.png,Cardiomegaly,0.0,0.00197029
00014198_000.png,Cardiomegaly,0.0,0.00193596
00014198_000.png,Cardiomegaly,0.0,0.00189495
00014198_000.png,Mass,0.0,0.00179577
00014198_000.png,Infiltration,0.0,0.00178432
00014198_000.png,Cardiomegaly,0.0,0.00168419
00014198_000.png,Effusion,0.0,0.00163078
00014198_000.png,Effusion,0.0,0.00161457
00014198_000.png,Infiltration,0.08843671251693533,0.00160122
00014198_000.png,Cardiomegaly,0.0,0.00159359
00014198_000.png,Effusion,0.2646864638765144,0.00159264
00014198_000.png,Effusion,0.0,0.0015831
00014198_000.png,Effusion,0.0,0.00157833
00014198_000.png,Effusion,0.0,0.00156689
00014198_000.png,Infiltration,0.029954663578899674,0.00156307
00014198_000.png,Mass,0.0,0.00156021
00014198_000.png,Infiltration,0.0,0.0015564
00014198_000.png,Effusion,0.0,0.00152969
00014198_000.png,Effusion,0.0,0.00152683
00014198_000.png,Mass,0.0,0.00152588
00014198_000.png,Infiltration,0.0,0.00152493
00014198_000.png,Effusion,0.0,0.00152302
00014198_000.png,Effusion,0.0,0.0015049
00014198_000.png,Infiltration,0.09988041874036982,0.00144863
00014198_000.png,Effusion,0.0,0.00141621
00014198_000.png,Cardiomegaly,0.0,0.00139523
00014198_000.png,Effusion,0.0,0.00137711
00014198_000.png,Mass,0.0,0.00135899
00014198_000.png,Effusion,0.0,0.00134945
00014198_000.png,Effusion,0.0,0.00134087
00014198_000.png,Cardiomegaly,0.0,0.00132847
00014198_000.png,Effusion,0.0,0.00125504
00014198_000.png,Mass,0.0,0.00124741
00014198_000.png,Infiltration,0.3141024281056986,0.00124168
00014198_000.png,Cardiomegaly,0.0,0.00123882
00014198_000.png,Effusion,0.0,0.00122929
00014198_000.png,Effusion,0.0,0.00120544
00014198_000.png,Effusion,0.0,0.00120544
00014198_000.png,Effusion,0.0,0.00120544
00014198_000.png,Effusion,0.03968334702963259,0.00120354
00014198_000.png,Effusion,0.0,0.00120258
00014198_000.png,Effusion,0.0,0.00120068
00014198_000.png,Atelectasis,0.20450780089654572,0.00118065
00014198_000.png,Effusion,0.0,0.00117683
00014198_000.png,Mass,0.0,0.00114822
00014198_000.png,Effusion,0.0,0.00113297
00014198_000.png,Effusion,0.3141024281056986,0.00112724
00014198_000.png,Effusion,0.0,0.00108051
00014198_000.png,Infiltration,0.16246654684235853,0.00107574
00014198_000.png,Infiltration,0.12930807899910945,0.0010643
00014198_000.png,Effusion,0.0,0.00105476
00014198_000.png,Effusion,0.0,0.00104523
00014198_000.png,Infiltration,0.2646864638765144,0.00104046
00014198_000.png,Infiltration,0.0,0.00102615
00014198_000.png,Cardiomegaly,0.0,0.00101948
00014198_000.png,Cardiomegaly,0.0,0.00101566
00014198_000.png,Mass,0.0,0.0010128
00014198_000.png,Infiltration,0.0,0.00100994
00014198_000.png,Effusion,0.0,0.00100708
00023176_017.png,Effusion,0.10984006537888431,0.101501
00023176_017.png,Effusion,0.019854605660976472,0.0681763
00023176_017.png,Atelectasis,0.12289447823079251,0.0543213
00023176_017.png,Effusion,0.17544886170947524,0.0414734
00023176_017.png,Atelectasis,0.7130258430443733,0.0382385
00023176_017.png,Cardiomegaly,0.19496804522899436,0.0377197
00023176_017.png,Cardiomegaly,0.18051017028181596,0.0361328
00023176_017.png,Effusion,0.07294377283175997,0.0173035
00023176_017.png,Cardiomegaly,0.2242621403165659,0.0162201
00023176_017.png,Infiltration,0.04252522985226101,0.0154953
00023176_017.png,Cardiomegaly,0.04049114718554221,0.0154114
00023176_017.png,Effusion,0.11946785477323078,0.0137482
00023176_017.png,Cardiomegaly,0.17967577354574563,0.00958252
00023176_017.png,Infiltration,0.09112475790706162,0.00940704
00023176_017.png,Cardiomegaly,0.0,0.00927734
00023176_017.png,Mass,0.0,0.00923157
00023176_017.png,Infiltration,0.2098359222774604,0.00917816
00023176_017.png,Atelectasis,0.31613512755120105,0.0090332
00023176_017.png,Cardiomegaly,0.25964101412958346,0.00879669
00023176_017.png,Cardiomegaly,0.0,0.00871277
00023176_017.png,Infiltration,0.0,0.00852203
00023176_017.png,Infiltration,0.02619285388129089,0.00767136
00023176_017.png,Infiltration,0.11954297721288265,0.00765991
00023176_017.png,Cardiomegaly,0.26832793576261754,0.00761032
00023176_017.png,Infiltration,0.10401284644848872,0.00736237
00023176_017.png,Effusion,0.2569763695110555,0.00717926
00023176_017.png,Cardiomegaly,0.0,0.00717163
00023176_017.png,Cardiomegaly,0.0855578450921178,0.00711823
00023176_017.png,Infiltration,0.1068714862750941,0.00685501
00023176_017.png,Cardiomegaly,0.0,0.00653076
00023176_017.png,Effusion,0.07417191722443368,0.00614929
00023176_017.png,Infiltration,0.12673844832253223,0.00585556
00023176_017.png,Cardiomegaly,0.05086203752856359,0.00544357
00023176_017.png,Mass,0.0,0.00507355
00023176_017.png,Infiltration,0.032060024249654415,0.00502396
00023176_017.png,Mass,0.0,0.00458145
00023176_017.png,Infiltration,0.1590305641649956,0.00457382
00023176_017.png,Effusion,0.29974317872191736,0.00450897
00023176_017.png,Infiltration,0.0,0.00443649
00023176_017.png,Infiltration,0.06263176975300627,0.00437927
00023176_017.png,Cardiomegaly,0.0,0.00432205
00023176_017.png,Cardiomegaly,0.10421980767390254,0.00427246
00023176_017.png,Effusion,0.18883530907121887,0.00424957
00023176_017.png,Effusion,0.0,0.00422287
00023176_017.png,Cardiomegaly,0.1204936909917653,0.00402069
00023176_017.png,Mass,0.0,0.00400162
00023176_017.png,Effusion,0.0,0.00397491
00023176_017.png,Infiltration,0.07200618777460753,0.00370026
00023176_017.png,Effusion,0.09400526537816489,0.00362587
00023176_017.png,Effusion,0.03545556541870606,0.00361824
00023176_017.png,Atelectasis,0.375096005017982,0.00361633
00023176_017.png,Infiltration,0.2625730811954424,0.00349808
00023176_017.png,Infiltration,0.04499914181668676,0.00333023
00023176_017.png,Cardiomegaly,0.0,0.00329781
00023176_017.png,Effusion,0.03540453035776365,0.0032196
00023176_017.png,Cardiomegaly,0.0,0.0031662
00023176_017.png,Effusion,0.018489110304801347,0.00301933
00023176_017.png,Infiltration,0.289745983673677,0.00292587
00023176_017.png,Cardiomegaly,0.11946785477323078,0.00290108
00023176_017.png,Infiltration,0.0,0.00283813
00023176_017.png,Cardiomegaly,0.07701279800507613,0.00282478
00023176_017.png,Infiltration,0.12530561431960185,0.00273895
00023176_017.png,Infiltration,0.05556318833149732,0.00273514
00023176_017.png,Infiltration,0.10933833112827021,0.00273514
00023176_017.png,Effusion,0.04157728582287821,0.00271606
00023176_017.png,Infiltration,0.09166693855662256,0.00271606
00023176_017.png,Cardiomegaly,0.0,0.00270271
00023176_017.png,Cardiomegaly,0.0,0.00269127
00023176_017.png,Infiltration,0.06193863969418588,0.00268936
00023176_017.png,Effusion,0.17967577354574563,0.00266075
00023176_017.png,Cardiomegaly,0.0,0.00260925
00023176_017.png,Atelectasis,0.2542177892021845,0.00255585
00023176_017.png,Infiltration,0.0937225816763874,0.0025177
00023176_017.png,Effusion,0.012279359480426926,0.00229645
00023176_017.png,Infiltration,0.07173723054634802,0.00229263
00023176_017.png,Effusion,0.12015088462140006,0.0022831
00023176_017.png,Infiltration,0.1209518536628046,0.00227928
00023176_017.png,Infiltration,0.05257652277307596,0.0022583
00023176_017.png,Atelectasis,0.387821719759304,0.00223732
00023176_017.png,Effusion,0.06542049234067636,0.0022316
00023176_017.png,Atelectasis,0.017532382458611842,0.00216103
00023176_017.png,Infiltration,0.1479030317520338,0.00213051
00023176_017.png,Infiltration,0.04022684697995891,0.0021286
00023176_017.png,Effusion,0.0,0.00204086
00023176_017.png,Cardiomegaly,0.3277916046659582,0.0020256
00023176_017.png,Cardiomegaly,0.10428734376371868,0.00201797
00023176_017.png,Effusion,0.07328886287833962,0.00194645
00023176_017.png,Cardiomegaly,0.10933833112827021,0.00193214
00023176_017.png,Mass,0.0,0.00192928
00023176_017.png,Mass,0.0,0.00190163
00023176_017.png,Infiltration,0.07118803899986911,0.00189877
00023176_017.png,Effusion,0.04873910023789639,0.00189495
00023176_017.png,Effusion,0.19761981550391983,0.00184441
00023176_017.png,Effusion,0.05309775251115643,0.00180626
00023176_017.png,Effusion,0.0,0.0018034
00023176_017.png,Atelectasis,0.31813547965761446,0.0018034
00023176_017.png,Infiltration,0.13928172815422132,0.0018034
00023176_017.png,Cardiomegaly,0.17544886170947524,0.00178432
00023176_017.png,Infiltration,0.08649016764202075,0.00178337
00023176_017.png,Cardiomegaly,0.0,0.00177479
00023176_017.png,Infiltration,0.0,0.00177383
00023176_017.png,Infiltration,0.1111403109522107,0.00176525
00023176_017.png,Atelectasis,0.05684898192927884,0.00176239
00023176_017.png,Cardiomegaly,0.10441631251960365,0.00175667
00023176_017.png,Cardiomegaly,0.20490935062421886,0.00167847
00023176_017.png,Infiltration,0.37805932090516653,0.00163555
00023176_017.png,Mass,0.0,0.00163078
00023176_017.png,Effusion,0.0,0.00162029
00023176_017.png,Mass,0.0,0.00158405
00023176_017.png,Effusion,0.23155581815717852,0.00157642
00023176_017.png,Effusion,0.0,0.00153828
00023176_017.png,Infiltration,0.09125415184360423,0.00150776
00023176_017.png,Cardiomegaly,0.15207471321888824,0.00149059
00023176_017.png,Infiltration,0.2312540938000362,0.00147915
00023176_017.png,Effusion,0.0,0.00147724
00023176_017.png,Infiltration,0.20567825474323828,0.00147152
00023176_017.png,Effusion,0.0,0.00146866
00023176_017.png,Cardiomegaly,0.12040872996196197,0.00145435
00023176_017.png,Infiltration,0.0,0.00143909
00023176_017.png,Infiltration,0.3607954850734715,0.00140953
00023176_017.png,Infiltration,0.07880191627173924,0.00137901
00023176_017.png,Infiltration,0.47439487614686,0.00133896
00023176_017.png,Cardiomegaly,0.0741774922402734,0.00130081
00023176_017.png,Cardiomegaly,0.11379137353296513,0.00127125
00023176_017.png,Cardiomegaly,0.0,0.00126362
00023176_017.png,Infiltration,0.10441631251960365,0.00125885
00023176_017.png,Infiltration,0.056149661673423355,0.00125217
00023176_017.png,Infiltration,0.0,0.00123692
00023176_017.png,Effusion,0.3186160042802487,0.00123692
00023176_017.png,Effusion,0.0,0.0012331
00023176_017.png,Infiltration,0.2728338313956953,0.00123119
00023176_017.png,Mass,0.0,0.00122643
00023176_017.png,Atelectasis,0.5395169999123045,0.00122166
00023176_017.png,Cardiomegaly,0.0,0.00120831
00023176_017.png,Effusion,0.0,0.00120258
00023176_017.png,Mass,0.0,0.0011816
00023176_017.png,Cardiomegaly,0.0,0.00117397
00023176_017.png,Cardiomegaly,0.029808937692984084,0.00117111
00023176_017.png,Effusion,0.0,0.0011549
00023176_017.png,Effusion,0.008063845752772445,0.00115395
00023176_017.png,Cardiomegaly,0.33404297076762207,0.00113392
00023176_017.png,Effusion,0.0,0.00113201
00023176_017.png,Effusion,0.0,0.00113201
00023176_017.png,Effusion,0.0,0.00110626
00023176_017.png,Cardiomegaly,0.1000813541872732,0.00110245
00023176_017.png,Effusion,0.05925801245148484,0.00108814
00023176_017.png,Effusion,0.0,0.00105286
00023176_017.png,Infiltration,0.07215909701469422,0.00104618
00023176_017.png,Effusion,0.020283204139328447,0.00103569
00023176_017.png,Effusion,0.05940308221923337,0.00103474
00023176_017.png,Mass,0.0,0.00103188
00023176_017.png,Cardiomegaly,0.0,0.00102615
00023176_017.png,Mass,0.12618952312526824,0.00101662
00023176_017.png,Cardiomegaly,0.03650431807119711,0.00100803
00004461_000.png,Atelectasis,0.6214800549324369,0.543945
00004461_000.png,Effusion,0.0,0.30127
00004461_000.png,Effusion,0.03183104973363523,0.124512
00004461_000.png,Effusion,0.05505697811120235,0.111755
00004461_000.png,Mass,0.0,0.0661011
00004461_000.png,Effusion,0.0,0.0618591
00004461_000.png,Effusion,0.0,0.0584717
00004461_000.png,Mass,0.0035986258843713767,0.0455017
00004461_000.png,Mass,0.0,0.0325317
00004461_000.png,Mass,0.12235558769641433,0.0283661
00004461_000.png,Mass,0.0,0.0252686
00004461_000.png,Mass,0.000363843705756426,0.0206299
00004461_000.png,Mass,0.00607801281289928,0.0188904
00004461_000.png,Cardiomegaly,0.0,0.0158234
00004461_000.png,Effusion,0.03847752052684437,0.0130539
00004461_000.png,Effusion,0.0,0.0113449
00004461_000.png,Mass,0.042254799925883664,0.010849
00004461_000.png,Mass,0.057576029274254044,0.0105972
00004461_000.png,Effusion,0.0,0.00964355
00004461_000.png,Mass,0.01293433271269021,0.00936127
00004461_000.png,Infiltration,0.013360363683344994,0.00931549
00004461_000.png,Mass,0.0,0.00852203
00004461_000.png,Effusion,0.0,0.008255
00004461_000.png,Effusion,0.057833307251996036,0.00819397
00004461_000.png,Mass,0.0,0.00775528
00004461_000.png,Effusion,0.03889251553222485,0.00774384
00004461_000.png,Effusion,0.0,0.00693893
00004461_000.png,Mass,0.029075166978070565,0.00679016
00004461_000.png,Mass,0.03200935764616039,0.00647736
00004461_000.png,Cardiomegaly,0.0,0.00646973
00004461_000.png,Cardiomegaly,0.10393099751356805,0.00611115
00004461_000.png,Infiltration,0.32284727850844885,0.00580978
00004461_000.png,Infiltration,0.048815067383196506,0.00542068
00004461_000.png,Infiltration,0.3907951578189639,0.00536346
00004461_000.png,Infiltration,0.04314234983965134,0.00510788
00004461_000.png,Mass,0.0,0.00510025
00004461_000.png,Effusion,0.027270075588396944,0.00509644
00004461_000.png,Effusion,0.0,0.00506973
00004461_000.png,Mass,0.05010160443496439,0.00503922
00004461_000.png,Infiltration,0.1049434691326423,0.00466537
00004461_000.png,Cardiomegaly,0.0,0.0044632
00004461_000.png,Effusion,0.13249239195960597,0.00422668
00004461_000.png,Effusion,0.04042650250506899,0.00418472
00004461_000.png,Cardiomegaly,0.0,0.00407028
00004461_000.png,Effusion,0.01317089325258482,0.00398636
00004461_000.png,Infiltration,0.5532677843918069,0.00384903
00004461_000.png,Mass,0.030383092347631736,0.00383186
00004461_000.png,Mass,0.05497087603770378,0.00356483
00004461_000.png,Mass,0.0,0.00340462
00004461_000.png,Effusion,0.07447370486842103,0.00331116
00004461_000.png,Cardiomegaly,0.0,0.0032692
00004461_000.png,Mass,0.1637297645129146,0.0032692
00004461_000.png,Mass,0.0,0.00323296
00004461_000.png,Mass,0.0,0.00313187
00004461_000.png,Cardiomegaly,0.0,0.00312233
00004461_000.png,Cardiomegaly,0.11757562828068827,0.00309372
00004461_000.png,Mass,0.031021791635153517,0.00309181
00004461_000.png,Effusion,0.0,0.00298691
00004461_000.png,Effusion,0.0,0.00297928
00004461_000.png,Effusion,0.00211376652183702,0.00297165
00004461_000.png,Mass,0.0,0.00292969
00004461_000.png,Cardiomegaly,0.0,0.00292587
00004461_000.png,Effusion,0.08422374907248001,0.00291252
00004461_000.png,Effusion,0.0,0.00282097
00004461_000.png,Mass,0.0,0.00279808
00004461_000.png,Effusion,0.0,0.00277901
00004461_000.png,Infiltration,0.008216507609774808,0.00276756
00004461_000.png,Infiltration,0.2083975744078875,0.00272942
00004461_000.png,Mass,0.0,0.00269318
00004461_000.png,Cardiomegaly,0.0,0.00268364
00004461_000.png,Atelectasis,0.647280303715172,0.00257111
00004461_000.png,Cardiomegaly,0.0,0.00256538
00004461_000.png,Infiltration,0.0,0.00255585
00004461_000.png,Infiltration,0.06178180066760329,0.00252914
00004461_000.png,Mass,0.0,0.0024662
00004461_000.png,Effusion,0.19524102454358613,0.00232315
00004461_000.png,Infiltration,0.0,0.00223541
00004461_000.png,Atelectasis,0.6058196493525989,0.00222206
00004461_000.png,Effusion,0.0,0.00220108
00004461_000.png,Mass,0.12163717744460173,0.00217247
00004461_000.png,Infiltration,0.05857820043690324,0.00214767
00004461_000.png,Infiltration,0.12163717744460173,0.00213242
00004461_000.png,Mass,0.0,0.00209999
00004461_000.png,Mass,0.0,0.00209618
00004461_000.png,Effusion,0.0,0.00207901
00004461_000.png,Mass,0.0,0.0020256
00004461_000.png,Effusion,0.004376763107891262,0.00201797
00004461_000.png,Atelectasis,0.5211729877420168,0.00199127
00004461_000.png,Infiltration,0.11280239426786759,0.0019722
00004461_000.png,Effusion,0.10139572773728839,0.00185776
00004461_000.png,Mass,0.016552116674684127,0.00183964
00004461_000.png,Mass,0.0,0.00178814
00004461_000.png,Cardiomegaly,0.0,0.00178242
00004461_000.png,Mass,0.0,0.0017271
00004461_000.png,Effusion,0.0554117318266176,0.00170898
00004461_000.png,Effusion,0.2888374002855349,0.00168133
00004461_000.png,Infiltration,0.0,0.00167942
00004461_000.png,Infiltration,0.022848694745774462,0.00166416
00004461_000.png,Effusion,0.11867595250600685,0.00165749
00004461_000.png,Infiltration,0.08471660934194362,0.00163555
00004461_000.png,Effusion,0.0344909238413602,0.00159836
00004461_000.png,Effusion,0.0718757724503948,0.00159836
00004461_000.png,Mass,0.0,0.00158691
00004461_000.png,Effusion,0.0,0.00156879
00004461_000.png,Infiltration,0.13249239195960597,0.00154591
00004461_000.png,Infiltration,0.03200935764616039,0.00150204
00004461_000.png,Mass,0.0,0.00147533
00004461_000.png,Mass,0.0,0.00144196
00004461_000.png,Effusion,0.04580524276267302,0.00143623
00004461_000.png,Mass,0.0,0.00142097
00004461_000.png,Effusion,0.01615102879513814,0.00141716
00004461_000.png,Effusion,0.0019282822126422715,0.00139046
00004461_000.png,Mass,0.04580524276267302,0.00137997
00004461_000.png,Mass,0.0,0.00136089
00004461_000.png,Mass,0.0,0.00135803
00004461_000.png,Infiltration,0.07209997392352922,0.0013237
00004461_000.png,Effusion,0.0,0.0013113
00004461_000.png,Mass,0.0,0.00128937
00004461_000.png,Infiltration,0.005933316867045427,0.00128269
00004461_000.png,Mass,0.019265090957808408,0.00127792
00004461_000.png,Effusion,0.0,0.00126648
00004461_000.png,Infiltration,0.653424541223969,0.00126648
00004461_000.png,Cardiomegaly,0.1600237556321839,0.00126362
00004461_000.png,Mass,0.0,0.00126266
00004461_000.png,Mass,0.0,0.0012598
00004461_000.png,Cardiomegaly,0.011196927400982206,0.00124931
00004461_000.png,Infiltration,0.07484064097714108,0.00123596
00004461_000.png,Cardiomegaly,0.14199320448641495,0.00121307
00004461_000.png,Mass,0.0,0.00121117
00004461_000.png,Infiltration,0.026177747228507842,0.00120926
00004461_000.png,Effusion,0.008216507609774808,0.00119495
00004461_000.png,Effusion,0.03287391842708932,0.00118637
00004461_000.png,Mass,0.0,0.00118542
00004461_000.png,Infiltration,0.03576660938533245,0.00117874
00004461_000.png,Cardiomegaly,0.025959857081115548,0.00117683
00004461_000.png,Effusion,0.0,0.00117207
00004461_000.png,Infiltration,0.10429706155036768,0.0011692
00004461_000.png,Infiltration,0.0,0.00116825
00004461_000.png,Mass,0.041665363261836105,0.00115776
00004461_000.png,Effusion,0.027089078663534803,0.00113297
00004461_000.png,Mass,0.0,0.00113297
00004461_000.png,Cardiomegaly,0.0,0.00107288
00004461_000.png,Infiltration,0.0,0.00107002
00004461_000.png,Effusion,0.006474159519373635,0.00105667
00004461_000.png,Mass,0.0,0.00104904
00004461_000.png,Effusion,0.0,0.00103951
00004461_000.png,Cardiomegaly,0.0,0.0010376
00004461_000.png,Effusion,0.6589734383218119,0.00102997
00004461_000.png,Infiltration,0.0008563482433920621,0.00102806
00004461_000.png,Effusion,0.3732539719916269,0.00102806
00004461_000.png,Infiltration,0.2111996484298785,0.00102615
00004461_000.png,Mass,0.024838451957624113,0.00102329
00004461_000.png,Mass,0.007075257505904549,0.00101948
00004461_000.png,Effusion,0.027051587732988436,0.00101376
00004461_000.png,Effusion,0.0,0.0010128
00004461_000.png,Cardiomegaly,0.025749219230850846,0.00100994
00004461_000.png,Mass,0.0,0.00100422
00004461_000.png,Infiltration,0.021689964660593794,0.00100136
00029579_005.png,Atelectasis,0.0,0.133911
00029579_005.png,Effusion,0.0,0.0513916
00029579_005.png,Cardiomegaly,0.04431893659727984,0.049408
00029579_005.png,Mass,0.0,0.0252228
00029579_005.png,Mass,0.0,0.0230865
00029579_005.png,Effusion,0.0,0.0217285
00029579_005.png,Cardiomegaly,0.017061695758396174,0.0204315
00029579_005.png,Cardiomegaly,0.015082779636448423,0.0200806
00029579_005.png,Cardiomegaly,0.013682473140519813,0.017395
00029579_005.png,Mass,0.06338799264391544,0.016861
00029579_005.png,Cardiomegaly,0.011233428257914528,0.0129852
00029579_005.png,Cardiomegaly,0.0,0.0100861
00029579_005.png,Mass,0.0,0.0100098
00029579_005.png,Effusion,0.0,0.00994873
00029579_005.png,Mass,0.0,0.00923157
00029579_005.png,Cardiomegaly,0.0,0.00906372
00029579_005.png,Infiltration,0.0,0.00857544
00029579_005.png,Cardiomegaly,0.021218386803183498,0.00846863
00029579_005.png,Cardiomegaly,0.026170015422980867,0.00778198
00029579_005.png,Atelectasis,0.0,0.00754547
00029579_005.png,Cardiomegaly,0.0,0.00735855
00029579_005.png,Cardiomegaly,0.04103814801715971,0.00694656
00029579_005.png,Effusion,0.0,0.00671005
00029579_005.png,Cardiomegaly,0.02560275204904938,0.0056839
00029579_005.png,Infiltration,0.0,0.00564194
00029579_005.png,Cardiomegaly,0.0,0.00530624
00029579_005.png,Cardiomegaly,0.06724872275039397,0.00526047
00029579_005.png,Cardiomegaly,0.039943938825086574,0.00515747
00029579_005.png,Cardiomegaly,0.0,0.00503922
00029579_005.png,Cardiomegaly,0.06338007734012259,0.00501633
00029579_005.png,Cardiomegaly,0.0,0.00480652
00029579_005.png,Effusion,0.0,0.00476456
00029579_005.png,Effusion,0.0,0.00416946
00029579_005.png,Cardiomegaly,0.04183236870875571,0.00408173
00029579_005.png,Mass,0.14017474526893006,0.00391769
00029579_005.png,Infiltration,0.0,0.00389481
00029579_005.png,Infiltration,0.0,0.00380325
00029579_005.png,Effusion,0.6108817403018764,0.00375938
00029579_005.png,Mass,0.0,0.00351143
00029579_005.png,Effusion,0.0,0.00346184
00029579_005.png,Infiltration,0.0,0.00336838
00029579_005.png,Mass,0.0,0.0033474
00029579_005.png,Cardiomegaly,0.016713568515917165,0.00333023
00029579_005.png,Cardiomegaly,0.0,0.00324059
00029579_005.png,Mass,0.0,0.00296783
00029579_005.png,Cardiomegaly,0.0,0.00277138
00029579_005.png,Effusion,0.0,0.00275612
00029579_005.png,Mass,0.0,0.00275612
00029579_005.png,Effusion,0.0,0.00258827
00029579_005.png,Effusion,0.0,0.00253868
00029579_005.png,Effusion,0.0,0.00248146
00029579_005.png,Cardiomegaly,0.011834732635649972,0.00241852
00029579_005.png,Infiltration,0.0,0.00236893
00029579_005.png,Cardiomegaly,0.01259078027893936,0.00234795
00029579_005.png,Effusion,0.0,0.00232506
00029579_005.png,Cardiomegaly,0.0,0.00230408
00029579_005.png,Cardiomegaly,0.014092231740377324,0.00229836
00029579_005.png,Infiltration,0.037191615243573166,0.00224113
00029579_005.png,Infiltration,0.0,0.00219345
00029579_005.png,Effusion,0.0,0.00218964
00029579_005.png,Cardiomegaly,0.0,0.00216866
00029579_005.png,Cardiomegaly,0.048251875796849523,0.00214767
00029579_005.png,Cardiomegaly,0.0,0.00205231
00029579_005.png,Cardiomegaly,0.032113432803954234,0.00204277
00029579_005.png,Effusion,0.0,0.00199127
00029579_005.png,Effusion,0.0,0.00190258
00029579_005.png,Cardiomegaly,0.01237358284846107,0.00183105
00029579_005.png,Cardiomegaly,0.0,0.00165749
00029579_005.png,Cardiomegaly,0.008353615647448114,0.00163364
00029579_005.png,Infiltration,0.0,0.00160789
00029579_005.png,Effusion,0.0,0.00159359
00029579_005.png,Effusion,0.0,0.0015831
00029579_005.png,Cardiomegaly,0.02374310860419661,0.00157166
00029579_005.png,Infiltration,0.0,0.00156784
00029579_005.png,Infiltration,0.0,0.00156307
00029579_005.png,Cardiomegaly,0.0,0.00148773
00029579_005.png,Mass,0.0,0.00147724
00029579_005.png,Effusion,0.0,0.00147343
00029579_005.png,Mass,0.0,0.00145054
00029579_005.png,Infiltration,0.0,0.00142574
00029579_005.png,Cardiomegaly,0.0,0.00138092
00029579_005.png,Effusion,0.0,0.00137329
00029579_005.png,Cardiomegaly,0.027211207953908797,0.00136375
00029579_005.png,Cardiomegaly,0.0,0.00135422
00029579_005.png,Cardiomegaly,0.0,0.00135326
00029579_005.png,Cardiomegaly,0.0,0.0013361
00029579_005.png,Atelectasis,0.0,0.00133228
00029579_005.png,Effusion,0.0,0.00131226
00029579_005.png,Mass,0.049172520896839454,0.00129509
00029579_005.png,Effusion,0.0,0.00127316
00029579_005.png,Effusion,0.0,0.00119972
00029579_005.png,Infiltration,0.0,0.00119781
00029579_005.png,Effusion,0.0,0.00115395
00029579_005.png,Effusion,0.0,0.00115395
00029579_005.png,Infiltration,0.0,0.00110817
00029579_005.png,Cardiomegaly,0.0,0.00108433
00029579_005.png,Infiltration,0.0,0.00108242
00029579_005.png,Cardiomegaly,0.0,0.00106049
00029579_005.png,Cardiomegaly,0.043592836558730155,0.0010519
00029579_005.png,Cardiomegaly,0.0,0.00103569
00029579_005.png,Cardiomegaly,0.0,0.00101566
00000732_005.png,Cardiomegaly,0.024702851850869977,0.0968018
00000732_005.png,Atelectasis,0.7700652386353081,0.0611877
00000732_005.png,Cardiomegaly,0.0,0.0526733
00000732_005.png,Infiltration,0.43925857621368647,0.0225983
00000732_005.png,Cardiomegaly,0.0,0.0224457
00000732_005.png,Infiltration,0.02796201192865402,0.0205688
00000732_005.png,Cardiomegaly,0.005742286975548134,0.0202789
00000732_005.png,Effusion,0.0,0.0150833
00000732_005.png,Effusion,0.008405695211953251,0.0124969
00000732_005.png,Atelectasis,0.46004707410175855,0.0118561
00000732_005.png,Cardiomegaly,0.0,0.0113907
00000732_005.png,Cardiomegaly,0.0,0.0108109
00000732_005.png,Effusion,0.014835751749376107,0.0106049
00000732_005.png,Effusion,0.037920461429793925,0.0106049
00000732_005.png,Cardiomegaly,0.0,0.00939941
00000732_005.png,Cardiomegaly,0.0,0.00936127
00000732_005.png,Infiltration,0.12625855264061348,0.0092926
00000732_005.png,Mass,0.0,0.00754547
00000732_005.png,Cardiomegaly,0.0,0.00745392
00000732_005.png,Effusion,0.0,0.00708389
00000732_005.png,Effusion,0.024125077949307065,0.00619888
00000732_005.png,Cardiomegaly,0.23757142908172652,0.00601959
00000732_005.png,Effusion,0.0,0.00592041
00000732_005.png,Infiltration,0.02591037669899007,0.00560379
00000732_005.png,Effusion,0.0350985096612224,0.0055809
00000732_005.png,Mass,0.0,0.00547028
00000732_005.png,Atelectasis,0.7177572926563021,0.0054245
00000732_005.png,Infiltration,0.08308070188418323,0.00498962
00000732_005.png,Infiltration,0.0,0.00471115
00000732_005.png,Infiltration,0.17174259701217667,0.0045929
00000732_005.png,Cardiomegaly,0.22961401141063925,0.0042038
00000732_005.png,Effusion,0.0,0.00413132
00000732_005.png,Effusion,0.0,0.00410843
00000732_005.png,Infiltration,0.02357325779797036,0.00407028
00000732_005.png,Mass,0.0,0.00395584
00000732_005.png,Infiltration,0.0,0.00388908
00000732_005.png,Effusion,0.018505120486068914,0.0036602
00000732_005.png,Cardiomegaly,0.0,0.00363159
00000732_005.png,Cardiomegaly,0.2575593823641688,0.00359726
00000732_005.png,Mass,0.0,0.0032959
00000732_005.png,Infiltration,0.49023264236749886,0.00324249
00000732_005.png,Infiltration,0.0,0.0030899
00000732_005.png,Effusion,0.039744674483546856,0.00292206
00000732_005.png,Infiltration,0.0,0.00276947
00000732_005.png,Cardiomegaly,0.0,0.00265503
00000732_005.png,Effusion,0.04471439991601329,0.00257111
00000732_005.png,Effusion,0.0,0.0025692
00000732_005.png,Infiltration,0.5003017374886167,0.00248528
00000732_005.png,Mass,0.0,0.00247955
00000732_005.png,Effusion,0.0,0.00247765
00000732_005.png,Effusion,0.0,0.00244331
00000732_005.png,Cardiomegaly,0.0,0.002285
00000732_005.png,Mass,0.0,0.0022583
00000732_005.png,Infiltration,0.002654060222653999,0.0021801
00000732_005.png,Infiltration,0.14709350798512194,0.00185871
00000732_005.png,Infiltration,0.006849467382522892,0.0018549
00000732_005.png,Infiltration,0.015859172545832113,0.0017786
00000732_005.png,Cardiomegaly,0.022365660797121715,0.0017643
00000732_005.png,Effusion,0.0,0.00175381
00000732_005.png,Cardiomegaly,0.2824825949616667,0.00171375
00000732_005.png,Effusion,0.0,0.00164795
00000732_005.png,Effusion,0.0,0.00164318
00000732_005.png,Infiltration,0.7218509205295285,0.00163555
00000732_005.png,Effusion,0.0045595131505018465,0.0016222
00000732_005.png,Infiltration,0.0,0.00161171
00000732_005.png,Effusion,0.0,0.00154114
00000732_005.png,Effusion,0.0,0.00154114
00000732_005.png,Cardiomegaly,0.3276995110507863,0.00153923
00000732_005.png,Mass,0.0,0.00153446
00000732_005.png,Infiltration,0.027028755581247548,0.00153065
00000732_005.png,Infiltration,0.0,0.00148773
00000732_005.png,Cardiomegaly,0.0,0.00148201
00000732_005.png,Cardiomegaly,0.0,0.00143719
00000732_005.png,Effusion,0.0,0.00143147
00000732_005.png,Atelectasis,0.6183176422396643,0.00139713
00000732_005.png,Infiltration,0.24953768085874567,0.00139523
00000732_005.png,Cardiomegaly,0.0,0.00136471
00000732_005.png,Effusion,0.0,0.00135517
00000732_005.png,Effusion,0.0009862934648864111,0.0013504
00000732_005.png,Effusion,0.0,0.00134659
00000732_005.png,Cardiomegaly,0.0,0.00130463
00000732_005.png,Infiltration,0.0,0.00127792
00000732_005.png,Effusion,3.577392214083774e-05,0.00127602
00000732_005.png,Infiltration,0.6052488940953261,0.00124741
00000732_005.png,Cardiomegaly,0.19093187689440438,0.00120068
00000732_005.png,Infiltration,0.14525468475152564,0.00118828
00000732_005.png,Effusion,0.0,0.00118256
00000732_005.png,Infiltration,0.0,0.00117874
00000732_005.png,Effusion,0.009543503084591636,0.00111485
00000732_005.png,Mass,0.09679020484566934,0.00110054
00000732_005.png,Mass,0.0,0.00109386
00000732_005.png,Infiltration,0.0,0.00107956
00000732_005.png,Effusion,0.0,0.00107765
00000732_005.png,Effusion,0.0,0.00106525
00000732_005.png,Cardiomegaly,0.0,0.00103855
00000732_005.png,Mass,0.0,0.00103474
00000732_005.png,Infiltration,0.0,0.00103283
00000732_005.png,Infiltration,0.0,0.00101662
00012094_040.png,Cardiomegaly,0.0,0.0241699
00012094_040.png,Cardiomegaly,0.0,0.0207062
00012094_040.png,Effusion,0.0,0.0177917
00012094_040.png,Effusion,0.0,0.0169067
00012094_040.png,Effusion,0.0,0.0148849
00012094_040.png,Infiltration,0.0,0.0108261
00012094_040.png,Infiltration,0.0,0.0105209
00012094_040.png,Effusion,0.0,0.0100327
00012094_040.png,Infiltration,0.0,0.00996399
00012094_040.png,Infiltration,0.0,0.00855255
00012094_040.png,Mass,0.10789309992093445,0.00823212
00012094_040.png,Effusion,0.0,0.00708389
00012094_040.png,Cardiomegaly,0.0,0.00634766
00012094_040.png,Mass,0.0,0.0063324
00012094_040.png,Mass,0.0,0.00597763
00012094_040.png,Infiltration,0.0,0.00587845
00012094_040.png,Cardiomegaly,0.09958434578839354,0.00570297
00012094_040.png,Infiltration,0.0,0.00564957
00012094_040.png,Infiltration,0.0,0.00550461
00012094_040.png,Cardiomegaly,0.0,0.00536346
00012094_040.png,Mass,0.30539961857188525,0.00518417
00012094_040.png,Cardiomegaly,0.0,0.00499725
00012094_040.png,Effusion,0.0,0.00463867
00012094_040.png,Atelectasis,0.0,0.00452805
00012094_040.png,Effusion,0.0,0.00429535
00012094_040.png,Cardiomegaly,0.0,0.00429153
00012094_040.png,Mass,0.2582219907442666,0.00402832
00012094_040.png,Mass,0.0,0.00389671
00012094_040.png,Effusion,0.0,0.00361824
00012094_040.png,Effusion,0.0,0.00338173
00012094_040.png,Infiltration,0.0,0.00337791
00012094_040.png,Cardiomegaly,0.0,0.00335884
00012094_040.png,Infiltration,0.0,0.00328255
00012094_040.png,Cardiomegaly,0.01449888648933352,0.00314903
00012094_040.png,Cardiomegaly,0.0,0.00314331
00012094_040.png,Cardiomegaly,0.22252707849851258,0.00313568
00012094_040.png,Cardiomegaly,0.0,0.00311089
00012094_040.png,Cardiomegaly,0.0,0.00303268
00012094_040.png,Effusion,0.0,0.00296593
00012094_040.png,Effusion,0.0,0.00295639
00012094_040.png,Mass,0.007672783823139385,0.00292397
00012094_040.png,Cardiomegaly,0.0,0.00286865
00012094_040.png,Effusion,0.0,0.00265312
00012094_040.png,Infiltration,0.0,0.00260925
00012094_040.png,Cardiomegaly,0.0,0.00252914
00012094_040.png,Mass,0.1684952981425684,0.00251198
00012094_040.png,Cardiomegaly,0.0,0.00250435
00012094_040.png,Effusion,0.0,0.002491
00012094_040.png,Effusion,0.0,0.00248528
00012094_040.png,Cardiomegaly,0.0,0.00247383
00012094_040.png,Cardiomegaly,0.0,0.00245857
00012094_040.png,Cardiomegaly,0.0,0.00242805
00012094_040.png,Effusion,0.0,0.0024128
00012094_040.png,Effusion,0.0,0.00230408
00012094_040.png,Mass,0.0,0.00224876
00012094_040.png,Effusion,0.07572464200531778,0.00218964
00012094_040.png,Cardiomegaly,0.0,0.00217819
00012094_040.png,Infiltration,0.0,0.0021553
00012094_040.png,Effusion,0.0,0.00204849
00012094_040.png,Mass,0.0,0.00203514
00012094_040.png,Effusion,0.0,0.00203514
00012094_040.png,Effusion,0.0,0.00203323
00012094_040.png,Infiltration,0.0,0.00201035
00012094_040.png,Effusion,0.0,0.00197029
00012094_040.png,Effusion,0.0,0.00197029
00012094_040.png,Mass,0.09002193632745964,0.00195026
00012094_040.png,Infiltration,0.0,0.00192928
00012094_040.png,Cardiomegaly,0.0,0.00190067
00012094_040.png,Cardiomegaly,0.0,0.00186825
00012094_040.png,Infiltration,0.0,0.00185299
00012094_040.png,Effusion,0.0,0.00183296
00012094_040.png,Infiltration,0.0,0.00183105
00012094_040.png,Infiltration,0.0,0.00182533
00012094_040.png,Effusion,0.0,0.00178909
00012094_040.png,Mass,0.01448918775904046,0.00176716
00012094_040.png,Cardiomegaly,0.0,0.00173473
00012094_040.png,Cardiomegaly,0.0,0.00172901
00012094_040.png,Effusion,0.0,0.0016489
00012094_040.png,Effusion,0.0,0.00163937
00012094_040.png,Infiltration,0.0,0.00161171
00012094_040.png,Cardiomegaly,0.05008744986039128,0.00156975
00012094_040.png,Effusion,0.0,0.0014925
00012094_040.png,Effusion,0.0,0.00147533
00012094_040.png,Infiltration,0.0,0.00147057
00012094_040.png,Infiltration,0.0,0.00143147
00012094_040.png,Effusion,0.0,0.00142765
00012094_040.png,Effusion,0.0,0.00138569
00012094_040.png,Infiltration,0.0,0.00137043
00012094_040.png,Mass,0.0,0.00135994
00012094_040.png,Cardiomegaly,0.0,0.00135994
00012094_040.png,Mass,0.008019375429937638,0.00134468
00012094_040.png,Effusion,0.0,0.00129318
00012094_040.png,Effusion,0.0,0.00128555
00012094_040.png,Infiltration,0.0,0.00127411
00012094_040.png,Effusion,0.0,0.00127029
00012094_040.png,Effusion,0.0,0.00126743
00012094_040.png,Mass,0.0,0.00125504
00012094_040.png,Mass,0.3617603590003187,0.00124168
00012094_040.png,Cardiomegaly,0.0,0.00120735
00012094_040.png,Effusion,0.0,0.00120068
00012094_040.png,Infiltration,0.0,0.00119495
00012094_040.png,Infiltration,0.0,0.00118732
00012094_040.png,Cardiomegaly,0.0,0.0011692
00012094_040.png,Effusion,0.0,0.00116539
00012094_040.png,Infiltration,0.0,0.00114727
00012094_040.png,Cardiomegaly,0.0,0.00114536
00012094_040.png,Mass,0.17588522014121552,0.00113583
00012094_040.png,Effusion,0.0,0.00112247
00012094_040.png,Infiltration,0.0,0.00111675
00012094_040.png,Mass,0.21055003798535313,0.00110435
00012094_040.png,Cardiomegaly,0.0,0.00110054
00012094_040.png,Cardiomegaly,0.0,0.0010891
00012094_040.png,Cardiomegaly,0.0,0.00108814
00012094_040.png,Infiltration,0.0,0.00108528
00012094_040.png,Infiltration,0.0,0.00108433
00012094_040.png,Mass,0.0,0.00107861
00012094_040.png,Effusion,0.002741779117296087,0.0010767
00012094_040.png,Infiltration,0.0,0.00107288
00012094_040.png,Mass,0.0,0.00106144
00012094_040.png,Effusion,0.0,0.00105858
00012094_040.png,Cardiomegaly,0.0,0.00102901
00012094_040.png,Cardiomegaly,0.05029242769432882,0.00102139
00000050_003.png,Mass,0.0,0.201172
00000050_003.png,Effusion,0.0,0.15918
00000050_003.png,Effusion,0.0,0.121887
00000050_003.png,Infiltration,0.0,0.098877
00000050_003.png,Atelectasis,0.0,0.0714111
00000050_003.png,Effusion,0.0,0.0412903
00000050_003.png,Mass,0.0,0.0400391
00000050_003.png,Mass,0.0,0.0298615
00000050_003.png,Effusion,0.0,0.0224152
00000050_003.png,Mass,0.0,0.0199738
00000050_003.png,Infiltration,0.0,0.0196991
00000050_003.png,Infiltration,0.0,0.0115433
00000050_003.png,Mass,0.0,0.00971222
00000050_003.png,Effusion,0.0,0.00878906
00000050_003.png,Effusion,0.0,0.00786591
00000050_003.png,Infiltration,0.0,0.00708008
00000050_003.png,Effusion,0.0,0.00597382
00000050_003.png,Effusion,0.0,0.00592804
00000050_003.png,Effusion,0.0,0.00583267
00000050_003.png,Mass,0.0,0.00547409
00000050_003.png,Infiltration,0.0,0.00526428
00000050_003.png,Cardiomegaly,0.0,0.00519943
00000050_003.png,Mass,0.0,0.00513458
00000050_003.png,Infiltration,0.0,0.00500107
00000050_003.png,Effusion,0.0,0.00490189
00000050_003.png,Mass,0.0,0.00466919
00000050_003.png,Cardiomegaly,0.0,0.00462341
00000050_003.png,Effusion,0.0,0.00443268
00000050_003.png,Mass,0.0,0.00442886
00000050_003.png,Effusion,0.0,0.00435638
00000050_003.png,Mass,0.0,0.00434875
00000050_003.png,Cardiomegaly,0.0,0.0041275
00000050_003.png,Effusion,0.0,0.00409698
00000050_003.png,Effusion,0.0,0.00409698
00000050_003.png,Mass,0.0,0.00408173
00000050_003.png,Effusion,0.0,0.00405884
00000050_003.png,Effusion,0.0,0.00403595
00000050_003.png,Effusion,0.0,0.00367165
00000050_003.png,Effusion,0.0,0.00364876
00000050_003.png,Infiltration,0.0,0.00360107
00000050_003.png,Mass,0.0,0.00350571
00000050_003.png,Cardiomegaly,0.0,0.0033989
00000050_003.png,Effusion,0.0,0.00336266
00000050_003.png,Effusion,0.0,0.00335884
00000050_003.png,Cardiomegaly,0.0,0.00333595
00000050_003.png,Mass,0.0,0.0032711
00000050_003.png,Mass,0.0,0.00315857
00000050_003.png,Infiltration,0.0,0.00315666
00000050_003.png,Mass,0.0,0.00315666
00000050_003.png,Infiltration,0.0,0.0031395
00000050_003.png,Effusion,0.0,0.00297356
00000050_003.png,Effusion,0.0,0.00283623
00000050_003.png,Effusion,0.0,0.00276566
00000050_003.png,Mass,0.0,0.00276566
00000050_003.png,Infiltration,0.0,0.00274849
00000050_003.png,Cardiomegaly,0.0,0.00271034
00000050_003.png,Cardiomegaly,0.0,0.00248146
00000050_003.png,Effusion,0.0,0.00247383
00000050_003.png,Effusion,0.0,0.00245857
00000050_003.png,Mass,0.0,0.00237465
00000050_003.png,Effusion,0.0,0.00222206
00000050_003.png,Mass,0.0,0.00220871
00000050_003.png,Effusion,0.0,0.00200081
00000050_003.png,Mass,0.0,0.00196266
00000050_003.png,Effusion,0.0,0.00195885
00000050_003.png,Effusion,0.0,0.00190353
00000050_003.png,Effusion,0.0,0.00183678
00000050_003.png,Mass,0.0,0.00182724
00000050_003.png,Infiltration,0.0,0.00181103
00000050_003.png,Effusion,0.0,0.00178814
00000050_003.png,Infiltration,0.0,0.00173378
00000050_003.png,Cardiomegaly,0.0,0.00170326
00000050_003.png,Cardiomegaly,0.0,0.00168514
00000050_003.png,Mass,0.0,0.00168133
00000050_003.png,Effusion,0.0,0.00165939
00000050_003.png,Mass,0.0,0.00163746
00000050_003.png,Mass,0.0,0.00162506
00000050_003.png,Atelectasis,0.0,0.00160885
00000050_003.png,Mass,0.0,0.00160503
00000050_003.png,Cardiomegaly,0.0,0.00159264
00000050_003.png,Mass,0.0,0.00157261
00000050_003.png,Mass,0.0,0.00156784
00000050_003.png,Effusion,0.0,0.00147247
00000050_003.png,Effusion,0.0,0.00146103
00000050_003.png,Effusion,0.0,0.00146008
00000050_003.png,Effusion,0.0,0.00144291
00000050_003.png,Mass,0.0,0.00142193
00000050_003.png,Infiltration,0.0,0.00141621
00000050_003.png,Effusion,0.0,0.00139332
00000050_003.png,Infiltration,0.0,0.0013895
00000050_003.png,Effusion,0.0,0.00138664
00000050_003.png,Atelectasis,0.0,0.0013752
00000050_003.png,Infiltration,0.0,0.00136471
00000050_003.png,Mass,0.0,0.0013504
00000050_003.png,Cardiomegaly,0.0,0.0013504
00000050_003.png,Effusion,0.0,0.00134182
00000050_003.png,Effusion,0.0,0.00131512
00000050_003.png,Infiltration,0.0,0.00128746
00000050_003.png,Effusion,0.0,0.00127411
00000050_003.png,Mass,0.0,0.00126934
00000050_003.png,Infiltration,0.0,0.00126553
00000050_003.png,Effusion,0.0,0.0012455
00000050_003.png,Cardiomegaly,0.0,0.00123405
00000050_003.png,Effusion,0.0,0.00122261
00000050_003.png,Infiltration,0.0,0.00121212
00000050_003.png,Effusion,0.0,0.00121021
00000050_003.png,Effusion,0.0,0.00119495
00000050_003.png,Mass,0.0,0.00117302
00000050_003.png,Effusion,0.0,0.00113964
00000050_003.png,Effusion,0.0,0.00113773
00000050_003.png,Effusion,0.0,0.00113583
00000050_003.png,Cardiomegaly,0.0,0.00112915
00000050_003.png,Effusion,0.0,0.00112343
00000050_003.png,Infiltration,0.0,0.00112343
00000050_003.png,Mass,0.0,0.00111389
00000050_003.png,Cardiomegaly,0.0,0.00111103
00000050_003.png,Atelectasis,0.0,0.00110912
00000050_003.png,Mass,0.0,0.00110245
00000050_003.png,Effusion,0.0,0.00109959
00000050_003.png,Effusion,0.0,0.00109577
00000050_003.png,Effusion,0.0,0.00107193
00000050_003.png,Infiltration,0.0,0.00104618
00000050_003.png,Effusion,0.0,0.00104332
00000050_003.png,Infiltration,0.0,0.00104332
00000050_003.png,Mass,0.0,0.00103569
00000050_003.png,Effusion,0.0,0.00102997
00000050_003.png,Mass,0.0,0.00102329
00000050_003.png,Effusion,0.0,0.00102234
00000050_003.png,Effusion,0.0,0.00101757
00000050_003.png,Infiltration,0.0,0.00101757
00000050_003.png,Mass,0.0,0.00100231
00018366_029.png,Cardiomegaly,0.0,0.0508423
00018366_029.png,Effusion,0.03823134793376243,0.0386047
00018366_029.png,Effusion,0.0,0.0361633
00018366_029.png,Mass,0.5221670120355555,0.0294037
00018366_029.png,Cardiomegaly,0.0,0.0209808
00018366_029.png,Cardiomegaly,0.0,0.0187073
00018366_029.png,Infiltration,0.0,0.0183105
00018366_029.png,Infiltration,0.0,0.0172424
00018366_029.png,Infiltration,0.3838552766750115,0.0170288
00018366_029.png,Cardiomegaly,0.11688362995189384,0.0170288
00018366_029.png,Infiltration,0.0,0.0149231
00018366_029.png,Cardiomegaly,0.0,0.0140991
00018366_029.png,Infiltration,0.0,0.0137634
00018366_029.png,Cardiomegaly,0.23007585878099546,0.0137253
00018366_029.png,Infiltration,0.0,0.011879
00018366_029.png,Effusion,0.28602173989292906,0.0117111
00018366_029.png,Effusion,0.12327583709155937,0.011261
00018366_029.png,Cardiomegaly,0.17010503610440544,0.0102234
00018366_029.png,Cardiomegaly,0.1493056104957732,0.00979614
00018366_029.png,Effusion,0.0,0.00975037
00018366_029.png,Effusion,0.417031370231679,0.00845337
00018366_029.png,Atelectasis,0.11610941523439283,0.00837708
00018366_029.png,Cardiomegaly,0.16752141839646992,0.00805664
00018366_029.png,Mass,0.5433026815676808,0.00798035
00018366_029.png,Cardiomegaly,0.0,0.00688553
00018366_029.png,Cardiomegaly,0.13793495543928316,0.00671005
00018366_029.png,Cardiomegaly,0.0,0.00614929
00018366_029.png,Infiltration,0.42337639798945154,0.0061264
00018366_029.png,Cardiomegaly,0.0,0.00564194
00018366_029.png,Cardiomegaly,0.1516561284588658,0.00562668
00018366_029.png,Atelectasis,0.14174744782892504,0.00523758
00018366_029.png,Cardiomegaly,0.13621256303319432,0.00523376
00018366_029.png,Cardiomegaly,0.26994747597129437,0.00521851
00018366_029.png,Infiltration,0.0,0.00507736
00018366_029.png,Infiltration,0.0,0.00500488
00018366_029.png,Infiltration,0.0,0.00475311
00018366_029.png,Cardiomegaly,0.1607713728840964,0.00449753
00018366_029.png,Cardiomegaly,0.18387539439093492,0.00439453
00018366_029.png,Infiltration,0.0,0.00433731
00018366_029.png,Cardiomegaly,0.12907513386506045,0.00402069
00018366_029.png,Effusion,0.043054823239218984,0.0037632
00018366_029.png,Infiltration,0.3935950180206357,0.0037117
00018366_029.png,Mass,0.0,0.0036068
00018366_029.png,Cardiomegaly,0.23664866200004586,0.00349045
00018366_029.png,Mass,0.35311364555707186,0.00348282
00018366_029.png,Cardiomegaly,0.2317712585528145,0.00348282
00018366_029.png,Infiltration,0.26277709267150967,0.00345993
00018366_029.png,Cardiomegaly,0.0,0.00334358
00018366_029.png,Infiltration,0.0,0.00322151
00018366_029.png,Effusion,0.0,0.0032196
00018366_029.png,Mass,0.0,0.00298119
00018366_029.png,Infiltration,0.1960358808951793,0.00290108
00018366_029.png,Infiltration,0.21722192128851026,0.00286293
00018366_029.png,Effusion,0.0,0.00279808
00018366_029.png,Cardiomegaly,0.136737649266046,0.00279617
00018366_029.png,Cardiomegaly,0.0,0.00277328
00018366_029.png,Infiltration,0.14193202507313496,0.00273514
00018366_029.png,Cardiomegaly,0.42235106467309674,0.00250435
00018366_029.png,Atelectasis,0.01368132569486422,0.00246239
00018366_029.png,Cardiomegaly,0.32399217258806734,0.00244331
00018366_029.png,Effusion,0.20461293586247134,0.00242424
00018366_029.png,Mass,0.0775055815038997,0.00223923
00018366_029.png,Infiltration,0.35841400371560483,0.00221443
00018366_029.png,Mass,0.0,0.00220299
00018366_029.png,Cardiomegaly,0.0,0.0021534
00018366_029.png,Infiltration,0.0,0.00213814
00018366_029.png,Effusion,0.05973312040662627,0.00213623
00018366_029.png,Infiltration,0.0,0.00209427
00018366_029.png,Effusion,0.0,0.00206566
00018366_029.png,Effusion,0.14174744782892504,0.00201988
00018366_029.png,Infiltration,0.0,0.0019989
00018366_029.png,Infiltration,0.03971294580362224,0.00196838
00018366_029.png,Effusion,0.0,0.00194454
00018366_029.png,Cardiomegaly,0.6179317847217225,0.00194454
00018366_029.png,Mass,0.2588700140740877,0.00191498
00018366_029.png,Cardiomegaly,0.0,0.00179482
00018366_029.png,Effusion,0.0,0.00176811
00018366_029.png,Cardiomegaly,0.0,0.00176048
00018366_029.png,Cardiomegaly,0.2256099466516433,0.0017128
00018366_029.png,Cardiomegaly,0.0,0.00171089
00018366_029.png,Mass,0.07678252482688307,0.00168037
00018366_029.png,Mass,0.0,0.00165558
00018366_029.png,Effusion,0.0,0.00165272
00018366_029.png,Effusion,0.0,0.00158691
00018366_029.png,Infiltration,0.0,0.00156498
00018366_029.png,Infiltration,0.012757783062009032,0.00154018
00018366_029.png,Cardiomegaly,0.16437876721385575,0.00152111
00018366_029.png,Mass,0.0,0.00148201
00018366_029.png,Mass,0.0,0.00144482
00018366_029.png,Mass,0.0,0.00143337
00018366_029.png,Mass,0.2347108335558645,0.00136185
00018366_029.png,Cardiomegaly,0.0,0.00135326
00018366_029.png,Effusion,0.1485303890418929,0.00133514
00018366_029.png,Effusion,0.3393314746697487,0.00132942
00018366_029.png,Mass,0.0,0.00131702
00018366_029.png,Effusion,0.0,0.001297
00018366_029.png,Mass,0.0,0.00128746
00018366_029.png,Cardiomegaly,0.0,0.00127983
00018366_029.png,Cardiomegaly,0.10646360601747892,0.00123882
00018366_029.png,Effusion,0.0,0.00123215
00018366_029.png,Effusion,0.0,0.00123119
00018366_029.png,Effusion,0.0,0.00122166
00018366_029.png,Effusion,0.13261487534091662,0.00118923
00018366_029.png,Atelectasis,0.0,0.00115108
00018366_029.png,Infiltration,0.13403288738981262,0.00113964
00018366_029.png,Cardiomegaly,0.2588700140740877,0.00110722
00018366_029.png,Effusion,0.0,0.00109291
00018366_029.png,Effusion,0.013300035329431444,0.00108719
00018366_029.png,Infiltration,0.0,0.00107002
00018366_029.png,Cardiomegaly,0.0,0.00105572
00018366_029.png,Infiltration,0.0,0.0010519
00018366_029.png,Infiltration,0.2256099466516433,0.00105
00018366_029.png,Effusion,0.07702445343680886,0.00104618
00018366_029.png,Effusion,0.0,0.00104523
00018366_029.png,Cardiomegaly,0.0,0.00101948
00018366_029.png,Cardiomegaly,0.0,0.00100327
00000054_005.png,Atelectasis,0.0,0.0643921
00000054_005.png,Effusion,0.0,0.0492249
00000054_005.png,Infiltration,0.0,0.0395203
00000054_005.png,Effusion,0.0,0.033905
00000054_005.png,Infiltration,0.0,0.026474
00000054_005.png,Cardiomegaly,0.0,0.0164337
00000054_005.png,Infiltration,0.0,0.0116577
00000054_005.png,Mass,0.0,0.0108871
00000054_005.png,Cardiomegaly,0.0,0.0108719
00000054_005.png,Mass,0.0,0.0106201
00000054_005.png,Infiltration,0.0,0.0106049
00000054_005.png,Effusion,0.0,0.010025
00000054_005.png,Infiltration,0.0,0.00849152
00000054_005.png,Infiltration,0.0,0.00822449
00000054_005.png,Cardiomegaly,0.0,0.00792694
00000054_005.png,Infiltration,0.0,0.00708008
00000054_005.png,Effusion,0.0,0.00701141
00000054_005.png,Cardiomegaly,0.0,0.00668716
00000054_005.png,Effusion,0.0,0.0065918
00000054_005.png,Effusion,0.0,0.00658035
00000054_005.png,Infiltration,0.0,0.00603104
00000054_005.png,Infiltration,0.0,0.0059433
00000054_005.png,Infiltration,0.0,0.00585556
00000054_005.png,Infiltration,0.0,0.00563049
00000054_005.png,Cardiomegaly,0.0,0.00525665
00000054_005.png,Infiltration,0.0,0.00523758
00000054_005.png,Infiltration,0.0,0.00498199
00000054_005.png,Cardiomegaly,0.0,0.00489426
00000054_005.png,Infiltration,0.0,0.00462723
00000054_005.png,Infiltration,0.0,0.00444794
00000054_005.png,Infiltration,0.0,0.00439453
00000054_005.png,Effusion,0.0,0.00427246
00000054_005.png,Cardiomegaly,0.0,0.00415421
00000054_005.png,Atelectasis,0.0,0.00413895
00000054_005.png,Mass,0.0,0.0041008
00000054_005.png,Infiltration,0.0,0.00407791
00000054_005.png,Effusion,0.0,0.00403595
00000054_005.png,Mass,0.0,0.00391388
00000054_005.png,Cardiomegaly,0.0,0.00346375
00000054_005.png,Infiltration,0.0,0.00337219
00000054_005.png,Effusion,0.0,0.00333214
00000054_005.png,Infiltration,0.0,0.00310516
00000054_005.png,Mass,0.0,0.00310135
00000054_005.png,Effusion,0.0,0.00304985
00000054_005.png,Infiltration,0.0,0.00304794
00000054_005.png,Infiltration,0.0,0.00303268
00000054_005.png,Infiltration,0.0,0.00291824
00000054_005.png,Mass,0.0,0.00283432
00000054_005.png,Cardiomegaly,0.0,0.0028038
00000054_005.png,Infiltration,0.0,0.00271034
00000054_005.png,Effusion,0.0,0.00261879
00000054_005.png,Infiltration,0.0,0.00259781
00000054_005.png,Effusion,0.0,0.00256729
00000054_005.png,Mass,0.0,0.00255775
00000054_005.png,Effusion,0.0,0.00252151
00000054_005.png,Effusion,0.0,0.00251007
00000054_005.png,Infiltration,0.0,0.00242805
00000054_005.png,Effusion,0.0,0.00239563
00000054_005.png,Infiltration,0.0,0.002388
00000054_005.png,Infiltration,0.0,0.00238037
00000054_005.png,Cardiomegaly,0.0,0.0023632
00000054_005.png,Cardiomegaly,0.0,0.0023098
00000054_005.png,Infiltration,0.0,0.00228691
00000054_005.png,Mass,0.0,0.00225067
00000054_005.png,Infiltration,0.0,0.0021553
00000054_005.png,Mass,0.0,0.00213814
00000054_005.png,Infiltration,0.0,0.00206375
00000054_005.png,Mass,0.0,0.00201797
00000054_005.png,Cardiomegaly,0.0,0.00196648
00000054_005.png,Cardiomegaly,0.0,0.00195312
00000054_005.png,Cardiomegaly,0.0,0.00194359
00000054_005.png,Cardiomegaly,0.0,0.00185204
00000054_005.png,Effusion,0.0,0.00184727
00000054_005.png,Infiltration,0.0,0.00181198
00000054_005.png,Effusion,0.0,0.00178051
00000054_005.png,Infiltration,0.0,0.00177956
00000054_005.png,Cardiomegaly,0.0,0.00169849
00000054_005.png,Effusion,0.0,0.001688
00000054_005.png,Mass,0.0,0.00166798
00000054_005.png,Effusion,0.0,0.00165462
00000054_005.png,Cardiomegaly,0.0,0.0016489
00000054_005.png,Cardiomegaly,0.0,0.00163937
00000054_005.png,Infiltration,0.0,0.00163364
00000054_005.png,Infiltration,0.0,0.00162601
00000054_005.png,Effusion,0.0,0.00160408
00000054_005.png,Cardiomegaly,0.0,0.00156116
00000054_005.png,Infiltration,0.0,0.00155735
00000054_005.png,Cardiomegaly,0.0,0.00154018
00000054_005.png,Cardiomegaly,0.0,0.00151062
00000054_005.png,Cardiomegaly,0.0,0.00149345
00000054_005.png,Infiltration,0.0,0.00148869
00000054_005.png,Cardiomegaly,0.0,0.00148678
00000054_005.png,Infiltration,0.0,0.0014801
00000054_005.png,Cardiomegaly,0.0,0.00146198
00000054_005.png,Effusion,0.0,0.00144196
00000054_005.png,Effusion,0.0,0.00141335
00000054_005.png,Effusion,0.0,0.00140953
00000054_005.png,Mass,0.0,0.00137901
00000054_005.png,Effusion,0.0,0.00135612
00000054_005.png,Cardiomegaly,0.0,0.00133324
00000054_005.png,Effusion,0.0,0.00132275
00000054_005.png,Effusion,0.0,0.0012989
00000054_005.png,Effusion,0.0,0.00128841
00000054_005.png,Infiltration,0.0,0.00128746
00000054_005.png,Effusion,0.0,0.00128365
00000054_005.png,Cardiomegaly,0.0,0.00126839
00000054_005.png,Cardiomegaly,0.0,0.00126266
00000054_005.png,Effusion,0.0,0.0012598
00000054_005.png,Effusion,0.0,0.00122547
00000054_005.png,Infiltration,0.0,0.00121593
00000054_005.png,Effusion,0.0,0.00121498
00000054_005.png,Cardiomegaly,0.0,0.00119877
00000054_005.png,Infiltration,0.0,0.00118637
00000054_005.png,Cardiomegaly,0.0,0.0011797
00000054_005.png,Atelectasis,0.0,0.00117207
00000054_005.png,Mass,0.0,0.00116062
00000054_005.png,Effusion,0.0,0.00115585
00000054_005.png,Cardiomegaly,0.0,0.00114727
00000054_005.png,Cardiomegaly,0.0,0.0011034
00000054_005.png,Cardiomegaly,0.0,0.00108719
00000054_005.png,Mass,0.0,0.00108051
00000054_005.png,Cardiomegaly,0.0,0.00107574
00000054_005.png,Mass,0.0,0.00103569
00000054_005.png,Mass,0.0,0.00103092
00000054_005.png,Infiltration,0.0,0.00100613
00000054_005.png,Effusion,0.0,0.00100231
00010125_004.png,Atelectasis,0.0,0.111938
00010125_004.png,Effusion,0.0,0.0505981
00010125_004.png,Mass,0.0,0.0440063
00010125_004.png,Infiltration,0.0,0.0377197
00010125_004.png,Infiltration,0.0,0.0362854
00010125_004.png,Mass,0.006430038818060347,0.0317993
00010125_004.png,Cardiomegaly,0.0,0.0287781
00010125_004.png,Infiltration,0.0,0.0254822
00010125_004.png,Mass,0.0,0.020401
00010125_004.png,Infiltration,0.0,0.0196838
00010125_004.png,Infiltration,0.0,0.0183105
00010125_004.png,Cardiomegaly,0.0,0.0161438
00010125_004.png,Effusion,0.0,0.0131073
00010125_004.png,Mass,0.0,0.011673
00010125_004.png,Cardiomegaly,0.0,0.0109863
00010125_004.png,Effusion,0.0,0.0107651
00010125_004.png,Cardiomegaly,0.0,0.0096283
00010125_004.png,Infiltration,0.0,0.00900269
00010125_004.png,Mass,0.0,0.00793457
00010125_004.png,Infiltration,0.0,0.00789642
00010125_004.png,Cardiomegaly,0.0,0.00751114
00010125_004.png,Infiltration,0.0,0.00719833
00010125_004.png,Atelectasis,0.0,0.00710297
00010125_004.png,Mass,0.0,0.00624084
00010125_004.png,Infiltration,0.0,0.00580215
00010125_004.png,Cardiomegaly,0.0,0.00563812
00010125_004.png,Infiltration,0.0,0.00557327
00010125_004.png,Infiltration,0.0,0.00551224
00010125_004.png,Mass,0.0,0.00538635
00010125_004.png,Mass,0.0,0.00538635
00010125_004.png,Effusion,0.0,0.00530624
00010125_004.png,Effusion,0.0,0.0052948
00010125_004.png,Infiltration,0.0,0.00505066
00010125_004.png,Mass,0.0,0.00497818
00010125_004.png,Infiltration,0.0,0.00480652
00010125_004.png,Effusion,0.08931509092099431,0.00463104
00010125_004.png,Cardiomegaly,0.04469841682740142,0.0044899
00010125_004.png,Infiltration,0.0,0.00439835
00010125_004.png,Infiltration,0.0,0.0043869
00010125_004.png,Infiltration,0.0,0.00433731
00010125_004.png,Cardiomegaly,0.09978228160402693,0.00408554
00010125_004.png,Infiltration,0.0,0.00391388
00010125_004.png,Cardiomegaly,0.0,0.00390625
00010125_004.png,Mass,0.0,0.00379562
00010125_004.png,Effusion,0.0,0.00375748
00010125_004.png,Cardiomegaly,0.0,0.00368309
00010125_004.png,Infiltration,0.0,0.00365067
00010125_004.png,Infiltration,0.0,0.00348854
00010125_004.png,Mass,0.08919830741550444,0.00329971
00010125_004.png,Mass,0.0,0.00324631
00010125_004.png,Infiltration,0.0,0.00316048
00010125_004.png,Cardiomegaly,0.0,0.00304413
00010125_004.png,Cardiomegaly,0.04183734566449075,0.00295448
00010125_004.png,Infiltration,0.0,0.00294113
00010125_004.png,Mass,0.17127180444307374,0.00292397
00010125_004.png,Infiltration,0.0,0.00287437
00010125_004.png,Mass,0.0,0.00282669
00010125_004.png,Cardiomegaly,0.0,0.00266457
00010125_004.png,Infiltration,0.0,0.00260735
00010125_004.png,Infiltration,0.0,0.0025177
00010125_004.png,Cardiomegaly,0.0,0.0025177
00010125_004.png,Infiltration,0.0,0.00242424
00010125_004.png,Infiltration,0.0,0.00241089
00010125_004.png,Infiltration,0.0,0.00240707
00010125_004.png,Effusion,0.0,0.00238609
00010125_004.png,Infiltration,0.0,0.00236511
00010125_004.png,Infiltration,0.0,0.00235939
00010125_004.png,Infiltration,0.0,0.00235748
00010125_004.png,Mass,0.0,0.00230598
00010125_004.png,Mass,0.046121846557021645,0.00230598
00010125_004.png,Cardiomegaly,0.0003747224171323939,0.00226974
00010125_004.png,Mass,0.0,0.0022583
00010125_004.png,Infiltration,0.013470861016069263,0.00225639
00010125_004.png,Infiltration,0.0,0.00211906
00010125_004.png,Cardiomegaly,0.0595737351231673,0.00211143
00010125_004.png,Infiltration,0.0,0.00204277
00010125_004.png,Cardiomegaly,0.0,0.00204086
00010125_004.png,Cardiomegaly,0.08919830741550444,0.0020237
00010125_004.png,Mass,0.0,0.00200272
00010125_004.png,Cardiomegaly,0.0,0.00198174
00010125_004.png,Effusion,0.0,0.00190735
00010125_004.png,Cardiomegaly,0.0,0.00188065
00010125_004.png,Infiltration,0.0,0.00180626
00010125_004.png,Infiltration,0.0,0.00179958
00010125_004.png,Effusion,0.0,0.00177479
00010125_004.png,Cardiomegaly,0.0,0.00175285
00010125_004.png,Cardiomegaly,0.0,0.00172997
00010125_004.png,Effusion,0.0,0.00170517
00010125_004.png,Infiltration,0.0,0.00165653
00010125_004.png,Effusion,0.0,0.0016489
00010125_004.png,Infiltration,0.0,0.00163555
00010125_004.png,Infiltration,0.0,0.00162125
00010125_004.png,Infiltration,0.0,0.00160694
00010125_004.png,Infiltration,0.0,0.00156689
00010125_004.png,Mass,0.0,0.00155449
00010125_004.png,Mass,0.11380503279396054,0.00153446
00010125_004.png,Infiltration,0.0,0.00152206
00010125_004.png,Infiltration,0.0,0.00151634
00010125_004.png,Effusion,0.0,0.0015049
00010125_004.png,Cardiomegaly,0.0,0.00147915
00010125_004.png,Infiltration,0.0,0.00147343
00010125_004.png,Infiltration,0.0,0.00146484
00010125_004.png,Cardiomegaly,0.0,0.00144196
00010125_004.png,Cardiomegaly,0.0,0.00142956
00010125_004.png,Infiltration,0.0,0.00142574
00010125_004.png,Effusion,0.0,0.0014143
00010125_004.png,Mass,0.09227597603822137,0.00139332
00010125_004.png,Effusion,0.0,0.00138187
00010125_004.png,Cardiomegaly,0.0,0.00134659
00010125_004.png,Cardiomegaly,0.0,0.00134277
00010125_004.png,Cardiomegaly,0.0,0.00133705
00010125_004.png,Atelectasis,0.0,0.00133228
00010125_004.png,Infiltration,0.0,0.00131512
00010125_004.png,Effusion,0.0,0.00130367
00010125_004.png,Infiltration,0.0,0.00130177
00010125_004.png,Mass,0.05358753609941668,0.00128841
00010125_004.png,Effusion,0.0,0.00125885
00010125_004.png,Effusion,0.0,0.00123405
00010125_004.png,Cardiomegaly,0.0,0.0012188
00010125_004.png,Cardiomegaly,0.05929846170581536,0.00121784
00010125_004.png,Cardiomegaly,0.0,0.00121117
00010125_004.png,Cardiomegaly,0.0,0.00120926
00010125_004.png,Infiltration,0.0,0.0012064
00010125_004.png,Cardiomegaly,0.09214692288393299,0.0012064
00010125_004.png,Mass,0.18411333117046078,0.00118732
00010125_004.png,Mass,0.0,0.00118637
00010125_004.png,Cardiomegaly,0.0545318016951968,0.0011816
00010125_004.png,Cardiomegaly,0.0,0.00116539
00010125_004.png,Cardiomegaly,0.0,0.00116253
00010125_004.png,Effusion,0.0,0.00114918
00010125_004.png,Cardiomegaly,0.0,0.00113201
00010125_004.png,Mass,0.0,0.00110149
00010125_004.png,Cardiomegaly,0.0,0.00106812
00010125_004.png,Effusion,0.0,0.00106525
00010125_004.png,Infiltration,0.0,0.00106239
00010125_004.png,Infiltration,0.0,0.00105381
00010125_004.png,Infiltration,0.0,0.00103664
00010125_004.png,Effusion,0.0,0.00103092
00010125_004.png,Mass,0.017106565202428696,0.00102711
00010125_004.png,Infiltration,0.0,0.00102139
00000052_000.png,Mass,0.0,0.38501
00000052_000.png,Mass,0.0,0.259033
00000052_000.png,Mass,0.0,0.160767
00000052_000.png,Atelectasis,0.0,0.150269
00000052_000.png,Mass,0.0,0.128052
00000052_000.png,Mass,0.0,0.0982056
00000052_000.png,Effusion,0.0,0.0490417
00000052_000.png,Effusion,0.0,0.0227509
00000052_000.png,Effusion,0.0,0.0184326
00000052_000.png,Cardiomegaly,0.0,0.0155106
00000052_000.png,Infiltration,0.0,0.0142288
00000052_000.png,Infiltration,0.0,0.0139542
00000052_000.png,Mass,0.0,0.0124283
00000052_000.png,Mass,0.0,0.0124207
00000052_000.png,Mass,0.0,0.0123825
00000052_000.png,Effusion,0.0,0.0120316
00000052_000.png,Infiltration,0.0,0.01017
00000052_000.png,Infiltration,0.0,0.00983429
00000052_000.png,Effusion,0.0,0.00973511
00000052_000.png,Effusion,0.0,0.00858307
00000052_000.png,Mass,0.0,0.00855255
00000052_000.png,Infiltration,0.0,0.0083313
00000052_000.png,Infiltration,0.0,0.00829315
00000052_000.png,Effusion,0.0,0.00763321
00000052_000.png,Infiltration,0.0,0.0074501
00000052_000.png,Infiltration,0.0,0.00712967
00000052_000.png,Infiltration,0.0,0.00667953
00000052_000.png,Mass,0.0,0.00648499
00000052_000.png,Infiltration,0.0,0.00642776
00000052_000.png,Mass,0.0,0.0063591
00000052_000.png,Mass,0.0,0.00582886
00000052_000.png,Infiltration,0.0,0.00576401
00000052_000.png,Mass,0.0,0.00567245
00000052_000.png,Infiltration,0.0,0.00548172
00000052_000.png,Mass,0.0,0.00537109
00000052_000.png,Infiltration,0.0,0.00521851
00000052_000.png,Infiltration,0.0,0.00479889
00000052_000.png,Infiltration,0.0,0.00465012
00000052_000.png,Mass,0.0,0.00463486
00000052_000.png,Infiltration,0.0,0.00455475
00000052_000.png,Effusion,0.0,0.00437164
00000052_000.png,Mass,0.0,0.00431061
00000052_000.png,Effusion,0.0,0.0042305
00000052_000.png,Effusion,0.0,0.00421524
00000052_000.png,Mass,0.0,0.00400162
00000052_000.png,Infiltration,0.0,0.00400162
00000052_000.png,Effusion,0.0,0.00395584
00000052_000.png,Infiltration,0.0,0.00393677
00000052_000.png,Cardiomegaly,0.0,0.00387001
00000052_000.png,Cardiomegaly,0.0,0.00385094
00000052_000.png,Mass,0.0,0.00380516
00000052_000.png,Cardiomegaly,0.0,0.00375938
00000052_000.png,Effusion,0.0,0.00367546
00000052_000.png,Cardiomegaly,0.0,0.00360107
00000052_000.png,Infiltration,0.0,0.00354767
00000052_000.png,Mass,0.0,0.00351143
00000052_000.png,Mass,0.0,0.0035038
00000052_000.png,Infiltration,0.0,0.00348854
00000052_000.png,Infiltration,0.0,0.00332069
00000052_000.png,Infiltration,0.0,0.00330162
00000052_000.png,Infiltration,0.0,0.00328255
00000052_000.png,Infiltration,0.0,0.00322914
00000052_000.png,Mass,0.0,0.00320816
00000052_000.png,Infiltration,0.0,0.00320244
00000052_000.png,Infiltration,0.0,0.00317192
00000052_000.png,Effusion,0.0,0.00306892
00000052_000.png,Infiltration,0.0,0.00304985
00000052_000.png,Effusion,0.0,0.00297928
00000052_000.png,Mass,0.0,0.00296974
00000052_000.png,Mass,0.0,0.00290108
00000052_000.png,Effusion,0.0,0.00284004
00000052_000.png,Mass,0.0,0.00274277
00000052_000.png,Mass,0.0,0.00259018
00000052_000.png,Infiltration,0.0,0.00256538
00000052_000.png,Mass,0.0,0.00251579
00000052_000.png,Infiltration,0.0,0.00250244
00000052_000.png,Effusion,0.0,0.00248909
00000052_000.png,Mass,0.0,0.00238991
00000052_000.png,Infiltration,0.0,0.00231934
00000052_000.png,Infiltration,0.0,0.00228882
00000052_000.png,Infiltration,0.0,0.00226593
00000052_000.png,Effusion,0.0,0.00213051
00000052_000.png,Infiltration,0.0,0.00211716
00000052_000.png,Effusion,0.0,0.00211525
00000052_000.png,Effusion,0.0,0.00210381
00000052_000.png,Mass,0.0,0.00209618
00000052_000.png,Infiltration,0.0,0.00209236
00000052_000.png,Infiltration,0.0,0.00208282
00000052_000.png,Infiltration,0.0,0.00201797
00000052_000.png,Cardiomegaly,0.0,0.00200272
00000052_000.png,Effusion,0.0,0.00198555
00000052_000.png,Infiltration,0.0,0.0019474
00000052_000.png,Effusion,0.0,0.00190067
00000052_000.png,Effusion,0.0,0.00188923
00000052_000.png,Effusion,0.0,0.00187778
00000052_000.png,Effusion,0.0,0.00185966
00000052_000.png,Infiltration,0.0,0.00183964
00000052_000.png,Infiltration,0.0,0.0018158
00000052_000.png,Effusion,0.0,0.00180531
00000052_000.png,Infiltration,0.0,0.00179291
00000052_000.png,Effusion,0.0,0.00174713
00000052_000.png,Mass,0.0,0.00174618
00000052_000.png,Effusion,0.0,0.00171661
00000052_000.png,Effusion,0.0,0.00169945
00000052_000.png,Effusion,0.0,0.0016861
00000052_000.png,Infiltration,0.0,0.00167561
00000052_000.png,Cardiomegaly,0.0,0.00166321
00000052_000.png,Infiltration,0.0,0.00164032
00000052_000.png,Infiltration,0.0,0.00161743
00000052_000.png,Effusion,0.0,0.00159645
00000052_000.png,Infiltration,0.0,0.00159168
00000052_000.png,Effusion,0.0,0.00156498
00000052_000.png,Effusion,0.0,0.00152397
00000052_000.png,Effusion,0.0,0.00152206
00000052_000.png,Infiltration,0.0,0.00151348
00000052_000.png,Effusion,0.0,0.00151157
00000052_000.png,Effusion,0.0,0.00149632
00000052_000.png,Effusion,0.0,0.00147724
00000052_000.png,Effusion,0.0,0.00146866
00000052_000.png,Infiltration,0.0,0.00146484
00000052_000.png,Effusion,0.0,0.00143719
00000052_000.png,Infiltration,0.0,0.00143337
00000052_000.png,Effusion,0.0,0.00143147
00000052_000.png,Effusion,0.0,0.00141621
00000052_000.png,Infiltration,0.0,0.00137424
00000052_000.png,Effusion,0.0,0.00135899
00000052_000.png,Effusion,0.0,0.00135803
00000052_000.png,Effusion,0.0,0.00135517
00000052_000.png,Infiltration,0.0,0.00132465
00000052_000.png,Infiltration,0.0,0.00132179
00000052_000.png,Mass,0.0,0.00129795
00000052_000.png,Effusion,0.0,0.00128365
00000052_000.png,Effusion,0.0,0.00127697
00000052_000.png,Effusion,0.0,0.00126266
00000052_000.png,Mass,0.0,0.00124931
00000052_000.png,Mass,0.0,0.0012455
00000052_000.png,Effusion,0.0,0.00122261
00000052_000.png,Cardiomegaly,0.0,0.00121307
00000052_000.png,Effusion,0.0,0.00121021
00000052_000.png,Infiltration,0.0,0.00120544
00000052_000.png,Effusion,0.0,0.00118637
00000052_000.png,Mass,0.0,0.00118446
00000052_000.png,Effusion,0.0,0.0011692
00000052_000.png,Mass,0.0,0.00114727
00000052_000.png,Infiltration,0.0,0.00113297
00000052_000.png,Infiltration,0.0,0.0011282
00000052_000.png,Effusion,0.0,0.00111961
00000052_000.png,Effusion,0.0,0.00111103
00000052_000.png,Effusion,0.0,0.00109005
00000052_000.png,Effusion,0.0,0.00107861
00000052_000.png,Infiltration,0.0,0.00106144
00000052_000.png,Infiltration,0.0,0.00102901
00000052_000.png,Effusion,0.0,0.00101662
00000052_000.png,Infiltration,0.0,0.00100708
00000048_000.png,Atelectasis,0.0,0.126343
00000048_000.png,Effusion,0.0,0.0759888
00000048_000.png,Mass,0.0,0.0405579
00000048_000.png,Effusion,0.0,0.0277405
00000048_000.png,Effusion,0.0,0.018158
00000048_000.png,Infiltration,0.0,0.0161896
00000048_000.png,Cardiomegaly,0.0,0.0139999
00000048_000.png,Mass,0.0,0.0133514
00000048_000.png,Cardiomegaly,0.0,0.0098877
00000048_000.png,Infiltration,0.0,0.0098114
00000048_000.png,Infiltration,0.0,0.0098114
00000048_000.png,Effusion,0.0,0.00971985
00000048_000.png,Effusion,0.0,0.00919342
00000048_000.png,Mass,0.0,0.00849915
00000048_000.png,Cardiomegaly,0.0,0.00836945
00000048_000.png,Cardiomegaly,0.0,0.00773239
00000048_000.png,Mass,0.0,0.00750351
00000048_000.png,Mass,0.0,0.00750351
00000048_000.png,Infiltration,0.0,0.00722885
00000048_000.png,Infiltration,0.0,0.00675583
00000048_000.png,Infiltration,0.0,0.00671387
00000048_000.png,Effusion,0.0,0.00656891
00000048_000.png,Mass,0.0,0.00655746
00000048_000.png,Cardiomegaly,0.0,0.00501633
00000048_000.png,Infiltration,0.0,0.00485992
00000048_000.png,Effusion,0.0,0.00440598
00000048_000.png,Mass,0.0,0.00437927
00000048_000.png,Mass,0.0,0.0042572
00000048_000.png,Mass,0.0,0.00407028
00000048_000.png,Infiltration,0.0,0.00391006
00000048_000.png,Mass,0.0,0.0038681
00000048_000.png,Infiltration,0.0,0.00375557
00000048_000.png,Cardiomegaly,0.0,0.00375366
00000048_000.png,Effusion,0.0,0.00367737
00000048_000.png,Mass,0.0,0.00348091
00000048_000.png,Cardiomegaly,0.0,0.00348091
00000048_000.png,Effusion,0.0,0.00338364
00000048_000.png,Effusion,0.0,0.00330734
00000048_000.png,Mass,0.0,0.00304413
00000048_000.png,Mass,0.0,0.00292969
00000048_000.png,Effusion,0.0,0.00284958
00000048_000.png,Infiltration,0.0,0.00270081
00000048_000.png,Effusion,0.0,0.00269508
00000048_000.png,Infiltration,0.0,0.00265694
00000048_000.png,Mass,0.0,0.00265312
00000048_000.png,Cardiomegaly,0.0,0.00253677
00000048_000.png,Effusion,0.0,0.00242233
00000048_000.png,Effusion,0.0,0.00241852
00000048_000.png,Infiltration,0.0,0.00234604
00000048_000.png,Effusion,0.0,0.00231934
00000048_000.png,Effusion,0.0,0.0023098
00000048_000.png,Mass,0.0,0.00223923
00000048_000.png,Infiltration,0.0,0.0022068
00000048_000.png,Mass,0.0,0.00217438
00000048_000.png,Atelectasis,0.0,0.00216293
00000048_000.png,Effusion,0.0,0.0021286
00000048_000.png,Mass,0.0,0.00206757
00000048_000.png,Mass,0.0,0.00197411
00000048_000.png,Effusion,0.0,0.00195122
00000048_000.png,Infiltration,0.0,0.00193405
00000048_000.png,Cardiomegaly,0.0,0.00191689
00000048_000.png,Cardiomegaly,0.0,0.00185394
00000048_000.png,Effusion,0.0,0.00185013
00000048_000.png,Infiltration,0.0,0.00184727
00000048_000.png,Effusion,0.0,0.00183582
00000048_000.png,Effusion,0.0,0.00181007
00000048_000.png,Infiltration,0.0,0.00180721
00000048_000.png,Cardiomegaly,0.0,0.00176716
00000048_000.png,Effusion,0.0,0.00173664
00000048_000.png,Effusion,0.0,0.00173092
00000048_000.png,Effusion,0.0,0.00171852
00000048_000.png,Cardiomegaly,0.0,0.00168324
00000048_000.png,Effusion,0.0,0.00164795
00000048_000.png,Infiltration,0.0,0.00164318
00000048_000.png,Mass,0.0,0.00161648
00000048_000.png,Mass,0.0,0.00161362
00000048_000.png,Infiltration,0.0,0.00160885
00000048_000.png,Effusion,0.0,0.00157166
00000048_000.png,Cardiomegaly,0.0,0.00156403
00000048_000.png,Infiltration,0.0,0.0015173
00000048_000.png,Cardiomegaly,0.0,0.00148392
00000048_000.png,Infiltration,0.0,0.00148106
00000048_000.png,Effusion,0.0,0.0014677
00000048_000.png,Effusion,0.0,0.00140095
00000048_000.png,Infiltration,0.0,0.00137711
00000048_000.png,Infiltration,0.0,0.00136375
00000048_000.png,Infiltration,0.0,0.00133801
00000048_000.png,Effusion,0.0,0.0012722
00000048_000.png,Cardiomegaly,0.0,0.00125885
00000048_000.png,Mass,0.0,0.0012579
00000048_000.png,Infiltration,0.0,0.00124264
00000048_000.png,Effusion,0.0,0.00123978
00000048_000.png,Cardiomegaly,0.0,0.00123882
00000048_000.png,Infiltration,0.0,0.0012207
00000048_000.png,Infiltration,0.0,0.00121784
00000048_000.png,Cardiomegaly,0.0,0.00121307
00000048_000.png,Infiltration,0.0,0.00116825
00000048_000.png,Mass,0.0,0.00116444
00000048_000.png,Mass,0.0,0.00112915
00000048_000.png,Mass,0.0,0.00107765
00000048_000.png,Infiltration,0.0,0.00107193
00000048_000.png,Infiltration,0.0,0.00105858
00000048_000.png,Cardiomegaly,0.0,0.00104618
00000048_000.png,Cardiomegaly,0.0,0.00103283
00000048_000.png,Effusion,0.0,0.00102901
00000048_000.png,Effusion,0.0,0.00102711
00000048_000.png,Effusion,0.0,0.00101852
00000048_000.png,Infiltration,0.0,0.00101185
00000048_000.png,Mass,0.0,0.00100708
00012094_047.png,Effusion,0.0,0.0571899
00012094_047.png,Atelectasis,0.0,0.0281677
00012094_047.png,Infiltration,0.0,0.0187378
00012094_047.png,Infiltration,0.0,0.0178833
00012094_047.png,Effusion,0.0,0.0138016
00012094_047.png,Infiltration,0.0,0.0131531
00012094_047.png,Cardiomegaly,0.0,0.0120468
00012094_047.png,Cardiomegaly,0.0,0.00926208
00012094_047.png,Mass,0.33426599732209605,0.00863647
00012094_047.png,Mass,0.10285698923991991,0.00657654
00012094_047.png,Cardiomegaly,0.0,0.00570297
00012094_047.png,Mass,0.15619383547306737,0.00490189
00012094_047.png,Infiltration,0.0,0.00475693
00012094_047.png,Effusion,0.0,0.00468826
00012094_047.png,Cardiomegaly,0.0,0.00457001
00012094_047.png,Mass,0.0,0.00444031
00012094_047.png,Infiltration,0.0,0.00442505
00012094_047.png,Mass,0.10896196544026243,0.00413132
00012094_047.png,Mass,0.08292137281336694,0.00410843
00012094_047.png,Infiltration,0.0,0.00396729
00012094_047.png,Mass,0.43998860289521846,0.00381851
00012094_047.png,Infiltration,0.0,0.00361061
00012094_047.png,Mass,0.08320927055484956,0.00335312
00012094_047.png,Effusion,0.0,0.00322342
00012094_047.png,Infiltration,0.0,0.0032177
00012094_047.png,Effusion,0.0,0.00307846
00012094_047.png,Mass,0.28652266817926125,0.00296593
00012094_047.png,Effusion,0.0,0.00290489
00012094_047.png,Effusion,0.0,0.00289345
00012094_047.png,Mass,0.2378527295572207,0.00287628
00012094_047.png,Mass,0.0,0.00271416
00012094_047.png,Mass,0.1049926362272391,0.00270653
00012094_047.png,Mass,0.22734201393424472,0.00270462
00012094_047.png,Cardiomegaly,0.11446829198556635,0.00263786
00012094_047.png,Cardiomegaly,0.0,0.0024128
00012094_047.png,Infiltration,0.0,0.00231743
00012094_047.png,Infiltration,0.0,0.00229454
00012094_047.png,Mass,0.07986805113285095,0.00229263
00012094_047.png,Effusion,0.0,0.00221062
00012094_047.png,Effusion,0.0,0.00216866
00012094_047.png,Cardiomegaly,0.16911654472216192,0.00209427
00012094_047.png,Infiltration,0.0,0.00205421
00012094_047.png,Effusion,0.0,0.00204849
00012094_047.png,Mass,0.0,0.00199509
00012094_047.png,Mass,0.47815756313342767,0.00193596
00012094_047.png,Mass,0.0,0.00189686
00012094_047.png,Mass,0.0,0.00177383
00012094_047.png,Mass,0.0,0.00165272
00012094_047.png,Cardiomegaly,0.0,0.00164032
00012094_047.png,Mass,0.1677312072996868,0.00161934
00012094_047.png,Mass,0.0,0.00159645
00012094_047.png,Infiltration,0.0,0.00155926
00012094_047.png,Mass,0.0,0.00153255
00012094_047.png,Cardiomegaly,0.0,0.00152588
00012094_047.png,Infiltration,0.0,0.00149059
00012094_047.png,Effusion,0.0,0.0014677
00012094_047.png,Infiltration,0.0,0.00145435
00012094_047.png,Effusion,0.0,0.00145054
00012094_047.png,Effusion,0.0,0.00144482
00012094_047.png,Effusion,0.0,0.00139809
00012094_047.png,Effusion,0.0,0.00137901
00012094_047.png,Mass,0.13557725487988898,0.00137711
00012094_047.png,Cardiomegaly,0.0,0.00136566
00012094_047.png,Cardiomegaly,0.0,0.00136471
00012094_047.png,Mass,0.0,0.00136185
00012094_047.png,Cardiomegaly,0.0,0.00132561
00012094_047.png,Mass,0.023710260254149153,0.00132084
00012094_047.png,Effusion,0.0,0.00131798
00012094_047.png,Effusion,0.0,0.00131321
00012094_047.png,Effusion,0.0,0.00130749
00012094_047.png,Infiltration,0.0,0.00130558
00012094_047.png,Infiltration,0.0,0.00128555
00012094_047.png,Cardiomegaly,0.3806952896390899,0.00124454
00012094_047.png,Mass,0.0,0.0012331
00012094_047.png,Cardiomegaly,0.0,0.00122261
00012094_047.png,Cardiomegaly,0.0,0.00121498
00012094_047.png,Effusion,0.11551990334377733,0.00121021
00012094_047.png,Mass,0.0,0.00121021
00012094_047.png,Cardiomegaly,0.0,0.00120926
00012094_047.png,Effusion,0.0,0.00120449
00012094_047.png,Mass,0.0,0.00118446
00012094_047.png,Effusion,0.0,0.00116825
00012094_047.png,Infiltration,0.0,0.00116634
00012094_047.png,Effusion,0.020009142384656127,0.00113106
00012094_047.png,Effusion,0.0,0.00112915
00012094_047.png,Mass,0.19415439781694385,0.0011282
00012094_047.png,Mass,0.0,0.00111675
00012094_047.png,Cardiomegaly,0.0,0.00109577
00012094_047.png,Effusion,0.0,0.00107765
00012094_047.png,Cardiomegaly,0.0,0.00107098
00012094_047.png,Cardiomegaly,0.0,0.00103283
00012094_047.png,Effusion,0.0,0.00103092
00012094_047.png,Effusion,0.0,0.00102901
00012094_047.png,Effusion,0.0,0.00101566
00012094_047.png,Effusion,0.0,0.00101471
00016487_002.png,Atelectasis,0.03390577700752389,0.365479
00016487_002.png,Infiltration,0.0,0.0848999
00016487_002.png,Effusion,0.0,0.0479431
00016487_002.png,Effusion,0.0,0.0466003
00016487_002.png,Mass,0.0,0.0362244
00016487_002.png,Infiltration,0.21403591786306564,0.0358582
00016487_002.png,Effusion,0.14506730205449017,0.0288239
00016487_002.png,Mass,0.0,0.0170898
00016487_002.png,Infiltration,0.0,0.0168304
00016487_002.png,Cardiomegaly,0.0,0.0159302
00016487_002.png,Infiltration,0.17727879162353014,0.0159149
00016487_002.png,Mass,0.0,0.0152359
00016487_002.png,Mass,0.0,0.0124283
00016487_002.png,Mass,0.0,0.0123672
00016487_002.png,Effusion,0.0,0.0120316
00016487_002.png,Mass,0.0,0.0111618
00016487_002.png,Effusion,0.17727879162353014,0.0110397
00016487_002.png,Infiltration,0.0,0.0105133
00016487_002.png,Infiltration,0.0,0.00875854
00016487_002.png,Infiltration,0.0,0.00789642
00016487_002.png,Effusion,0.0,0.00730133
00016487_002.png,Infiltration,0.14506730205449017,0.00723267
00016487_002.png,Effusion,0.0,0.00676346
00016487_002.png,Mass,0.0,0.00669098
00016487_002.png,Infiltration,0.0,0.00663757
00016487_002.png,Cardiomegaly,0.0,0.00572205
00016487_002.png,Infiltration,0.0,0.00567627
00016487_002.png,Atelectasis,0.017561490412655614,0.00561142
00016487_002.png,Cardiomegaly,0.0,0.00559616
00016487_002.png,Infiltration,0.007787750445784818,0.00557327
00016487_002.png,Mass,0.0,0.00555038
00016487_002.png,Cardiomegaly,0.0,0.00540924
00016487_002.png,Infiltration,0.1297814405507663,0.0052948
00016487_002.png,Infiltration,0.0,0.0051651
00016487_002.png,Mass,0.0,0.00483704
00016487_002.png,Infiltration,0.0,0.00478745
00016487_002.png,Effusion,0.1297814405507663,0.00466919
00016487_002.png,Cardiomegaly,0.0,0.00456619
00016487_002.png,Effusion,0.0,0.00456238
00016487_002.png,Mass,0.0,0.00453568
00016487_002.png,Cardiomegaly,0.0,0.00439835
00016487_002.png,Cardiomegaly,0.0,0.00434494
00016487_002.png,Infiltration,0.11759210795991948,0.00408936
00016487_002.png,Effusion,0.0,0.00392914
00016487_002.png,Infiltration,0.0,0.00380516
00016487_002.png,Infiltration,0.0,0.00368309
00016487_002.png,Mass,0.0,0.00365067
00016487_002.png,Infiltration,0.0,0.00364113
00016487_002.png,Cardiomegaly,0.0,0.00352097
00016487_002.png,Infiltration,0.0,0.00349808
00016487_002.png,Cardiomegaly,0.0,0.00346565
00016487_002.png,Mass,0.0,0.00344849
00016487_002.png,Infiltration,0.0,0.00335884
00016487_002.png,Mass,0.0,0.00333595
00016487_002.png,Infiltration,0.0,0.00331116
00016487_002.png,Atelectasis,0.0,0.00317764
00016487_002.png,Infiltration,0.0,0.00300789
00016487_002.png,Cardiomegaly,0.0,0.00294876
00016487_002.png,Mass,0.0,0.00286484
00016487_002.png,Infiltration,0.0,0.00276184
00016487_002.png,Effusion,0.0,0.00259209
00016487_002.png,Infiltration,0.0,0.00258827
00016487_002.png,Cardiomegaly,0.0,0.00257492
00016487_002.png,Infiltration,0.0,0.00250626
00016487_002.png,Mass,0.0,0.00247002
00016487_002.png,Cardiomegaly,0.0,0.0024395
00016487_002.png,Cardiomegaly,0.0,0.00243759
00016487_002.png,Infiltration,0.0,0.00243568
00016487_002.png,Infiltration,0.0,0.00240135
00016487_002.png,Infiltration,0.10004629034429896,0.00238037
00016487_002.png,Effusion,0.0,0.00231361
00016487_002.png,Cardiomegaly,0.0,0.00227928
00016487_002.png,Effusion,0.0,0.0021801
00016487_002.png,Atelectasis,0.031086273639529947,0.00217247
00016487_002.png,Infiltration,0.09917940938977021,0.00212669
00016487_002.png,Effusion,0.0,0.00208092
00016487_002.png,Effusion,0.0,0.00205231
00016487_002.png,Infiltration,0.0,0.00204468
00016487_002.png,Infiltration,0.0,0.00198364
00016487_002.png,Effusion,0.0,0.00191689
00016487_002.png,Mass,0.0,0.00188732
00016487_002.png,Mass,0.0,0.00188351
00016487_002.png,Effusion,0.0,0.00185108
00016487_002.png,Effusion,0.09917940938977021,0.00182629
00016487_002.png,Infiltration,0.0,0.00174618
00016487_002.png,Effusion,0.0,0.00169277
00016487_002.png,Infiltration,0.0,0.00165081
00016487_002.png,Cardiomegaly,0.0,0.00164032
00016487_002.png,Effusion,0.0,0.00163651
00016487_002.png,Effusion,0.0,0.00160313
00016487_002.png,Mass,0.0,0.00159168
00016487_002.png,Infiltration,0.0,0.00157166
00016487_002.png,Infiltration,0.0,0.00154114
00016487_002.png,Effusion,0.0,0.00153446
00016487_002.png,Infiltration,0.0,0.00151157
00016487_002.png,Effusion,0.0,0.00150394
00016487_002.png,Cardiomegaly,0.0,0.00150013
00016487_002.png,Infiltration,0.0,0.00147629
00016487_002.png,Cardiomegaly,0.0,0.00145721
00016487_002.png,Cardiomegaly,0.0,0.00145245
00016487_002.png,Effusion,0.0,0.00141811
00016487_002.png,Effusion,0.0,0.00140381
00016487_002.png,Effusion,0.0,0.00135612
00016487_002.png,Infiltration,0.0,0.0013504
00016487_002.png,Infiltration,0.0,0.00131893
00016487_002.png,Effusion,0.0,0.00127411
00016487_002.png,Effusion,0.0,0.00126266
00016487_002.png,Infiltration,0.0,0.00125885
00016487_002.png,Effusion,0.0,0.00124836
00016487_002.png,Mass,0.0,0.0012207
00016487_002.png,Infiltration,0.0,0.00121212
00016487_002.png,Effusion,0.0,0.00121021
00016487_002.png,Infiltration,0.0,0.00120926
00016487_002.png,Infiltration,0.0,0.00119877
00016487_002.png,Infiltration,0.0335026105603513,0.00119686
00016487_002.png,Cardiomegaly,0.0,0.00118923
00016487_002.png,Infiltration,0.0,0.00114918
00016487_002.png,Cardiomegaly,0.0,0.00111771
00016487_002.png,Effusion,0.0,0.00110435
00016487_002.png,Effusion,0.20962991408479986,0.0010891
00016487_002.png,Infiltration,0.0,0.00107765
00016487_002.png,Infiltration,0.0,0.0010767
00016487_002.png,Effusion,0.0,0.00107288
00016487_002.png,Mass,0.0,0.00106812
00016487_002.png,Effusion,0.0,0.00105858
00016487_002.png,Cardiomegaly,0.0,0.00105476
00016487_002.png,Cardiomegaly,0.0,0.0010519
00016487_002.png,Cardiomegaly,0.0,0.0010376
00016487_002.png,Effusion,0.0,0.00101757
00016487_002.png,Mass,0.0,0.00100422
00013187_002.png,Atelectasis,0.3523893887582303,0.152954
00013187_002.png,Effusion,0.0,0.0761719
00013187_002.png,Effusion,0.0,0.0703125
00013187_002.png,Effusion,0.0197966516722182,0.0521545
00013187_002.png,Effusion,0.018151605159121686,0.0438843
00013187_002.png,Infiltration,0.105553962973402,0.0259247
00013187_002.png,Effusion,0.0,0.019043
00013187_002.png,Infiltration,0.0,0.0140533
00013187_002.png,Effusion,0.0,0.012291
00013187_002.png,Infiltration,0.02167226193190818,0.0118866
00013187_002.png,Infiltration,0.03943685679624112,0.00901794
00013187_002.png,Infiltration,0.0,0.00859833
00013187_002.png,Cardiomegaly,0.16749331898606454,0.00762939
00013187_002.png,Mass,0.12158982718605855,0.00585175
00013187_002.png,Infiltration,0.06838720444260972,0.00577164
00013187_002.png,Effusion,0.0,0.00572586
00013187_002.png,Effusion,0.0,0.00570679
00013187_002.png,Effusion,0.0,0.00564957
00013187_002.png,Cardiomegaly,0.11022685551692438,0.00515366
00013187_002.png,Atelectasis,0.3284189113250948,0.00509262
00013187_002.png,Atelectasis,0.32532707283730483,0.00508499
00013187_002.png,Cardiomegaly,0.07906448513594945,0.00475311
00013187_002.png,Infiltration,0.10040716728902327,0.00427246
00013187_002.png,Cardiomegaly,0.13957067486267047,0.00416946
00013187_002.png,Effusion,0.0,0.00408173
00013187_002.png,Effusion,0.0,0.00370598
00013187_002.png,Infiltration,0.029350071373789116,0.00362396
00013187_002.png,Infiltration,0.10619014912004257,0.00359726
00013187_002.png,Infiltration,0.045780440021594135,0.0034771
00013187_002.png,Effusion,0.06033734736969833,0.00343895
00013187_002.png,Cardiomegaly,0.03245881736787753,0.00338364
00013187_002.png,Infiltration,0.08542834877683632,0.00321579
00013187_002.png,Effusion,0.0,0.00317574
00013187_002.png,Cardiomegaly,0.1414070994556483,0.00311661
00013187_002.png,Mass,0.0,0.00306702
00013187_002.png,Effusion,0.0,0.00304604
00013187_002.png,Infiltration,0.2268340869454788,0.00289345
00013187_002.png,Effusion,0.0,0.00284386
00013187_002.png,Infiltration,0.056673438303670276,0.00284195
00013187_002.png,Infiltration,0.1125281733531873,0.00281715
00013187_002.png,Infiltration,0.0,0.00270271
00013187_002.png,Infiltration,0.0,0.00261307
00013187_002.png,Effusion,0.0,0.00259781
00013187_002.png,Infiltration,0.0,0.00245285
00013187_002.png,Effusion,0.0,0.0024147
00013187_002.png,Effusion,0.0,0.00239372
00013187_002.png,Infiltration,0.03524533719240806,0.00237846
00013187_002.png,Mass,0.0,0.00236893
00013187_002.png,Infiltration,0.0,0.00228882
00013187_002.png,Cardiomegaly,0.11029912376508941,0.00220299
00013187_002.png,Infiltration,0.1864874200248132,0.00213051
00013187_002.png,Mass,0.0,0.00211906
00013187_002.png,Cardiomegaly,0.08840841339428086,0.00207138
00013187_002.png,Infiltration,0.29438347616453897,0.00206184
00013187_002.png,Effusion,0.0032086980311122016,0.00199509
00013187_002.png,Effusion,0.0,0.00195503
00013187_002.png,Cardiomegaly,0.11661510210474481,0.00191116
00013187_002.png,Infiltration,0.0,0.00187492
00013187_002.png,Mass,0.0,0.00187397
00013187_002.png,Effusion,0.006976722432934246,0.00176048
00013187_002.png,Effusion,0.0,0.00171185
00013187_002.png,Effusion,0.0,0.00168991
00013187_002.png,Infiltration,0.03138879531595232,0.00166321
00013187_002.png,Cardiomegaly,0.12466185804074977,0.00165176
00013187_002.png,Effusion,0.0,0.00164604
00013187_002.png,Infiltration,0.0,0.00154591
00013187_002.png,Infiltration,0.04360211457943168,0.00153542
00013187_002.png,Effusion,0.0,0.00151157
00013187_002.png,Cardiomegaly,0.22770619012866655,0.00148678
00013187_002.png,Infiltration,0.012644828745400525,0.00144005
00013187_002.png,Cardiomegaly,0.08952184680600012,0.00143051
00013187_002.png,Mass,0.0,0.00142574
00013187_002.png,Cardiomegaly,0.05470255537102223,0.00142002
00013187_002.png,Cardiomegaly,0.03767741339677914,0.0014019
00013187_002.png,Infiltration,0.06473692790676877,0.00138664
00013187_002.png,Infiltration,0.0,0.00136089
00013187_002.png,Effusion,0.0,0.00134373
00013187_002.png,Infiltration,0.0,0.00133419
00013187_002.png,Infiltration,0.0032086980311122016,0.00133133
00013187_002.png,Infiltration,0.07556576380123167,0.00126076
00013187_002.png,Effusion,0.18075471216359215,0.00123215
00013187_002.png,Infiltration,0.05520662086986123,0.0012188
00013187_002.png,Effusion,0.0,0.00117207
00013187_002.png,Cardiomegaly,0.2215286039876452,0.0011673
00013187_002.png,Effusion,0.06801459835185991,0.00112724
00013187_002.png,Mass,0.0,0.00112629
00013187_002.png,Mass,0.105553962973402,0.00110054
00013187_002.png,Effusion,0.0,0.00102901
00013187_002.png,Effusion,0.0,0.00101757
00013187_002.png,Infiltration,0.0,0.00100422
00013051_000.png,Effusion,0.018164692662377975,0.0756836
00013051_000.png,Effusion,0.0,0.0546875
00013051_000.png,Mass,0.0,0.0375671
00013051_000.png,Cardiomegaly,0.0,0.0325623
00013051_000.png,Effusion,0.0,0.0268555
00013051_000.png,Cardiomegaly,0.019306672218265975,0.0239258
00013051_000.png,Infiltration,0.0,0.0233459
00013051_000.png,Infiltration,0.0,0.021759
00013051_000.png,Atelectasis,0.00868963571892309,0.0207062
00013051_000.png,Infiltration,0.0,0.0185852
00013051_000.png,Effusion,0.0,0.0156708
00013051_000.png,Infiltration,0.0,0.0119324
00013051_000.png,Cardiomegaly,0.0,0.0115585
00013051_000.png,Mass,0.0,0.0112915
00013051_000.png,Cardiomegaly,0.0,0.0111542
00013051_000.png,Effusion,0.4906019049017793,0.0110855
00013051_000.png,Mass,0.0,0.0109863
00013051_000.png,Infiltration,0.0,0.0107727
00013051_000.png,Effusion,0.0,0.0102386
00013051_000.png,Effusion,0.0,0.0100861
00013051_000.png,Infiltration,0.0,0.00935364
00013051_000.png,Effusion,0.0,0.00898743
00013051_000.png,Cardiomegaly,0.004214529946718652,0.00889587
00013051_000.png,Cardiomegaly,0.0,0.00863647
00013051_000.png,Cardiomegaly,0.0,0.00803375
00013051_000.png,Cardiomegaly,0.0,0.00783539
00013051_000.png,Cardiomegaly,0.0,0.00748825
00013051_000.png,Infiltration,0.0,0.00680923
00013051_000.png,Effusion,0.0,0.00633621
00013051_000.png,Mass,0.0,0.00537491
00013051_000.png,Cardiomegaly,0.0,0.00519562
00013051_000.png,Effusion,0.0,0.00511551
00013051_000.png,Effusion,0.0,0.00477219
00013051_000.png,Cardiomegaly,0.012472941134315893,0.00456238
00013051_000.png,Effusion,0.05523386222836724,0.00442886
00013051_000.png,Effusion,0.0,0.0043602
00013051_000.png,Cardiomegaly,0.0,0.0042305
00013051_000.png,Effusion,0.0,0.00421524
00013051_000.png,Effusion,0.0,0.00417328
00013051_000.png,Infiltration,0.0,0.00401306
00013051_000.png,Effusion,0.0,0.00386429
00013051_000.png,Mass,0.018238965269675517,0.00383949
00013051_000.png,Cardiomegaly,0.0,0.00379372
00013051_000.png,Cardiomegaly,0.0,0.00361061
00013051_000.png,Effusion,0.0,0.00353432
00013051_000.png,Mass,0.0,0.00350761
00013051_000.png,Effusion,0.0,0.00345039
00013051_000.png,Cardiomegaly,0.0,0.0034256
00013051_000.png,Cardiomegaly,0.035769691544772185,0.00331497
00013051_000.png,Infiltration,0.0,0.00322151
00013051_000.png,Effusion,0.0,0.0031929
00013051_000.png,Infiltration,0.0,0.00315666
00013051_000.png,Effusion,0.0,0.00314903
00013051_000.png,Mass,0.0,0.00312042
00013051_000.png,Cardiomegaly,0.0,0.00304604
00013051_000.png,Mass,0.0,0.00287056
00013051_000.png,Effusion,0.0,0.00283813
00013051_000.png,Effusion,0.8041820777449414,0.00275612
00013051_000.png,Effusion,0.0,0.00268555
00013051_000.png,Effusion,0.0,0.00263786
00013051_000.png,Effusion,0.0,0.00261879
00013051_000.png,Mass,0.029531476506562928,0.00260735
00013051_000.png,Effusion,0.0,0.00255775
00013051_000.png,Effusion,0.0,0.00254822
00013051_000.png,Effusion,0.0,0.00254631
00013051_000.png,Effusion,0.0,0.00250816
00013051_000.png,Effusion,0.0,0.00247002
00013051_000.png,Effusion,0.0,0.00242996
00013051_000.png,Mass,0.0,0.00233459
00013051_000.png,Effusion,0.0,0.00230408
00013051_000.png,Effusion,0.0,0.00229454
00013051_000.png,Mass,0.0,0.00224876
00013051_000.png,Effusion,0.0,0.00222588
00013051_000.png,Effusion,0.0585315517585128,0.00214958
00013051_000.png,Mass,0.0,0.00213051
00013051_000.png,Cardiomegaly,0.0,0.00209236
00013051_000.png,Infiltration,0.0,0.00208664
00013051_000.png,Mass,0.0,0.00207138
00013051_000.png,Mass,0.0,0.00203705
00013051_000.png,Infiltration,0.0,0.00202179
00013051_000.png,Effusion,0.0,0.00201797
00013051_000.png,Mass,0.0,0.00201607
00013051_000.png,Cardiomegaly,0.0,0.00200844
00013051_000.png,Effusion,0.0,0.00197029
00013051_000.png,Cardiomegaly,0.0,0.00195312
00013051_000.png,Effusion,0.0,0.00194931
00013051_000.png,Effusion,0.0,0.00192451
00013051_000.png,Mass,0.0,0.00191212
00013051_000.png,Infiltration,0.0,0.00187683
00013051_000.png,Mass,0.0,0.00187492
00013051_000.png,Cardiomegaly,0.0,0.00185966
00013051_000.png,Mass,0.0,0.00184727
00013051_000.png,Infiltration,0.0,0.00183296
00013051_000.png,Cardiomegaly,0.0,0.00183105
00013051_000.png,Effusion,0.0,0.00176144
00013051_000.png,Cardiomegaly,0.0,0.00170708
00013051_000.png,Effusion,0.0,0.00165844
00013051_000.png,Cardiomegaly,0.0,0.00161076
00013051_000.png,Effusion,0.0,0.00160694
00013051_000.png,Cardiomegaly,0.01665797327551759,0.00160503
00013051_000.png,Mass,0.0,0.00155449
00013051_000.png,Effusion,0.0,0.00150204
00013051_000.png,Mass,0.0,0.00147915
00013051_000.png,Mass,0.0,0.00147724
00013051_000.png,Effusion,0.0,0.00145531
00013051_000.png,Mass,0.0,0.00143051
00013051_000.png,Effusion,0.0,0.00142956
00013051_000.png,Infiltration,0.0,0.0014286
00013051_000.png,Cardiomegaly,0.0,0.00140476
00013051_000.png,Mass,0.0,0.00140381
00013051_000.png,Effusion,0.0,0.00139141
00013051_000.png,Effusion,0.0,0.00139141
00013051_000.png,Effusion,0.028201948479856832,0.00138378
00013051_000.png,Infiltration,0.0,0.00137711
00013051_000.png,Effusion,0.0,0.00134468
00013051_000.png,Cardiomegaly,0.0,0.00131416
00013051_000.png,Infiltration,0.06764337660041597,0.00131226
00013051_000.png,Effusion,0.0,0.00130939
00013051_000.png,Mass,0.0,0.00130367
00013051_000.png,Infiltration,0.0,0.00128841
00013051_000.png,Effusion,0.027148307543822442,0.00127602
00013051_000.png,Effusion,0.0,0.0012579
00013051_000.png,Cardiomegaly,0.007788342351255212,0.0012579
00013051_000.png,Cardiomegaly,0.0,0.00123405
00013051_000.png,Mass,0.0,0.00122166
00013051_000.png,Effusion,0.0,0.00121021
00013051_000.png,Effusion,0.0,0.0012064
00013051_000.png,Effusion,0.0,0.00118637
00013051_000.png,Effusion,0.0,0.00117779
00013051_000.png,Infiltration,0.0,0.00117683
00013051_000.png,Effusion,0.0,0.00117016
00013051_000.png,Infiltration,0.040791918724526297,0.00114822
00013051_000.png,Effusion,0.0,0.00114632
00013051_000.png,Effusion,0.0,0.00114059
00013051_000.png,Infiltration,0.0,0.00113869
00013051_000.png,Cardiomegaly,0.05542296686818905,0.00113869
00013051_000.png,Effusion,0.0,0.00113678
00013051_000.png,Mass,0.03177261669868184,0.00113106
00013051_000.png,Infiltration,0.0,0.00112629
00013051_000.png,Effusion,0.0,0.00112438
00013051_000.png,Mass,0.0,0.00110626
00013051_000.png,Mass,0.0,0.00110435
00013051_000.png,Effusion,0.0,0.00108242
00013051_000.png,Mass,0.012472941134315893,0.00107479
00013051_000.png,Effusion,0.0,0.00106812
00013051_000.png,Effusion,0.0,0.00105381
00013051_000.png,Infiltration,0.0,0.0010376
00013051_000.png,Effusion,0.0,0.00103664
00013051_000.png,Infiltration,0.0,0.00101471
00013051_000.png,Effusion,0.0,0.00101376
00013051_000.png,Cardiomegaly,0.0,0.00101089
00013051_000.png,Mass,0.0,0.00100517
00028774_047.png,Atelectasis,0.0,0.213257
00028774_047.png,Cardiomegaly,0.43270900249565736,0.0718994
00028774_047.png,Cardiomegaly,0.0,0.0583801
00028774_047.png,Cardiomegaly,0.5010084836182288,0.0383301
00028774_047.png,Cardiomegaly,0.7502095815907208,0.0339355
00028774_047.png,Effusion,0.0,0.0253906
00028774_047.png,Cardiomegaly,0.6264112196773426,0.023407
00028774_047.png,Infiltration,0.04129309393268482,0.0223389
00028774_047.png,Infiltration,0.0,0.0168304
00028774_047.png,Infiltration,0.13544403154371454,0.0167389
00028774_047.png,Infiltration,0.0,0.0162964
00028774_047.png,Cardiomegaly,0.0,0.015274
00028774_047.png,Cardiomegaly,0.0,0.0150375
00028774_047.png,Cardiomegaly,0.0,0.0148773
00028774_047.png,Infiltration,0.0,0.0131912
00028774_047.png,Effusion,0.0,0.0123978
00028774_047.png,Cardiomegaly,0.3854861617679474,0.0118256
00028774_047.png,Cardiomegaly,0.0,0.011322
00028774_047.png,Cardiomegaly,0.1922487197859936,0.0110855
00028774_047.png,Mass,0.0,0.0108185
00028774_047.png,Mass,0.0,0.0107269
00028774_047.png,Cardiomegaly,0.696977308111679,0.0104828
00028774_047.png,Infiltration,0.23498254680035463,0.0103149
00028774_047.png,Cardiomegaly,0.0,0.010231
00028774_047.png,Atelectasis,0.0,0.0100479
00028774_047.png,Cardiomegaly,0.7778454945025811,0.00940704
00028774_047.png,Infiltration,0.0,0.00907898
00028774_047.png,Cardiomegaly,0.5204471663097171,0.0089035
00028774_047.png,Infiltration,0.0,0.00751114
00028774_047.png,Cardiomegaly,0.0,0.00736618
00028774_047.png,Cardiomegaly,0.0,0.00717163
00028774_047.png,Cardiomegaly,0.0,0.0068512
00028774_047.png,Infiltration,0.0,0.00661087
00028774_047.png,Mass,0.0,0.00633621
00028774_047.png,Cardiomegaly,0.33653520242627516,0.0062027
00028774_047.png,Infiltration,0.0,0.0058403
00028774_047.png,Cardiomegaly,0.0,0.00572586
00028774_047.png,Effusion,0.0,0.00538254
00028774_047.png,Infiltration,0.0,0.00506973
00028774_047.png,Cardiomegaly,0.34719056116620506,0.00506592
00028774_047.png,Cardiomegaly,0.0,0.00499344
00028774_047.png,Infiltration,0.0,0.00495529
00028774_047.png,Infiltration,0.0,0.00483322
00028774_047.png,Effusion,0.0,0.00426102
00028774_047.png,Infiltration,0.0,0.00404739
00028774_047.png,Cardiomegaly,0.505807444235601,0.00401688
00028774_047.png,Atelectasis,0.0,0.00385857
00028774_047.png,Atelectasis,0.0,0.00347328
00028774_047.png,Cardiomegaly,0.4005675033199415,0.00345612
00028774_047.png,Infiltration,0.0,0.00338936
00028774_047.png,Infiltration,0.0,0.00331306
00028774_047.png,Cardiomegaly,0.5372084795914938,0.00330162
00028774_047.png,Mass,0.0,0.00327682
00028774_047.png,Effusion,0.0,0.0031662
00028774_047.png,Cardiomegaly,0.0,0.00313568
00028774_047.png,Effusion,0.0,0.00308418
00028774_047.png,Infiltration,0.17647169319912004,0.00308418
00028774_047.png,Mass,0.0,0.00296783
00028774_047.png,Infiltration,0.0,0.00288773
00028774_047.png,Mass,0.0,0.00267029
00028774_047.png,Cardiomegaly,0.0,0.00266075
00028774_047.png,Cardiomegaly,0.0,0.00260353
00028774_047.png,Cardiomegaly,0.0,0.00251961
00028774_047.png,Cardiomegaly,0.42691390643310295,0.00251198
00028774_047.png,Mass,0.0,0.00248337
00028774_047.png,Cardiomegaly,0.0,0.00238228
00028774_047.png,Cardiomegaly,0.0,0.00237274
00028774_047.png,Cardiomegaly,0.5393633293350514,0.00229645
00028774_047.png,Cardiomegaly,0.0,0.00226784
00028774_047.png,Mass,0.0,0.0022068
00028774_047.png,Mass,0.0,0.00219727
00028774_047.png,Infiltration,0.0,0.00212479
00028774_047.png,Effusion,0.0,0.00211906
00028774_047.png,Mass,0.0,0.00204277
00028774_047.png,Infiltration,0.1080329934880086,0.00203323
00028774_047.png,Cardiomegaly,0.0,0.00201988
00028774_047.png,Cardiomegaly,0.12039730685350644,0.00201416
00028774_047.png,Infiltration,0.0,0.00193501
00028774_047.png,Mass,0.0,0.00188541
00028774_047.png,Mass,0.0,0.00186348
00028774_047.png,Mass,0.0,0.00180244
00028774_047.png,Cardiomegaly,0.0,0.00179482
00028774_047.png,Cardiomegaly,0.0,0.00177193
00028774_047.png,Mass,0.0,0.0017271
00028774_047.png,Cardiomegaly,0.0,0.00172234
00028774_047.png,Cardiomegaly,0.2157679513624122,0.00170708
00028774_047.png,Mass,0.0,0.00170326
00028774_047.png,Effusion,0.0,0.00160885
00028774_047.png,Infiltration,0.052949260635379206,0.00160694
00028774_047.png,Infiltration,0.0,0.0015955
00028774_047.png,Effusion,0.0,0.00153637
00028774_047.png,Effusion,0.0,0.00146961
00028774_047.png,Infiltration,0.0,0.00146389
00028774_047.png,Cardiomegaly,0.0,0.00146198
00028774_047.png,Cardiomegaly,0.3280016131625764,0.00142765
00028774_047.png,Mass,0.0,0.00140285
00028774_047.png,Cardiomegaly,0.0,0.00140285
00028774_047.png,Cardiomegaly,0.6320542458429353,0.00138092
00028774_047.png,Mass,0.0,0.00136852
00028774_047.png,Infiltration,0.0,0.00135326
00028774_047.png,Infiltration,0.0,0.00134373
00028774_047.png,Mass,0.0,0.00130939
00028774_047.png,Atelectasis,0.0,0.00130749
00028774_047.png,Mass,0.1485187640522203,0.00130177
00028774_047.png,Infiltration,0.0,0.00128841
00028774_047.png,Effusion,0.0,0.00127029
00028774_047.png,Mass,0.0,0.00126743
00028774_047.png,Cardiomegaly,0.0,0.00125217
00028774_047.png,Effusion,0.0,0.00125122
00028774_047.png,Mass,0.0,0.00124836
00028774_047.png,Cardiomegaly,0.0,0.00123787
00028774_047.png,Mass,0.0,0.00122166
00028774_047.png,Effusion,0.0,0.00120544
00028774_047.png,Infiltration,0.19741228343056977,0.00119686
00028774_047.png,Effusion,0.0,0.00119495
00028774_047.png,Effusion,0.0,0.00118923
00028774_047.png,Cardiomegaly,0.0,0.00117588
00028774_047.png,Cardiomegaly,0.11659726164669922,0.00113964
00028774_047.png,Effusion,0.0,0.00113487
00028774_047.png,Effusion,0.0,0.00112915
00028774_047.png,Cardiomegaly,0.0,0.0010891
00028774_047.png,Effusion,0.0,0.00108719
00028774_047.png,Effusion,0.0,0.00108433
00028774_047.png,Cardiomegaly,0.0,0.00107861
00028774_047.png,Infiltration,0.0,0.00107384
00028774_047.png,Infiltration,0.0,0.00105
00028774_047.png,Infiltration,0.0,0.00104427
00028774_047.png,Mass,0.0,0.00103855
00028774_047.png,Mass,0.0,0.00103569
00028774_047.png,Cardiomegaly,0.0,0.00102901
00028774_047.png,Mass,0.0,0.00102615
00028774_047.png,Effusion,0.0,0.0010252
00028774_047.png,Infiltration,0.0,0.00102234
00028774_047.png,Effusion,0.0,0.00101662
00028774_047.png,Cardiomegaly,0.0,0.00101662
00028774_047.png,Infiltration,0.0,0.00101376
00028774_047.png,Effusion,0.0,0.00101089
00019058_004.png,Effusion,0.0,0.0744629
00019058_004.png,Infiltration,0.0,0.0382996
00019058_004.png,Infiltration,0.0,0.0322571
00019058_004.png,Effusion,0.7228216957147837,0.026947
00019058_004.png,Effusion,0.0,0.0211334
00019058_004.png,Infiltration,0.0,0.0168762
00019058_004.png,Atelectasis,0.047696787350019317,0.0160675
00019058_004.png,Infiltration,0.0,0.0149765
00019058_004.png,Infiltration,0.0,0.0124817
00019058_004.png,Infiltration,0.0,0.0109406
00019058_004.png,Infiltration,0.3452587875499701,0.00873566
00019058_004.png,Infiltration,0.0,0.0085907
00019058_004.png,Infiltration,0.0,0.00857544
00019058_004.png,Effusion,0.5590689334244661,0.00745773
00019058_004.png,Infiltration,0.0,0.00710678
00019058_004.png,Effusion,0.0,0.00660706
00019058_004.png,Effusion,0.0,0.00630951
00019058_004.png,Cardiomegaly,0.012432769711089916,0.00553513
00019058_004.png,Cardiomegaly,0.0,0.0054245
00019058_004.png,Effusion,0.0,0.0053215
00019058_004.png,Infiltration,0.0,0.0052681
00019058_004.png,Effusion,0.0,0.00525665
00019058_004.png,Infiltration,0.0,0.00521851
00019058_004.png,Cardiomegaly,0.0,0.00444031
00019058_004.png,Atelectasis,0.07345308929587704,0.00424194
00019058_004.png,Effusion,0.0,0.0042305
00019058_004.png,Effusion,0.0,0.00422287
00019058_004.png,Infiltration,0.0,0.0037632
00019058_004.png,Infiltration,0.0,0.00376129
00019058_004.png,Effusion,0.0,0.00373459
00019058_004.png,Infiltration,0.0,0.00352859
00019058_004.png,Cardiomegaly,0.05081870106096039,0.00348091
00019058_004.png,Infiltration,0.0,0.00338173
00019058_004.png,Infiltration,0.0,0.00324631
00019058_004.png,Effusion,0.0,0.00322342
00019058_004.png,Infiltration,0.0,0.00317001
00019058_004.png,Mass,0.0,0.00315285
00019058_004.png,Effusion,0.0,0.00300026
00019058_004.png,Effusion,0.0,0.00284958
00019058_004.png,Effusion,0.0,0.00272751
00019058_004.png,Infiltration,0.0,0.00263977
00019058_004.png,Cardiomegaly,0.0,0.00257683
00019058_004.png,Effusion,0.0,0.00257111
00019058_004.png,Mass,0.0,0.00248909
00019058_004.png,Infiltration,0.0,0.00238609
00019058_004.png,Cardiomegaly,0.10177344325757202,0.00234604
00019058_004.png,Infiltration,0.32587630131883555,0.00231361
00019058_004.png,Effusion,0.0,0.00229263
00019058_004.png,Effusion,0.0,0.00225639
00019058_004.png,Cardiomegaly,0.0,0.00224876
00019058_004.png,Effusion,0.0,0.00218773
00019058_004.png,Effusion,0.0,0.0021801
00019058_004.png,Infiltration,0.0,0.00216866
00019058_004.png,Effusion,0.0,0.00212288
00019058_004.png,Effusion,0.0,0.00211334
00019058_004.png,Effusion,0.0,0.00209236
00019058_004.png,Mass,0.0,0.00209236
00019058_004.png,Effusion,0.0,0.00208855
00019058_004.png,Effusion,0.01013279435516664,0.00207329
00019058_004.png,Mass,0.0,0.00201607
00019058_004.png,Effusion,0.0,0.00200081
00019058_004.png,Effusion,0.0,0.00193882
00019058_004.png,Infiltration,0.0,0.00192165
00019058_004.png,Mass,0.0,0.00191402
00019058_004.png,Infiltration,0.0,0.00190353
00019058_004.png,Effusion,0.0,0.001894
00019058_004.png,Effusion,0.0,0.00189304
00019058_004.png,Effusion,0.0,0.00188732
00019058_004.png,Effusion,0.0,0.00188065
00019058_004.png,Effusion,0.026893332134791014,0.0018425
00019058_004.png,Infiltration,0.0,0.00183201
00019058_004.png,Effusion,0.0,0.00182343
00019058_004.png,Cardiomegaly,0.0,0.00181484
00019058_004.png,Infiltration,0.0,0.0017786
00019058_004.png,Effusion,0.0,0.0017767
00019058_004.png,Infiltration,0.0,0.00176716
00019058_004.png,Infiltration,0.0,0.00174713
00019058_004.png,Effusion,0.0,0.00174236
00019058_004.png,Effusion,0.0,0.00171089
00019058_004.png,Effusion,0.0,0.00164986
00019058_004.png,Effusion,0.3086560990662698,0.00155544
00019058_004.png,Effusion,0.0,0.00153542
00019058_004.png,Effusion,0.0,0.00153255
00019058_004.png,Cardiomegaly,0.02537878555435942,0.00152779
00019058_004.png,Effusion,0.005828525457108401,0.00151062
00019058_004.png,Effusion,0.0,0.00145626
00019058_004.png,Effusion,0.0,0.001441
00019058_004.png,Effusion,0.0,0.00141335
00019058_004.png,Infiltration,0.23938258742504534,0.00139904
00019058_004.png,Effusion,0.0,0.00139713
00019058_004.png,Mass,0.0,0.0013628
00019058_004.png,Infiltration,0.0,0.0013485
00019058_004.png,Effusion,0.0,0.00132656
00019058_004.png,Effusion,0.0,0.00131035
00019058_004.png,Effusion,0.0,0.00129128
00019058_004.png,Mass,0.0,0.00128841
00019058_004.png,Effusion,0.0,0.00126171
00019058_004.png,Mass,0.0,0.00123692
00019058_004.png,Effusion,0.046300733222326675,0.00122833
00019058_004.png,Mass,0.0,0.00120926
00019058_004.png,Effusion,0.0,0.00118351
00019058_004.png,Effusion,0.0,0.00117588
00019058_004.png,Effusion,0.0,0.00117111
00019058_004.png,Cardiomegaly,0.0,0.00116634
00019058_004.png,Effusion,0.0,0.00115681
00019058_004.png,Infiltration,0.0,0.00115681
00019058_004.png,Effusion,0.04796775453041669,0.00115395
00019058_004.png,Effusion,0.017797531867931288,0.00114155
00019058_004.png,Effusion,0.0,0.00113678
00019058_004.png,Effusion,0.0,0.00113297
00019058_004.png,Infiltration,0.0,0.00113201
00019058_004.png,Mass,0.0,0.00111485
00019058_004.png,Infiltration,0.0,0.00111008
00019058_004.png,Effusion,0.0,0.00109577
00019058_004.png,Infiltration,0.0,0.00108051
00019058_004.png,Infiltration,0.0,0.00107574
00019058_004.png,Effusion,0.016062276692769946,0.0010643
00019058_004.png,Effusion,0.0,0.00105381
00019058_004.png,Atelectasis,0.06152050863723159,0.0010376
00019058_004.png,Cardiomegaly,0.0,0.00101376
00019058_004.png,Effusion,0.0,0.0010128
00019058_004.png,Cardiomegaly,0.0,0.00101089
00015058_024.png,Effusion,0.0,0.213013
00015058_024.png,Atelectasis,0.06262657125509731,0.156006
00015058_024.png,Cardiomegaly,0.0,0.0869141
00015058_024.png,Atelectasis,0.011978540479537258,0.0369263
00015058_024.png,Effusion,0.0,0.0258331
00015058_024.png,Effusion,0.0,0.0205231
00015058_024.png,Cardiomegaly,0.0,0.0199585
00015058_024.png,Cardiomegaly,0.0,0.0156555
00015058_024.png,Cardiomegaly,0.0,0.0149536
00015058_024.png,Effusion,0.0,0.0141525
00015058_024.png,Cardiomegaly,0.0,0.0126343
00015058_024.png,Effusion,0.0,0.0124512
00015058_024.png,Effusion,0.0,0.0117493
00015058_024.png,Effusion,0.0,0.0116653
00015058_024.png,Effusion,0.0,0.0115662
00015058_024.png,Infiltration,0.0,0.0110474
00015058_024.png,Infiltration,0.0,0.00794983
00015058_024.png,Cardiomegaly,0.4513030996336141,0.00702667
00015058_024.png,Effusion,0.0,0.00699615
00015058_024.png,Infiltration,0.0,0.00690079
00015058_024.png,Cardiomegaly,0.0,0.00678635
00015058_024.png,Infiltration,0.0,0.00614929
00015058_024.png,Cardiomegaly,0.0,0.00572205
00015058_024.png,Effusion,0.0,0.00570297
00015058_024.png,Infiltration,0.0,0.00562286
00015058_024.png,Cardiomegaly,0.0,0.00543594
00015058_024.png,Infiltration,0.030613104318555885,0.00533295
00015058_024.png,Atelectasis,0.07661028808188995,0.0051918
00015058_024.png,Cardiomegaly,0.0,0.0051384
00015058_024.png,Cardiomegaly,0.0,0.00502777
00015058_024.png,Infiltration,0.0,0.00491714
00015058_024.png,Cardiomegaly,0.0,0.00490189
00015058_024.png,Infiltration,0.0,0.00468826
00015058_024.png,Infiltration,0.0,0.00462723
00015058_024.png,Effusion,0.0,0.00458527
00015058_024.png,Cardiomegaly,0.0,0.00434875
00015058_024.png,Effusion,0.0,0.00432968
00015058_024.png,Effusion,0.0,0.00419235
00015058_024.png,Cardiomegaly,0.0,0.00387192
00015058_024.png,Effusion,0.0,0.0038662
00015058_024.png,Infiltration,0.0,0.00381279
00015058_024.png,Effusion,0.0,0.00369835
00015058_024.png,Cardiomegaly,0.0,0.00356865
00015058_024.png,Infiltration,0.0,0.00348091
00015058_024.png,Infiltration,0.0,0.00345993
00015058_024.png,Cardiomegaly,0.0,0.00332642
00015058_024.png,Effusion,0.0,0.00325584
00015058_024.png,Infiltration,0.0,0.00321198
00015058_024.png,Infiltration,0.0,0.00320625
00015058_024.png,Effusion,0.0,0.00312042
00015058_024.png,Infiltration,0.0,0.00307655
00015058_024.png,Infiltration,0.0,0.00301743
00015058_024.png,Infiltration,0.0,0.00295067
00015058_024.png,Effusion,0.0,0.0029335
00015058_024.png,Effusion,0.0,0.00282097
00015058_024.png,Effusion,0.0,0.00278664
00015058_024.png,Infiltration,0.12980790447970955,0.00275421
00015058_024.png,Infiltration,0.518338741609508,0.00263977
00015058_024.png,Mass,0.0,0.00259399
00015058_024.png,Effusion,0.0,0.00257492
00015058_024.png,Cardiomegaly,0.03054042993645248,0.00255966
00015058_024.png,Effusion,0.0,0.00252914
00015058_024.png,Mass,0.0,0.0024662
00015058_024.png,Effusion,0.0,0.00245857
00015058_024.png,Effusion,0.0,0.00245285
00015058_024.png,Cardiomegaly,0.09963018465897652,0.00244522
00015058_024.png,Effusion,0.0,0.00242615
00015058_024.png,Infiltration,0.0,0.00238991
00015058_024.png,Infiltration,0.0,0.00238419
00015058_024.png,Effusion,0.0,0.00222969
00015058_024.png,Infiltration,0.0,0.00222778
00015058_024.png,Effusion,0.0,0.00221062
00015058_024.png,Cardiomegaly,0.0,0.0022049
00015058_024.png,Effusion,0.0,0.00219154
00015058_024.png,Infiltration,0.0,0.00209236
00015058_024.png,Cardiomegaly,0.0,0.00206566
00015058_024.png,Cardiomegaly,0.0,0.00206184
00015058_024.png,Cardiomegaly,0.3375188970501337,0.00205231
00015058_024.png,Infiltration,0.18050077827455022,0.00195885
00015058_024.png,Effusion,0.0,0.00189114
00015058_024.png,Cardiomegaly,0.0,0.0018568
00015058_024.png,Effusion,0.0,0.00181961
00015058_024.png,Effusion,0.0,0.00181484
00015058_024.png,Cardiomegaly,0.0,0.00180149
00015058_024.png,Infiltration,0.17797741950207313,0.00174236
00015058_024.png,Infiltration,0.0,0.00169849
00015058_024.png,Effusion,0.0,0.00168514
00015058_024.png,Effusion,0.0,0.00161743
00015058_024.png,Cardiomegaly,0.0,0.00157261
00015058_024.png,Effusion,0.0,0.00156403
00015058_024.png,Cardiomegaly,0.0,0.00153637
00015058_024.png,Cardiomegaly,0.20214004704890748,0.00152493
00015058_024.png,Effusion,0.0,0.00152016
00015058_024.png,Mass,0.0,0.00151157
00015058_024.png,Infiltration,0.0,0.00147915
00015058_024.png,Effusion,0.03129736490287994,0.0014658
00015058_024.png,Atelectasis,0.0,0.00145245
00015058_024.png,Infiltration,0.0,0.00143528
00015058_024.png,Infiltration,0.0,0.00143433
00015058_024.png,Infiltration,0.0,0.0014143
00015058_024.png,Mass,0.0,0.00140572
00015058_024.png,Effusion,0.0,0.00136471
00015058_024.png,Infiltration,0.0,0.00135326
00015058_024.png,Mass,0.0,0.00131512
00015058_024.png,Effusion,0.0,0.00128651
00015058_024.png,Infiltration,0.0,0.00127983
00015058_024.png,Effusion,0.0,0.00127983
00015058_024.png,Infiltration,0.0,0.00126171
00015058_024.png,Effusion,0.0,0.00124168
00015058_024.png,Effusion,0.0,0.00123215
00015058_024.png,Effusion,0.0,0.00122261
00015058_024.png,Infiltration,0.15028516400598307,0.00121403
00015058_024.png,Effusion,0.0,0.00121117
00015058_024.png,Atelectasis,0.0,0.00119781
00015058_024.png,Infiltration,0.0,0.001194
00015058_024.png,Effusion,0.0,0.00118923
00015058_024.png,Infiltration,0.0,0.00118065
00015058_024.png,Effusion,0.0,0.00114441
00015058_024.png,Effusion,0.0,0.00114441
00015058_024.png,Cardiomegaly,0.0,0.00114346
00015058_024.png,Effusion,0.0,0.00111961
00015058_024.png,Effusion,0.0,0.00110245
00015058_024.png,Infiltration,0.0,0.00109291
00015058_024.png,Cardiomegaly,0.0,0.00109291
00015058_024.png,Infiltration,0.0,0.00108433
00015058_024.png,Infiltration,0.2538052222745281,0.00108433
00015058_024.png,Atelectasis,0.0,0.00107861
00015058_024.png,Infiltration,0.0,0.00107765
00015058_024.png,Effusion,0.0,0.00107288
00015058_024.png,Infiltration,0.0,0.00107193
00015058_024.png,Cardiomegaly,0.0,0.00106621
00015058_024.png,Effusion,0.01629711766354597,0.0010519
00015058_024.png,Infiltration,0.0,0.00103283
00015058_024.png,Effusion,0.0,0.00102139
00015058_024.png,Effusion,0.0,0.00102043
00000054_003.png,Atelectasis,0.0,0.153809
00000054_003.png,Infiltration,0.0,0.069519
00000054_003.png,Infiltration,0.0,0.0626831
00000054_003.png,Effusion,0.0,0.0617981
00000054_003.png,Effusion,0.0,0.0608521
00000054_003.png,Cardiomegaly,0.0,0.0534363
00000054_003.png,Infiltration,0.0,0.0407715
00000054_003.png,Infiltration,0.0,0.0256958
00000054_003.png,Mass,0.0,0.0235443
00000054_003.png,Infiltration,0.0,0.0196228
00000054_003.png,Mass,0.0,0.0185242
00000054_003.png,Effusion,0.0,0.0170135
00000054_003.png,Infiltration,0.0,0.0145721
00000054_003.png,Infiltration,0.0,0.0141525
00000054_003.png,Infiltration,0.0,0.0124893
00000054_003.png,Infiltration,0.0,0.0119247
00000054_003.png,Infiltration,0.0,0.0118408
00000054_003.png,Cardiomegaly,0.0,0.0109711
00000054_003.png,Infiltration,0.0,0.0107956
00000054_003.png,Infiltration,0.0,0.0104065
00000054_003.png,Infiltration,0.0,0.00997162
00000054_003.png,Infiltration,0.0,0.00972748
00000054_003.png,Mass,0.0,0.00971985
00000054_003.png,Infiltration,0.0,0.00930786
00000054_003.png,Mass,0.0,0.00894165
00000054_003.png,Mass,0.0,0.00839996
00000054_003.png,Cardiomegaly,0.0,0.00808716
00000054_003.png,Mass,0.0,0.00751495
00000054_003.png,Infiltration,0.0,0.00749969
00000054_003.png,Mass,0.0,0.00697708
00000054_003.png,Mass,0.0,0.00633621
00000054_003.png,Effusion,0.0,0.00595474
00000054_003.png,Cardiomegaly,0.0,0.00589752
00000054_003.png,Infiltration,0.0,0.00548935
00000054_003.png,Mass,0.0,0.0052948
00000054_003.png,Effusion,0.0,0.00512314
00000054_003.png,Infiltration,0.0,0.00508881
00000054_003.png,Mass,0.0,0.00501633
00000054_003.png,Infiltration,0.0,0.00486374
00000054_003.png,Effusion,0.0,0.00467682
00000054_003.png,Mass,0.0,0.00432587
00000054_003.png,Infiltration,0.0,0.00428009
00000054_003.png,Mass,0.0,0.00427628
00000054_003.png,Effusion,0.0,0.00415421
00000054_003.png,Cardiomegaly,0.0,0.00377846
00000054_003.png,Effusion,0.0,0.00376511
00000054_003.png,Infiltration,0.0,0.00373268
00000054_003.png,Infiltration,0.0,0.00367737
00000054_003.png,Infiltration,0.0,0.00366211
00000054_003.png,Effusion,0.0,0.00350952
00000054_003.png,Effusion,0.0,0.00338936
00000054_003.png,Infiltration,0.0,0.00322533
00000054_003.png,Effusion,0.0,0.00319481
00000054_003.png,Infiltration,0.0,0.0031414
00000054_003.png,Infiltration,0.0,0.00309944
00000054_003.png,Infiltration,0.0,0.00303268
00000054_003.png,Infiltration,0.0,0.00297546
00000054_003.png,Mass,0.0,0.00285339
00000054_003.png,Effusion,0.0,0.00282288
00000054_003.png,Effusion,0.0,0.00282288
00000054_003.png,Effusion,0.0,0.00279045
00000054_003.png,Effusion,0.0,0.0027771
00000054_003.png,Effusion,0.0,0.00277519
00000054_003.png,Infiltration,0.0,0.00273705
00000054_003.png,Mass,0.0,0.00267601
00000054_003.png,Infiltration,0.0,0.00261688
00000054_003.png,Effusion,0.0,0.00245476
00000054_003.png,Mass,0.0,0.0024395
00000054_003.png,Effusion,0.0,0.00240517
00000054_003.png,Effusion,0.0,0.00237656
00000054_003.png,Cardiomegaly,0.0,0.00237083
00000054_003.png,Mass,0.0,0.00235558
00000054_003.png,Effusion,0.0,0.00232697
00000054_003.png,Infiltration,0.0,0.0022831
00000054_003.png,Mass,0.0,0.00222969
00000054_003.png,Mass,0.0,0.0022068
00000054_003.png,Effusion,0.0,0.00211143
00000054_003.png,Infiltration,0.0,0.0020771
00000054_003.png,Infiltration,0.0,0.00205803
00000054_003.png,Infiltration,0.0,0.00199509
00000054_003.png,Infiltration,0.0,0.00193691
00000054_003.png,Effusion,0.0,0.00190735
00000054_003.png,Infiltration,0.0,0.0018959
00000054_003.png,Infiltration,0.0,0.001894
00000054_003.png,Mass,0.0,0.0018816
00000054_003.png,Infiltration,0.0,0.00187016
00000054_003.png,Effusion,0.0,0.00184441
00000054_003.png,Cardiomegaly,0.0,0.00182152
00000054_003.png,Effusion,0.0,0.00179291
00000054_003.png,Infiltration,0.0,0.00179195
00000054_003.png,Infiltration,0.0,0.00178814
00000054_003.png,Effusion,0.0,0.00178146
00000054_003.png,Infiltration,0.0,0.00177574
00000054_003.png,Effusion,0.0,0.00177479
00000054_003.png,Cardiomegaly,0.0,0.00177002
00000054_003.png,Effusion,0.0,0.00175762
00000054_003.png,Effusion,0.0,0.00175476
00000054_003.png,Effusion,0.0,0.00172806
00000054_003.png,Effusion,0.0,0.00170994
00000054_003.png,Effusion,0.0,0.00164127
00000054_003.png,Mass,0.0,0.0016346
00000054_003.png,Effusion,0.0,0.00162697
00000054_003.png,Effusion,0.0,0.00162315
00000054_003.png,Infiltration,0.0,0.00158119
00000054_003.png,Effusion,0.0,0.00152493
00000054_003.png,Infiltration,0.0,0.00151634
00000054_003.png,Cardiomegaly,0.0,0.00148106
00000054_003.png,Effusion,0.0,0.00144768
00000054_003.png,Infiltration,0.0,0.00143909
00000054_003.png,Effusion,0.0,0.00142288
00000054_003.png,Effusion,0.0,0.00140285
00000054_003.png,Infiltration,0.0,0.00139713
00000054_003.png,Infiltration,0.0,0.00138855
00000054_003.png,Effusion,0.0,0.00135899
00000054_003.png,Infiltration,0.0,0.00135803
00000054_003.png,Infiltration,0.0,0.00134468
00000054_003.png,Cardiomegaly,0.0,0.00134277
00000054_003.png,Cardiomegaly,0.0,0.00133133
00000054_003.png,Infiltration,0.0,0.00131702
00000054_003.png,Effusion,0.0,0.00129509
00000054_003.png,Cardiomegaly,0.0,0.00129509
00000054_003.png,Effusion,0.0,0.00129128
00000054_003.png,Infiltration,0.0,0.00129032
00000054_003.png,Infiltration,0.0,0.00128937
00000054_003.png,Effusion,0.0,0.00127792
00000054_003.png,Mass,0.0,0.00123405
00000054_003.png,Infiltration,0.0,0.00122356
00000054_003.png,Effusion,0.0,0.00120831
00000054_003.png,Infiltration,0.0,0.00117874
00000054_003.png,Effusion,0.0,0.00117302
00000054_003.png,Infiltration,0.0,0.0011692
00000054_003.png,Infiltration,0.0,0.00115871
00000054_003.png,Infiltration,0.0,0.00115395
00000054_003.png,Infiltration,0.0,0.00113583
00000054_003.png,Cardiomegaly,0.0,0.0011301
00000054_003.png,Mass,0.0,0.00110722
00000054_003.png,Effusion,0.0,0.00109959
00000054_003.png,Effusion,0.0,0.00109386
00000054_003.png,Effusion,0.0,0.00108337
00000054_003.png,Mass,0.0,0.00107956
00000054_003.png,Effusion,0.0,0.00107574
00000054_003.png,Mass,0.0,0.00105572
00000054_003.png,Mass,0.0,0.00105381
00000054_003.png,Effusion,0.0,0.00104523
00000054_003.png,Infiltration,0.0,0.00104523
00000054_003.png,Effusion,0.0,0.00104237
00000054_003.png,Infiltration,0.0,0.00102615
00000054_003.png,Infiltration,0.0,0.00101376
00000054_003.png,Effusion,0.0,0.00101185
00000054_003.png,Effusion,0.0,0.00100899
00017028_000.png,Effusion,0.0,0.11792
00017028_000.png,Effusion,0.7173653271222531,0.0847168
00017028_000.png,Effusion,0.0,0.0769653
00017028_000.png,Mass,0.0,0.0522461
00017028_000.png,Mass,0.0,0.045929
00017028_000.png,Effusion,0.0,0.0370789
00017028_000.png,Effusion,0.0,0.0347595
00017028_000.png,Mass,0.0,0.029068
00017028_000.png,Effusion,0.0,0.0228729
00017028_000.png,Mass,0.0,0.0186462
00017028_000.png,Effusion,0.0,0.0184479
00017028_000.png,Cardiomegaly,0.020339847308593933,0.0172577
00017028_000.png,Mass,0.0,0.0155029
00017028_000.png,Cardiomegaly,0.0037734768590802106,0.0133591
00017028_000.png,Atelectasis,0.0,0.0110779
00017028_000.png,Cardiomegaly,0.03453876803253034,0.0100555
00017028_000.png,Mass,0.0,0.00973511
00017028_000.png,Mass,0.0,0.00912476
00017028_000.png,Effusion,0.0,0.00867462
00017028_000.png,Effusion,0.0,0.00837708
00017028_000.png,Mass,0.0,0.00804138
00017028_000.png,Infiltration,0.0,0.00800323
00017028_000.png,Mass,0.0,0.00763321
00017028_000.png,Infiltration,0.0,0.00761795
00017028_000.png,Effusion,0.0,0.00735855
00017028_000.png,Mass,0.0,0.00714874
00017028_000.png,Mass,0.0,0.00654221
00017028_000.png,Mass,0.0,0.00642014
00017028_000.png,Infiltration,0.0,0.00615692
00017028_000.png,Effusion,0.0,0.00554657
00017028_000.png,Infiltration,0.11751103540718404,0.0051384
00017028_000.png,Infiltration,0.0,0.00495911
00017028_000.png,Effusion,0.0,0.00479889
00017028_000.png,Mass,0.0,0.00471878
00017028_000.png,Effusion,0.0,0.00457382
00017028_000.png,Mass,0.06777111946714133,0.00446701
00017028_000.png,Effusion,0.11751103540718404,0.00442505
00017028_000.png,Infiltration,0.0,0.00437927
00017028_000.png,Effusion,0.0,0.00431442
00017028_000.png,Mass,0.0,0.00429916
00017028_000.png,Cardiomegaly,0.007262611497489975,0.00410461
00017028_000.png,Infiltration,0.0,0.0040741
00017028_000.png,Cardiomegaly,0.0,0.00398254
00017028_000.png,Effusion,0.0,0.00397491
00017028_000.png,Mass,0.0,0.00391769
00017028_000.png,Infiltration,0.0,0.00379944
00017028_000.png,Infiltration,0.0,0.00377083
00017028_000.png,Cardiomegaly,0.0,0.00369644
00017028_000.png,Effusion,0.0,0.00368881
00017028_000.png,Mass,0.0,0.00364685
00017028_000.png,Mass,0.0,0.00354385
00017028_000.png,Effusion,0.0,0.00353432
00017028_000.png,Cardiomegaly,3.5238466371631286e-05,0.00329208
00017028_000.png,Mass,0.0,0.0032444
00017028_000.png,Infiltration,0.0,0.00314331
00017028_000.png,Cardiomegaly,0.0,0.00310898
00017028_000.png,Mass,0.008588752851451447,0.00297165
00017028_000.png,Effusion,0.0,0.00288963
00017028_000.png,Infiltration,0.0903472480317614,0.002882
00017028_000.png,Mass,0.0,0.00283813
00017028_000.png,Effusion,0.0,0.00273323
00017028_000.png,Infiltration,0.42542799788766367,0.00272369
00017028_000.png,Effusion,0.0,0.00269318
00017028_000.png,Cardiomegaly,0.0,0.00265503
00017028_000.png,Mass,0.03185368159301988,0.00265121
00017028_000.png,Mass,0.0,0.00258827
00017028_000.png,Effusion,0.0,0.00246048
00017028_000.png,Infiltration,0.0,0.00244522
00017028_000.png,Effusion,0.0,0.00243759
00017028_000.png,Effusion,0.0,0.0024128
00017028_000.png,Cardiomegaly,0.0,0.00239182
00017028_000.png,Infiltration,0.0,0.00216484
00017028_000.png,Effusion,0.0,0.00205612
00017028_000.png,Cardiomegaly,0.0,0.0020256
00017028_000.png,Mass,0.0,0.00200272
00017028_000.png,Effusion,0.0,0.00199509
00017028_000.png,Cardiomegaly,0.0,0.00197601
00017028_000.png,Effusion,0.42542799788766367,0.001894
00017028_000.png,Mass,0.0,0.00185871
00017028_000.png,Effusion,0.0,0.00182629
00017028_000.png,Mass,0.0,0.0018177
00017028_000.png,Effusion,0.0,0.00179958
00017028_000.png,Infiltration,0.0,0.00179482
00017028_000.png,Cardiomegaly,0.019126602016726106,0.00178242
00017028_000.png,Cardiomegaly,0.0,0.00178051
00017028_000.png,Mass,0.0,0.00175285
00017028_000.png,Cardiomegaly,0.035415966769359965,0.0017519
00017028_000.png,Cardiomegaly,0.0,0.00174809
00017028_000.png,Mass,0.0,0.00174332
00017028_000.png,Infiltration,0.0,0.00170898
00017028_000.png,Infiltration,0.0,0.00170708
00017028_000.png,Mass,0.0,0.00169468
00017028_000.png,Cardiomegaly,0.025303045316905394,0.00168514
00017028_000.png,Effusion,0.0,0.00166416
00017028_000.png,Effusion,0.0,0.00166416
00017028_000.png,Effusion,0.0,0.00165653
00017028_000.png,Cardiomegaly,0.050539737045476416,0.00164986
00017028_000.png,Infiltration,0.0,0.00150871
00017028_000.png,Effusion,0.0,0.00146675
00017028_000.png,Infiltration,0.0,0.00145912
00017028_000.png,Effusion,0.0,0.00142384
00017028_000.png,Effusion,0.0,0.00141525
00017028_000.png,Infiltration,0.0,0.0014019
00017028_000.png,Mass,0.0,0.00139141
00017028_000.png,Effusion,0.0,0.00137138
00017028_000.png,Infiltration,0.15833261604995394,0.0013628
00017028_000.png,Effusion,0.0,0.00135612
00017028_000.png,Cardiomegaly,0.0,0.0013485
00017028_000.png,Mass,0.0,0.00132942
00017028_000.png,Mass,0.0,0.00131798
00017028_000.png,Cardiomegaly,0.0,0.00131416
00017028_000.png,Infiltration,0.0,0.00126171
00017028_000.png,Mass,0.0,0.00125885
00017028_000.png,Mass,0.0,0.00122547
00017028_000.png,Mass,0.0,0.0012188
00017028_000.png,Effusion,0.0,0.00121498
00017028_000.png,Effusion,0.0,0.00120544
00017028_000.png,Cardiomegaly,0.0,0.00118828
00017028_000.png,Mass,0.0,0.00117302
00017028_000.png,Mass,0.0,0.0011673
00017028_000.png,Effusion,0.0,0.00116539
00017028_000.png,Mass,0.0,0.00116158
00017028_000.png,Cardiomegaly,0.0,0.00115776
00017028_000.png,Infiltration,0.0,0.00115013
00017028_000.png,Atelectasis,0.0012601769613630198,0.00109196
00017028_000.png,Effusion,0.0,0.0010891
00017028_000.png,Effusion,0.0,0.00108814
00017028_000.png,Effusion,0.0,0.00108337
00017028_000.png,Mass,0.0,0.00107288
00017028_000.png,Mass,0.04563757250009881,0.00107002
00017028_000.png,Effusion,0.0,0.00105476
00017028_000.png,Effusion,0.0,0.00103855
00017028_000.png,Infiltration,0.0,0.00103664
00017028_000.png,Mass,0.004579782336033304,0.00103569
00017028_000.png,Effusion,0.0,0.00102139
00017028_000.png,Infiltration,0.0,0.00101948
00017028_000.png,Infiltration,0.0,0.00101566
00017028_000.png,Effusion,0.0,0.00101185
00017028_000.png,Effusion,0.6822261089919787,0.00100517
00000583_008.png,Effusion,0.0,0.202637
00000583_008.png,Infiltration,0.18254689893801135,0.0724487
00000583_008.png,Cardiomegaly,0.0,0.0640869
00000583_008.png,Atelectasis,0.0,0.0567932
00000583_008.png,Infiltration,0.5060489977279312,0.0495605
00000583_008.png,Effusion,0.0,0.0478821
00000583_008.png,Infiltration,0.31172439476122743,0.0458984
00000583_008.png,Atelectasis,0.09795429610849582,0.0391541
00000583_008.png,Infiltration,0.4179657014814941,0.0368958
00000583_008.png,Cardiomegaly,0.0,0.0294647
00000583_008.png,Infiltration,0.43024479385142644,0.0198212
00000583_008.png,Infiltration,0.24342196042325862,0.0149078
00000583_008.png,Infiltration,0.0,0.0138168
00000583_008.png,Cardiomegaly,0.0,0.0132141
00000583_008.png,Atelectasis,0.0,0.012619
00000583_008.png,Atelectasis,0.050288407201149965,0.0114899
00000583_008.png,Infiltration,0.0,0.0112305
00000583_008.png,Cardiomegaly,0.0,0.0109406
00000583_008.png,Infiltration,0.0,0.0107193
00000583_008.png,Mass,0.0,0.00859833
00000583_008.png,Infiltration,0.0,0.00750351
00000583_008.png,Infiltration,0.2319961407678014,0.00737
00000583_008.png,Infiltration,0.0,0.00725937
00000583_008.png,Cardiomegaly,0.0,0.00694656
00000583_008.png,Infiltration,0.0,0.0068512
00000583_008.png,Cardiomegaly,0.09440823231901244,0.00671005
00000583_008.png,Atelectasis,0.0703594320267995,0.00650787
00000583_008.png,Effusion,0.0,0.00643158
00000583_008.png,Infiltration,0.0,0.00634003
00000583_008.png,Infiltration,0.3386486231719396,0.00593567
00000583_008.png,Infiltration,0.0,0.00592804
00000583_008.png,Infiltration,0.0,0.00572586
00000583_008.png,Infiltration,0.0008985853118505823,0.00519562
00000583_008.png,Infiltration,0.1515801071264668,0.00490952
00000583_008.png,Infiltration,0.0362059884180422,0.00484848
00000583_008.png,Cardiomegaly,0.0,0.00484085
00000583_008.png,Mass,0.0,0.00484085
00000583_008.png,Cardiomegaly,0.09350219858168433,0.00481415
00000583_008.png,Cardiomegaly,0.0,0.00470734
00000583_008.png,Infiltration,0.0,0.00469589
00000583_008.png,Effusion,0.0,0.00464249
00000583_008.png,Infiltration,0.1861508113647329,0.00419998
00000583_008.png,Cardiomegaly,0.15284457940874743,0.00417709
00000583_008.png,Effusion,0.0,0.00408936
00000583_008.png,Cardiomegaly,0.0,0.00401306
00000583_008.png,Effusion,0.0,0.00400925
00000583_008.png,Mass,0.0,0.00397491
00000583_008.png,Mass,0.0,0.00384903
00000583_008.png,Effusion,0.0,0.00383759
00000583_008.png,Effusion,0.0,0.0037899
00000583_008.png,Cardiomegaly,0.0,0.00346947
00000583_008.png,Cardiomegaly,0.0,0.00344276
00000583_008.png,Effusion,0.0,0.0034256
00000583_008.png,Effusion,0.0,0.0032692
00000583_008.png,Cardiomegaly,0.0,0.00318909
00000583_008.png,Effusion,0.0,0.00313187
00000583_008.png,Infiltration,0.09847816070791111,0.00305367
00000583_008.png,Infiltration,0.169750488492619,0.00304222
00000583_008.png,Infiltration,0.0,0.0030098
00000583_008.png,Cardiomegaly,0.0,0.002985
00000583_008.png,Cardiomegaly,0.12368935914452735,0.00292587
00000583_008.png,Effusion,0.02015929058208832,0.00290871
00000583_008.png,Cardiomegaly,0.0,0.0028553
00000583_008.png,Mass,0.0,0.00284958
00000583_008.png,Infiltration,0.04336717601891438,0.00284195
00000583_008.png,Effusion,0.0,0.00279808
00000583_008.png,Atelectasis,0.0758424934692345,0.00271034
00000583_008.png,Cardiomegaly,0.0,0.00271034
00000583_008.png,Infiltration,0.1364656458581913,0.00265694
00000583_008.png,Effusion,0.0,0.00261879
00000583_008.png,Infiltration,0.0,0.00244331
00000583_008.png,Cardiomegaly,0.0,0.00243568
00000583_008.png,Effusion,0.0,0.00240135
00000583_008.png,Effusion,0.0,0.00233078
00000583_008.png,Atelectasis,0.0,0.00225258
00000583_008.png,Infiltration,0.0585050240589954,0.00222778
00000583_008.png,Mass,0.0,0.00219727
00000583_008.png,Effusion,0.0,0.00217819
00000583_008.png,Infiltration,0.0,0.00217438
00000583_008.png,Cardiomegaly,0.09290099802552895,0.00209808
00000583_008.png,Effusion,0.0,0.00208092
00000583_008.png,Effusion,0.0,0.00201797
00000583_008.png,Infiltration,0.16935529603618563,0.00195026
00000583_008.png,Atelectasis,0.02807543638297068,0.00190639
00000583_008.png,Infiltration,0.22081598890836376,0.00188923
00000583_008.png,Cardiomegaly,0.0,0.00188732
00000583_008.png,Effusion,0.0,0.00185204
00000583_008.png,Effusion,0.0,0.00184536
00000583_008.png,Infiltration,0.0,0.00183773
00000583_008.png,Effusion,0.0,0.00182533
00000583_008.png,Cardiomegaly,0.2635142381758525,0.00180626
00000583_008.png,Atelectasis,0.013091524760608198,0.00177288
00000583_008.png,Effusion,0.0,0.00176334
00000583_008.png,Effusion,0.0,0.00173855
00000583_008.png,Effusion,0.0,0.00172615
00000583_008.png,Effusion,0.0,0.00170231
00000583_008.png,Cardiomegaly,0.0,0.00167942
00000583_008.png,Infiltration,0.0,0.00162029
00000583_008.png,Effusion,0.0,0.00161362
00000583_008.png,Cardiomegaly,0.07258464717977085,0.00161076
00000583_008.png,Cardiomegaly,0.0,0.00157642
00000583_008.png,Effusion,0.0,0.00156307
00000583_008.png,Atelectasis,0.05098349066587897,0.00154686
00000583_008.png,Effusion,0.0,0.00154591
00000583_008.png,Infiltration,0.1889680556291722,0.00153446
00000583_008.png,Cardiomegaly,0.0,0.00153351
00000583_008.png,Effusion,0.0,0.00151062
00000583_008.png,Effusion,0.0,0.00149822
00000583_008.png,Cardiomegaly,0.1466885904718464,0.00148487
00000583_008.png,Cardiomegaly,0.2581671334258941,0.00147629
00000583_008.png,Effusion,0.0,0.00147343
00000583_008.png,Effusion,0.0,0.0014658
00000583_008.png,Effusion,0.0,0.00146484
00000583_008.png,Effusion,0.0,0.00144958
00000583_008.png,Mass,0.056019749716747544,0.00139046
00000583_008.png,Infiltration,0.0,0.00135136
00000583_008.png,Mass,0.0,0.00133133
00000583_008.png,Atelectasis,0.049042389483672316,0.00131321
00000583_008.png,Effusion,0.0,0.00130653
00000583_008.png,Infiltration,0.11894368328432141,0.00129795
00000583_008.png,Effusion,0.0,0.00126648
00000583_008.png,Effusion,0.0,0.0012598
00000583_008.png,Effusion,0.0,0.0012598
00000583_008.png,Cardiomegaly,0.5060489977279312,0.0012598
00000583_008.png,Effusion,0.0,0.00125694
00000583_008.png,Cardiomegaly,0.24972781165363955,0.00125217
00000583_008.png,Infiltration,0.07997051636094026,0.00125122
00000583_008.png,Atelectasis,0.04144840615947862,0.00121403
00000583_008.png,Infiltration,0.0,0.00120831
00000583_008.png,Cardiomegaly,0.0,0.00118828
00000583_008.png,Infiltration,0.0,0.00118065
00000583_008.png,Infiltration,0.0,0.00117874
00000583_008.png,Atelectasis,0.023219308448292675,0.0011673
00000583_008.png,Effusion,0.0,0.00116062
00000583_008.png,Effusion,0.0,0.00115967
00000583_008.png,Atelectasis,0.0,0.00114346
00000583_008.png,Effusion,0.0,0.00113297
00000583_008.png,Effusion,0.0,0.00112629
00000583_008.png,Effusion,0.0,0.00112057
00000583_008.png,Cardiomegaly,0.020438715662653113,0.00112057
00000583_008.png,Infiltration,0.0,0.00111485
00000583_008.png,Cardiomegaly,0.0,0.00109482
00000583_008.png,Effusion,0.0,0.00108719
00000583_008.png,Infiltration,0.0,0.00107479
00000583_008.png,Mass,0.0,0.00107193
00000583_008.png,Effusion,0.0,0.00106907
00000583_008.png,Effusion,0.0,0.00105381
00000583_008.png,Infiltration,0.0,0.00104618
00000583_008.png,Cardiomegaly,0.0,0.00104427
00000583_008.png,Cardiomegaly,0.0,0.0010376
00000583_008.png,Mass,0.0,0.00103569
00000583_008.png,Infiltration,0.0,0.00101566
00000583_008.png,Cardiomegaly,0.0,0.00100803
00000583_008.png,Cardiomegaly,0.12089523182652333,0.00100422
00000049_001.png,Atelectasis,0.0,0.135498
00000049_001.png,Effusion,0.0,0.0939331
00000049_001.png,Effusion,0.0,0.0637817
00000049_001.png,Mass,0.0,0.0214081
00000049_001.png,Cardiomegaly,0.0,0.0205536
00000049_001.png,Cardiomegaly,0.0,0.0194397
00000049_001.png,Effusion,0.0,0.0151443
00000049_001.png,Effusion,0.0,0.0141907
00000049_001.png,Cardiomegaly,0.0,0.0134201
00000049_001.png,Effusion,0.0,0.0116119
00000049_001.png,Effusion,0.0,0.0113754
00000049_001.png,Cardiomegaly,0.0,0.0105057
00000049_001.png,Effusion,0.0,0.00943756
00000049_001.png,Atelectasis,0.0,0.0086441
00000049_001.png,Infiltration,0.0,0.00823212
00000049_001.png,Mass,0.0,0.00777817
00000049_001.png,Mass,0.0,0.00765991
00000049_001.png,Atelectasis,0.0,0.00755692
00000049_001.png,Cardiomegaly,0.0,0.00706482
00000049_001.png,Effusion,0.0,0.00695038
00000049_001.png,Infiltration,0.0,0.00684738
00000049_001.png,Effusion,0.0,0.00654602
00000049_001.png,Effusion,0.0,0.00574875
00000049_001.png,Cardiomegaly,0.0,0.00569534
00000049_001.png,Effusion,0.0,0.00549698
00000049_001.png,Cardiomegaly,0.0,0.00511932
00000049_001.png,Cardiomegaly,0.0,0.00508881
00000049_001.png,Effusion,0.0,0.00466156
00000049_001.png,Mass,0.0,0.00456619
00000049_001.png,Effusion,0.0,0.00452805
00000049_001.png,Effusion,0.0,0.00450516
00000049_001.png,Effusion,0.0,0.00440979
00000049_001.png,Mass,0.0,0.00430298
00000049_001.png,Effusion,0.0,0.00393295
00000049_001.png,Cardiomegaly,0.0,0.00392151
00000049_001.png,Mass,0.0,0.00367737
00000049_001.png,Mass,0.0,0.00357437
00000049_001.png,Mass,0.0,0.00351334
00000049_001.png,Effusion,0.0,0.00349808
00000049_001.png,Effusion,0.0,0.003479
00000049_001.png,Effusion,0.0,0.00323677
00000049_001.png,Infiltration,0.0,0.00321579
00000049_001.png,Cardiomegaly,0.0,0.00316429
00000049_001.png,Cardiomegaly,0.0,0.00308228
00000049_001.png,Mass,0.0,0.0030117
00000049_001.png,Effusion,0.0,0.00286293
00000049_001.png,Effusion,0.0,0.00272942
00000049_001.png,Effusion,0.0,0.00257874
00000049_001.png,Effusion,0.0,0.00253677
00000049_001.png,Effusion,0.0,0.00249672
00000049_001.png,Effusion,0.0,0.00242996
00000049_001.png,Effusion,0.0,0.00235748
00000049_001.png,Effusion,0.0,0.00230217
00000049_001.png,Mass,0.0,0.00225449
00000049_001.png,Cardiomegaly,0.0,0.00223351
00000049_001.png,Effusion,0.0,0.00203323
00000049_001.png,Effusion,0.0,0.00201797
00000049_001.png,Effusion,0.0,0.00197411
00000049_001.png,Effusion,0.0,0.00190926
00000049_001.png,Mass,0.0,0.00188732
00000049_001.png,Effusion,0.0,0.00187111
00000049_001.png,Mass,0.0,0.00186348
00000049_001.png,Mass,0.0,0.00185394
00000049_001.png,Infiltration,0.0,0.0018034
00000049_001.png,Mass,0.0,0.00179386
00000049_001.png,Effusion,0.0,0.0017128
00000049_001.png,Infiltration,0.0,0.00170898
00000049_001.png,Mass,0.0,0.00165367
00000049_001.png,Effusion,0.0,0.00161362
00000049_001.png,Mass,0.0,0.00159264
00000049_001.png,Effusion,0.0,0.00158978
00000049_001.png,Effusion,0.0,0.0015831
00000049_001.png,Cardiomegaly,0.0,0.00156879
00000049_001.png,Infiltration,0.0,0.00156403
00000049_001.png,Effusion,0.0,0.00155067
00000049_001.png,Infiltration,0.0,0.00152779
00000049_001.png,Mass,0.0,0.00144577
00000049_001.png,Effusion,0.0,0.00143623
00000049_001.png,Mass,0.0,0.00141621
00000049_001.png,Effusion,0.0,0.00138474
00000049_001.png,Effusion,0.0,0.00134563
00000049_001.png,Effusion,0.0,0.00134087
00000049_001.png,Infiltration,0.0,0.00134087
00000049_001.png,Mass,0.0,0.00128365
00000049_001.png,Cardiomegaly,0.0,0.00128365
00000049_001.png,Infiltration,0.0,0.00128078
00000049_001.png,Effusion,0.0,0.00124359
00000049_001.png,Effusion,0.0,0.00123501
00000049_001.png,Cardiomegaly,0.0,0.00121975
00000049_001.png,Effusion,0.0,0.00121689
00000049_001.png,Cardiomegaly,0.0,0.00121593
00000049_001.png,Infiltration,0.0,0.00121403
00000049_001.png,Effusion,0.0,0.00120544
00000049_001.png,Infiltration,0.0,0.00120449
00000049_001.png,Infiltration,0.0,0.00120068
00000049_001.png,Infiltration,0.0,0.00119972
00000049_001.png,Effusion,0.0,0.00119495
00000049_001.png,Mass,0.0,0.00119019
00000049_001.png,Effusion,0.0,0.00118828
00000049_001.png,Atelectasis,0.0,0.0011816
00000049_001.png,Effusion,0.0,0.00116825
00000049_001.png,Mass,0.0,0.00116062
00000049_001.png,Effusion,0.0,0.00114346
00000049_001.png,Effusion,0.0,0.00114155
00000049_001.png,Infiltration,0.0,0.0011282
00000049_001.png,Mass,0.0,0.00111866
00000049_001.png,Effusion,0.0,0.00110626
00000049_001.png,Mass,0.0,0.00109482
00000049_001.png,Infiltration,0.0,0.00109482
00000049_001.png,Mass,0.0,0.00107574
00000049_001.png,Mass,0.0,0.0010519
00000049_001.png,Effusion,0.0,0.00104427
00000049_001.png,Effusion,0.0,0.00103855
00000049_001.png,Infiltration,0.0,0.0010252
00000049_001.png,Effusion,0.0,0.00102139
00000049_001.png,Mass,0.0,0.00100613
00000049_001.png,Mass,0.0,0.00100136
00021321_002.png,Atelectasis,0.0,0.125
00021321_002.png,Infiltration,0.0,0.0979614
00021321_002.png,Infiltration,0.0,0.0897217
00021321_002.png,Mass,0.0,0.0690918
00021321_002.png,Infiltration,0.0,0.0654907
00021321_002.png,Mass,0.43030183154403573,0.0620728
00021321_002.png,Mass,0.0,0.049408
00021321_002.png,Cardiomegaly,0.0,0.0413513
00021321_002.png,Mass,0.2268300154157292,0.0353394
00021321_002.png,Infiltration,0.0,0.0331726
00021321_002.png,Cardiomegaly,0.17202516343916407,0.0286713
00021321_002.png,Infiltration,0.0,0.0222931
00021321_002.png,Infiltration,0.0,0.0220795
00021321_002.png,Cardiomegaly,0.0,0.017807
00021321_002.png,Infiltration,0.026424337262256077,0.0167084
00021321_002.png,Cardiomegaly,0.025372464205744575,0.0158844
00021321_002.png,Mass,0.0,0.0142288
00021321_002.png,Atelectasis,0.0,0.0138016
00021321_002.png,Infiltration,0.2776580487124636,0.0135651
00021321_002.png,Atelectasis,0.0,0.0132675
00021321_002.png,Cardiomegaly,0.0,0.0119858
00021321_002.png,Infiltration,0.1492188504074879,0.0118408
00021321_002.png,Infiltration,0.281579930692321,0.0115128
00021321_002.png,Cardiomegaly,0.057813726281879724,0.0112152
00021321_002.png,Mass,0.0,0.0104523
00021321_002.png,Infiltration,0.0,0.009552
00021321_002.png,Infiltration,0.0,0.00922394
00021321_002.png,Cardiomegaly,0.11802950058625487,0.00901031
00021321_002.png,Infiltration,0.0,0.00899506
00021321_002.png,Mass,0.0,0.00892639
00021321_002.png,Mass,0.1334398558683493,0.00854492
00021321_002.png,Infiltration,0.0,0.00849915
00021321_002.png,Mass,0.0,0.00837708
00021321_002.png,Mass,0.0,0.00769424
00021321_002.png,Infiltration,0.097300304889453,0.00722504
00021321_002.png,Atelectasis,0.0,0.00700378
00021321_002.png,Effusion,0.0,0.00683594
00021321_002.png,Infiltration,0.0,0.00680542
00021321_002.png,Mass,0.5834828923921153,0.00675583
00021321_002.png,Cardiomegaly,0.0,0.00668335
00021321_002.png,Infiltration,0.0,0.00633621
00021321_002.png,Infiltration,0.057813726281879724,0.00632477
00021321_002.png,Cardiomegaly,0.0,0.00598907
00021321_002.png,Mass,0.0,0.00587082
00021321_002.png,Cardiomegaly,0.0,0.00586319
00021321_002.png,Infiltration,0.0,0.00584793
00021321_002.png,Infiltration,0.0,0.00559998
00021321_002.png,Effusion,0.0,0.00537109
00021321_002.png,Mass,0.0,0.00534821
00021321_002.png,Infiltration,0.0,0.00524521
00021321_002.png,Cardiomegaly,0.15364905024240696,0.00502396
00021321_002.png,Cardiomegaly,0.0,0.00490189
00021321_002.png,Cardiomegaly,0.0,0.00481796
00021321_002.png,Cardiomegaly,0.0,0.00479126
00021321_002.png,Cardiomegaly,0.04453166779378687,0.00440979
00021321_002.png,Mass,0.0,0.00432968
00021321_002.png,Cardiomegaly,0.0,0.00428009
00021321_002.png,Cardiomegaly,0.0,0.00421906
00021321_002.png,Infiltration,0.0,0.00414276
00021321_002.png,Infiltration,0.0,0.00405121
00021321_002.png,Cardiomegaly,0.1110490516409075,0.00397873
00021321_002.png,Infiltration,0.0,0.00384712
00021321_002.png,Mass,0.771565811073576,0.00373459
00021321_002.png,Infiltration,0.0,0.00372124
00021321_002.png,Effusion,0.0,0.00367355
00021321_002.png,Mass,0.0,0.00352478
00021321_002.png,Mass,0.0,0.00351715
00021321_002.png,Cardiomegaly,0.0,0.00349998
00021321_002.png,Cardiomegaly,0.0,0.00343513
00021321_002.png,Infiltration,0.0,0.00341225
00021321_002.png,Atelectasis,0.0,0.0033474
00021321_002.png,Effusion,0.0,0.00332451
00021321_002.png,Cardiomegaly,0.3454905741001784,0.00322914
00021321_002.png,Infiltration,0.0,0.0032177
00021321_002.png,Infiltration,0.0,0.0031929
00021321_002.png,Cardiomegaly,0.19106890088773532,0.00308609
00021321_002.png,Cardiomegaly,0.0,0.00306892
00021321_002.png,Atelectasis,0.0,0.00299072
00021321_002.png,Mass,0.0,0.00296974
00021321_002.png,Infiltration,0.3969705379832622,0.00290489
00021321_002.png,Infiltration,0.07754372511454756,0.00289726
00021321_002.png,Infiltration,0.0,0.00272369
00021321_002.png,Infiltration,0.0,0.00271797
00021321_002.png,Mass,0.0,0.00270462
00021321_002.png,Mass,0.0,0.00266457
00021321_002.png,Effusion,0.0,0.00265312
00021321_002.png,Mass,0.0,0.00260162
00021321_002.png,Mass,0.5543411620871282,0.0025959
00021321_002.png,Infiltration,0.0,0.00250244
00021321_002.png,Cardiomegaly,0.0,0.00247002
00021321_002.png,Effusion,0.12938247476620068,0.0024395
00021321_002.png,Infiltration,0.0,0.0023613
00021321_002.png,Cardiomegaly,0.0,0.00231361
00021321_002.png,Cardiomegaly,0.0,0.00231171
00021321_002.png,Mass,0.0,0.0022831
00021321_002.png,Effusion,0.028171331654277144,0.00226593
00021321_002.png,Infiltration,0.0,0.00225258
00021321_002.png,Effusion,0.0,0.00214577
00021321_002.png,Effusion,0.0,0.00213814
00021321_002.png,Infiltration,0.0,0.00213432
00021321_002.png,Cardiomegaly,0.0,0.00209618
00021321_002.png,Infiltration,0.0,0.00202942
00021321_002.png,Cardiomegaly,0.0,0.00202179
00021321_002.png,Atelectasis,0.0,0.0019989
00021321_002.png,Cardiomegaly,0.0,0.00198555
00021321_002.png,Infiltration,0.07711281909890505,0.00197792
00021321_002.png,Mass,0.0,0.00194931
00021321_002.png,Cardiomegaly,0.0,0.0019474
00021321_002.png,Effusion,0.0,0.00193882
00021321_002.png,Mass,0.0,0.00193214
00021321_002.png,Effusion,0.0,0.00189495
00021321_002.png,Mass,0.0,0.00187397
00021321_002.png,Mass,0.055869776433801865,0.00185776
00021321_002.png,Infiltration,0.0,0.00180149
00021321_002.png,Cardiomegaly,0.30943030958580003,0.00176716
00021321_002.png,Mass,0.0,0.00176144
00021321_002.png,Effusion,0.0,0.00174809
00021321_002.png,Infiltration,0.0,0.0017395
00021321_002.png,Cardiomegaly,0.0,0.00170517
00021321_002.png,Cardiomegaly,0.0,0.00168133
00021321_002.png,Mass,0.0,0.00166607
00021321_002.png,Effusion,0.0,0.00163174
00021321_002.png,Mass,0.0,0.00162792
00021321_002.png,Effusion,0.0,0.00162601
00021321_002.png,Cardiomegaly,0.0,0.00159168
00021321_002.png,Mass,0.0,0.00158501
00021321_002.png,Infiltration,0.0,0.0015831
00021321_002.png,Cardiomegaly,0.0,0.00154877
00021321_002.png,Mass,0.0,0.00154781
00021321_002.png,Mass,0.5004876293002448,0.00154018
00021321_002.png,Cardiomegaly,0.16945200106156336,0.00154018
00021321_002.png,Mass,0.46654351815551504,0.00152969
00021321_002.png,Infiltration,0.0,0.00152683
00021321_002.png,Cardiomegaly,0.0,0.0014143
00021321_002.png,Effusion,0.0,0.00139618
00021321_002.png,Cardiomegaly,0.0,0.0013628
00021321_002.png,Cardiomegaly,0.0,0.00136185
00021321_002.png,Effusion,0.0,0.00135612
00021321_002.png,Mass,0.0,0.0013504
00021321_002.png,Effusion,0.0,0.0013485
00021321_002.png,Mass,0.0,0.00133801
00021321_002.png,Cardiomegaly,0.0,0.00132465
00021321_002.png,Mass,0.2963558242914564,0.00131512
00021321_002.png,Cardiomegaly,0.0,0.00130081
00021321_002.png,Infiltration,0.0,0.00129986
00021321_002.png,Mass,0.0,0.0012989
00021321_002.png,Infiltration,0.0,0.00128365
00021321_002.png,Effusion,0.0,0.00128269
00021321_002.png,Cardiomegaly,0.0,0.0012722
00021321_002.png,Cardiomegaly,0.0,0.00126934
00021321_002.png,Cardiomegaly,0.26299095535665395,0.00125408
00021321_002.png,Mass,0.0,0.00124359
00021321_002.png,Atelectasis,0.0,0.00122547
00021321_002.png,Mass,0.0,0.00121403
00021321_002.png,Effusion,0.0,0.00121021
00021321_002.png,Atelectasis,0.0,0.00119209
00021321_002.png,Cardiomegaly,0.0,0.00117207
00021321_002.png,Effusion,0.1750252289750916,0.00115967
00021321_002.png,Effusion,0.0,0.00113487
00021321_002.png,Effusion,0.0,0.00113392
00021321_002.png,Infiltration,0.0,0.00113106
00021321_002.png,Mass,0.0,0.00112438
00021321_002.png,Effusion,0.006101630691701901,0.00111675
00021321_002.png,Cardiomegaly,0.3261947847426977,0.00110149
00021321_002.png,Effusion,0.0,0.00107574
00021321_002.png,Mass,0.11618811614832046,0.00107574
00021321_002.png,Effusion,0.0,0.00107479
00021321_002.png,Effusion,0.0,0.00106907
00021321_002.png,Mass,0.0,0.00106144
00021321_002.png,Mass,0.0,0.00105953
00021321_002.png,Cardiomegaly,0.0,0.00104523
00021321_002.png,Effusion,0.04306240391816854,0.00103951
00021321_002.png,Mass,0.0,0.00103378
00021321_002.png,Effusion,0.0,0.00101376
00021321_002.png,Effusion,0.0,0.00100613
00012376_010.png,Atelectasis,0.0,0.148926
00012376_010.png,Atelectasis,0.0,0.0876465
00012376_010.png,Effusion,0.13590526822225027,0.0558167
00012376_010.png,Infiltration,0.04371983526409183,0.0538025
00012376_010.png,Cardiomegaly,0.0,0.0536499
00012376_010.png,Mass,0.10484222232208733,0.0473633
00012376_010.png,Infiltration,0.0,0.0375061
00012376_010.png,Infiltration,0.024938593885647776,0.0370178
00012376_010.png,Mass,0.18272648730638508,0.033783
00012376_010.png,Atelectasis,0.0,0.0320435
00012376_010.png,Effusion,0.02738666755274635,0.0308075
00012376_010.png,Infiltration,0.07074426655016187,0.0295868
00012376_010.png,Infiltration,0.06532489199145207,0.0249634
00012376_010.png,Effusion,0.1415092414089692,0.023056
00012376_010.png,Cardiomegaly,0.0,0.0186768
00012376_010.png,Atelectasis,0.1216050786227589,0.0182495
00012376_010.png,Cardiomegaly,0.0,0.0140991
00012376_010.png,Infiltration,0.04815789731145575,0.0137024
00012376_010.png,Cardiomegaly,0.0,0.0101242
00012376_010.png,Infiltration,0.02616459900885163,0.00997925
00012376_010.png,Infiltration,0.0,0.00933838
00012376_010.png,Infiltration,0.14828033814239425,0.00856018
00012376_010.png,Atelectasis,0.0,0.00778198
00012376_010.png,Cardiomegaly,0.003944617567096015,0.00714111
00012376_010.png,Cardiomegaly,0.15936084584610372,0.00678635
00012376_010.png,Cardiomegaly,0.0,0.00582504
00012376_010.png,Cardiomegaly,0.06748896779087504,0.00569916
00012376_010.png,Mass,0.017088044782248162,0.0055275
00012376_010.png,Effusion,0.006050183595215493,0.00544357
00012376_010.png,Effusion,0.07661120237426197,0.00540924
00012376_010.png,Effusion,0.0,0.00505066
00012376_010.png,Effusion,0.07477010885213849,0.00501633
00012376_010.png,Infiltration,0.0,0.00483704
00012376_010.png,Infiltration,0.0,0.00481415
00012376_010.png,Effusion,0.04494324023445262,0.00469589
00012376_010.png,Cardiomegaly,0.0,0.0045929
00012376_010.png,Mass,0.24599646318606133,0.00444794
00012376_010.png,Mass,0.09294398419075306,0.00442886
00012376_010.png,Cardiomegaly,0.0,0.00437927
00012376_010.png,Mass,0.0,0.00430679
00012376_010.png,Mass,0.0,0.00426483
00012376_010.png,Mass,0.2852368794263857,0.00402069
00012376_010.png,Cardiomegaly,0.0,0.00378036
00012376_010.png,Cardiomegaly,0.0,0.00373077
00012376_010.png,Cardiomegaly,0.0,0.00360298
00012376_010.png,Infiltration,0.007175549275068699,0.0035305
00012376_010.png,Mass,0.0,0.00347137
00012376_010.png,Cardiomegaly,0.00012294969674249353,0.00344658
00012376_010.png,Cardiomegaly,0.0,0.00341225
00012376_010.png,Mass,0.0,0.0033493
00012376_010.png,Infiltration,0.05236402941523872,0.00333023
00012376_010.png,Cardiomegaly,0.0,0.00321579
00012376_010.png,Cardiomegaly,0.10119224175636772,0.00317383
00012376_010.png,Effusion,0.06954189867111225,0.0031414
00012376_010.png,Cardiomegaly,0.0,0.003088
00012376_010.png,Cardiomegaly,0.0,0.00298119
00012376_010.png,Cardiomegaly,0.0,0.00296021
00012376_010.png,Cardiomegaly,0.14193474540582965,0.00291061
00012376_010.png,Cardiomegaly,0.0,0.00286865
00012376_010.png,Effusion,0.036412227951849445,0.00282097
00012376_010.png,Cardiomegaly,0.012040490833330532,0.00276566
00012376_010.png,Mass,0.18660214711306455,0.00265884
00012376_010.png,Mass,0.0,0.00252914
00012376_010.png,Cardiomegaly,0.03100781077982199,0.00250053
00012376_010.png,Effusion,0.044721198882614006,0.002491
00012376_010.png,Effusion,0.043236201788504,0.00247765
00012376_010.png,Atelectasis,0.0,0.00245285
00012376_010.png,Mass,0.0,0.00233841
00012376_010.png,Effusion,0.09505572668215988,0.00230217
00012376_010.png,Infiltration,0.0,0.00221252
00012376_010.png,Cardiomegaly,0.0,0.00212288
00012376_010.png,Effusion,0.0,0.00209808
00012376_010.png,Effusion,0.02264747384093021,0.00209808
00012376_010.png,Mass,0.031426306941505965,0.00202179
00012376_010.png,Effusion,0.0,0.00201797
00012376_010.png,Effusion,0.055456858826141854,0.00187683
00012376_010.png,Effusion,0.04529241426508584,0.00182247
00012376_010.png,Cardiomegaly,0.0,0.00179863
00012376_010.png,Infiltration,0.10119224175636772,0.00179482
00012376_010.png,Cardiomegaly,0.0,0.00172901
00012376_010.png,Infiltration,0.0,0.00169563
00012376_010.png,Cardiomegaly,0.0,0.00167656
00012376_010.png,Mass,0.02726605761375939,0.00164127
00012376_010.png,Infiltration,0.16752173152437738,0.00161076
00012376_010.png,Infiltration,0.07661120237426197,0.00159264
00012376_010.png,Infiltration,0.11855008706890979,0.00152588
00012376_010.png,Atelectasis,0.0,0.00148964
00012376_010.png,Cardiomegaly,0.2969674741670362,0.00147152
00012376_010.png,Infiltration,0.13771163307429837,0.00144005
00012376_010.png,Mass,0.022498498027644247,0.00143719
00012376_010.png,Infiltration,0.10188243028330082,0.00139999
00012376_010.png,Mass,0.2147243096608748,0.00138569
00012376_010.png,Mass,0.3603089104305953,0.00138092
00012376_010.png,Cardiomegaly,0.11207682370641336,0.00137424
00012376_010.png,Mass,0.22428389749836788,0.00135422
00012376_010.png,Effusion,0.0,0.00134754
00012376_010.png,Cardiomegaly,0.09790036307709135,0.00134754
00012376_010.png,Infiltration,0.14291050305264152,0.00132942
00012376_010.png,Effusion,0.055922063565298025,0.00131607
00012376_010.png,Infiltration,0.049477518960844895,0.00131035
00012376_010.png,Infiltration,0.03951454340993379,0.00129223
00012376_010.png,Effusion,0.2065641056015861,0.00127983
00012376_010.png,Mass,0.5123384361326693,0.00126648
00012376_010.png,Effusion,0.0,0.00126457
00012376_010.png,Effusion,0.0,0.00126171
00012376_010.png,Cardiomegaly,0.0,0.00122547
00012376_010.png,Effusion,0.0,0.00121498
00012376_010.png,Cardiomegaly,0.016530541471178516,0.00119972
00012376_010.png,Mass,0.1314876474932227,0.00118637
00012376_010.png,Mass,0.0,0.0011816
00012376_010.png,Cardiomegaly,0.0,0.00118065
00012376_010.png,Cardiomegaly,0.0,0.00117302
00012376_010.png,Mass,0.31122773520673985,0.00117016
00012376_010.png,Cardiomegaly,0.0,0.0011549
00012376_010.png,Cardiomegaly,0.0,0.00113297
00012376_010.png,Mass,0.16752173152437738,0.00113201
00012376_010.png,Mass,0.0,0.00112724
00012376_010.png,Effusion,0.12501631962249304,0.00112057
00012376_010.png,Infiltration,0.0,0.00111485
00012376_010.png,Effusion,0.012267259432153165,0.00111294
00012376_010.png,Effusion,0.0,0.00107574
00012376_010.png,Effusion,0.034606553433618674,0.00107193
00012376_010.png,Cardiomegaly,0.0,0.00104523
00012376_010.png,Effusion,0.07464955396994978,0.00103951
00012376_010.png,Infiltration,0.016530541471178516,0.00103951
00012376_010.png,Cardiomegaly,0.0,0.00101566
00012376_010.png,Mass,0.49883870818297743,0.00100613
00012376_010.png,Infiltration,0.0,0.00100231
00026886_002.png,Mass,0.0,0.253174
00026886_002.png,Cardiomegaly,0.0,0.0518799
00026886_002.png,Infiltration,0.0,0.0330811
00026886_002.png,Cardiomegaly,0.0,0.0238647
00026886_002.png,Infiltration,0.0,0.0196991
00026886_002.png,Mass,0.025872473282228463,0.0187988
00026886_002.png,Cardiomegaly,0.0,0.0176086
00026886_002.png,Infiltration,0.0,0.0156021
00026886_002.png,Mass,0.0,0.0145493
00026886_002.png,Mass,0.0,0.0138626
00026886_002.png,Mass,0.20140924342990882,0.0138168
00026886_002.png,Effusion,0.0,0.0133972
00026886_002.png,Cardiomegaly,0.18480160054304184,0.0110397
00026886_002.png,Mass,0.0,0.0103302
00026886_002.png,Mass,0.07558601004007028,0.0102921
00026886_002.png,Mass,0.12353752581909631,0.0102463
00026886_002.png,Cardiomegaly,0.0960568554568654,0.0100861
00026886_002.png,Mass,0.3582254961616799,0.009758
00026886_002.png,Cardiomegaly,0.3582254961616799,0.00935364
00026886_002.png,Effusion,0.14392856110451183,0.00841522
00026886_002.png,Effusion,0.05083316052249341,0.00824738
00026886_002.png,Mass,0.16604364164837895,0.00812531
00026886_002.png,Mass,0.0,0.00753784
00026886_002.png,Cardiomegaly,0.0,0.00753403
00026886_002.png,Mass,0.21848533442236373,0.00737381
00026886_002.png,Cardiomegaly,0.5585040194752866,0.00725555
00026886_002.png,Mass,0.0,0.00704193
00026886_002.png,Cardiomegaly,0.0,0.00679398
00026886_002.png,Mass,0.0,0.00647736
00026886_002.png,Mass,0.0,0.00641251
00026886_002.png,Mass,0.7812318406266172,0.00633621
00026886_002.png,Infiltration,0.0,0.00592041
00026886_002.png,Cardiomegaly,0.625604192284836,0.00585556
00026886_002.png,Infiltration,0.0,0.00571442
00026886_002.png,Mass,0.01359512566349256,0.00531769
00026886_002.png,Mass,0.0,0.00527954
00026886_002.png,Cardiomegaly,0.03769484998589079,0.00521088
00026886_002.png,Effusion,0.07411566007235058,0.00505829
00026886_002.png,Effusion,0.04688304732775398,0.00467682
00026886_002.png,Effusion,0.06713890927812677,0.00465775
00026886_002.png,Mass,0.0,0.00448227
00026886_002.png,Effusion,0.08651774862788618,0.00442886
00026886_002.png,Mass,0.10077554508393984,0.00415421
00026886_002.png,Effusion,0.0,0.00413132
00026886_002.png,Infiltration,0.0,0.00407791
00026886_002.png,Mass,0.0,0.00407791
00026886_002.png,Mass,0.0,0.00403976
00026886_002.png,Mass,0.0,0.00401688
00026886_002.png,Effusion,0.0,0.00391769
00026886_002.png,Infiltration,0.0018276022492138358,0.00377846
00026886_002.png,Cardiomegaly,0.2132944316666531,0.00377846
00026886_002.png,Cardiomegaly,0.18688544163428714,0.00373268
00026886_002.png,Cardiomegaly,0.38600897577609716,0.00371552
00026886_002.png,Mass,0.0,0.00365067
00026886_002.png,Mass,0.0,0.00351143
00026886_002.png,Mass,0.0,0.00349617
00026886_002.png,Mass,0.275524901197156,0.00345421
00026886_002.png,Mass,0.0,0.00341225
00026886_002.png,Infiltration,0.0,0.00336838
00026886_002.png,Infiltration,0.0,0.00331879
00026886_002.png,Mass,0.0,0.00326347
00026886_002.png,Effusion,0.08893852619931467,0.00319481
00026886_002.png,Effusion,0.0,0.00319481
00026886_002.png,Mass,0.07589078131544022,0.00313568
00026886_002.png,Effusion,0.0,0.00309944
00026886_002.png,Mass,0.0,0.00309944
00026886_002.png,Effusion,0.0,0.00309753
00026886_002.png,Effusion,0.0,0.00302315
00026886_002.png,Mass,0.0,0.00299644
00026886_002.png,Effusion,0.0,0.00289917
00026886_002.png,Cardiomegaly,0.0,0.00281715
00026886_002.png,Mass,0.0,0.00278091
00026886_002.png,Mass,0.0,0.00259972
00026886_002.png,Mass,0.1295582108277451,0.00259781
00026886_002.png,Mass,0.2225225724326878,0.00251389
00026886_002.png,Mass,0.0,0.00250053
00026886_002.png,Mass,0.0,0.00248909
00026886_002.png,Cardiomegaly,0.0,0.00245285
00026886_002.png,Cardiomegaly,0.09117828972371049,0.00245094
00026886_002.png,Effusion,0.0,0.00244904
00026886_002.png,Mass,0.6262793826597455,0.00244522
00026886_002.png,Cardiomegaly,0.0,0.00235939
00026886_002.png,Mass,0.04773464221478786,0.00235748
00026886_002.png,Infiltration,0.0,0.00235176
00026886_002.png,Cardiomegaly,0.0,0.00234222
00026886_002.png,Mass,0.17030981831649494,0.00225258
00026886_002.png,Mass,0.34054626512033964,0.00224304
00026886_002.png,Mass,0.0,0.00224304
00026886_002.png,Mass,0.0,0.00223732
00026886_002.png,Mass,0.020465762724321292,0.00222206
00026886_002.png,Effusion,0.042115315562163705,0.00219727
00026886_002.png,Mass,0.24201120317132,0.00218582
00026886_002.png,Mass,0.005700392973021668,0.0021019
00026886_002.png,Mass,0.05961624716187739,0.00209999
00026886_002.png,Mass,0.31064948388779695,0.00208092
00026886_002.png,Cardiomegaly,0.0,0.00206947
00026886_002.png,Effusion,0.07862838698097004,0.00204659
00026886_002.png,Effusion,0.10001848299175982,0.00203323
00026886_002.png,Mass,0.0,0.00201225
00026886_002.png,Effusion,0.0,0.00200081
00026886_002.png,Cardiomegaly,0.0,0.00197411
00026886_002.png,Mass,0.0,0.00193214
00026886_002.png,Mass,0.0,0.00193119
00026886_002.png,Effusion,0.06476575870221106,0.00191116
00026886_002.png,Effusion,0.0,0.00190449
00026886_002.png,Mass,0.0,0.0018816
00026886_002.png,Mass,0.06401429112235012,0.00187397
00026886_002.png,Mass,0.019339211674007577,0.00186539
00026886_002.png,Mass,0.48285729059010135,0.0018568
00026886_002.png,Mass,0.11685435565880742,0.00184822
00026886_002.png,Effusion,0.0,0.00184345
00026886_002.png,Infiltration,0.09756077398678319,0.00182629
00026886_002.png,Mass,0.17359125397731914,0.0018158
00026886_002.png,Effusion,0.0,0.00181389
00026886_002.png,Effusion,0.0,0.00180721
00026886_002.png,Atelectasis,0.13209426852837847,0.00175762
00026886_002.png,Effusion,0.0,0.0017128
00026886_002.png,Effusion,0.0,0.00168705
00026886_002.png,Effusion,0.05247319845650813,0.00167847
00026886_002.png,Cardiomegaly,0.07467041236657308,0.0016737
00026886_002.png,Mass,0.07149966356338751,0.00167084
00026886_002.png,Mass,0.11915813562617292,0.00165844
00026886_002.png,Cardiomegaly,0.0,0.00165462
00026886_002.png,Effusion,0.0,0.00165272
00026886_002.png,Effusion,0.0,0.00165176
00026886_002.png,Mass,0.305330799193563,0.0016346
00026886_002.png,Effusion,0.0,0.00163269
00026886_002.png,Mass,0.0,0.00162125
00026886_002.png,Mass,0.15149644150546676,0.00154209
00026886_002.png,Effusion,0.06793914424934323,0.00153446
00026886_002.png,Mass,0.0,0.00152874
00026886_002.png,Cardiomegaly,0.0,0.00150967
00026886_002.png,Effusion,0.0,0.00148869
00026886_002.png,Mass,0.15226428010524615,0.00148869
00026886_002.png,Mass,0.0,0.0014801
00026886_002.png,Cardiomegaly,0.4595876817516875,0.00146008
00026886_002.png,Infiltration,0.0,0.00143528
00026886_002.png,Mass,0.0018276022492138358,0.00143337
00026886_002.png,Mass,0.15666202589582767,0.00141907
00026886_002.png,Infiltration,0.0,0.00141525
00026886_002.png,Cardiomegaly,0.15550295530291364,0.00139999
00026886_002.png,Effusion,0.0,0.00137711
00026886_002.png,Cardiomegaly,0.07971166345494511,0.00136662
00026886_002.png,Effusion,0.10519842286758595,0.00136566
00026886_002.png,Effusion,0.011539767436011776,0.00135899
00026886_002.png,Cardiomegaly,0.4693174422071829,0.00134659
00026886_002.png,Cardiomegaly,0.0,0.00134373
00026886_002.png,Effusion,0.0,0.00134277
00026886_002.png,Mass,0.1841008183698108,0.00134277
00026886_002.png,Effusion,0.0,0.00130177
00026886_002.png,Mass,0.3257700351676361,0.001297
00026886_002.png,Infiltration,0.0,0.00129032
00026886_002.png,Infiltration,0.0,0.00128937
00026886_002.png,Infiltration,0.05563066854116992,0.00128651
00026886_002.png,Infiltration,0.15226428010524615,0.00128269
00026886_002.png,Effusion,0.05859494265145214,0.00128078
00026886_002.png,Cardiomegaly,0.0,0.00127697
00026886_002.png,Effusion,0.0,0.00126839
00026886_002.png,Mass,0.6917785065025706,0.00125504
00026886_002.png,Atelectasis,0.04452517580521034,0.00124645
00026886_002.png,Mass,0.5585040194752866,0.00124454
00026886_002.png,Effusion,0.05894418385423029,0.00123882
00026886_002.png,Cardiomegaly,0.16860066543669652,0.00123215
00026886_002.png,Mass,0.0,0.00123024
00026886_002.png,Mass,0.004955098821710669,0.00122452
00026886_002.png,Mass,0.3253958066179328,0.00121975
00026886_002.png,Infiltration,0.0,0.00121498
00026886_002.png,Effusion,0.0,0.00116634
00026886_002.png,Effusion,0.12201318889206177,0.00115395
00026886_002.png,Effusion,0.0,0.00115204
00026886_002.png,Effusion,0.0,0.00115204
00026886_002.png,Infiltration,0.0,0.00115204
00026886_002.png,Infiltration,0.0,0.00115108
00026886_002.png,Effusion,0.0,0.00115013
00026886_002.png,Effusion,0.0,0.00114346
00026886_002.png,Cardiomegaly,0.0,0.00114155
00026886_002.png,Effusion,0.0,0.00113678
00026886_002.png,Mass,0.0,0.00113106
00026886_002.png,Cardiomegaly,0.0,0.0011282
00026886_002.png,Effusion,0.26874373726597056,0.00112534
00026886_002.png,Mass,0.09756077398678319,0.00111961
00026886_002.png,Mass,0.0,0.00111866
00026886_002.png,Mass,0.0,0.00111103
00026886_002.png,Mass,0.270820371746982,0.00110817
00026886_002.png,Infiltration,0.0,0.00108624
00026886_002.png,Mass,0.1799757280413919,0.00108147
00026886_002.png,Cardiomegaly,0.0,0.00107861
00026886_002.png,Mass,0.0,0.00107384
00026886_002.png,Mass,0.0,0.00106049
00026886_002.png,Effusion,0.07542697082095139,0.00103569
00026886_002.png,Mass,0.0,0.00103092
00026886_002.png,Effusion,0.0,0.00102806
00026886_002.png,Effusion,0.0,0.00102711
00026886_002.png,Infiltration,0.0,0.00102711
00026886_002.png,Effusion,0.029758227995492534,0.00101948
00026886_002.png,Effusion,0.0,0.00100994
00004344_018.png,Atelectasis,0.8327178804627203,0.19165
00004344_018.png,Infiltration,0.04613117954163786,0.0541992
00004344_018.png,Effusion,0.029913505659905807,0.0142212
00004344_018.png,Cardiomegaly,0.02503315619877036,0.0141144
00004344_018.png,Infiltration,0.04341161445688046,0.0135574
00004344_018.png,Infiltration,0.06323330366531511,0.012001
00004344_018.png,Effusion,0.0,0.0118866
00004344_018.png,Infiltration,0.04956361642063832,0.0113907
00004344_018.png,Cardiomegaly,0.0,0.0103683
00004344_018.png,Atelectasis,0.7166373302012389,0.0102615
00004344_018.png,Infiltration,0.029913505659905807,0.0096817
00004344_018.png,Effusion,0.0,0.00762939
00004344_018.png,Cardiomegaly,0.0,0.00751495
00004344_018.png,Cardiomegaly,0.13115505130911237,0.00689316
00004344_018.png,Cardiomegaly,0.10360812924284847,0.00632095
00004344_018.png,Cardiomegaly,0.0,0.00608444
00004344_018.png,Infiltration,0.07424509974681011,0.00596237
00004344_018.png,Infiltration,0.07418869075122525,0.00503159
00004344_018.png,Mass,0.0844904434231996,0.00486755
00004344_018.png,Effusion,0.02304277541821734,0.00439453
00004344_018.png,Cardiomegaly,0.013019425793651949,0.00434494
00004344_018.png,Infiltration,0.0477396649704055,0.00410843
00004344_018.png,Infiltration,0.061940112711785844,0.00406265
00004344_018.png,Infiltration,0.011292415430862667,0.00390244
00004344_018.png,Infiltration,0.12212591630437751,0.00367546
00004344_018.png,Infiltration,0.10493826454297735,0.0033474
00004344_018.png,Infiltration,0.5716284833144647,0.00332069
00004344_018.png,Cardiomegaly,0.1162686966406675,0.00326729
00004344_018.png,Cardiomegaly,0.20184753419399196,0.00296402
00004344_018.png,Infiltration,0.007170902783548182,0.00293732
00004344_018.png,Cardiomegaly,0.16860839915302775,0.00284386
00004344_018.png,Infiltration,0.07669433834461095,0.00273132
00004344_018.png,Effusion,0.01309143011475243,0.00245094
00004344_018.png,Effusion,0.002929897432275288,0.00243187
00004344_018.png,Infiltration,0.0871739397470037,0.00241852
00004344_018.png,Infiltration,0.05733173959857359,0.00235939
00004344_018.png,Infiltration,0.059661636842441114,0.00234032
00004344_018.png,Cardiomegaly,0.15861867615942693,0.00229263
00004344_018.png,Infiltration,0.03504454236350414,0.0022316
00004344_018.png,Effusion,0.010213651363224146,0.00222778
00004344_018.png,Effusion,0.0,0.00221443
00004344_018.png,Effusion,0.03632385123030276,0.00221443
00004344_018.png,Atelectasis,0.622256310963571,0.0022049
00004344_018.png,Cardiomegaly,0.02903487618076126,0.00213242
00004344_018.png,Infiltration,0.13738686603937036,0.00209427
00004344_018.png,Infiltration,0.11657701780070104,0.00196838
00004344_018.png,Cardiomegaly,0.036817585028208526,0.00188541
00004344_018.png,Atelectasis,0.5843548609725207,0.00180912
00004344_018.png,Effusion,0.0,0.00180817
00004344_018.png,Cardiomegaly,0.190895425244236,0.00179386
00004344_018.png,Effusion,0.0,0.0017252
00004344_018.png,Cardiomegaly,0.05832051617056229,0.00168419
00004344_018.png,Infiltration,0.1001443802781731,0.00162792
00004344_018.png,Effusion,0.0,0.00147915
00004344_018.png,Cardiomegaly,0.0,0.0014658
00004344_018.png,Cardiomegaly,0.10752469837356492,0.00146103
00004344_018.png,Effusion,0.008715303204616689,0.00146008
00004344_018.png,Effusion,0.007173933246731501,0.00145435
00004344_018.png,Mass,0.08833178868915036,0.00142479
00004344_018.png,Infiltration,0.07124221398235141,0.0013876
00004344_018.png,Infiltration,0.1068823947968591,0.0013752
00004344_018.png,Effusion,0.019912277597180214,0.0012846
00004344_018.png,Cardiomegaly,0.0,0.0012846
00004344_018.png,Cardiomegaly,0.10648133568768613,0.00126743
00004344_018.png,Mass,0.04854808275361185,0.00120163
00004344_018.png,Cardiomegaly,0.0,0.00120068
00004344_018.png,Mass,0.0,0.00114536
00004344_018.png,Cardiomegaly,0.150448548918944,0.00114536
00004344_018.png,Mass,0.0,0.00113583
00004344_018.png,Cardiomegaly,0.15304381557383856,0.00111675
00004344_018.png,Effusion,0.14770026684004758,0.00111389
00004344_018.png,Infiltration,0.047949953653583816,0.00110912
00004344_018.png,Cardiomegaly,0.0,0.00110149
00004344_018.png,Cardiomegaly,0.0,0.00108242
00004344_018.png,Effusion,0.0,0.00105286
00004344_018.png,Cardiomegaly,0.1838806232551627,0.00104237
00004344_018.png,Cardiomegaly,0.21213304340687422,0.00101376
00004344_018.png,Cardiomegaly,0.0,0.00100708
00004344_018.png,Effusion,0.05867705541225607,0.00100136
00004344_018.png,Mass,0.0,0.00100136
00014149_018.png,Effusion,0.0,0.145386
00014149_018.png,Effusion,0.0,0.09729
00014149_018.png,Infiltration,0.11742247846981742,0.0762939
00014149_018.png,Infiltration,0.2869144324191038,0.0546265
00014149_018.png,Effusion,0.0,0.0393677
00014149_018.png,Infiltration,0.17251611901716907,0.0359192
00014149_018.png,Atelectasis,0.15832319062518072,0.0297546
00014149_018.png,Cardiomegaly,0.0,0.0218964
00014149_018.png,Infiltration,0.2353943199411487,0.0196838
00014149_018.png,Cardiomegaly,0.0,0.0169983
00014149_018.png,Infiltration,0.2518033330995551,0.0146942
00014149_018.png,Infiltration,0.009764446948462431,0.0142517
00014149_018.png,Effusion,0.0,0.0134506
00014149_018.png,Infiltration,0.28920672392602564,0.0109787
00014149_018.png,Effusion,0.0,0.00900269
00014149_018.png,Cardiomegaly,0.0,0.00827026
00014149_018.png,Infiltration,0.3505908298688852,0.00807953
00014149_018.png,Effusion,0.0,0.0077095
00014149_018.png,Effusion,0.0,0.00738907
00014149_018.png,Infiltration,0.19212869393760823,0.00718689
00014149_018.png,Cardiomegaly,0.3685279930296435,0.00681686
00014149_018.png,Effusion,0.0,0.00663757
00014149_018.png,Effusion,0.0,0.00624084
00014149_018.png,Infiltration,0.3119673636982014,0.00608444
00014149_018.png,Infiltration,0.20759551229773027,0.00597382
00014149_018.png,Effusion,0.0,0.00572586
00014149_018.png,Cardiomegaly,0.3505908298688852,0.00464249
00014149_018.png,Cardiomegaly,0.0,0.00446701
00014149_018.png,Infiltration,0.0,0.00348473
00014149_018.png,Effusion,0.0,0.00310898
00014149_018.png,Cardiomegaly,0.40236277974573736,0.00309181
00014149_018.png,Infiltration,0.11973788078084409,0.00297737
00014149_018.png,Effusion,0.0,0.00266838
00014149_018.png,Cardiomegaly,0.6813961152709529,0.00266457
00014149_018.png,Infiltration,0.19809164707098315,0.00263786
00014149_018.png,Infiltration,0.0,0.00263023
00014149_018.png,Cardiomegaly,0.0,0.00262642
00014149_018.png,Effusion,0.0,0.00254631
00014149_018.png,Infiltration,0.17675982578654365,0.00247192
00014149_018.png,Effusion,0.0,0.00245094
00014149_018.png,Cardiomegaly,0.0,0.00241089
00014149_018.png,Atelectasis,0.0,0.0022831
00014149_018.png,Effusion,0.0,0.00219154
00014149_018.png,Cardiomegaly,0.09836898895307898,0.00217819
00014149_018.png,Cardiomegaly,0.53667803832753,0.00214767
00014149_018.png,Cardiomegaly,0.0,0.00210953
00014149_018.png,Effusion,0.0,0.00202179
00014149_018.png,Infiltration,0.49272943663951646,0.00200462
00014149_018.png,Infiltration,0.36837599382148545,0.00198936
00014149_018.png,Cardiomegaly,0.2670922735086032,0.00198364
00014149_018.png,Infiltration,0.3012246545588582,0.00188637
00014149_018.png,Infiltration,0.0,0.00182819
00014149_018.png,Effusion,0.0,0.00177765
00014149_018.png,Infiltration,0.20779274829371025,0.00175095
00014149_018.png,Atelectasis,0.0,0.00172329
00014149_018.png,Effusion,0.0,0.00167847
00014149_018.png,Effusion,0.0,0.00163174
00014149_018.png,Effusion,0.0,0.00162506
00014149_018.png,Effusion,0.0,0.0016098
00014149_018.png,Effusion,0.0,0.0015955
00014149_018.png,Effusion,0.0,0.00156975
00014149_018.png,Cardiomegaly,0.0,0.00156879
00014149_018.png,Infiltration,0.5318551837901889,0.00156593
00014149_018.png,Cardiomegaly,0.4440257854190779,0.00155449
00014149_018.png,Effusion,0.0,0.00154305
00014149_018.png,Infiltration,0.08869085368422853,0.00154305
00014149_018.png,Infiltration,0.16132331065607627,0.00144768
00014149_018.png,Effusion,0.0,0.00144577
00014149_018.png,Infiltration,0.5141012541514255,0.00141716
00014149_018.png,Atelectasis,0.0,0.00140476
00014149_018.png,Cardiomegaly,0.2803105914030134,0.00139332
00014149_018.png,Infiltration,0.2643929659391964,0.00137043
00014149_018.png,Cardiomegaly,0.22447715773469032,0.00132179
00014149_018.png,Cardiomegaly,0.0,0.00130177
00014149_018.png,Effusion,0.0,0.0012989
00014149_018.png,Infiltration,0.35530634395267274,0.00129604
00014149_018.png,Effusion,0.0,0.00129318
00014149_018.png,Effusion,0.0,0.00128365
00014149_018.png,Effusion,0.0,0.00128269
00014149_018.png,Effusion,0.0,0.00126839
00014149_018.png,Effusion,0.0,0.00126266
00014149_018.png,Effusion,0.0,0.00125694
00014149_018.png,Effusion,0.0,0.00124359
00014149_018.png,Infiltration,0.18579420008637978,0.00124264
00014149_018.png,Effusion,0.0,0.00123405
00014149_018.png,Effusion,0.0,0.00123405
00014149_018.png,Mass,0.0,0.00122833
00014149_018.png,Cardiomegaly,0.4029767371430885,0.00122547
00014149_018.png,Effusion,0.0,0.00121689
00014149_018.png,Effusion,0.0,0.00120544
00014149_018.png,Effusion,0.0,0.00116444
00014149_018.png,Infiltration,0.32779410742134774,0.00115871
00014149_018.png,Effusion,0.0,0.0011549
00014149_018.png,Atelectasis,0.20978510928806385,0.00115299
00014149_018.png,Cardiomegaly,0.12218693991966238,0.00115013
00014149_018.png,Effusion,0.0,0.00113678
00014149_018.png,Effusion,0.0,0.00113297
00014149_018.png,Effusion,0.0,0.00113297
00014149_018.png,Mass,0.0,0.00113297
00014149_018.png,Effusion,0.0,0.0011282
00014149_018.png,Effusion,0.0,0.00111485
00014149_018.png,Cardiomegaly,0.48644913452343364,0.00111008
00014149_018.png,Effusion,0.0,0.00110626
00014149_018.png,Cardiomegaly,0.2353943199411487,0.00110626
00014149_018.png,Effusion,0.0,0.00109768
00014149_018.png,Effusion,0.0,0.00109768
00014149_018.png,Cardiomegaly,0.0,0.00109291
00014149_018.png,Effusion,0.0,0.0010891
00014149_018.png,Effusion,0.0,0.00107574
00014149_018.png,Effusion,0.0,0.00106716
00014149_018.png,Effusion,0.0,0.00106335
00014149_018.png,Infiltration,0.14314678793014396,0.00105762
00014149_018.png,Effusion,0.0,0.00105095
00014149_018.png,Effusion,0.0,0.00104237
00014149_018.png,Effusion,0.0,0.00102615
00014149_018.png,Effusion,0.0,0.00102329
00014149_018.png,Effusion,0.0,0.00101948
00014149_018.png,Effusion,0.0,0.00100327
00016990_000.png,Atelectasis,0.6711436841491646,0.619629
00016990_000.png,Infiltration,0.2516368954153241,0.0243835
00016990_000.png,Effusion,0.05708830575627977,0.0197754
00016990_000.png,Infiltration,0.14993868328738894,0.0129623
00016990_000.png,Mass,0.0,0.0120087
00016990_000.png,Mass,0.0,0.0089798
00016990_000.png,Effusion,0.12801259021413602,0.00835419
00016990_000.png,Mass,0.047468229752398276,0.00717163
00016990_000.png,Infiltration,0.0,0.00694275
00016990_000.png,Mass,0.0,0.00679398
00016990_000.png,Infiltration,0.3544256728352727,0.00654984
00016990_000.png,Infiltration,0.0005356399180395758,0.00649643
00016990_000.png,Mass,0.0,0.00648499
00016990_000.png,Cardiomegaly,0.0,0.00637436
00016990_000.png,Infiltration,0.0,0.0060463
00016990_000.png,Infiltration,0.0,0.00593567
00016990_000.png,Effusion,0.0,0.00591278
00016990_000.png,Effusion,0.16310513493534726,0.00575638
00016990_000.png,Cardiomegaly,0.0,0.00567627
00016990_000.png,Infiltration,0.0,0.00529861
00016990_000.png,Atelectasis,0.541352809806074,0.00529861
00016990_000.png,Cardiomegaly,0.0,0.0052681
00016990_000.png,Infiltration,0.0,0.00520706
00016990_000.png,Infiltration,0.05390775482844156,0.00486755
00016990_000.png,Infiltration,0.0,0.00485229
00016990_000.png,Effusion,0.0,0.00477219
00016990_000.png,Infiltration,0.0,0.00410461
00016990_000.png,Effusion,0.0,0.00405502
00016990_000.png,Infiltration,0.14644455779359183,0.00397873
00016990_000.png,Mass,0.024182269367980545,0.0038929
00016990_000.png,Effusion,0.006315917551047277,0.00383759
00016990_000.png,Effusion,0.006770223610677739,0.00378799
00016990_000.png,Mass,0.0,0.00325584
00016990_000.png,Effusion,0.0,0.00318527
00016990_000.png,Effusion,0.10233462561510728,0.00314713
00016990_000.png,Infiltration,0.1154374276234879,0.00310898
00016990_000.png,Infiltration,0.0,0.00304031
00016990_000.png,Infiltration,0.06179499299868896,0.00303841
00016990_000.png,Effusion,0.0,0.00302505
00016990_000.png,Effusion,0.0,0.00300217
00016990_000.png,Infiltration,0.40788200286192083,0.00296211
00016990_000.png,Effusion,0.09264423147062946,0.00295448
00016990_000.png,Infiltration,0.0,0.00293922
00016990_000.png,Infiltration,0.10313079799707787,0.00282097
00016990_000.png,Infiltration,0.05378739295682257,0.00279045
00016990_000.png,Cardiomegaly,0.01769536197592115,0.00271988
00016990_000.png,Atelectasis,0.2421099787975355,0.00266266
00016990_000.png,Infiltration,0.11089335264632878,0.00264931
00016990_000.png,Effusion,0.0,0.00257111
00016990_000.png,Infiltration,0.0,0.00251961
00016990_000.png,Effusion,0.0,0.00247192
00016990_000.png,Effusion,0.0,0.0023632
00016990_000.png,Cardiomegaly,0.0,0.00231552
00016990_000.png,Infiltration,0.05553479427868978,0.00228119
00016990_000.png,Effusion,0.0,0.00226974
00016990_000.png,Infiltration,0.03769054969627381,0.00226402
00016990_000.png,Cardiomegaly,0.0,0.00224876
00016990_000.png,Infiltration,0.25061208455281836,0.0022049
00016990_000.png,Infiltration,0.16310513493534726,0.00218964
00016990_000.png,Cardiomegaly,0.0363661719536434,0.00209427
00016990_000.png,Infiltration,0.06712474161947038,0.00208282
00016990_000.png,Effusion,0.0,0.00207901
00016990_000.png,Cardiomegaly,0.0,0.00203896
00016990_000.png,Atelectasis,0.6126733605851147,0.00199509
00016990_000.png,Infiltration,0.08944558074985101,0.00196648
00016990_000.png,Effusion,0.008986278810628993,0.00196266
00016990_000.png,Effusion,0.0,0.00191879
00016990_000.png,Cardiomegaly,0.0,0.00190639
00016990_000.png,Effusion,0.022149832619155013,0.00188923
00016990_000.png,Effusion,0.009354015974158147,0.00186157
00016990_000.png,Mass,0.0013712218837136278,0.00185871
00016990_000.png,Infiltration,0.03405092530812109,0.0018158
00016990_000.png,Effusion,0.0,0.00180912
00016990_000.png,Infiltration,0.0,0.00179768
00016990_000.png,Infiltration,4.628846868650259e-06,0.00177956
00016990_000.png,Infiltration,0.12872320019203212,0.00177574
00016990_000.png,Infiltration,0.48978981186878506,0.00177574
00016990_000.png,Effusion,0.0013712218837136278,0.00174904
00016990_000.png,Infiltration,0.0,0.00170231
00016990_000.png,Effusion,0.0,0.00167274
00016990_000.png,Cardiomegaly,0.1756208240800718,0.0016346
00016990_000.png,Cardiomegaly,0.0,0.00162983
00016990_000.png,Effusion,0.08493179025018331,0.00162888
00016990_000.png,Effusion,0.0,0.00160885
00016990_000.png,Infiltration,0.6264881613211122,0.00155258
00016990_000.png,Cardiomegaly,0.0,0.00155067
00016990_000.png,Infiltration,0.046637039595154854,0.00154495
00016990_000.png,Infiltration,0.0,0.00153828
00016990_000.png,Mass,0.0,0.00153542
00016990_000.png,Effusion,0.010516473918035155,0.00153351
00016990_000.png,Infiltration,0.07989479794940106,0.00152302
00016990_000.png,Effusion,0.0,0.00151825
00016990_000.png,Effusion,0.0,0.00150871
00016990_000.png,Infiltration,0.09675611328532431,0.0014782
00016990_000.png,Infiltration,0.024182269367980545,0.00146484
00016990_000.png,Infiltration,0.059659604435041966,0.00145817
00016990_000.png,Effusion,0.038154510171437235,0.0014534
00016990_000.png,Effusion,0.055920527645996,0.00144768
00016990_000.png,Effusion,0.04440180915026984,0.00141335
00016990_000.png,Mass,0.08466064071725989,0.00140572
00016990_000.png,Effusion,0.0,0.00139427
00016990_000.png,Infiltration,0.01634136047671032,0.00138664
00016990_000.png,Infiltration,0.049488094427497215,0.00132275
00016990_000.png,Infiltration,0.011030225309148822,0.00131702
00016990_000.png,Infiltration,0.036248428625665026,0.00131226
00016990_000.png,Effusion,0.0,0.00130463
00016990_000.png,Mass,0.0,0.00125122
00016990_000.png,Cardiomegaly,0.0,0.00122452
00016990_000.png,Cardiomegaly,0.0,0.00122452
00016990_000.png,Infiltration,0.029709644194785438,0.00122261
00016990_000.png,Effusion,0.024518009838812537,0.00121975
00016990_000.png,Infiltration,0.017860126567937545,0.00121117
00016990_000.png,Effusion,0.0,0.00118828
00016990_000.png,Mass,0.0,0.00118732
00016990_000.png,Effusion,0.0,0.0011673
00016990_000.png,Infiltration,0.0,0.00116158
00016990_000.png,Effusion,0.0025868108439787204,0.00112534
00016990_000.png,Effusion,0.0,0.00112343
00016990_000.png,Infiltration,0.14775794414762003,0.00111866
00016990_000.png,Effusion,0.0,0.00111485
00016990_000.png,Infiltration,0.032074333404746705,0.00106525
00016990_000.png,Mass,0.057277795127228505,0.00105953
00016990_000.png,Infiltration,0.0,0.00105572
00016990_000.png,Effusion,0.0,0.00104332
00016990_000.png,Mass,0.0,0.00103092
00016990_000.png,Effusion,0.0,0.00102711
00016990_000.png,Effusion,0.0,0.00100517
00026319_000.png,Atelectasis,0.05652353037845502,0.0384216
00026319_000.png,Mass,0.0,0.01651
00026319_000.png,Effusion,0.0,0.0138168
00026319_000.png,Infiltration,0.0,0.010704
00026319_000.png,Effusion,0.0,0.00971222
00026319_000.png,Effusion,0.0,0.00932312
00026319_000.png,Mass,0.0,0.00827026
00026319_000.png,Effusion,0.0,0.00817108
00026319_000.png,Atelectasis,0.00950352899961314,0.00814819
00026319_000.png,Mass,0.0,0.00766754
00026319_000.png,Infiltration,0.4597780783775624,0.00735855
00026319_000.png,Infiltration,0.18987226945473726,0.00650787
00026319_000.png,Infiltration,0.0,0.00630951
00026319_000.png,Effusion,0.0,0.00627136
00026319_000.png,Infiltration,0.40633386129035615,0.00578308
00026319_000.png,Effusion,0.20340681533225208,0.0056572
00026319_000.png,Mass,0.0,0.00505447
00026319_000.png,Infiltration,0.0,0.0047226
00026319_000.png,Infiltration,0.0,0.00452805
00026319_000.png,Mass,0.0,0.00423431
00026319_000.png,Cardiomegaly,0.0,0.00416565
00026319_000.png,Cardiomegaly,0.0,0.00401688
00026319_000.png,Mass,0.0,0.00399399
00026319_000.png,Infiltration,0.2274670525979402,0.00383568
00026319_000.png,Cardiomegaly,0.01303245169127266,0.00357437
00026319_000.png,Effusion,0.0,0.00354004
00026319_000.png,Infiltration,0.0,0.00353432
00026319_000.png,Effusion,0.0,0.00340843
00026319_000.png,Effusion,0.0,0.00338554
00026319_000.png,Mass,0.0,0.00333977
00026319_000.png,Infiltration,0.33432201792952726,0.0032444
00026319_000.png,Infiltration,0.0,0.00308609
00026319_000.png,Effusion,0.0,0.00295448
00026319_000.png,Infiltration,0.0,0.00293922
00026319_000.png,Effusion,0.0,0.00293159
00026319_000.png,Effusion,0.0,0.00276375
00026319_000.png,Effusion,0.0,0.00268173
00026319_000.png,Infiltration,0.0,0.00264931
00026319_000.png,Cardiomegaly,0.0,0.00261688
00026319_000.png,Cardiomegaly,0.0,0.00261116
00026319_000.png,Effusion,0.0,0.00255585
00026319_000.png,Infiltration,0.0,0.00248718
00026319_000.png,Effusion,0.0,0.00245094
00026319_000.png,Effusion,0.0,0.00238609
00026319_000.png,Effusion,0.05538014876172444,0.00233459
00026319_000.png,Effusion,0.0,0.00231934
00026319_000.png,Atelectasis,0.1199403288022028,0.00230598
00026319_000.png,Infiltration,0.3265169889569238,0.00228691
00026319_000.png,Effusion,0.0,0.00224113
00026319_000.png,Infiltration,0.0,0.00213432
00026319_000.png,Mass,0.0,0.00210571
00026319_000.png,Effusion,0.0,0.00209808
00026319_000.png,Cardiomegaly,0.04938307641768063,0.00209045
00026319_000.png,Effusion,0.0,0.00206566
00026319_000.png,Effusion,0.07161946133600963,0.00191975
00026319_000.png,Effusion,0.0,0.00187397
00026319_000.png,Mass,0.016297063676823147,0.00183105
00026319_000.png,Effusion,0.0,0.0018158
00026319_000.png,Cardiomegaly,0.03328677410585193,0.00177479
00026319_000.png,Mass,0.0,0.00174522
00026319_000.png,Cardiomegaly,0.0,0.00174046
00026319_000.png,Mass,0.0,0.00170994
00026319_000.png,Cardiomegaly,0.0,0.00163078
00026319_000.png,Effusion,0.0,0.00160313
00026319_000.png,Effusion,0.0,0.00160027
00026319_000.png,Cardiomegaly,0.0,0.00158405
00026319_000.png,Mass,0.0,0.00156403
00026319_000.png,Infiltration,0.006019469375931088,0.00154686
00026319_000.png,Infiltration,0.0,0.00154018
00026319_000.png,Effusion,0.18449350421542016,0.00151157
00026319_000.png,Effusion,0.0,0.0014782
00026319_000.png,Mass,0.0,0.00146484
00026319_000.png,Effusion,0.1255218401586538,0.00143909
00026319_000.png,Mass,0.0,0.00139427
00026319_000.png,Effusion,0.0,0.00139046
00026319_000.png,Atelectasis,0.0,0.00137806
00026319_000.png,Effusion,0.0,0.0013485
00026319_000.png,Effusion,0.0,0.00130558
00026319_000.png,Effusion,0.0,0.00130463
00026319_000.png,Mass,0.0,0.00125408
00026319_000.png,Effusion,0.0,0.00125217
00026319_000.png,Effusion,0.0,0.00125027
00026319_000.png,Cardiomegaly,0.0,0.00124836
00026319_000.png,Effusion,0.0,0.00123215
00026319_000.png,Effusion,0.0,0.00122929
00026319_000.png,Effusion,0.0,0.00122261
00026319_000.png,Effusion,0.0,0.00120068
00026319_000.png,Atelectasis,0.0,0.00120068
00026319_000.png,Effusion,0.1199403288022028,0.00119114
00026319_000.png,Effusion,0.0,0.00117493
00026319_000.png,Cardiomegaly,0.0,0.00117016
00026319_000.png,Cardiomegaly,0.06278069213939473,0.00116158
00026319_000.png,Infiltration,0.25327189953046353,0.00116062
00026319_000.png,Mass,0.0,0.00114441
00026319_000.png,Infiltration,0.12784642899840287,0.00113583
00026319_000.png,Infiltration,0.0,0.00113106
00026319_000.png,Cardiomegaly,0.0,0.00111961
00026319_000.png,Mass,0.0,0.00110531
00026319_000.png,Effusion,0.0,0.00110435
00026319_000.png,Effusion,0.0,0.00109673
00026319_000.png,Effusion,0.12366852762285269,0.00109482
00026319_000.png,Effusion,0.0,0.00109291
00026319_000.png,Effusion,0.0,0.00106812
00026319_000.png,Effusion,0.0,0.00106716
00026319_000.png,Effusion,0.0,0.00105953
00026319_000.png,Effusion,0.0,0.00105381
00026319_000.png,Mass,0.0,0.00104713
00026319_000.png,Effusion,0.0,0.00103474
00026319_000.png,Atelectasis,0.0,0.00102234
00026319_000.png,Mass,0.0,0.0010128
00026319_000.png,Effusion,0.0,0.00100803
00026319_000.png,Effusion,0.0,0.00100613
00000344_003.png,Atelectasis,0.0,0.097229
00000344_003.png,Cardiomegaly,0.20474603111710646,0.0600586
00000344_003.png,Infiltration,0.0,0.0320129
00000344_003.png,Cardiomegaly,0.13636171949608228,0.0318909
00000344_003.png,Effusion,0.0,0.0298462
00000344_003.png,Atelectasis,0.015146986095301856,0.029068
00000344_003.png,Infiltration,0.0,0.028656
00000344_003.png,Infiltration,0.0,0.0249939
00000344_003.png,Effusion,0.0,0.022522
00000344_003.png,Effusion,0.0,0.0189514
00000344_003.png,Cardiomegaly,0.14939433138626723,0.0185547
00000344_003.png,Infiltration,0.0,0.0158234
00000344_003.png,Cardiomegaly,0.19960513232682225,0.0144958
00000344_003.png,Cardiomegaly,0.3194541320206518,0.0137939
00000344_003.png,Effusion,0.0,0.0133896
00000344_003.png,Infiltration,0.0,0.0103302
00000344_003.png,Cardiomegaly,0.0,0.009552
00000344_003.png,Cardiomegaly,0.10998584249095018,0.00831604
00000344_003.png,Cardiomegaly,0.0,0.00827789
00000344_003.png,Effusion,0.03786419644461286,0.00820923
00000344_003.png,Infiltration,0.0,0.00777817
00000344_003.png,Infiltration,0.0,0.00746918
00000344_003.png,Effusion,0.0,0.00727844
00000344_003.png,Infiltration,0.0,0.00667572
00000344_003.png,Infiltration,0.0,0.00632477
00000344_003.png,Atelectasis,0.015064306801121788,0.00606155
00000344_003.png,Mass,0.09631818379596066,0.0060463
00000344_003.png,Effusion,0.0,0.00550842
00000344_003.png,Cardiomegaly,0.223667369567579,0.00505447
00000344_003.png,Effusion,0.0,0.00490952
00000344_003.png,Effusion,0.040170110843261136,0.0047493
00000344_003.png,Infiltration,0.0,0.00471878
00000344_003.png,Infiltration,0.0,0.00455475
00000344_003.png,Infiltration,0.0,0.00448608
00000344_003.png,Cardiomegaly,0.0,0.00448227
00000344_003.png,Cardiomegaly,0.0,0.00444412
00000344_003.png,Cardiomegaly,0.0,0.00430679
00000344_003.png,Cardiomegaly,0.0,0.00409698
00000344_003.png,Infiltration,0.06885794728547458,0.00404358
00000344_003.png,Cardiomegaly,0.2070779490650478,0.00399399
00000344_003.png,Atelectasis,0.0,0.00394058
00000344_003.png,Infiltration,0.0,0.00378799
00000344_003.png,Effusion,0.0,0.00378418
00000344_003.png,Cardiomegaly,0.0,0.00376129
00000344_003.png,Effusion,0.0017986846143250399,0.00356293
00000344_003.png,Cardiomegaly,0.1295519718126406,0.00352478
00000344_003.png,Effusion,0.23261324340594425,0.00338173
00000344_003.png,Cardiomegaly,0.0010810666537207755,0.00335884
00000344_003.png,Infiltration,0.0,0.00335121
00000344_003.png,Effusion,0.0,0.00328445
00000344_003.png,Effusion,0.0587604177148679,0.00327682
00000344_003.png,Cardiomegaly,0.013821424232636229,0.00320816
00000344_003.png,Effusion,0.0,0.00312996
00000344_003.png,Cardiomegaly,0.0,0.00304413
00000344_003.png,Effusion,0.014831793243638612,0.00303268
00000344_003.png,Infiltration,0.0,0.00300407
00000344_003.png,Infiltration,0.0,0.00292397
00000344_003.png,Mass,0.14873741963386478,0.00275612
00000344_003.png,Cardiomegaly,0.0,0.00273514
00000344_003.png,Effusion,0.0,0.00268364
00000344_003.png,Effusion,0.0,0.00266647
00000344_003.png,Infiltration,0.0,0.00255775
00000344_003.png,Infiltration,0.0,0.00255585
00000344_003.png,Cardiomegaly,0.0,0.0025177
00000344_003.png,Cardiomegaly,0.13097950198978903,0.00250435
00000344_003.png,Infiltration,0.0,0.00248909
00000344_003.png,Cardiomegaly,0.0,0.00243568
00000344_003.png,Cardiomegaly,0.12522586514404946,0.00238609
00000344_003.png,Effusion,0.13006172287330978,0.00233269
00000344_003.png,Atelectasis,0.0,0.00232124
00000344_003.png,Cardiomegaly,0.0,0.00230408
00000344_003.png,Infiltration,0.0,0.00221062
00000344_003.png,Cardiomegaly,0.0,0.00217438
00000344_003.png,Effusion,0.049926698075440645,0.00209427
00000344_003.png,Cardiomegaly,0.0,0.00204277
00000344_003.png,Infiltration,0.004869500900404974,0.00188351
00000344_003.png,Effusion,0.0,0.00182247
00000344_003.png,Mass,0.0,0.00180531
00000344_003.png,Effusion,0.011118490201716132,0.00175095
00000344_003.png,Effusion,0.09035578133856416,0.00172329
00000344_003.png,Infiltration,0.01311611592577289,0.00170994
00000344_003.png,Cardiomegaly,0.0,0.00170326
00000344_003.png,Atelectasis,0.05495903826697317,0.00162411
00000344_003.png,Cardiomegaly,0.019726924259142263,0.00159264
00000344_003.png,Effusion,0.0,0.00155926
00000344_003.png,Cardiomegaly,0.0,0.00153255
00000344_003.png,Cardiomegaly,0.23261324340594425,0.00152588
00000344_003.png,Cardiomegaly,0.0,0.0015192
00000344_003.png,Infiltration,0.02288426040526544,0.00150394
00000344_003.png,Cardiomegaly,0.1129711023001209,0.00148678
00000344_003.png,Cardiomegaly,0.28003698472928945,0.0014782
00000344_003.png,Cardiomegaly,0.49645695636767984,0.00147533
00000344_003.png,Effusion,0.0,0.00143909
00000344_003.png,Effusion,0.0,0.00140667
00000344_003.png,Effusion,0.0,0.00140476
00000344_003.png,Cardiomegaly,0.041875162880597665,0.00140476
00000344_003.png,Cardiomegaly,0.0,0.00138092
00000344_003.png,Effusion,0.0,0.00137615
00000344_003.png,Infiltration,0.0,0.00136375
00000344_003.png,Effusion,0.16407462937641262,0.00134182
00000344_003.png,Cardiomegaly,0.40525441514236893,0.00132656
00000344_003.png,Infiltration,0.019726924259142263,0.00131512
00000344_003.png,Cardiomegaly,0.0,0.00131512
00000344_003.png,Effusion,0.0,0.00129795
00000344_003.png,Cardiomegaly,0.09364314186073144,0.00129795
00000344_003.png,Cardiomegaly,0.0,0.00124073
00000344_003.png,Cardiomegaly,0.0,0.00123978
00000344_003.png,Effusion,0.0,0.00122929
00000344_003.png,Infiltration,0.0,0.00122547
00000344_003.png,Mass,0.14622299375958558,0.00117493
00000344_003.png,Cardiomegaly,0.030385908706501347,0.0011549
00000344_003.png,Effusion,0.0,0.00114918
00000344_003.png,Cardiomegaly,0.14873741963386478,0.00111485
00000344_003.png,Infiltration,0.0,0.00109577
00000344_003.png,Infiltration,0.0,0.00107479
00000344_003.png,Infiltration,0.0,0.00105953
00000344_003.png,Effusion,0.022355443663067284,0.00103188
00000344_003.png,Effusion,0.13097950198978903,0.00102425
00000050_000.png,Atelectasis,0.0,0.181152
00000050_000.png,Mass,0.0,0.0899048
00000050_000.png,Infiltration,0.0,0.0249786
00000050_000.png,Mass,0.0,0.0191193
00000050_000.png,Effusion,0.0,0.017868
00000050_000.png,Mass,0.0,0.0171814
00000050_000.png,Infiltration,0.0,0.0170441
00000050_000.png,Infiltration,0.0,0.0147552
00000050_000.png,Mass,0.0,0.0146103
00000050_000.png,Infiltration,0.0,0.0142975
00000050_000.png,Infiltration,0.0,0.0129623
00000050_000.png,Effusion,0.0,0.0124435
00000050_000.png,Mass,0.0,0.0117798
00000050_000.png,Infiltration,0.0,0.0111923
00000050_000.png,Infiltration,0.0,0.0109787
00000050_000.png,Infiltration,0.0,0.0108337
00000050_000.png,Infiltration,0.0,0.0107574
00000050_000.png,Effusion,0.0,0.00991058
00000050_000.png,Infiltration,0.0,0.00928497
00000050_000.png,Infiltration,0.0,0.00900269
00000050_000.png,Infiltration,0.0,0.00827789
00000050_000.png,Effusion,0.0,0.00823212
00000050_000.png,Infiltration,0.0,0.00754547
00000050_000.png,Infiltration,0.0,0.0065918
00000050_000.png,Infiltration,0.0,0.00655365
00000050_000.png,Infiltration,0.0,0.00634003
00000050_000.png,Mass,0.0,0.00601196
00000050_000.png,Cardiomegaly,0.0,0.00586319
00000050_000.png,Mass,0.0,0.00577545
00000050_000.png,Cardiomegaly,0.0,0.00523758
00000050_000.png,Cardiomegaly,0.0,0.00519943
00000050_000.png,Infiltration,0.0,0.00509644
00000050_000.png,Effusion,0.0,0.00506973
00000050_000.png,Infiltration,0.0,0.00505066
00000050_000.png,Infiltration,0.0,0.00494385
00000050_000.png,Mass,0.0,0.00482559
00000050_000.png,Mass,0.0,0.00481033
00000050_000.png,Cardiomegaly,0.0,0.00465775
00000050_000.png,Infiltration,0.0,0.0046196
00000050_000.png,Infiltration,0.0,0.00421906
00000050_000.png,Effusion,0.0,0.00416183
00000050_000.png,Cardiomegaly,0.0,0.00416183
00000050_000.png,Cardiomegaly,0.0,0.00397491
00000050_000.png,Effusion,0.0,0.0038166
00000050_000.png,Infiltration,0.0,0.00345039
00000050_000.png,Effusion,0.0,0.0033493
00000050_000.png,Infiltration,0.0,0.00326729
00000050_000.png,Mass,0.0,0.00315475
00000050_000.png,Mass,0.0,0.00312424
00000050_000.png,Mass,0.0,0.00304413
00000050_000.png,Cardiomegaly,0.0,0.00304031
00000050_000.png,Infiltration,0.0,0.00296593
00000050_000.png,Effusion,0.0,0.00296402
00000050_000.png,Mass,0.0,0.00293922
00000050_000.png,Effusion,0.0,0.00287628
00000050_000.png,Effusion,0.0,0.0027771
00000050_000.png,Effusion,0.0,0.00273705
00000050_000.png,Effusion,0.0,0.00265121
00000050_000.png,Cardiomegaly,0.0,0.00261688
00000050_000.png,Effusion,0.0,0.00257874
00000050_000.png,Effusion,0.0,0.00253868
00000050_000.png,Infiltration,0.0,0.00247955
00000050_000.png,Mass,0.0,0.00246239
00000050_000.png,Cardiomegaly,0.0,0.00243187
00000050_000.png,Infiltration,0.0,0.00239372
00000050_000.png,Effusion,0.0,0.00238419
00000050_000.png,Cardiomegaly,0.0,0.00236702
00000050_000.png,Infiltration,0.0,0.00232697
00000050_000.png,Effusion,0.0,0.00221062
00000050_000.png,Mass,0.0,0.00220299
00000050_000.png,Mass,0.0,0.00219345
00000050_000.png,Mass,0.0,0.0020504
00000050_000.png,Effusion,0.0,0.0019989
00000050_000.png,Effusion,0.0,0.00199127
00000050_000.png,Cardiomegaly,0.0,0.00190353
00000050_000.png,Infiltration,0.0,0.00189781
00000050_000.png,Mass,0.0,0.0018692
00000050_000.png,Infiltration,0.0,0.00185871
00000050_000.png,Infiltration,0.0,0.0018425
00000050_000.png,Effusion,0.0,0.00183773
00000050_000.png,Cardiomegaly,0.0,0.00182629
00000050_000.png,Cardiomegaly,0.0,0.00179863
00000050_000.png,Effusion,0.0,0.00178528
00000050_000.png,Infiltration,0.0,0.00177002
00000050_000.png,Effusion,0.0,0.00176334
00000050_000.png,Infiltration,0.0,0.00175953
00000050_000.png,Effusion,0.0,0.00172901
00000050_000.png,Infiltration,0.0,0.00170612
00000050_000.png,Mass,0.0,0.0017004
00000050_000.png,Cardiomegaly,0.0,0.00169659
00000050_000.png,Cardiomegaly,0.0,0.00168133
00000050_000.png,Effusion,0.0,0.00163841
00000050_000.png,Effusion,0.0,0.00161934
00000050_000.png,Cardiomegaly,0.0,0.00156784
00000050_000.png,Effusion,0.0,0.00154495
00000050_000.png,Cardiomegaly,0.0,0.00150108
00000050_000.png,Mass,0.0,0.0014925
00000050_000.png,Effusion,0.0,0.00148201
00000050_000.png,Effusion,0.0,0.00147438
00000050_000.png,Infiltration,0.0,0.00146961
00000050_000.png,Mass,0.0,0.00144005
00000050_000.png,Effusion,0.0,0.00143719
00000050_000.png,Infiltration,0.0,0.00143528
00000050_000.png,Infiltration,0.0,0.00140953
00000050_000.png,Infiltration,0.0,0.00139999
00000050_000.png,Cardiomegaly,0.0,0.00139046
00000050_000.png,Mass,0.0,0.0013876
00000050_000.png,Mass,0.0,0.00138569
00000050_000.png,Cardiomegaly,0.0,0.00138283
00000050_000.png,Infiltration,0.0,0.00137997
00000050_000.png,Effusion,0.0,0.00136757
00000050_000.png,Effusion,0.0,0.00136662
00000050_000.png,Infiltration,0.0,0.00133896
00000050_000.png,Infiltration,0.0,0.00133705
00000050_000.png,Effusion,0.0,0.00131416
00000050_000.png,Effusion,0.0,0.00129986
00000050_000.png,Infiltration,0.0,0.0012989
00000050_000.png,Effusion,0.0,0.00128651
00000050_000.png,Infiltration,0.0,0.00126743
00000050_000.png,Infiltration,0.0,0.00125599
00000050_000.png,Effusion,0.0,0.00121307
00000050_000.png,Infiltration,0.0,0.00121021
00000050_000.png,Infiltration,0.0,0.0012064
00000050_000.png,Effusion,0.0,0.00118637
00000050_000.png,Effusion,0.0,0.00117588
00000050_000.png,Mass,0.0,0.00117397
00000050_000.png,Effusion,0.0,0.00117111
00000050_000.png,Infiltration,0.0,0.00116539
00000050_000.png,Mass,0.0,0.00115108
00000050_000.png,Effusion,0.0,0.00115013
00000050_000.png,Mass,0.0,0.00112534
00000050_000.png,Effusion,0.0,0.00110626
00000050_000.png,Mass,0.0,0.00110054
00000050_000.png,Mass,0.0,0.001091
00000050_000.png,Effusion,0.0,0.00105476
00000050_000.png,Effusion,0.0,0.00105
00000050_000.png,Effusion,0.0,0.00103092
00000050_000.png,Infiltration,0.0,0.00102997
00000050_000.png,Cardiomegaly,0.0,0.00102806
00000050_000.png,Infiltration,0.0,0.00102139
00000050_000.png,Infiltration,0.0,0.00100803
00000050_000.png,Cardiomegaly,0.0,0.00100327
00014083_023.png,Atelectasis,0.13662220906372902,0.32666
00014083_023.png,Mass,0.0,0.246826
00014083_023.png,Mass,0.0,0.0861816
00014083_023.png,Mass,0.0,0.0732422
00014083_023.png,Effusion,0.0,0.0509033
00014083_023.png,Infiltration,0.24826413448677792,0.0412292
00014083_023.png,Cardiomegaly,0.0,0.0379333
00014083_023.png,Effusion,0.0,0.0284119
00014083_023.png,Infiltration,0.05785533428448548,0.022995
00014083_023.png,Cardiomegaly,0.0,0.0194092
00014083_023.png,Infiltration,0.0,0.0108948
00014083_023.png,Cardiomegaly,0.0,0.0107803
00014083_023.png,Mass,0.0,0.0106964
00014083_023.png,Mass,0.0,0.00988007
00014083_023.png,Cardiomegaly,0.0,0.00970459
00014083_023.png,Infiltration,0.0,0.00935364
00014083_023.png,Mass,0.0,0.00933075
00014083_023.png,Effusion,0.07033618217138626,0.00928497
00014083_023.png,Infiltration,0.2475590242440774,0.00650024
00014083_023.png,Cardiomegaly,0.0,0.00569916
00014083_023.png,Cardiomegaly,0.0,0.00540161
00014083_023.png,Mass,0.0,0.00519562
00014083_023.png,Infiltration,0.0,0.00508881
00014083_023.png,Effusion,0.0,0.0050087
00014083_023.png,Cardiomegaly,0.0,0.00486374
00014083_023.png,Infiltration,0.2083386830588753,0.00482559
00014083_023.png,Effusion,0.0,0.0048027
00014083_023.png,Infiltration,0.18795938394645686,0.00473785
00014083_023.png,Infiltration,0.32355472260030693,0.00468063
00014083_023.png,Effusion,0.0,0.00444794
00014083_023.png,Infiltration,0.0,0.00430298
00014083_023.png,Cardiomegaly,0.12781943352805705,0.00410461
00014083_023.png,Effusion,0.0,0.00367928
00014083_023.png,Mass,0.0,0.0034256
00014083_023.png,Cardiomegaly,0.28617109519528194,0.00326538
00014083_023.png,Effusion,0.012141926185417854,0.00312042
00014083_023.png,Cardiomegaly,0.0,0.00310707
00014083_023.png,Infiltration,0.0,0.00302505
00014083_023.png,Effusion,0.0,0.00293541
00014083_023.png,Effusion,0.0,0.00293159
00014083_023.png,Effusion,0.12876393786272572,0.00289726
00014083_023.png,Mass,0.0,0.00283813
00014083_023.png,Cardiomegaly,0.0,0.00258827
00014083_023.png,Infiltration,0.0,0.00258064
00014083_023.png,Effusion,0.1286692100645841,0.00255013
00014083_023.png,Effusion,0.0,0.00249863
00014083_023.png,Cardiomegaly,0.29970600310896733,0.00242615
00014083_023.png,Cardiomegaly,0.14990396654507798,0.00241852
00014083_023.png,Effusion,0.0,0.00238609
00014083_023.png,Cardiomegaly,0.0,0.00233459
00014083_023.png,Effusion,0.0,0.002285
00014083_023.png,Effusion,0.0,0.00225067
00014083_023.png,Cardiomegaly,0.15615898672825912,0.00225067
00014083_023.png,Effusion,0.0,0.00216293
00014083_023.png,Cardiomegaly,0.0,0.00210762
00014083_023.png,Mass,0.0,0.00204277
00014083_023.png,Mass,0.0,0.00201035
00014083_023.png,Effusion,0.16255313878524905,0.0019722
00014083_023.png,Infiltration,0.12462972196234519,0.0019207
00014083_023.png,Mass,0.0,0.00179195
00014083_023.png,Effusion,0.0,0.00175381
00014083_023.png,Effusion,0.0,0.00174046
00014083_023.png,Infiltration,0.0,0.00171566
00014083_023.png,Effusion,0.0,0.0017128
00014083_023.png,Effusion,0.12801904930046734,0.00171089
00014083_023.png,Effusion,0.0,0.00169754
00014083_023.png,Effusion,0.09070522197021205,0.00166798
00014083_023.png,Mass,0.0,0.00166512
00014083_023.png,Mass,0.008410892191870448,0.0016346
00014083_023.png,Cardiomegaly,0.0,0.00160503
00014083_023.png,Cardiomegaly,0.0,0.0015974
00014083_023.png,Mass,0.27214687818841854,0.00159645
00014083_023.png,Effusion,0.0,0.00157547
00014083_023.png,Mass,0.0,0.00155544
00014083_023.png,Cardiomegaly,0.15126278971041587,0.00154209
00014083_023.png,Effusion,0.0,0.00153446
00014083_023.png,Effusion,0.0,0.00145435
00014083_023.png,Cardiomegaly,0.0,0.0014534
00014083_023.png,Effusion,0.09719981788431199,0.00144958
00014083_023.png,Infiltration,0.0,0.00143337
00014083_023.png,Effusion,0.0,0.00141239
00014083_023.png,Infiltration,0.0,0.00141144
00014083_023.png,Mass,0.0,0.00139523
00014083_023.png,Effusion,0.0,0.0013237
00014083_023.png,Mass,0.0,0.0012989
00014083_023.png,Cardiomegaly,0.21638272722494534,0.00126171
00014083_023.png,Mass,0.0,0.00124931
00014083_023.png,Effusion,0.0,0.00123596
00014083_023.png,Mass,0.12781943352805705,0.00120831
00014083_023.png,Infiltration,0.2099236672953875,0.00117874
00014083_023.png,Effusion,0.032915229525413814,0.00117111
00014083_023.png,Mass,0.0,0.00116348
00014083_023.png,Cardiomegaly,0.3227917822333051,0.00116062
00014083_023.png,Effusion,0.0,0.00115013
00014083_023.png,Mass,0.0,0.00114632
00014083_023.png,Mass,0.012771354299781771,0.00113773
00014083_023.png,Effusion,0.105286571886403,0.00113297
00014083_023.png,Mass,0.0,0.00113106
00014083_023.png,Effusion,0.0,0.00112534
00014083_023.png,Cardiomegaly,0.27214687818841854,0.00111961
00014083_023.png,Effusion,0.0,0.00111008
00014083_023.png,Effusion,0.0,0.00110626
00014083_023.png,Effusion,0.0,0.0011034
00014083_023.png,Cardiomegaly,0.0,0.00109863
00014083_023.png,Infiltration,0.12831158028681802,0.00106335
00014083_023.png,Effusion,0.0,0.00105953
00014083_023.png,Cardiomegaly,0.22313348348192716,0.00105095
00014083_023.png,Effusion,0.0,0.00103855
00014083_023.png,Effusion,0.0,0.00101852
00017178_007.png,Effusion,0.142304648047718,0.0576477
00017178_007.png,Infiltration,0.003138108428666427,0.0520935
00017178_007.png,Effusion,0.018715318458899503,0.0498962
00017178_007.png,Cardiomegaly,0.0,0.0374756
00017178_007.png,Infiltration,0.006704215323983074,0.0255127
00017178_007.png,Cardiomegaly,0.004225903462975356,0.0241547
00017178_007.png,Infiltration,0.25074229082776983,0.022934
00017178_007.png,Effusion,0.0,0.0216522
00017178_007.png,Effusion,0.0,0.0177307
00017178_007.png,Atelectasis,0.22148263431624612,0.0163116
00017178_007.png,Infiltration,0.0,0.0156708
00017178_007.png,Cardiomegaly,0.048142775983820295,0.0155563
00017178_007.png,Infiltration,0.142304648047718,0.014679
00017178_007.png,Infiltration,0.14482055006807068,0.0135956
00017178_007.png,Infiltration,0.054618826365603376,0.0131226
00017178_007.png,Cardiomegaly,0.0,0.0123825
00017178_007.png,Atelectasis,0.5393307985878528,0.0112762
00017178_007.png,Atelectasis,0.31513931425225145,0.0112686
00017178_007.png,Atelectasis,0.4372405527526329,0.0102692
00017178_007.png,Cardiomegaly,0.0,0.0100784
00017178_007.png,Infiltration,0.08489117386484851,0.00999451
00017178_007.png,Infiltration,0.0,0.00944519
00017178_007.png,Infiltration,0.0,0.00902557
00017178_007.png,Infiltration,0.0,0.00888824
00017178_007.png,Effusion,0.0,0.00870514
00017178_007.png,Cardiomegaly,0.0,0.0085907
00017178_007.png,Infiltration,0.18031775571150077,0.00823975
00017178_007.png,Effusion,0.04231614281837931,0.0075798
00017178_007.png,Cardiomegaly,0.0,0.00727081
00017178_007.png,Cardiomegaly,0.04231614281837931,0.00643921
00017178_007.png,Infiltration,0.0,0.00587463
00017178_007.png,Infiltration,0.08576826050774786,0.00563049
00017178_007.png,Infiltration,0.0,0.00536346
00017178_007.png,Cardiomegaly,0.18358417506406213,0.00514221
00017178_007.png,Infiltration,0.1355361449058096,0.00502777
00017178_007.png,Infiltration,0.08967989956851799,0.00482941
00017178_007.png,Atelectasis,0.6305083435859397,0.00465775
00017178_007.png,Effusion,0.18358417506406213,0.00450897
00017178_007.png,Infiltration,0.0,0.0043869
00017178_007.png,Cardiomegaly,0.0,0.00424576
00017178_007.png,Effusion,0.0,0.00414658
00017178_007.png,Atelectasis,0.24518542601633214,0.00389481
00017178_007.png,Effusion,0.18361427190596868,0.00388145
00017178_007.png,Infiltration,0.0,0.00384521
00017178_007.png,Cardiomegaly,0.0,0.00382042
00017178_007.png,Effusion,0.0,0.00374985
00017178_007.png,Cardiomegaly,0.1273670982535434,0.00361252
00017178_007.png,Cardiomegaly,0.0,0.00321198
00017178_007.png,Cardiomegaly,0.017542926669855984,0.00318718
00017178_007.png,Mass,0.02250607403349279,0.00318336
00017178_007.png,Effusion,0.0,0.00315666
00017178_007.png,Effusion,0.14482055006807068,0.00314903
00017178_007.png,Atelectasis,0.4230457444369223,0.00299644
00017178_007.png,Infiltration,0.10675493430852027,0.00299644
00017178_007.png,Infiltration,0.023458965618563664,0.00290489
00017178_007.png,Infiltration,0.022744756555273162,0.00284004
00017178_007.png,Infiltration,0.3534671914684873,0.00279808
00017178_007.png,Atelectasis,0.3794789208652896,0.00276756
00017178_007.png,Effusion,0.0,0.00275612
00017178_007.png,Cardiomegaly,0.0,0.00260544
00017178_007.png,Effusion,0.0,0.00260162
00017178_007.png,Mass,0.0,0.00250053
00017178_007.png,Effusion,0.0,0.00249863
00017178_007.png,Cardiomegaly,0.11571224638669851,0.00247955
00017178_007.png,Mass,0.0,0.00242043
00017178_007.png,Cardiomegaly,0.0,0.00239944
00017178_007.png,Effusion,0.07338103253382737,0.00238419
00017178_007.png,Mass,0.0,0.00237465
00017178_007.png,Infiltration,0.03080845862641463,0.00233459
00017178_007.png,Cardiomegaly,0.0,0.00231361
00017178_007.png,Effusion,0.0,0.0020771
00017178_007.png,Cardiomegaly,0.04247308584785222,0.0020256
00017178_007.png,Atelectasis,0.5555625314560144,0.00198364
00017178_007.png,Infiltration,0.0,0.00193024
00017178_007.png,Infiltration,0.15443109217411088,0.00188828
00017178_007.png,Cardiomegaly,0.0,0.00184345
00017178_007.png,Mass,0.0,0.00183868
00017178_007.png,Effusion,0.0,0.00183773
00017178_007.png,Mass,0.017542926669855984,0.00176525
00017178_007.png,Effusion,0.0,0.0017643
00017178_007.png,Infiltration,0.021416973670707204,0.00174522
00017178_007.png,Cardiomegaly,0.0,0.00172901
00017178_007.png,Effusion,0.0,0.00172615
00017178_007.png,Infiltration,0.014979973488183836,0.00165558
00017178_007.png,Effusion,0.0013786420566138959,0.00157452
00017178_007.png,Effusion,0.0,0.00156975
00017178_007.png,Cardiomegaly,0.0,0.00153446
00017178_007.png,Effusion,0.0,0.00152588
00017178_007.png,Effusion,0.018396092273891548,0.00150013
00017178_007.png,Cardiomegaly,0.0,0.0014801
00017178_007.png,Infiltration,0.0,0.00146294
00017178_007.png,Infiltration,0.0,0.00145531
00017178_007.png,Mass,0.0,0.00144958
00017178_007.png,Mass,0.0,0.00144196
00017178_007.png,Infiltration,0.0,0.00140476
00017178_007.png,Cardiomegaly,0.0,0.00139523
00017178_007.png,Effusion,0.0,0.00138474
00017178_007.png,Cardiomegaly,0.10675493430852027,0.00135326
00017178_007.png,Cardiomegaly,0.0025790978149563878,0.00132561
00017178_007.png,Effusion,0.0,0.00126553
00017178_007.png,Atelectasis,0.22303927649201558,0.00126076
00017178_007.png,Infiltration,0.0,0.00120544
00017178_007.png,Mass,0.0,0.00120354
00017178_007.png,Infiltration,0.14298643541972256,0.00120068
00017178_007.png,Effusion,0.0076587471083671525,0.00119114
00017178_007.png,Infiltration,0.0,0.00116158
00017178_007.png,Infiltration,0.012467849939183656,0.0011425
00017178_007.png,Infiltration,0.25985290545110357,0.00112057
00017178_007.png,Cardiomegaly,0.0,0.0011158
00017178_007.png,Effusion,0.03490026567093879,0.00110912
00017178_007.png,Cardiomegaly,0.005481762949016812,0.00109291
00017178_007.png,Atelectasis,0.0,0.00109196
00017178_007.png,Infiltration,0.0,0.00109005
00017178_007.png,Mass,0.0,0.0010643
00017178_007.png,Cardiomegaly,0.01768866902891831,0.0010643
00017178_007.png,Cardiomegaly,0.0,0.0010519
00017178_007.png,Cardiomegaly,0.16722824384726684,0.00105
00017178_007.png,Mass,0.0,0.00104618
00017178_007.png,Infiltration,0.1952573855143652,0.00103569
00017178_007.png,Cardiomegaly,0.0,0.00103092
00008547_001.png,Effusion,0.0,0.12915
00008547_001.png,Atelectasis,0.0,0.072998
00008547_001.png,Cardiomegaly,0.0,0.040741
00008547_001.png,Effusion,0.0,0.0283661
00008547_001.png,Effusion,0.0,0.0160217
00008547_001.png,Mass,0.0,0.015625
00008547_001.png,Cardiomegaly,0.0,0.0139542
00008547_001.png,Infiltration,0.3354220899709457,0.0130997
00008547_001.png,Cardiomegaly,0.0,0.0129471
00008547_001.png,Cardiomegaly,0.0,0.0122681
00008547_001.png,Cardiomegaly,0.1516937295424453,0.00971222
00008547_001.png,Cardiomegaly,0.0,0.00842285
00008547_001.png,Effusion,0.0,0.00823975
00008547_001.png,Mass,0.0,0.00814819
00008547_001.png,Effusion,0.0,0.00811768
00008547_001.png,Mass,0.0,0.00684738
00008547_001.png,Infiltration,0.19410077576558527,0.00582123
00008547_001.png,Cardiomegaly,0.08869648818589836,0.00566101
00008547_001.png,Cardiomegaly,0.0,0.00563812
00008547_001.png,Infiltration,0.0,0.0055542
00008547_001.png,Mass,0.0,0.00530243
00008547_001.png,Cardiomegaly,0.0,0.00520706
00008547_001.png,Effusion,0.0,0.0049057
00008547_001.png,Mass,0.0,0.00469971
00008547_001.png,Mass,0.0,0.00460434
00008547_001.png,Infiltration,0.0,0.0045433
00008547_001.png,Cardiomegaly,0.0,0.00448608
00008547_001.png,Cardiomegaly,0.0,0.0044632
00008547_001.png,Effusion,0.0,0.00403595
00008547_001.png,Mass,0.0,0.00400162
00008547_001.png,Infiltration,0.0,0.00396729
00008547_001.png,Cardiomegaly,0.0,0.00380707
00008547_001.png,Cardiomegaly,0.0,0.00375175
00008547_001.png,Infiltration,0.4100287048943974,0.00337219
00008547_001.png,Mass,0.0,0.00315666
00008547_001.png,Infiltration,0.0,0.00312996
00008547_001.png,Infiltration,0.06304660077608823,0.00311661
00008547_001.png,Cardiomegaly,0.0,0.00304413
00008547_001.png,Mass,0.0,0.00300598
00008547_001.png,Cardiomegaly,0.1299609562523458,0.00297356
00008547_001.png,Mass,0.0,0.00296974
00008547_001.png,Mass,0.0,0.00296783
00008547_001.png,Infiltration,0.0,0.00294113
00008547_001.png,Cardiomegaly,0.0,0.00290298
00008547_001.png,Effusion,0.0,0.00276375
00008547_001.png,Infiltration,0.0,0.00274849
00008547_001.png,Mass,0.0,0.00271416
00008547_001.png,Mass,0.0,0.00268745
00008547_001.png,Effusion,0.0,0.00259781
00008547_001.png,Mass,0.0,0.0025177
00008547_001.png,Cardiomegaly,0.0,0.00246429
00008547_001.png,Effusion,0.0,0.00245094
00008547_001.png,Mass,0.0,0.00245094
00008547_001.png,Cardiomegaly,0.0,0.00242043
00008547_001.png,Infiltration,0.0,0.00237274
00008547_001.png,Infiltration,0.0,0.00226784
00008547_001.png,Mass,0.0,0.00225067
00008547_001.png,Effusion,0.0,0.00222397
00008547_001.png,Cardiomegaly,0.0,0.00218964
00008547_001.png,Infiltration,0.0,0.00218773
00008547_001.png,Infiltration,0.0,0.00215721
00008547_001.png,Cardiomegaly,0.0,0.00214958
00008547_001.png,Cardiomegaly,0.0,0.00214195
00008547_001.png,Effusion,0.0,0.00212669
00008547_001.png,Effusion,0.0,0.00212479
00008547_001.png,Mass,0.0,0.00200653
00008547_001.png,Effusion,0.0,0.00200081
00008547_001.png,Infiltration,0.0,0.00196648
00008547_001.png,Infiltration,0.0,0.00195217
00008547_001.png,Infiltration,0.011189856502014189,0.00187016
00008547_001.png,Cardiomegaly,0.0,0.0018692
00008547_001.png,Infiltration,0.0,0.00184727
00008547_001.png,Mass,0.0,0.00182343
00008547_001.png,Mass,0.0,0.00179768
00008547_001.png,Cardiomegaly,0.23628390477527192,0.00177288
00008547_001.png,Effusion,0.0,0.00171566
00008547_001.png,Cardiomegaly,0.015857068684727388,0.00166035
00008547_001.png,Mass,0.0,0.00164604
00008547_001.png,Cardiomegaly,0.1547552635460538,0.0015831
00008547_001.png,Effusion,0.0,0.0015707
00008547_001.png,Mass,0.0,0.00156116
00008547_001.png,Cardiomegaly,0.0,0.00153542
00008547_001.png,Effusion,0.0,0.00153351
00008547_001.png,Effusion,0.0,0.00153065
00008547_001.png,Effusion,0.0,0.00148201
00008547_001.png,Cardiomegaly,0.3048856046916429,0.00147343
00008547_001.png,Infiltration,0.0,0.0014658
00008547_001.png,Cardiomegaly,0.14859209477943794,0.001441
00008547_001.png,Mass,0.0,0.00142574
00008547_001.png,Effusion,0.0,0.00142479
00008547_001.png,Infiltration,0.0,0.0014019
00008547_001.png,Cardiomegaly,0.0,0.00139618
00008547_001.png,Effusion,0.0,0.00134754
00008547_001.png,Mass,0.0520701951291507,0.00133133
00008547_001.png,Atelectasis,0.0,0.00131702
00008547_001.png,Infiltration,0.0,0.00131512
00008547_001.png,Infiltration,0.0,0.00131035
00008547_001.png,Infiltration,0.0,0.00130177
00008547_001.png,Infiltration,0.0,0.00130177
00008547_001.png,Mass,0.0,0.00128651
00008547_001.png,Infiltration,0.0,0.00128078
00008547_001.png,Infiltration,0.0,0.00125885
00008547_001.png,Infiltration,0.0,0.00124073
00008547_001.png,Effusion,0.0,0.00123024
00008547_001.png,Infiltration,0.0,0.00122261
00008547_001.png,Mass,0.0,0.00115967
00008547_001.png,Infiltration,0.0,0.00115967
00008547_001.png,Effusion,0.0,0.00115681
00008547_001.png,Infiltration,0.0,0.00113964
00008547_001.png,Cardiomegaly,0.0,0.00112724
00008547_001.png,Effusion,0.0,0.00112057
00008547_001.png,Cardiomegaly,0.0,0.00111961
00008547_001.png,Cardiomegaly,0.0,0.00111103
00008547_001.png,Effusion,0.0,0.00111008
00008547_001.png,Effusion,0.0,0.00110722
00008547_001.png,Effusion,0.0,0.00109386
00008547_001.png,Cardiomegaly,0.0,0.00108624
00008547_001.png,Cardiomegaly,0.15241531173131528,0.00106907
00008547_001.png,Mass,0.0,0.00105858
00008547_001.png,Cardiomegaly,0.5430057801886156,0.00105858
00008547_001.png,Infiltration,0.0,0.00104332
00008547_001.png,Infiltration,0.15916063876055656,0.00104332
00008547_001.png,Infiltration,0.0,0.00103378
00008547_001.png,Mass,0.0,0.00102997
00008547_001.png,Effusion,0.0,0.00102806
00008547_001.png,Effusion,0.0,0.00100231
00021009_001.png,Effusion,0.0,0.131714
00021009_001.png,Atelectasis,0.7179635491689711,0.11969
00021009_001.png,Cardiomegaly,0.0,0.0574646
00021009_001.png,Effusion,0.0,0.0458069
00021009_001.png,Effusion,0.04608125610007094,0.0335999
00021009_001.png,Infiltration,0.012729046975066985,0.0311127
00021009_001.png,Cardiomegaly,0.0,0.0302124
00021009_001.png,Cardiomegaly,0.0,0.0267792
00021009_001.png,Cardiomegaly,0.07634530813570714,0.0198364
00021009_001.png,Mass,0.13385614114808064,0.0182953
00021009_001.png,Infiltration,0.0,0.0164795
00021009_001.png,Effusion,0.04659975952053879,0.0131912
00021009_001.png,Effusion,0.0,0.0129471
00021009_001.png,Atelectasis,0.2538298363943609,0.0129013
00021009_001.png,Infiltration,0.07634530813570714,0.0123062
00021009_001.png,Infiltration,0.03933618551403558,0.0118103
00021009_001.png,Atelectasis,0.5212140147063401,0.011322
00021009_001.png,Cardiomegaly,0.011794261535659592,0.0110931
00021009_001.png,Cardiomegaly,0.1669112525806735,0.0100632
00021009_001.png,Cardiomegaly,0.1699386670345469,0.00939941
00021009_001.png,Mass,0.0,0.00871277
00021009_001.png,Cardiomegaly,0.0,0.00860596
00021009_001.png,Cardiomegaly,0.21274337389533954,0.00822449
00021009_001.png,Cardiomegaly,0.0,0.00778961
00021009_001.png,Effusion,0.02641451248568238,0.0077858
00021009_001.png,Mass,0.04321918589390443,0.00750351
00021009_001.png,Mass,0.0,0.00740433
00021009_001.png,Infiltration,0.35424770734276906,0.00694656
00021009_001.png,Cardiomegaly,0.11136513406992961,0.00671387
00021009_001.png,Cardiomegaly,0.0,0.00660706
00021009_001.png,Atelectasis,0.6602448189865608,0.00577545
00021009_001.png,Effusion,0.03078033935545031,0.00563812
00021009_001.png,Mass,0.0,0.00538635
00021009_001.png,Infiltration,0.07967618498662449,0.00536346
00021009_001.png,Mass,0.0,0.00511932
00021009_001.png,Mass,0.0,0.00477219
00021009_001.png,Cardiomegaly,0.0,0.00470734
00021009_001.png,Infiltration,0.049440301373024624,0.00453186
00021009_001.png,Effusion,0.053482156398338046,0.00448608
00021009_001.png,Cardiomegaly,0.0019849999059743622,0.00435257
00021009_001.png,Infiltration,0.09186682941344795,0.00426865
00021009_001.png,Effusion,0.011716007676240025,0.00426483
00021009_001.png,Infiltration,0.6827188922043571,0.00426102
00021009_001.png,Mass,0.0,0.00423431
00021009_001.png,Cardiomegaly,0.1593559824758458,0.0039711
00021009_001.png,Effusion,0.0,0.00394058
00021009_001.png,Infiltration,0.14910972985332663,0.00393295
00021009_001.png,Mass,0.0,0.00385475
00021009_001.png,Mass,0.0,0.00383568
00021009_001.png,Effusion,0.0,0.00380325
00021009_001.png,Effusion,0.0,0.00364304
00021009_001.png,Infiltration,0.013386276462801645,0.00363541
00021009_001.png,Effusion,0.0,0.00357246
00021009_001.png,Infiltration,0.260547882701644,0.00352097
00021009_001.png,Atelectasis,0.6320056792034744,0.003479
00021009_001.png,Infiltration,0.398474087659142,0.00345802
00021009_001.png,Mass,0.14180388103419053,0.00339699
00021009_001.png,Infiltration,0.0756102887535981,0.00339508
00021009_001.png,Mass,0.0,0.00335121
00021009_001.png,Effusion,0.0,0.00330162
00021009_001.png,Effusion,0.0,0.0032959
00021009_001.png,Effusion,0.0,0.00323105
00021009_001.png,Effusion,0.0,0.00320625
00021009_001.png,Effusion,0.0,0.0031929
00021009_001.png,Infiltration,0.0648213861459726,0.00317764
00021009_001.png,Mass,0.0,0.00316048
00021009_001.png,Infiltration,0.0,0.00310898
00021009_001.png,Cardiomegaly,0.0,0.0030365
00021009_001.png,Infiltration,0.0,0.00299835
00021009_001.png,Mass,0.08835743845932008,0.00295639
00021009_001.png,Infiltration,0.14817144242550612,0.00293732
00021009_001.png,Effusion,0.0,0.00287628
00021009_001.png,Atelectasis,0.6042553614764545,0.00287056
00021009_001.png,Infiltration,0.06814759760417133,0.0028553
00021009_001.png,Mass,0.0,0.00283051
00021009_001.png,Effusion,0.0,0.0027771
00021009_001.png,Infiltration,0.0,0.00270653
00021009_001.png,Mass,0.0,0.00269318
00021009_001.png,Infiltration,0.1042371890470169,0.00268173
00021009_001.png,Atelectasis,0.25659697117627145,0.0026741
00021009_001.png,Mass,0.0,0.00265884
00021009_001.png,Effusion,0.0,0.0025959
00021009_001.png,Cardiomegaly,0.09580718585827995,0.00257492
00021009_001.png,Mass,0.0,0.00255966
00021009_001.png,Mass,0.0,0.00251198
00021009_001.png,Cardiomegaly,0.08861613455430223,0.00249481
00021009_001.png,Effusion,0.0,0.002491
00021009_001.png,Mass,0.0,0.00246239
00021009_001.png,Effusion,0.0,0.00243568
00021009_001.png,Infiltration,0.053467091098229634,0.0024147
00021009_001.png,Mass,0.03161116788592399,0.0024128
00021009_001.png,Cardiomegaly,0.12437454125665029,0.00241089
00021009_001.png,Infiltration,0.0,0.00239563
00021009_001.png,Infiltration,0.0,0.00234985
00021009_001.png,Cardiomegaly,0.16530077949294877,0.00232124
00021009_001.png,Infiltration,0.11351655460092565,0.002285
00021009_001.png,Mass,0.0,0.00225258
00021009_001.png,Infiltration,0.05647484259846788,0.00223351
00021009_001.png,Mass,0.0,0.00221252
00021009_001.png,Cardiomegaly,0.09710728537565685,0.00219727
00021009_001.png,Effusion,0.0,0.00219345
00021009_001.png,Infiltration,0.12170043905578717,0.00211906
00021009_001.png,Cardiomegaly,0.1218571613857153,0.00208664
00021009_001.png,Mass,0.01565077993907021,0.00204086
00021009_001.png,Effusion,0.0,0.00202179
00021009_001.png,Infiltration,0.0,0.00198174
00021009_001.png,Effusion,0.04595023045628698,0.00196266
00021009_001.png,Effusion,0.0,0.00195503
00021009_001.png,Cardiomegaly,0.0,0.00194073
00021009_001.png,Infiltration,0.38892119694968375,0.00192547
00021009_001.png,Mass,0.0,0.00191307
00021009_001.png,Cardiomegaly,0.05912332967202071,0.00190926
00021009_001.png,Mass,0.0,0.00190639
00021009_001.png,Mass,0.0,0.00190353
00021009_001.png,Effusion,0.0,0.00189018
00021009_001.png,Infiltration,0.49704550311783585,0.00182915
00021009_001.png,Cardiomegaly,0.06436415492083415,0.00181198
00021009_001.png,Infiltration,0.018992064448779482,0.00178909
00021009_001.png,Infiltration,0.19118682170970527,0.00177383
00021009_001.png,Infiltration,0.05912332967202071,0.00171757
00021009_001.png,Infiltration,0.09428306155330947,0.00171089
00021009_001.png,Effusion,0.11910641669754624,0.00167751
00021009_001.png,Mass,0.0,0.00166798
00021009_001.png,Effusion,0.0,0.00166512
00021009_001.png,Infiltration,0.16530077949294877,0.00162697
00021009_001.png,Cardiomegaly,0.28227323919180425,0.00159454
00021009_001.png,Cardiomegaly,0.11769960772235236,0.00156021
00021009_001.png,Effusion,0.0,0.00155163
00021009_001.png,Effusion,0.0,0.00152302
00021009_001.png,Mass,0.06709216812631867,0.00152206
00021009_001.png,Infiltration,0.06571318041379737,0.00152016
00021009_001.png,Effusion,0.018077213349143775,0.00148487
00021009_001.png,Effusion,0.0,0.00148106
00021009_001.png,Effusion,0.09710728537565685,0.00144482
00021009_001.png,Effusion,0.15840638860506423,0.00143623
00021009_001.png,Effusion,0.02568350203176224,0.0014286
00021009_001.png,Effusion,0.0,0.00141716
00021009_001.png,Infiltration,0.6284925134893923,0.00140476
00021009_001.png,Infiltration,0.011491999357649316,0.00140381
00021009_001.png,Cardiomegaly,0.0,0.00137711
00021009_001.png,Mass,0.09589527055142134,0.00137424
00021009_001.png,Effusion,0.0,0.00136852
00021009_001.png,Infiltration,0.014605993955787202,0.00135708
00021009_001.png,Infiltration,0.1218571613857153,0.00133705
00021009_001.png,Infiltration,0.5204435788211546,0.00133038
00021009_001.png,Cardiomegaly,0.09058508769771703,0.00132847
00021009_001.png,Effusion,0.4082338033911633,0.00132465
00021009_001.png,Mass,0.09629422882098741,0.00130749
00021009_001.png,Cardiomegaly,0.12482629806287505,0.00130177
00021009_001.png,Effusion,0.0,0.00129223
00021009_001.png,Mass,0.0,0.00127316
00021009_001.png,Mass,0.0,0.00120544
00021009_001.png,Effusion,0.0,0.00119209
00021009_001.png,Mass,0.0,0.00115108
00021009_001.png,Mass,0.0,0.00113487
00021009_001.png,Mass,0.0,0.00113392
00021009_001.png,Mass,0.0,0.0011301
00021009_001.png,Mass,0.02027063723215517,0.00112343
00021009_001.png,Effusion,0.027430522127717745,0.0011158
00021009_001.png,Mass,0.0,0.00110435
00021009_001.png,Effusion,0.059975476656987645,0.00109386
00021009_001.png,Infiltration,0.09580718585827995,0.00108624
00021009_001.png,Effusion,0.0,0.00108433
00021009_001.png,Infiltration,0.0,0.00107861
00021009_001.png,Cardiomegaly,0.21644554755042986,0.00105762
00021009_001.png,Mass,0.0,0.00105572
00021009_001.png,Effusion,0.0,0.00104427
00021009_001.png,Mass,0.0,0.00104427
00021009_001.png,Infiltration,0.7669231765113129,0.00102139
00021009_001.png,Mass,0.0,0.00102043
00021009_001.png,Cardiomegaly,0.6722513025000643,0.00101089
00021009_001.png,Cardiomegaly,0.08634405649331867,0.00100899
00000054_004.png,Atelectasis,0.0,0.376709
00000054_004.png,Effusion,0.0,0.0980835
00000054_004.png,Infiltration,0.0,0.0462341
00000054_004.png,Cardiomegaly,0.0,0.0202332
00000054_004.png,Infiltration,0.0,0.012558
00000054_004.png,Infiltration,0.0,0.0124435
00000054_004.png,Mass,0.0,0.0115967
00000054_004.png,Infiltration,0.0,0.0113297
00000054_004.png,Infiltration,0.0,0.0113068
00000054_004.png,Effusion,0.0,0.00886536
00000054_004.png,Infiltration,0.0,0.0086441
00000054_004.png,Mass,0.0,0.00820923
00000054_004.png,Infiltration,0.0,0.00746918
00000054_004.png,Infiltration,0.0,0.00694656
00000054_004.png,Mass,0.0,0.00679016
00000054_004.png,Infiltration,0.0,0.00673294
00000054_004.png,Effusion,0.0,0.00668335
00000054_004.png,Cardiomegaly,0.0,0.00653458
00000054_004.png,Effusion,0.0,0.00532913
00000054_004.png,Cardiomegaly,0.0,0.00518799
00000054_004.png,Infiltration,0.0,0.00496292
00000054_004.png,Infiltration,0.0,0.00492096
00000054_004.png,Infiltration,0.0,0.00479889
00000054_004.png,Infiltration,0.0,0.0045166
00000054_004.png,Infiltration,0.0,0.00440979
00000054_004.png,Infiltration,0.0,0.00431061
00000054_004.png,Atelectasis,0.0,0.00411987
00000054_004.png,Infiltration,0.0,0.00393677
00000054_004.png,Atelectasis,0.0,0.00381088
00000054_004.png,Infiltration,0.0,0.00342178
00000054_004.png,Effusion,0.0,0.00334549
00000054_004.png,Infiltration,0.0,0.00333023
00000054_004.png,Infiltration,0.0,0.00324631
00000054_004.png,Mass,0.0,0.00310516
00000054_004.png,Infiltration,0.0,0.00307655
00000054_004.png,Cardiomegaly,0.0,0.00293732
00000054_004.png,Effusion,0.0,0.00293159
00000054_004.png,Infiltration,0.0,0.00283623
00000054_004.png,Effusion,0.0,0.00281715
00000054_004.png,Infiltration,0.0,0.00275803
00000054_004.png,Infiltration,0.0,0.00272751
00000054_004.png,Effusion,0.0,0.00268936
00000054_004.png,Effusion,0.0,0.00260925
00000054_004.png,Infiltration,0.0,0.00259781
00000054_004.png,Infiltration,0.0,0.00257874
00000054_004.png,Infiltration,0.0,0.0025444
00000054_004.png,Infiltration,0.0,0.00248528
00000054_004.png,Mass,0.0,0.00247955
00000054_004.png,Effusion,0.0,0.00245094
00000054_004.png,Effusion,0.0,0.00234985
00000054_004.png,Effusion,0.0,0.00234604
00000054_004.png,Infiltration,0.0,0.00230598
00000054_004.png,Effusion,0.0,0.00218391
00000054_004.png,Infiltration,0.0,0.00208664
00000054_004.png,Atelectasis,0.0,0.00208473
00000054_004.png,Mass,0.0,0.00205612
00000054_004.png,Effusion,0.0,0.00201797
00000054_004.png,Effusion,0.0,0.00193691
00000054_004.png,Mass,0.0,0.00191212
00000054_004.png,Atelectasis,0.0,0.00189781
00000054_004.png,Infiltration,0.0,0.00188732
00000054_004.png,Infiltration,0.0,0.00185966
00000054_004.png,Infiltration,0.0,0.00183201
00000054_004.png,Infiltration,0.0,0.00182915
00000054_004.png,Mass,0.0,0.00182533
00000054_004.png,Infiltration,0.0,0.00182343
00000054_004.png,Infiltration,0.0,0.00182343
00000054_004.png,Mass,0.0,0.00181198
00000054_004.png,Effusion,0.0,0.00179005
00000054_004.png,Infiltration,0.0,0.00177288
00000054_004.png,Cardiomegaly,0.0,0.00172997
00000054_004.png,Effusion,0.0,0.00171757
00000054_004.png,Infiltration,0.0,0.0017128
00000054_004.png,Effusion,0.0,0.00170803
00000054_004.png,Effusion,0.0,0.00169945
00000054_004.png,Mass,0.0,0.00165939
00000054_004.png,Cardiomegaly,0.0,0.00162506
00000054_004.png,Infiltration,0.0,0.00161648
00000054_004.png,Infiltration,0.0,0.0015974
00000054_004.png,Infiltration,0.0,0.00153637
00000054_004.png,Cardiomegaly,0.0,0.0015192
00000054_004.png,Infiltration,0.0,0.00148582
00000054_004.png,Cardiomegaly,0.0,0.001441
00000054_004.png,Infiltration,0.0,0.00143909
00000054_004.png,Cardiomegaly,0.0,0.00143623
00000054_004.png,Effusion,0.0,0.00138378
00000054_004.png,Effusion,0.0,0.00137711
00000054_004.png,Mass,0.0,0.00133801
00000054_004.png,Cardiomegaly,0.0,0.00133038
00000054_004.png,Mass,0.0,0.00131893
00000054_004.png,Infiltration,0.0,0.00131702
00000054_004.png,Infiltration,0.0,0.00131035
00000054_004.png,Mass,0.0,0.00130558
00000054_004.png,Cardiomegaly,0.0,0.00129795
00000054_004.png,Cardiomegaly,0.0,0.00129318
00000054_004.png,Infiltration,0.0,0.00128365
00000054_004.png,Infiltration,0.0,0.00127697
00000054_004.png,Infiltration,0.0,0.00123692
00000054_004.png,Infiltration,0.0,0.00122929
00000054_004.png,Cardiomegaly,0.0,0.00122452
00000054_004.png,Effusion,0.0,0.00121593
00000054_004.png,Cardiomegaly,0.0,0.00121403
00000054_004.png,Mass,0.0,0.00119209
00000054_004.png,Effusion,0.0,0.00119114
00000054_004.png,Infiltration,0.0,0.00118351
00000054_004.png,Cardiomegaly,0.0,0.00117683
00000054_004.png,Effusion,0.0,0.00113583
00000054_004.png,Effusion,0.0,0.00113201
00000054_004.png,Cardiomegaly,0.0,0.00110817
00000054_004.png,Infiltration,0.0,0.00110722
00000054_004.png,Infiltration,0.0,0.00109863
00000054_004.png,Cardiomegaly,0.0,0.00109386
00000054_004.png,Mass,0.0,0.00108624
00000054_004.png,Effusion,0.0,0.00108433
00000054_004.png,Effusion,0.0,0.00108242
00000054_004.png,Infiltration,0.0,0.00107098
00000054_004.png,Infiltration,0.0,0.00106525
00000054_004.png,Effusion,0.0,0.00106049
00000054_004.png,Infiltration,0.0,0.00104904
00000054_004.png,Cardiomegaly,0.0,0.00104713
00000054_004.png,Atelectasis,0.0,0.00104618
00000054_004.png,Atelectasis,0.0,0.00103569
00000054_004.png,Mass,0.0,0.00102806
00000054_004.png,Effusion,0.0,0.00101948
00005532_016.png,Atelectasis,0.6747972343733394,0.568359
00005532_016.png,Effusion,0.0,0.0275116
00005532_016.png,Mass,0.03697046507902991,0.0257721
00005532_016.png,Infiltration,0.03774174238718872,0.0252991
00005532_016.png,Infiltration,0.029685124983628526,0.0244904
00005532_016.png,Cardiomegaly,0.003095616233116135,0.01828
00005532_016.png,Infiltration,0.02188649006809269,0.0153046
00005532_016.png,Infiltration,0.05392467707636305,0.0128174
00005532_016.png,Infiltration,0.020774770475587814,0.0107117
00005532_016.png,Mass,0.0723979514169559,0.0102234
00005532_016.png,Infiltration,0.03882372952169019,0.0100327
00005532_016.png,Effusion,0.0404806671043603,0.00780869
00005532_016.png,Effusion,0.0,0.00671005
00005532_016.png,Infiltration,0.0,0.00615311
00005532_016.png,Infiltration,0.05394744534318358,0.00512695
00005532_016.png,Infiltration,0.72599486507319,0.00463486
00005532_016.png,Mass,0.007094320778474389,0.00413513
00005532_016.png,Cardiomegaly,0.0,0.00413132
00005532_016.png,Effusion,0.0,0.0036869
00005532_016.png,Infiltration,0.0,0.00361633
00005532_016.png,Effusion,0.0,0.00337982
00005532_016.png,Infiltration,0.0,0.00329018
00005532_016.png,Cardiomegaly,0.0783312998259495,0.00322151
00005532_016.png,Effusion,0.010533581300491392,0.00310898
00005532_016.png,Cardiomegaly,0.07909717369765444,0.00291061
00005532_016.png,Effusion,0.09595267433828995,0.00288773
00005532_016.png,Mass,0.0,0.00277138
00005532_016.png,Infiltration,0.030301746038031187,0.00274658
00005532_016.png,Effusion,0.0,0.00268745
00005532_016.png,Effusion,0.0,0.00268173
00005532_016.png,Mass,0.0,0.00264549
00005532_016.png,Effusion,0.020074512205276045,0.00263023
00005532_016.png,Atelectasis,0.5543101853999821,0.00255203
00005532_016.png,Effusion,0.0,0.00241089
00005532_016.png,Mass,0.0,0.00238609
00005532_016.png,Mass,0.0,0.0022068
00005532_016.png,Cardiomegaly,0.0,0.00217247
00005532_016.png,Effusion,0.017097578202748858,0.00216293
00005532_016.png,Cardiomegaly,0.029692817774675643,0.00209045
00005532_016.png,Effusion,0.0,0.00208092
00005532_016.png,Cardiomegaly,0.503484697362835,0.00206375
00005532_016.png,Cardiomegaly,0.0,0.00196648
00005532_016.png,Effusion,0.09114624030234701,0.00193787
00005532_016.png,Infiltration,0.026932031406502563,0.00193024
00005532_016.png,Effusion,0.0,0.00191498
00005532_016.png,Infiltration,0.26651233620892495,0.00184727
00005532_016.png,Effusion,0.0,0.00182247
00005532_016.png,Effusion,0.0,0.00181484
00005532_016.png,Effusion,0.007264763016764383,0.00180721
00005532_016.png,Infiltration,0.08680131990055655,0.0017786
00005532_016.png,Infiltration,0.5057225189447373,0.00173664
00005532_016.png,Effusion,0.0,0.00172615
00005532_016.png,Effusion,0.0,0.00172424
00005532_016.png,Infiltration,0.10027943102801729,0.00167561
00005532_016.png,Mass,0.047890055851819116,0.00165462
00005532_016.png,Mass,0.0,0.00165367
00005532_016.png,Mass,0.0,0.00164986
00005532_016.png,Effusion,0.27803215478716997,0.00164604
00005532_016.png,Infiltration,0.021601832572742147,0.00164413
00005532_016.png,Cardiomegaly,0.0,0.00161171
00005532_016.png,Effusion,0.0,0.00157261
00005532_016.png,Effusion,0.03446094354335395,0.00155258
00005532_016.png,Effusion,0.0,0.00154495
00005532_016.png,Cardiomegaly,0.0,0.00152493
00005532_016.png,Effusion,0.026932031406502563,0.00151443
00005532_016.png,Cardiomegaly,0.14386490187771933,0.00149727
00005532_016.png,Mass,0.0,0.0014658
00005532_016.png,Mass,0.05392467707636305,0.00145912
00005532_016.png,Effusion,0.08720797232377973,0.00143433
00005532_016.png,Effusion,0.018125590231320196,0.00143242
00005532_016.png,Effusion,0.021601832572742147,0.00140858
00005532_016.png,Infiltration,0.05145807471621578,0.00140476
00005532_016.png,Effusion,0.024570021327053475,0.00137424
00005532_016.png,Mass,0.1334220793483774,0.00135708
00005532_016.png,Mass,0.0,0.00135231
00005532_016.png,Effusion,0.030301746038031187,0.00133324
00005532_016.png,Cardiomegaly,0.09839131224338199,0.00132656
00005532_016.png,Effusion,0.0,0.00132561
00005532_016.png,Cardiomegaly,0.0,0.0013237
00005532_016.png,Effusion,0.0,0.00128365
00005532_016.png,Cardiomegaly,0.02530218718322983,0.00127506
00005532_016.png,Effusion,0.6935257051912521,0.00124454
00005532_016.png,Infiltration,0.020074512205276045,0.00122452
00005532_016.png,Cardiomegaly,0.0,0.00122452
00005532_016.png,Infiltration,0.0024374320111965908,0.00122166
00005532_016.png,Mass,0.09843448065016308,0.00121212
00005532_016.png,Cardiomegaly,0.08287936349166701,0.00121212
00005532_016.png,Cardiomegaly,0.4021819992874224,0.0012064
00005532_016.png,Effusion,0.0,0.00116444
00005532_016.png,Effusion,0.0,0.00115871
00005532_016.png,Cardiomegaly,0.0,0.00114918
00005532_016.png,Infiltration,0.6848460987182287,0.00114727
00005532_016.png,Effusion,0.0,0.0011282
00005532_016.png,Effusion,0.0,0.00110912
00005532_016.png,Cardiomegaly,0.0,0.00109291
00005532_016.png,Cardiomegaly,0.026787504471164705,0.00108242
00005532_016.png,Cardiomegaly,0.0,0.00104809
00005532_016.png,Infiltration,0.21720801957090125,0.00104427
00005532_016.png,Effusion,0.0,0.00103474
00005532_016.png,Mass,0.0,0.00102997
00005532_016.png,Cardiomegaly,0.0,0.00101566
00005532_016.png,Effusion,0.07013102267330781,0.00101089
00005532_016.png,Cardiomegaly,0.0,0.00100803
00005532_016.png,Effusion,0.5997426798964575,0.00100231
00026132_016.png,Mass,0.0,0.074585
00026132_016.png,Cardiomegaly,0.0,0.064209
00026132_016.png,Cardiomegaly,0.0,0.0406799
00026132_016.png,Cardiomegaly,0.0,0.0368042
00026132_016.png,Cardiomegaly,0.0,0.0353088
00026132_016.png,Effusion,0.0,0.0243073
00026132_016.png,Mass,0.0,0.0210114
00026132_016.png,Atelectasis,0.022431324779992556,0.0207367
00026132_016.png,Cardiomegaly,0.039694284354282454,0.0179138
00026132_016.png,Effusion,0.12209963010202428,0.0166779
00026132_016.png,Mass,0.0,0.0161133
00026132_016.png,Effusion,0.17242213325521483,0.015625
00026132_016.png,Cardiomegaly,0.0,0.0152054
00026132_016.png,Effusion,0.0,0.0140457
00026132_016.png,Cardiomegaly,0.0,0.0126724
00026132_016.png,Cardiomegaly,0.0,0.0110321
00026132_016.png,Effusion,0.0,0.00985718
00026132_016.png,Effusion,0.10922978649453069,0.00933838
00026132_016.png,Effusion,0.15185868542736383,0.00782776
00026132_016.png,Mass,0.0,0.00775909
00026132_016.png,Cardiomegaly,0.03680990002767686,0.00720978
00026132_016.png,Effusion,0.0,0.00699997
00026132_016.png,Cardiomegaly,0.0,0.00671387
00026132_016.png,Cardiomegaly,0.0,0.00669098
00026132_016.png,Cardiomegaly,0.0,0.00667191
00026132_016.png,Cardiomegaly,0.05547697722003898,0.00641251
00026132_016.png,Cardiomegaly,0.0,0.00540543
00026132_016.png,Cardiomegaly,0.0,0.00536346
00026132_016.png,Cardiomegaly,0.0,0.00485611
00026132_016.png,Effusion,0.0,0.00475311
00026132_016.png,Effusion,0.001157071024850518,0.00446701
00026132_016.png,Effusion,0.0,0.00435638
00026132_016.png,Effusion,0.0,0.00433731
00026132_016.png,Effusion,0.0,0.00403214
00026132_016.png,Infiltration,0.0,0.00390625
00026132_016.png,Cardiomegaly,0.0,0.00388908
00026132_016.png,Effusion,0.0,0.00379372
00026132_016.png,Effusion,0.0,0.00377083
00026132_016.png,Infiltration,0.0,0.00354385
00026132_016.png,Mass,0.0,0.00346947
00026132_016.png,Cardiomegaly,0.04847919066712414,0.00346756
00026132_016.png,Mass,0.0,0.00341225
00026132_016.png,Mass,0.0,0.00321198
00026132_016.png,Mass,0.0,0.00321198
00026132_016.png,Cardiomegaly,0.0,0.0031929
00026132_016.png,Effusion,0.0,0.00309753
00026132_016.png,Mass,0.0,0.00307846
00026132_016.png,Mass,0.0,0.00306511
00026132_016.png,Effusion,0.04755949943917394,0.00303459
00026132_016.png,Mass,0.0,0.00301933
00026132_016.png,Effusion,0.0,0.0029583
00026132_016.png,Effusion,0.0,0.00292969
00026132_016.png,Cardiomegaly,0.0,0.00284004
00026132_016.png,Effusion,0.0,0.00278664
00026132_016.png,Infiltration,0.0,0.00274658
00026132_016.png,Cardiomegaly,0.0,0.00274277
00026132_016.png,Atelectasis,0.02441726125025455,0.0027256
00026132_016.png,Cardiomegaly,0.0,0.00268364
00026132_016.png,Cardiomegaly,0.0,0.00266266
00026132_016.png,Mass,0.0,0.00260735
00026132_016.png,Effusion,0.09009570968249903,0.00257874
00026132_016.png,Infiltration,0.0,0.00256157
00026132_016.png,Mass,0.0,0.00253487
00026132_016.png,Cardiomegaly,0.0,0.00252342
00026132_016.png,Mass,0.0,0.00251579
00026132_016.png,Cardiomegaly,0.05995562184378346,0.00248337
00026132_016.png,Atelectasis,0.0,0.00245857
00026132_016.png,Effusion,0.0,0.00244904
00026132_016.png,Mass,0.0,0.00234604
00026132_016.png,Effusion,0.12930676252799006,0.00233078
00026132_016.png,Effusion,0.0,0.00228119
00026132_016.png,Mass,0.0,0.00215149
00026132_016.png,Cardiomegaly,0.0,0.00211906
00026132_016.png,Effusion,0.0,0.00209236
00026132_016.png,Mass,0.0,0.00206566
00026132_016.png,Mass,0.0,0.00203896
00026132_016.png,Effusion,0.0,0.00198174
00026132_016.png,Effusion,0.0,0.00197792
00026132_016.png,Infiltration,0.0,0.0019207
00026132_016.png,Cardiomegaly,0.0,0.00190735
00026132_016.png,Cardiomegaly,0.05442443666803422,0.00188065
00026132_016.png,Infiltration,0.0,0.00187969
00026132_016.png,Effusion,0.044352930613588054,0.00187302
00026132_016.png,Cardiomegaly,0.0,0.00180054
00026132_016.png,Cardiomegaly,0.03062207510499223,0.001791
00026132_016.png,Effusion,0.03250525172129379,0.00178528
00026132_016.png,Cardiomegaly,0.0834650952148813,0.00178146
00026132_016.png,Cardiomegaly,0.0,0.00174999
00026132_016.png,Infiltration,0.0,0.00173664
00026132_016.png,Effusion,0.1523776555628612,0.00171852
00026132_016.png,Effusion,0.0,0.00170326
00026132_016.png,Effusion,0.1541390912015758,0.00168896
00026132_016.png,Atelectasis,0.0,0.00167465
00026132_016.png,Mass,0.0,0.00166702
00026132_016.png,Infiltration,0.12930676252799006,0.00164604
00026132_016.png,Effusion,0.001800326036479252,0.00162315
00026132_016.png,Effusion,0.0,0.00161552
00026132_016.png,Cardiomegaly,0.09944562895328327,0.00160122
00026132_016.png,Effusion,0.0,0.00156593
00026132_016.png,Infiltration,0.0,0.00152683
00026132_016.png,Effusion,0.06284900539747686,0.0015192
00026132_016.png,Effusion,0.0,0.00150394
00026132_016.png,Mass,0.0,0.00149536
00026132_016.png,Cardiomegaly,0.0,0.00147533
00026132_016.png,Mass,0.0,0.00147438
00026132_016.png,Mass,0.0,0.00147343
00026132_016.png,Infiltration,0.0,0.00146008
00026132_016.png,Infiltration,0.0,0.00144196
00026132_016.png,Effusion,0.0,0.00143623
00026132_016.png,Cardiomegaly,0.0,0.00143337
00026132_016.png,Effusion,0.0,0.00142288
00026132_016.png,Mass,0.0,0.00141716
00026132_016.png,Cardiomegaly,0.0,0.00139523
00026132_016.png,Mass,0.0,0.00137043
00026132_016.png,Infiltration,0.0,0.00134563
00026132_016.png,Cardiomegaly,0.0,0.00130177
00026132_016.png,Effusion,0.0,0.00129986
00026132_016.png,Mass,0.0,0.00127316
00026132_016.png,Cardiomegaly,0.0,0.00123692
00026132_016.png,Effusion,0.0,0.0011797
00026132_016.png,Cardiomegaly,0.0,0.00117302
00026132_016.png,Effusion,0.0,0.00115776
00026132_016.png,Cardiomegaly,0.0,0.00115395
00026132_016.png,Mass,0.0,0.00114632
00026132_016.png,Mass,0.0,0.00114632
00026132_016.png,Cardiomegaly,0.0,0.00114632
00026132_016.png,Effusion,0.0,0.00109291
00026132_016.png,Infiltration,0.0,0.0010891
00026132_016.png,Cardiomegaly,0.03327578489704442,0.0010891
00026132_016.png,Effusion,0.0,0.00108719
00026132_016.png,Mass,0.0,0.0010643
00026132_016.png,Infiltration,0.0,0.00105572
00026132_016.png,Effusion,0.0,0.00105572
00026132_016.png,Mass,0.012558966415118002,0.00105476
00026132_016.png,Infiltration,0.12829081852277932,0.00104523
00026132_016.png,Effusion,0.0,0.00102901
00026132_016.png,Cardiomegaly,0.0,0.00102234
00026132_016.png,Effusion,0.09589342808941867,0.00101757
00026132_016.png,Infiltration,0.0,0.00100994
00026132_016.png,Effusion,0.0,0.00100708
00026132_016.png,Effusion,0.017536078324355872,0.00100613
00030408_013.png,Atelectasis,0.04769468743901873,0.145996
00030408_013.png,Cardiomegaly,0.0,0.0502014
00030408_013.png,Cardiomegaly,0.0,0.0480347
00030408_013.png,Infiltration,0.0,0.0224609
00030408_013.png,Effusion,0.0,0.0184479
00030408_013.png,Cardiomegaly,0.0,0.0151596
00030408_013.png,Cardiomegaly,0.0,0.0137939
00030408_013.png,Infiltration,0.010980407075408517,0.0123672
00030408_013.png,Infiltration,0.0,0.0116501
00030408_013.png,Infiltration,0.0,0.0111313
00030408_013.png,Cardiomegaly,0.0,0.0098114
00030408_013.png,Infiltration,0.0,0.00960541
00030408_013.png,Infiltration,0.0,0.00925446
00030408_013.png,Atelectasis,0.039331905126510906,0.0092392
00030408_013.png,Infiltration,0.0,0.0087204
00030408_013.png,Cardiomegaly,0.0,0.00850677
00030408_013.png,Effusion,0.0,0.00823975
00030408_013.png,Cardiomegaly,0.0,0.00773621
00030408_013.png,Mass,0.0,0.00736237
00030408_013.png,Infiltration,0.0,0.00731659
00030408_013.png,Cardiomegaly,0.11182939944820972,0.00711441
00030408_013.png,Infiltration,0.0,0.0069046
00030408_013.png,Cardiomegaly,0.12530896081853865,0.00601196
00030408_013.png,Effusion,0.0,0.00595093
00030408_013.png,Cardiomegaly,0.1143892024346708,0.00568008
00030408_013.png,Effusion,0.0,0.00546646
00030408_013.png,Cardiomegaly,0.0,0.0054245
00030408_013.png,Cardiomegaly,0.0,0.00525284
00030408_013.png,Mass,0.0,0.00512695
00030408_013.png,Infiltration,0.0,0.00495529
00030408_013.png,Cardiomegaly,0.0,0.00486755
00030408_013.png,Cardiomegaly,0.12321706058442311,0.00457382
00030408_013.png,Cardiomegaly,0.0,0.00418472
00030408_013.png,Effusion,0.2265886951584006,0.00391769
00030408_013.png,Mass,0.0,0.00346184
00030408_013.png,Infiltration,0.0,0.00279045
00030408_013.png,Mass,0.0,0.00275421
00030408_013.png,Mass,0.0,0.00272942
00030408_013.png,Effusion,0.0,0.00263405
00030408_013.png,Infiltration,0.0,0.0024147
00030408_013.png,Effusion,0.0,0.00235748
00030408_013.png,Effusion,0.0,0.00234032
00030408_013.png,Mass,0.0,0.00215721
00030408_013.png,Infiltration,0.0,0.00212479
00030408_013.png,Cardiomegaly,0.07786177325775837,0.00210381
00030408_013.png,Effusion,0.0,0.00206184
00030408_013.png,Cardiomegaly,0.0,0.00205994
00030408_013.png,Effusion,0.0,0.00196838
00030408_013.png,Mass,0.0,0.00192928
00030408_013.png,Mass,0.0,0.00192547
00030408_013.png,Infiltration,0.013689258297927573,0.00192451
00030408_013.png,Mass,0.0,0.00190258
00030408_013.png,Cardiomegaly,0.014815201944719518,0.00188541
00030408_013.png,Cardiomegaly,0.007887682110620872,0.0018816
00030408_013.png,Effusion,0.0,0.00187397
00030408_013.png,Cardiomegaly,0.1604087616202789,0.00181675
00030408_013.png,Infiltration,0.11810408460376297,0.00181484
00030408_013.png,Infiltration,0.0,0.00180817
00030408_013.png,Cardiomegaly,0.0,0.0018034
00030408_013.png,Infiltration,0.0,0.00179672
00030408_013.png,Mass,0.0,0.00177288
00030408_013.png,Mass,0.0,0.0017395
00030408_013.png,Infiltration,0.04337987336046642,0.00173378
00030408_013.png,Effusion,0.0,0.00170135
00030408_013.png,Cardiomegaly,0.11653927798261557,0.0016861
00030408_013.png,Cardiomegaly,0.0,0.00159264
00030408_013.png,Infiltration,0.2265886951584006,0.001544
00030408_013.png,Effusion,0.0,0.00152493
00030408_013.png,Effusion,0.34713786628250864,0.00151634
00030408_013.png,Mass,0.0,0.00151062
00030408_013.png,Infiltration,0.23749950102148057,0.00150299
00030408_013.png,Mass,0.0,0.00149822
00030408_013.png,Cardiomegaly,0.0,0.00148678
00030408_013.png,Effusion,0.0,0.00146961
00030408_013.png,Cardiomegaly,0.0,0.00146198
00030408_013.png,Effusion,0.0,0.00144577
00030408_013.png,Cardiomegaly,0.10028888879672607,0.00144386
00030408_013.png,Mass,0.0,0.00141716
00030408_013.png,Cardiomegaly,0.0,0.0013752
00030408_013.png,Effusion,0.0,0.00135517
00030408_013.png,Effusion,0.0,0.0013485
00030408_013.png,Infiltration,0.030299622761938115,0.00132561
00030408_013.png,Cardiomegaly,0.0,0.00131702
00030408_013.png,Effusion,0.0,0.00130844
00030408_013.png,Mass,0.0,0.00126076
00030408_013.png,Effusion,0.0,0.00124741
00030408_013.png,Effusion,0.0,0.00123405
00030408_013.png,Infiltration,0.0,0.00122929
00030408_013.png,Effusion,0.0,0.00122738
00030408_013.png,Cardiomegaly,0.14297396247267208,0.00121117
00030408_013.png,Effusion,0.0,0.00118732
00030408_013.png,Effusion,0.0,0.00113106
00030408_013.png,Infiltration,0.0,0.0011282
00030408_013.png,Effusion,0.0,0.0011158
00030408_013.png,Infiltration,0.0,0.0011158
00030408_013.png,Mass,0.0,0.00111389
00030408_013.png,Effusion,0.0,0.00110626
00030408_013.png,Effusion,0.0,0.00110245
00030408_013.png,Cardiomegaly,0.0,0.00107384
00030408_013.png,Effusion,0.0,0.00106621
00030408_013.png,Effusion,0.0,0.00105953
00030408_013.png,Mass,0.0,0.00105762
00030408_013.png,Cardiomegaly,0.0,0.00104904
00030408_013.png,Effusion,0.0,0.00104046
00030408_013.png,Effusion,0.0,0.00103951
00030408_013.png,Infiltration,0.1902279967225308,0.00103855
00030408_013.png,Effusion,0.0,0.00102997
00030408_013.png,Infiltration,0.34713786628250864,0.00102043
00030408_013.png,Mass,0.0,0.00101948
00030408_013.png,Effusion,0.0,0.00101662
00030408_013.png,Infiltration,0.0,0.00100899
00023176_010.png,Atelectasis,0.3260804065036862,0.0608215
00023176_010.png,Atelectasis,0.29149918110047124,0.0467834
00023176_010.png,Infiltration,0.13341283593273895,0.0361023
00023176_010.png,Effusion,0.0475835886208682,0.0309143
00023176_010.png,Infiltration,0.09152126828971785,0.0283966
00023176_010.png,Cardiomegaly,0.11369824437899925,0.026062
00023176_010.png,Infiltration,0.19970838462443827,0.0254974
00023176_010.png,Cardiomegaly,0.0,0.0193481
00023176_010.png,Infiltration,0.13103588180826747,0.0193329
00023176_010.png,Cardiomegaly,0.22840653997021257,0.0189972
00023176_010.png,Infiltration,0.17819285662674245,0.0187073
00023176_010.png,Infiltration,0.21719246353117974,0.0161743
00023176_010.png,Effusion,0.0,0.0152283
00023176_010.png,Infiltration,0.16066167706012335,0.0142517
00023176_010.png,Cardiomegaly,0.14994005417477793,0.0131989
00023176_010.png,Infiltration,0.2293754756357878,0.0125122
00023176_010.png,Infiltration,0.1832552292927996,0.0111465
00023176_010.png,Cardiomegaly,0.13365608392009157,0.0111313
00023176_010.png,Infiltration,0.19627076183058453,0.00912476
00023176_010.png,Infiltration,0.04825549564640796,0.00817108
00023176_010.png,Infiltration,0.014945541562803187,0.00796509
00023176_010.png,Cardiomegaly,0.1937602866495012,0.00749588
00023176_010.png,Cardiomegaly,0.11997004663363312,0.00737
00023176_010.png,Infiltration,0.23153263547443903,0.00671387
00023176_010.png,Cardiomegaly,0.17815392517475118,0.00657654
00023176_010.png,Effusion,0.0,0.00643158
00023176_010.png,Mass,0.21807361231919317,0.00620651
00023176_010.png,Effusion,0.02056009930913602,0.00595474
00023176_010.png,Cardiomegaly,0.20494882554799831,0.00594711
00023176_010.png,Mass,0.0,0.0056572
00023176_010.png,Infiltration,0.27000390131447366,0.00562668
00023176_010.png,Effusion,0.0,0.00544739
00023176_010.png,Cardiomegaly,0.01812673140859639,0.00531006
00023176_010.png,Infiltration,0.12568648345191577,0.00505829
00023176_010.png,Effusion,0.0,0.00485992
00023176_010.png,Infiltration,0.09545146187318976,0.00482559
00023176_010.png,Cardiomegaly,0.13733587015937085,0.00445557
00023176_010.png,Infiltration,0.12147381759008176,0.00443268
00023176_010.png,Cardiomegaly,0.11715089115720644,0.00440979
00023176_010.png,Mass,0.22739713330332423,0.00416565
00023176_010.png,Mass,0.0,0.00413513
00023176_010.png,Infiltration,0.19102807158565033,0.0038166
00023176_010.png,Effusion,0.0,0.00372124
00023176_010.png,Cardiomegaly,0.13855397776347858,0.00361824
00023176_010.png,Cardiomegaly,0.13494767020051482,0.00355911
00023176_010.png,Cardiomegaly,0.20661055213010873,0.00354195
00023176_010.png,Cardiomegaly,0.15073232232312322,0.0035038
00023176_010.png,Effusion,0.09545146187318976,0.00324249
00023176_010.png,Mass,0.0,0.00318146
00023176_010.png,Cardiomegaly,0.0,0.00314522
00023176_010.png,Infiltration,0.3197658371362472,0.00312233
00023176_010.png,Cardiomegaly,0.0,0.00310516
00023176_010.png,Cardiomegaly,0.09996731583738888,0.00307465
00023176_010.png,Infiltration,0.1617825978485087,0.00307274
00023176_010.png,Mass,0.2189426287311718,0.00297165
00023176_010.png,Effusion,0.0,0.00282097
00023176_010.png,Effusion,0.004226188936590457,0.00278854
00023176_010.png,Cardiomegaly,0.1309471711663946,0.00264931
00023176_010.png,Effusion,0.0,0.0026207
00023176_010.png,Mass,0.24455582488700964,0.00246048
00023176_010.png,Mass,0.0,0.00246048
00023176_010.png,Effusion,0.0,0.00242805
00023176_010.png,Infiltration,0.1866948616206778,0.00242233
00023176_010.png,Mass,0.0,0.00235939
00023176_010.png,Effusion,0.07619380706180956,0.00235748
00023176_010.png,Infiltration,0.0,0.00233459
00023176_010.png,Cardiomegaly,0.0,0.00215912
00023176_010.png,Infiltration,0.2729067219536528,0.00214195
00023176_010.png,Cardiomegaly,0.2039996065903354,0.00211716
00023176_010.png,Cardiomegaly,0.1019234768567095,0.00209236
00023176_010.png,Effusion,0.0,0.0020771
00023176_010.png,Cardiomegaly,0.19627076183058453,0.00203514
00023176_010.png,Cardiomegaly,0.011916447164526152,0.00198936
00023176_010.png,Cardiomegaly,0.22357933576462205,0.00195885
00023176_010.png,Atelectasis,0.2206022055741884,0.00192738
00023176_010.png,Infiltration,0.11870306968070878,0.00190639
00023176_010.png,Atelectasis,0.36861679837462485,0.00190067
00023176_010.png,Effusion,0.0,0.00188255
00023176_010.png,Mass,0.0,0.00186539
00023176_010.png,Mass,0.0,0.00178528
00023176_010.png,Cardiomegaly,0.0,0.00176907
00023176_010.png,Cardiomegaly,0.21299163341266678,0.00176239
00023176_010.png,Cardiomegaly,0.15176904990985848,0.00171566
00023176_010.png,Effusion,0.0,0.00169373
00023176_010.png,Cardiomegaly,0.0,0.00165081
00023176_010.png,Cardiomegaly,0.274377030511753,0.00163174
00023176_010.png,Effusion,0.0,0.00154114
00023176_010.png,Mass,0.0,0.00152874
00023176_010.png,Infiltration,0.0475835886208682,0.00149059
00023176_010.png,Cardiomegaly,0.03372377709894313,0.00146484
00023176_010.png,Effusion,0.0,0.00144672
00023176_010.png,Effusion,0.0,0.00144005
00023176_010.png,Effusion,0.0,0.00141525
00023176_010.png,Cardiomegaly,0.10544342212510284,0.00141239
00023176_010.png,Effusion,0.0,0.00139618
00023176_010.png,Effusion,0.04347104600456246,0.00139141
00023176_010.png,Cardiomegaly,0.11888702481177665,0.00138664
00023176_010.png,Cardiomegaly,0.19331873352649676,0.00131702
00023176_010.png,Infiltration,0.12917035565962767,0.00131226
00023176_010.png,Effusion,0.0,0.00128746
00023176_010.png,Infiltration,0.16529890211940132,0.00128269
00023176_010.png,Cardiomegaly,0.09819943956028403,0.00126362
00023176_010.png,Effusion,0.0,0.0012598
00023176_010.png,Effusion,0.0,0.00122643
00023176_010.png,Cardiomegaly,0.24231386641267666,0.00121498
00023176_010.png,Cardiomegaly,0.27638842553234794,0.00121403
00023176_010.png,Infiltration,0.0,0.00121212
00023176_010.png,Infiltration,0.39201884442443335,0.00120735
00023176_010.png,Effusion,0.0,0.00120544
00023176_010.png,Effusion,0.0,0.00120449
00023176_010.png,Cardiomegaly,0.1651267346595433,0.00120449
00023176_010.png,Effusion,0.0,0.00119019
00023176_010.png,Infiltration,0.12847288762937997,0.00119019
00023176_010.png,Effusion,0.10544485358922975,0.00118923
00023176_010.png,Cardiomegaly,0.2871239269630172,0.0011816
00023176_010.png,Effusion,0.1985154124634735,0.00116634
00023176_010.png,Cardiomegaly,0.0,0.00116444
00023176_010.png,Mass,0.20254480308639713,0.00115204
00023176_010.png,Cardiomegaly,0.09477600771354738,0.00114536
00023176_010.png,Cardiomegaly,0.2671224661487442,0.00113678
00023176_010.png,Mass,0.0,0.00110054
00023176_010.png,Infiltration,0.32415824223047146,0.00108433
00023176_010.png,Cardiomegaly,0.17262201866927107,0.00102139
00023176_010.png,Cardiomegaly,0.11826308766149343,0.00101089
00023176_010.png,Effusion,0.0005943103703515888,0.00100136
00016184_040.png,Effusion,0.22339295041264437,0.16333
00016184_040.png,Cardiomegaly,0.0,0.0742798
00016184_040.png,Cardiomegaly,0.0,0.0635376
00016184_040.png,Effusion,0.0,0.0436401
00016184_040.png,Cardiomegaly,0.0,0.0381775
00016184_040.png,Atelectasis,0.0,0.0362244
00016184_040.png,Infiltration,0.0,0.0360107
00016184_040.png,Cardiomegaly,0.0,0.0347595
00016184_040.png,Infiltration,0.00502775716301622,0.0297852
00016184_040.png,Cardiomegaly,0.01636660996325522,0.0236664
00016184_040.png,Cardiomegaly,0.02727120227216899,0.0227356
00016184_040.png,Effusion,0.0,0.0222321
00016184_040.png,Cardiomegaly,0.0,0.0120697
00016184_040.png,Cardiomegaly,0.0,0.0110703
00016184_040.png,Cardiomegaly,0.023432943953689653,0.0100021
00016184_040.png,Atelectasis,0.011161782040853616,0.00959778
00016184_040.png,Infiltration,0.17484344145311193,0.00928497
00016184_040.png,Atelectasis,0.014021133280200776,0.00926971
00016184_040.png,Infiltration,0.07315992792705124,0.00767517
00016184_040.png,Atelectasis,0.0,0.00737762
00016184_040.png,Cardiomegaly,0.0,0.00714493
00016184_040.png,Infiltration,0.0,0.0071373
00016184_040.png,Cardiomegaly,0.0,0.0068512
00016184_040.png,Infiltration,0.21575608591027443,0.00680542
00016184_040.png,Cardiomegaly,0.0,0.00671387
00016184_040.png,Infiltration,0.06922041710028605,0.00670624
00016184_040.png,Infiltration,0.05655766935711223,0.00597763
00016184_040.png,Atelectasis,0.0,0.00588608
00016184_040.png,Cardiomegaly,0.0,0.00569916
00016184_040.png,Cardiomegaly,0.0,0.00536728
00016184_040.png,Infiltration,0.0,0.00526047
00016184_040.png,Effusion,0.0,0.00524139
00016184_040.png,Atelectasis,0.008973116740165796,0.00510788
00016184_040.png,Cardiomegaly,0.0,0.00497818
00016184_040.png,Infiltration,0.013250759934258312,0.00471878
00016184_040.png,Infiltration,0.1412484475021105,0.00450516
00016184_040.png,Cardiomegaly,0.04077275322818003,0.00416946
00016184_040.png,Atelectasis,0.010791516208027208,0.00408173
00016184_040.png,Infiltration,0.0,0.00379753
00016184_040.png,Infiltration,0.0,0.00375175
00016184_040.png,Effusion,0.0,0.0036602
00016184_040.png,Infiltration,0.01679616579191858,0.00361061
00016184_040.png,Infiltration,0.0,0.00343323
00016184_040.png,Infiltration,0.08915033975563381,0.00341797
00016184_040.png,Cardiomegaly,0.016808113405634057,0.00338173
00016184_040.png,Cardiomegaly,0.0,0.00337791
00016184_040.png,Cardiomegaly,0.0,0.0033741
00016184_040.png,Mass,0.0,0.00329781
00016184_040.png,Infiltration,0.12790183574072062,0.0032196
00016184_040.png,Atelectasis,0.0,0.00298309
00016184_040.png,Infiltration,0.010726964546800917,0.00282478
00016184_040.png,Effusion,0.0,0.00279617
00016184_040.png,Cardiomegaly,0.00475858698831769,0.00274467
00016184_040.png,Effusion,0.0,0.00266647
00016184_040.png,Cardiomegaly,0.022580366915094394,0.00261688
00016184_040.png,Cardiomegaly,0.03619931524590252,0.00259399
00016184_040.png,Effusion,0.0,0.00253487
00016184_040.png,Cardiomegaly,0.0,0.00252533
00016184_040.png,Cardiomegaly,0.0,0.00246239
00016184_040.png,Effusion,0.0,0.0024128
00016184_040.png,Mass,0.0,0.00240707
00016184_040.png,Cardiomegaly,0.05083960313724523,0.00235367
00016184_040.png,Infiltration,0.0,0.0023365
00016184_040.png,Infiltration,0.03280680323253793,0.00230408
00016184_040.png,Cardiomegaly,0.0,0.00223732
00016184_040.png,Effusion,0.0,0.00222206
00016184_040.png,Mass,0.0,0.00209999
00016184_040.png,Infiltration,0.01254976975693104,0.00209427
00016184_040.png,Infiltration,0.0,0.00206566
00016184_040.png,Effusion,0.0,0.00205421
00016184_040.png,Cardiomegaly,0.01679616579191858,0.00202942
00016184_040.png,Cardiomegaly,0.22339295041264437,0.00197601
00016184_040.png,Cardiomegaly,0.0,0.00196266
00016184_040.png,Effusion,0.0,0.00195885
00016184_040.png,Cardiomegaly,0.0,0.00192833
00016184_040.png,Effusion,0.0,0.0019207
00016184_040.png,Effusion,0.0,0.00191593
00016184_040.png,Effusion,0.0,0.00191116
00016184_040.png,Cardiomegaly,0.03073722195313418,0.00179386
00016184_040.png,Effusion,0.0,0.00168133
00016184_040.png,Mass,0.0,0.00164986
00016184_040.png,Infiltration,0.014000047731370712,0.00163651
00016184_040.png,Mass,0.0,0.00159264
00016184_040.png,Cardiomegaly,0.0,0.00157833
00016184_040.png,Mass,0.0,0.00157356
00016184_040.png,Effusion,0.0,0.0015583
00016184_040.png,Infiltration,0.06182232464305374,0.00155258
00016184_040.png,Mass,0.017074871010842183,0.00150776
00016184_040.png,Mass,0.0,0.00150585
00016184_040.png,Mass,0.0,0.00143337
00016184_040.png,Cardiomegaly,0.0003969588182499677,0.0014143
00016184_040.png,Cardiomegaly,0.02457618879803277,0.00140285
00016184_040.png,Cardiomegaly,0.04415751810185381,0.0013895
00016184_040.png,Cardiomegaly,0.01768746287120922,0.00137424
00016184_040.png,Infiltration,0.0,0.0013628
00016184_040.png,Infiltration,0.05083960313724523,0.00136185
00016184_040.png,Mass,0.0,0.00136089
00016184_040.png,Infiltration,0.0,0.00136089
00016184_040.png,Cardiomegaly,0.0,0.00135136
00016184_040.png,Cardiomegaly,0.0,0.00129128
00016184_040.png,Effusion,0.0,0.00127697
00016184_040.png,Effusion,0.0,0.00125027
00016184_040.png,Cardiomegaly,0.010271887914294729,0.0012331
00016184_040.png,Effusion,0.0,0.00119305
00016184_040.png,Effusion,0.0,0.00119114
00016184_040.png,Cardiomegaly,0.0,0.00116444
00016184_040.png,Effusion,0.0,0.00116253
00016184_040.png,Infiltration,0.0,0.00115204
00016184_040.png,Atelectasis,0.01768746287120922,0.00114441
00016184_040.png,Effusion,0.0,0.00110817
00016184_040.png,Cardiomegaly,0.0,0.00108814
00016184_040.png,Infiltration,0.025861471497029297,0.00108433
00016184_040.png,Effusion,0.0,0.00105858
00016184_040.png,Atelectasis,0.0180229124505175,0.00105095
00016184_040.png,Atelectasis,0.008612393518539997,0.00103569
00016184_040.png,Cardiomegaly,0.0,0.00103378
00016184_040.png,Infiltration,0.0,0.00103188
00016184_040.png,Cardiomegaly,0.03822960310488597,0.00102997
00016184_040.png,Effusion,0.0,0.00102615
00016184_040.png,Effusion,0.0,0.00102425
00013125_000.png,Effusion,0.07707084605648373,0.223999
00013125_000.png,Atelectasis,0.6897569151534656,0.135986
00013125_000.png,Cardiomegaly,0.08179482259131332,0.0447388
00013125_000.png,Cardiomegaly,0.10148947524035389,0.0355225
00013125_000.png,Atelectasis,0.7284506160767035,0.0319824
00013125_000.png,Atelectasis,0.5521220198281495,0.0305481
00013125_000.png,Effusion,0.02944982923495823,0.0289612
00013125_000.png,Effusion,0.03444867364676058,0.0287781
00013125_000.png,Cardiomegaly,0.09170601407353562,0.0285492
00013125_000.png,Infiltration,0.23376755070815017,0.0279846
00013125_000.png,Atelectasis,0.4524135387360467,0.0258942
00013125_000.png,Effusion,0.0,0.0256195
00013125_000.png,Infiltration,0.08751432018350104,0.019928
00013125_000.png,Cardiomegaly,0.0744345799883257,0.0198212
00013125_000.png,Effusion,0.019433906374325356,0.014061
00013125_000.png,Cardiomegaly,0.005340267864945563,0.0125122
00013125_000.png,Effusion,0.0465053685557762,0.0119629
00013125_000.png,Cardiomegaly,0.039906826443572505,0.0119629
00013125_000.png,Infiltration,0.31747159310888445,0.0109634
00013125_000.png,Cardiomegaly,0.07490635600280067,0.0100479
00013125_000.png,Cardiomegaly,0.13067866679834114,0.0089035
00013125_000.png,Cardiomegaly,0.019432273333673204,0.00876617
00013125_000.png,Infiltration,0.0940976128668306,0.00862885
00013125_000.png,Effusion,0.013572462316253267,0.00740814
00013125_000.png,Atelectasis,0.7210698725900471,0.00704193
00013125_000.png,Infiltration,0.21441907439684235,0.00681305
00013125_000.png,Infiltration,0.20859351818957772,0.0067215
00013125_000.png,Infiltration,0.1156334543561211,0.00667953
00013125_000.png,Cardiomegaly,0.0,0.00653458
00013125_000.png,Effusion,0.013621155302900322,0.00606918
00013125_000.png,Cardiomegaly,0.023566962439228806,0.00589371
00013125_000.png,Infiltration,0.15166457818303392,0.0057373
00013125_000.png,Effusion,0.020378380603165797,0.00546646
00013125_000.png,Cardiomegaly,0.08382957332839872,0.00537491
00013125_000.png,Effusion,0.0,0.00530624
00013125_000.png,Cardiomegaly,0.0848593736602314,0.00530624
00013125_000.png,Effusion,0.06142370145201744,0.00530624
00013125_000.png,Cardiomegaly,0.14006894930894082,0.00495529
00013125_000.png,Cardiomegaly,0.029833357600298288,0.00470352
00013125_000.png,Infiltration,0.1271229327564984,0.00468826
00013125_000.png,Infiltration,0.05479022471762547,0.00447083
00013125_000.png,Cardiomegaly,0.08131314371752925,0.00439835
00013125_000.png,Cardiomegaly,0.2664134376801603,0.00435257
00013125_000.png,Effusion,0.0,0.00431061
00013125_000.png,Cardiomegaly,0.04453129700321808,0.00410843
00013125_000.png,Effusion,0.019002162583361445,0.00409698
00013125_000.png,Cardiomegaly,0.05009035451402573,0.00409698
00013125_000.png,Cardiomegaly,0.039241100429308645,0.00408936
00013125_000.png,Infiltration,0.31751784667616545,0.00400925
00013125_000.png,Cardiomegaly,0.0,0.00395584
00013125_000.png,Cardiomegaly,0.23791820735742425,0.00365829
00013125_000.png,Effusion,0.0911612609689641,0.00362015
00013125_000.png,Cardiomegaly,0.11794808437035657,0.003479
00013125_000.png,Atelectasis,0.43843334082548335,0.00344658
00013125_000.png,Effusion,0.018632202628564288,0.00342751
00013125_000.png,Infiltration,0.06484339664076288,0.00333214
00013125_000.png,Effusion,0.22191344258829065,0.00327301
00013125_000.png,Effusion,0.03505941175900759,0.00312042
00013125_000.png,Cardiomegaly,0.06687509318567096,0.00309372
00013125_000.png,Cardiomegaly,0.0,0.00300598
00013125_000.png,Cardiomegaly,0.06583180548160031,0.00297737
00013125_000.png,Infiltration,0.0006937003633539803,0.0029583
00013125_000.png,Infiltration,0.31848496242153346,0.0027504
00013125_000.png,Cardiomegaly,0.037906845986681446,0.00273895
00013125_000.png,Infiltration,0.07707084605648373,0.00270844
00013125_000.png,Effusion,0.1494385320104064,0.00262833
00013125_000.png,Effusion,0.0,0.00259018
00013125_000.png,Cardiomegaly,0.05182580560173372,0.0025444
00013125_000.png,Infiltration,0.08225827004665362,0.00248146
00013125_000.png,Cardiomegaly,0.0,0.00245857
00013125_000.png,Infiltration,0.0733491331043162,0.00243568
00013125_000.png,Atelectasis,0.5782766455405821,0.00230408
00013125_000.png,Cardiomegaly,0.19216185776572328,0.00226593
00013125_000.png,Infiltration,0.16423419078394033,0.0022049
00013125_000.png,Infiltration,0.33850068441009057,0.00218964
00013125_000.png,Infiltration,0.21442952488270542,0.00214577
00013125_000.png,Cardiomegaly,0.03416126722376654,0.0021019
00013125_000.png,Infiltration,0.04123416579285808,0.0020504
00013125_000.png,Effusion,0.0,0.00203133
00013125_000.png,Infiltration,0.13649994266636947,0.00202751
00013125_000.png,Effusion,0.0,0.0019989
00013125_000.png,Cardiomegaly,0.13567079861233572,0.00195885
00013125_000.png,Cardiomegaly,0.029255925492801243,0.00194454
00013125_000.png,Infiltration,0.10501728110095244,0.00188732
00013125_000.png,Cardiomegaly,0.31848496242153346,0.00188255
00013125_000.png,Effusion,0.0,0.00187016
00013125_000.png,Infiltration,0.16586224616752654,0.0018158
00013125_000.png,Cardiomegaly,0.08504920458269527,0.00177956
00013125_000.png,Cardiomegaly,0.05192714074946579,0.0017643
00013125_000.png,Cardiomegaly,0.04201825165776927,0.0017519
00013125_000.png,Effusion,0.09226607091855339,0.00171375
00013125_000.png,Infiltration,0.08501345782574914,0.00169182
00013125_000.png,Cardiomegaly,0.16738128314259185,0.00168705
00013125_000.png,Effusion,0.015303629337136915,0.00162601
00013125_000.png,Cardiomegaly,0.22224506080347733,0.00160789
00013125_000.png,Cardiomegaly,0.01613994753620814,0.00159454
00013125_000.png,Mass,0.19299636848396956,0.00157928
00013125_000.png,Effusion,0.0,0.00154305
00013125_000.png,Infiltration,0.02944982923495823,0.00151539
00013125_000.png,Cardiomegaly,0.08191114652281736,0.00147247
00013125_000.png,Effusion,0.0449499726216855,0.00144482
00013125_000.png,Effusion,0.1056925236104851,0.00140572
00013125_000.png,Effusion,0.0,0.00137043
00013125_000.png,Cardiomegaly,0.0,0.00135612
00013125_000.png,Atelectasis,0.44834713263308623,0.00134945
00013125_000.png,Cardiomegaly,0.0,0.00133514
00013125_000.png,Effusion,0.0,0.00131321
00013125_000.png,Mass,0.0,0.0012989
00013125_000.png,Effusion,0.0,0.00127983
00013125_000.png,Infiltration,0.25230448240567704,0.00126266
00013125_000.png,Infiltration,0.21567187991014103,0.00124931
00013125_000.png,Effusion,0.010431328305913819,0.00122547
00013125_000.png,Effusion,0.0,0.00121784
00013125_000.png,Infiltration,0.0,0.00121689
00013125_000.png,Cardiomegaly,0.0,0.00121117
00013125_000.png,Cardiomegaly,0.04203068438548769,0.00120926
00013125_000.png,Mass,0.0,0.00120735
00013125_000.png,Effusion,0.01927373784994712,0.00120544
00013125_000.png,Mass,0.0,0.00118828
00013125_000.png,Cardiomegaly,0.0,0.00117302
00013125_000.png,Mass,0.0,0.0011425
00013125_000.png,Infiltration,0.6634430593657227,0.00111294
00013125_000.png,Effusion,0.0,0.00110817
00013125_000.png,Infiltration,0.30638765074401547,0.00110531
00013125_000.png,Mass,0.14652396198914072,0.00110054
00013125_000.png,Effusion,0.0,0.00109673
00013125_000.png,Infiltration,0.10031756581252692,0.00108242
00013125_000.png,Mass,0.0,0.00107956
00013125_000.png,Cardiomegaly,0.0,0.00104618
00013125_000.png,Effusion,0.0,0.00104141
00013125_000.png,Effusion,0.061005451219600305,0.00101376
00013125_000.png,Cardiomegaly,0.18677797380844613,0.00100231
00012261_001.png,Atelectasis,0.7605978736082657,0.143555
00012261_001.png,Infiltration,0.0,0.0226135
00012261_001.png,Infiltration,0.0,0.0191345
00012261_001.png,Infiltration,0.0025909328071846136,0.0188904
00012261_001.png,Infiltration,0.0,0.012558
00012261_001.png,Infiltration,0.0,0.0115585
00012261_001.png,Cardiomegaly,0.005562911196399521,0.0113449
00012261_001.png,Atelectasis,0.5397442514676917,0.00951385
00012261_001.png,Cardiomegaly,0.0,0.00933838
00012261_001.png,Effusion,0.017371105119765504,0.00930786
00012261_001.png,Infiltration,0.004086977319197376,0.00914001
00012261_001.png,Cardiomegaly,0.1451851619707033,0.00847626
00012261_001.png,Infiltration,0.007020832815288819,0.00761032
00012261_001.png,Atelectasis,0.5736024358370149,0.00689697
00012261_001.png,Infiltration,0.04471390159660011,0.00637054
00012261_001.png,Infiltration,0.00015980791066589454,0.00632095
00012261_001.png,Infiltration,0.02019385471433628,0.00625229
00012261_001.png,Mass,0.0,0.006073
00012261_001.png,Effusion,0.0,0.00556564
00012261_001.png,Effusion,0.15408825959532763,0.00539398
00012261_001.png,Infiltration,0.0614954716481466,0.00470734
00012261_001.png,Effusion,0.06484001019353601,0.00460815
00012261_001.png,Effusion,0.17128310572160219,0.00457764
00012261_001.png,Infiltration,0.0,0.00436783
00012261_001.png,Infiltration,0.006189416687232924,0.00436401
00012261_001.png,Infiltration,0.0,0.00426483
00012261_001.png,Effusion,0.0,0.00407028
00012261_001.png,Infiltration,0.0,0.00395203
00012261_001.png,Effusion,0.03763619666498513,0.00381279
00012261_001.png,Infiltration,0.20420115302125968,0.00379181
00012261_001.png,Infiltration,0.0,0.00350761
00012261_001.png,Infiltration,0.039127140671300416,0.00341797
00012261_001.png,Effusion,0.03320405058758269,0.00339508
00012261_001.png,Infiltration,0.05510146175342206,0.00339127
00012261_001.png,Effusion,0.0016530780550406405,0.00339127
00012261_001.png,Mass,0.1451851619707033,0.00332451
00012261_001.png,Effusion,0.004086977319197376,0.00331497
00012261_001.png,Infiltration,0.056756045879451336,0.00329971
00012261_001.png,Mass,0.0,0.00317955
00012261_001.png,Cardiomegaly,0.11238777576377346,0.00310326
00012261_001.png,Atelectasis,0.17128310572160219,0.00308418
00012261_001.png,Effusion,0.020136367237022893,0.0030365
00012261_001.png,Cardiomegaly,0.23664262556729992,0.00299454
00012261_001.png,Infiltration,0.023982133512239965,0.00291824
00012261_001.png,Effusion,0.02783237443844321,0.00274277
00012261_001.png,Infiltration,0.0,0.00273514
00012261_001.png,Infiltration,0.053706016608937875,0.0027256
00012261_001.png,Infiltration,0.022705491129631602,0.00268173
00012261_001.png,Effusion,0.0,0.00263977
00012261_001.png,Effusion,0.3469648182640595,0.00259018
00012261_001.png,Atelectasis,0.3977227963717296,0.00255013
00012261_001.png,Infiltration,0.06145683675854034,0.0025444
00012261_001.png,Effusion,0.0043125571761811025,0.00252724
00012261_001.png,Cardiomegaly,0.1038796083189562,0.0025177
00012261_001.png,Atelectasis,0.0,0.00249863
00012261_001.png,Effusion,0.0,0.00247955
00012261_001.png,Cardiomegaly,0.0,0.00244904
00012261_001.png,Infiltration,0.03763619666498513,0.00238609
00012261_001.png,Effusion,0.0,0.00235748
00012261_001.png,Infiltration,0.08895841750745764,0.00228882
00012261_001.png,Cardiomegaly,0.0,0.00227737
00012261_001.png,Cardiomegaly,0.08102805974639665,0.00227547
00012261_001.png,Infiltration,0.18504574765691634,0.00218964
00012261_001.png,Effusion,0.0,0.00214577
00012261_001.png,Mass,0.0,0.00214005
00012261_001.png,Cardiomegaly,1.4556410851201499e-05,0.0021019
00012261_001.png,Effusion,0.0,0.00197792
00012261_001.png,Infiltration,0.0030563385959948884,0.00196838
00012261_001.png,Infiltration,0.07046460654210263,0.00196075
00012261_001.png,Infiltration,0.40252101719355554,0.00191879
00012261_001.png,Infiltration,0.3137851724409541,0.00189209
00012261_001.png,Infiltration,0.0,0.0018692
00012261_001.png,Infiltration,0.0,0.0018549
00012261_001.png,Mass,0.0,0.00184727
00012261_001.png,Mass,0.17390147821305707,0.00179577
00012261_001.png,Infiltration,0.0,0.00178528
00012261_001.png,Effusion,0.03750432865356112,0.00176525
00012261_001.png,Effusion,0.012239717858776008,0.00174999
00012261_001.png,Effusion,0.0,0.00171375
00012261_001.png,Cardiomegaly,0.08304880171008465,0.00169945
00012261_001.png,Infiltration,0.0,0.00168705
00012261_001.png,Effusion,0.014178752085346844,0.00159454
00012261_001.png,Mass,0.0,0.00156498
00012261_001.png,Effusion,0.043925707181368165,0.00153255
00012261_001.png,Infiltration,0.0,0.00148869
00012261_001.png,Infiltration,0.010407285250843942,0.00146484
00012261_001.png,Infiltration,0.0,0.00146484
00012261_001.png,Infiltration,0.08686713079506836,0.00146008
00012261_001.png,Effusion,0.0,0.00145149
00012261_001.png,Infiltration,0.03750432865356112,0.00141048
00012261_001.png,Cardiomegaly,0.03747957437418928,0.00137329
00012261_001.png,Infiltration,0.002829211367882894,0.00136852
00012261_001.png,Atelectasis,0.7903103446112714,0.00136852
00012261_001.png,Infiltration,0.388897512251253,0.00136566
00012261_001.png,Effusion,0.0,0.00135422
00012261_001.png,Effusion,0.0,0.00134754
00012261_001.png,Effusion,0.0,0.00131893
00012261_001.png,Infiltration,0.6432662426756943,0.00129414
00012261_001.png,Effusion,0.0,0.00128841
00012261_001.png,Effusion,0.0,0.00128174
00012261_001.png,Infiltration,0.0,0.00127125
00012261_001.png,Cardiomegaly,0.17178027883452032,0.00126457
00012261_001.png,Mass,0.005562911196399521,0.00124454
00012261_001.png,Infiltration,0.0,0.00122833
00012261_001.png,Atelectasis,0.09084384136146045,0.00121689
00012261_001.png,Cardiomegaly,0.0,0.00119972
00012261_001.png,Mass,0.0,0.00119305
00012261_001.png,Effusion,0.023982133512239965,0.00119305
00012261_001.png,Effusion,0.007248587821457642,0.00118732
00012261_001.png,Effusion,0.0,0.00117588
00012261_001.png,Effusion,0.0,0.00116825
00012261_001.png,Effusion,0.03517816837649889,0.00116253
00012261_001.png,Mass,0.17178027883452032,0.00116158
00012261_001.png,Effusion,0.0,0.0011549
00012261_001.png,Infiltration,0.1481293854970871,0.00111103
00012261_001.png,Effusion,0.0,0.00110912
00012261_001.png,Infiltration,0.028559883283218738,0.00110054
00012261_001.png,Infiltration,0.7903103446112714,0.00109482
00012261_001.png,Effusion,0.0,0.00107384
00012261_001.png,Effusion,0.0,0.00105
00012261_001.png,Cardiomegaly,0.017501140567702113,0.00103855
00012261_001.png,Effusion,0.0,0.00102425
00012261_001.png,Effusion,0.0,0.00101757
00012261_001.png,Cardiomegaly,0.06542157159301111,0.00101757
00012261_001.png,Cardiomegaly,0.0,0.00101089
00025686_000.png,Infiltration,0.6264822622265818,0.138184
00025686_000.png,Infiltration,0.32980945852976207,0.0374146
00025686_000.png,Cardiomegaly,0.0,0.0217285
00025686_000.png,Infiltration,0.5801209946286935,0.0199738
00025686_000.png,Mass,0.0,0.0181885
00025686_000.png,Infiltration,0.4635160256684757,0.0170441
00025686_000.png,Infiltration,0.3556429031149155,0.0133743
00025686_000.png,Cardiomegaly,0.5929990936876,0.0129013
00025686_000.png,Infiltration,0.3951236377736731,0.0128708
00025686_000.png,Infiltration,0.32149961569069463,0.00883484
00025686_000.png,Cardiomegaly,0.5184119023550734,0.00852966
00025686_000.png,Effusion,0.0,0.00763321
00025686_000.png,Effusion,0.0,0.00741577
00025686_000.png,Infiltration,0.22283743813645332,0.00730515
00025686_000.png,Infiltration,0.0,0.00671768
00025686_000.png,Effusion,0.0,0.00660706
00025686_000.png,Atelectasis,0.12556498549739975,0.00642014
00025686_000.png,Infiltration,0.0,0.00616455
00025686_000.png,Mass,0.0,0.00606918
00025686_000.png,Cardiomegaly,0.0,0.00597382
00025686_000.png,Cardiomegaly,0.0,0.0056572
00025686_000.png,Effusion,0.0,0.00546646
00025686_000.png,Infiltration,0.0,0.00546265
00025686_000.png,Cardiomegaly,0.4482390125141743,0.00520706
00025686_000.png,Infiltration,0.24365186756117832,0.00477219
00025686_000.png,Cardiomegaly,0.0,0.00476837
00025686_000.png,Effusion,0.0,0.00453949
00025686_000.png,Cardiomegaly,0.0,0.00444412
00025686_000.png,Mass,0.0,0.00436783
00025686_000.png,Cardiomegaly,0.41809958799973435,0.00421906
00025686_000.png,Mass,0.0,0.00421524
00025686_000.png,Infiltration,0.20483975400819698,0.00416183
00025686_000.png,Effusion,0.0,0.00413513
00025686_000.png,Effusion,0.0,0.00407028
00025686_000.png,Cardiomegaly,0.0,0.00378418
00025686_000.png,Cardiomegaly,0.0,0.00372696
00025686_000.png,Infiltration,0.0,0.00367355
00025686_000.png,Infiltration,0.0,0.0035038
00025686_000.png,Infiltration,0.5270831102219798,0.00345612
00025686_000.png,Effusion,0.0,0.00341415
00025686_000.png,Cardiomegaly,0.4539360858378809,0.00318909
00025686_000.png,Infiltration,0.0,0.00303078
00025686_000.png,Effusion,0.0,0.00299454
00025686_000.png,Effusion,0.0,0.0029335
00025686_000.png,Infiltration,0.0,0.00288582
00025686_000.png,Effusion,0.0,0.00284195
00025686_000.png,Infiltration,0.0,0.00281334
00025686_000.png,Infiltration,0.0,0.00273895
00025686_000.png,Effusion,0.0,0.00271225
00025686_000.png,Mass,0.0,0.00269127
00025686_000.png,Infiltration,0.0,0.00262833
00025686_000.png,Cardiomegaly,0.0,0.00260162
00025686_000.png,Infiltration,0.0,0.00253105
00025686_000.png,Effusion,0.0,0.00252914
00025686_000.png,Effusion,0.0,0.00252533
00025686_000.png,Cardiomegaly,0.706331949868889,0.00250244
00025686_000.png,Cardiomegaly,0.3256664530055981,0.0023613
00025686_000.png,Cardiomegaly,0.0,0.00226784
00025686_000.png,Infiltration,0.0,0.00226021
00025686_000.png,Infiltration,0.19190414023911942,0.00225067
00025686_000.png,Effusion,0.0,0.00221062
00025686_000.png,Infiltration,0.0,0.0021534
00025686_000.png,Mass,0.0,0.00195503
00025686_000.png,Cardiomegaly,0.0,0.00192928
00025686_000.png,Mass,0.0,0.00186253
00025686_000.png,Mass,0.0,0.00185204
00025686_000.png,Infiltration,0.2577896471617766,0.00182629
00025686_000.png,Cardiomegaly,0.2273538959479394,0.00181198
00025686_000.png,Infiltration,0.0,0.00179482
00025686_000.png,Mass,0.0,0.00176144
00025686_000.png,Infiltration,0.39414132651638206,0.00176048
00025686_000.png,Effusion,0.0,0.0017128
00025686_000.png,Effusion,0.0,0.00168896
00025686_000.png,Infiltration,0.0,0.00167561
00025686_000.png,Infiltration,0.0,0.00162792
00025686_000.png,Effusion,0.0,0.00159454
00025686_000.png,Effusion,0.0,0.00153351
00025686_000.png,Infiltration,0.0,0.0015316
00025686_000.png,Effusion,0.0,0.00152302
00025686_000.png,Mass,0.0,0.00152302
00025686_000.png,Infiltration,0.0,0.00150776
00025686_000.png,Effusion,0.0,0.0015049
00025686_000.png,Cardiomegaly,0.10679773050118153,0.00148773
00025686_000.png,Mass,0.0,0.00148106
00025686_000.png,Infiltration,0.0,0.00146008
00025686_000.png,Infiltration,0.0,0.00145054
00025686_000.png,Mass,0.0,0.00144386
00025686_000.png,Infiltration,0.0,0.00143909
00025686_000.png,Effusion,0.0,0.00143242
00025686_000.png,Infiltration,0.0,0.00140762
00025686_000.png,Mass,0.0,0.00139618
00025686_000.png,Infiltration,0.0,0.00131893
00025686_000.png,Effusion,0.0,0.00131607
00025686_000.png,Cardiomegaly,0.4282037730294459,0.00131512
00025686_000.png,Effusion,0.0,0.00130177
00025686_000.png,Cardiomegaly,0.6769629870227184,0.00130177
00025686_000.png,Effusion,0.0,0.0012722
00025686_000.png,Effusion,0.0,0.00127029
00025686_000.png,Mass,0.0,0.00125599
00025686_000.png,Infiltration,0.0,0.001194
00025686_000.png,Effusion,0.0,0.00117874
00025686_000.png,Cardiomegaly,0.0,0.00116825
00025686_000.png,Mass,0.0,0.00116253
00025686_000.png,Mass,0.0,0.00115299
00025686_000.png,Infiltration,0.0,0.00113297
00025686_000.png,Effusion,0.0,0.0011301
00025686_000.png,Infiltration,0.0,0.00112629
00025686_000.png,Infiltration,0.0,0.00111675
00025686_000.png,Effusion,0.0,0.00110626
00025686_000.png,Effusion,0.0,0.00110435
00025686_000.png,Infiltration,0.4989363499865797,0.00107861
00025686_000.png,Cardiomegaly,0.11450050674363461,0.00107098
00025686_000.png,Infiltration,0.0,0.00103664
00025686_000.png,Effusion,0.0,0.00102997
00025686_000.png,Effusion,0.0,0.00102615
00025686_000.png,Effusion,0.0,0.00101852
00023068_003.png,Mass,0.0,0.252197
00023068_003.png,Atelectasis,0.0,0.108337
00023068_003.png,Mass,0.0,0.0211945
00023068_003.png,Mass,0.026352325184756564,0.0166321
00023068_003.png,Cardiomegaly,0.01101742796707699,0.0131149
00023068_003.png,Infiltration,0.0,0.0129318
00023068_003.png,Mass,0.0,0.0127563
00023068_003.png,Mass,0.033765876369229834,0.012413
00023068_003.png,Mass,0.0,0.0112381
00023068_003.png,Infiltration,0.0,0.0111771
00023068_003.png,Mass,0.0,0.010788
00023068_003.png,Cardiomegaly,0.025376863915676683,0.00965881
00023068_003.png,Infiltration,0.0,0.00925446
00023068_003.png,Cardiomegaly,0.019728664917052535,0.00854492
00023068_003.png,Infiltration,0.0,0.00834656
00023068_003.png,Infiltration,0.018810809137410865,0.00761032
00023068_003.png,Mass,0.03902219018588014,0.00746536
00023068_003.png,Cardiomegaly,0.010532194971634035,0.00727463
00023068_003.png,Infiltration,0.025685643277289585,0.00720978
00023068_003.png,Atelectasis,0.0,0.00704956
00023068_003.png,Mass,0.0,0.00684357
00023068_003.png,Cardiomegaly,0.012729465645156526,0.00657272
00023068_003.png,Infiltration,0.0,0.00641251
00023068_003.png,Mass,0.0,0.00568771
00023068_003.png,Mass,0.0,0.00564194
00023068_003.png,Mass,0.0,0.00556564
00023068_003.png,Effusion,0.0,0.00540161
00023068_003.png,Infiltration,0.02358892205028643,0.00520325
00023068_003.png,Effusion,0.0,0.0050354
00023068_003.png,Infiltration,0.01651875687862869,0.0049324
00023068_003.png,Mass,0.0,0.00490189
00023068_003.png,Cardiomegaly,0.0,0.00486374
00023068_003.png,Infiltration,0.0,0.00480652
00023068_003.png,Infiltration,0.01384005903415305,0.00440979
00023068_003.png,Effusion,0.0,0.00427628
00023068_003.png,Infiltration,0.0,0.00427246
00023068_003.png,Effusion,0.0,0.0042305
00023068_003.png,Mass,0.0,0.00393295
00023068_003.png,Infiltration,0.0,0.00376701
00023068_003.png,Infiltration,0.0,0.00371742
00023068_003.png,Infiltration,0.0,0.00366402
00023068_003.png,Infiltration,0.0,0.00341415
00023068_003.png,Mass,0.0,0.0033474
00023068_003.png,Cardiomegaly,0.025177673099315286,0.00329208
00023068_003.png,Effusion,0.0,0.00318146
00023068_003.png,Mass,0.0,0.00315285
00023068_003.png,Mass,0.0,0.00310898
00023068_003.png,Effusion,0.0,0.00303459
00023068_003.png,Mass,0.0,0.00298882
00023068_003.png,Mass,0.0,0.00296402
00023068_003.png,Infiltration,0.0,0.00295448
00023068_003.png,Effusion,0.0,0.00293922
00023068_003.png,Cardiomegaly,0.0,0.00292587
00023068_003.png,Infiltration,0.0,0.00289726
00023068_003.png,Mass,0.03313723091520841,0.00288582
00023068_003.png,Cardiomegaly,0.029698554053422224,0.00287247
00023068_003.png,Mass,0.0,0.00272179
00023068_003.png,Mass,0.0,0.00258827
00023068_003.png,Infiltration,0.013771375374556248,0.0025177
00023068_003.png,Cardiomegaly,0.0,0.00249672
00023068_003.png,Cardiomegaly,0.0,0.00248146
00023068_003.png,Cardiomegaly,0.0,0.00246429
00023068_003.png,Mass,0.0,0.00245094
00023068_003.png,Mass,0.0,0.00242996
00023068_003.png,Mass,0.0,0.002388
00023068_003.png,Mass,0.06609189242804318,0.00237846
00023068_003.png,Infiltration,0.0,0.00230789
00023068_003.png,Effusion,0.0,0.00229073
00023068_003.png,Effusion,0.0,0.00226593
00023068_003.png,Mass,0.0,0.00225258
00023068_003.png,Infiltration,0.0,0.00225067
00023068_003.png,Infiltration,0.0,0.00222588
00023068_003.png,Mass,0.0,0.00222397
00023068_003.png,Mass,0.0,0.00221443
00023068_003.png,Cardiomegaly,0.011461784376192477,0.00219345
00023068_003.png,Cardiomegaly,0.03079186539616421,0.00212669
00023068_003.png,Infiltration,0.0,0.00210381
00023068_003.png,Infiltration,0.0,0.00208092
00023068_003.png,Mass,0.0,0.00207138
00023068_003.png,Mass,0.0,0.0020237
00023068_003.png,Mass,0.0,0.00197029
00023068_003.png,Mass,0.0,0.00196457
00023068_003.png,Cardiomegaly,0.00760519146031458,0.00195694
00023068_003.png,Infiltration,0.0,0.00193024
00023068_003.png,Effusion,0.0,0.00192738
00023068_003.png,Cardiomegaly,0.0,0.00192165
00023068_003.png,Cardiomegaly,0.0,0.00190163
00023068_003.png,Effusion,0.0,0.00180244
00023068_003.png,Infiltration,0.0,0.00177956
00023068_003.png,Mass,0.0,0.00177479
00023068_003.png,Infiltration,0.0,0.00174141
00023068_003.png,Effusion,0.0,0.00171185
00023068_003.png,Effusion,0.0,0.0016861
00023068_003.png,Mass,0.0,0.00165462
00023068_003.png,Mass,0.0,0.00164795
00023068_003.png,Infiltration,0.0,0.00162125
00023068_003.png,Mass,0.0,0.00158405
00023068_003.png,Cardiomegaly,0.010292329919189599,0.0015831
00023068_003.png,Infiltration,0.0,0.00157261
00023068_003.png,Effusion,0.0,0.00153255
00023068_003.png,Infiltration,0.06609189242804318,0.00152588
00023068_003.png,Effusion,0.0,0.00151348
00023068_003.png,Mass,0.00041124318423251536,0.00151157
00023068_003.png,Effusion,0.0,0.00150394
00023068_003.png,Effusion,0.0,0.00149822
00023068_003.png,Atelectasis,0.0,0.00148296
00023068_003.png,Infiltration,0.0,0.00146675
00023068_003.png,Cardiomegaly,0.03953378823400154,0.00146294
00023068_003.png,Mass,0.0,0.00144958
00023068_003.png,Mass,0.0,0.00142097
00023068_003.png,Cardiomegaly,0.0,0.00141335
00023068_003.png,Effusion,0.0,0.00140095
00023068_003.png,Cardiomegaly,0.014891980906750797,0.00137615
00023068_003.png,Effusion,0.0,0.00136566
00023068_003.png,Effusion,0.0003857156135083933,0.00136566
00023068_003.png,Effusion,0.0,0.00128078
00023068_003.png,Effusion,0.0,0.00127602
00023068_003.png,Cardiomegaly,0.0,0.00122547
00023068_003.png,Mass,0.0,0.00121975
00023068_003.png,Mass,0.0,0.00118446
00023068_003.png,Infiltration,0.0,0.00118351
00023068_003.png,Effusion,0.0,0.00118351
00023068_003.png,Mass,0.0,0.00116539
00023068_003.png,Effusion,0.0,0.00115681
00023068_003.png,Effusion,0.0,0.00115108
00023068_003.png,Effusion,0.0,0.00114536
00023068_003.png,Mass,0.013179654057042859,0.0011158
00023068_003.png,Infiltration,0.0,0.00111198
00023068_003.png,Effusion,0.0,0.00109673
00023068_003.png,Mass,0.0,0.00108624
00023068_003.png,Effusion,0.0,0.00107956
00023068_003.png,Mass,0.0,0.00107479
00023068_003.png,Effusion,0.0,0.00106907
00023068_003.png,Infiltration,0.0,0.00106907
00023068_003.png,Effusion,0.0,0.00106621
00023068_003.png,Effusion,0.0,0.00104141
00023068_003.png,Effusion,0.0,0.0010376
00023068_003.png,Mass,0.0,0.00103569
00023068_003.png,Mass,0.0,0.00102806
00023068_003.png,Infiltration,0.0,0.00102043
00023068_003.png,Effusion,0.0,0.0010128
00023068_003.png,Infiltration,0.0,0.00101089
00023068_003.png,Cardiomegaly,0.0,0.00100422
00000865_006.png,Infiltration,0.0,0.13562
00000865_006.png,Effusion,0.0,0.10022
00000865_006.png,Infiltration,0.0,0.0581055
00000865_006.png,Effusion,0.0,0.0328369
00000865_006.png,Effusion,0.0,0.0311737
00000865_006.png,Infiltration,0.0,0.0206299
00000865_006.png,Infiltration,0.0,0.020401
00000865_006.png,Effusion,0.0,0.0201263
00000865_006.png,Cardiomegaly,0.0,0.0177002
00000865_006.png,Atelectasis,0.0023608242735545155,0.0172272
00000865_006.png,Effusion,0.0,0.0168304
00000865_006.png,Infiltration,0.0,0.0157471
00000865_006.png,Infiltration,0.0,0.0147629
00000865_006.png,Cardiomegaly,0.0,0.0141144
00000865_006.png,Mass,0.0,0.0117722
00000865_006.png,Cardiomegaly,0.0,0.0103836
00000865_006.png,Effusion,0.0,0.0100555
00000865_006.png,Mass,0.0,0.00778198
00000865_006.png,Infiltration,0.017379988800371133,0.00716019
00000865_006.png,Infiltration,0.01873773740671041,0.00701523
00000865_006.png,Infiltration,0.0,0.00652695
00000865_006.png,Effusion,0.0,0.00589371
00000865_006.png,Mass,0.0,0.0057869
00000865_006.png,Mass,0.0,0.00561905
00000865_006.png,Cardiomegaly,0.0,0.00547409
00000865_006.png,Cardiomegaly,0.0,0.00539398
00000865_006.png,Infiltration,0.0,0.00479507
00000865_006.png,Infiltration,0.0,0.00470734
00000865_006.png,Infiltration,0.0,0.004673
00000865_006.png,Infiltration,0.0,0.00461197
00000865_006.png,Mass,0.0,0.00457001
00000865_006.png,Mass,0.0,0.00450516
00000865_006.png,Atelectasis,0.0,0.00445175
00000865_006.png,Cardiomegaly,0.0,0.00439072
00000865_006.png,Effusion,0.0,0.0043869
00000865_006.png,Cardiomegaly,0.0,0.00435257
00000865_006.png,Infiltration,0.0,0.00432587
00000865_006.png,Effusion,0.01873773740671041,0.00422287
00000865_006.png,Mass,0.0,0.00418472
00000865_006.png,Infiltration,0.12449526157317609,0.00376129
00000865_006.png,Mass,0.0,0.00359344
00000865_006.png,Infiltration,0.0,0.00354767
00000865_006.png,Effusion,0.0,0.00336647
00000865_006.png,Effusion,0.0,0.0033493
00000865_006.png,Effusion,0.0,0.00333405
00000865_006.png,Cardiomegaly,0.0,0.00319862
00000865_006.png,Effusion,0.0,0.00317001
00000865_006.png,Infiltration,0.10244938521905225,0.00307846
00000865_006.png,Infiltration,0.0,0.00305176
00000865_006.png,Effusion,0.0,0.00287628
00000865_006.png,Infiltration,0.0,0.00285912
00000865_006.png,Cardiomegaly,0.0,0.00280952
00000865_006.png,Cardiomegaly,0.0,0.00271988
00000865_006.png,Effusion,0.0,0.00271225
00000865_006.png,Effusion,0.0,0.00265121
00000865_006.png,Infiltration,0.0,0.0026474
00000865_006.png,Infiltration,0.0,0.00262451
00000865_006.png,Effusion,0.0,0.00261879
00000865_006.png,Effusion,0.0,0.00258636
00000865_006.png,Effusion,0.0,0.00257874
00000865_006.png,Infiltration,0.0,0.00255775
00000865_006.png,Effusion,0.0,0.00251389
00000865_006.png,Infiltration,0.13740729686297926,0.00250626
00000865_006.png,Cardiomegaly,0.0,0.00248337
00000865_006.png,Effusion,0.0,0.00247002
00000865_006.png,Cardiomegaly,0.0,0.00244713
00000865_006.png,Cardiomegaly,0.0,0.0023632
00000865_006.png,Effusion,0.0,0.00235367
00000865_006.png,Effusion,0.0,0.00234604
00000865_006.png,Effusion,0.0,0.00234222
00000865_006.png,Atelectasis,0.0,0.00234032
00000865_006.png,Effusion,0.0,0.00232697
00000865_006.png,Cardiomegaly,0.0,0.00219917
00000865_006.png,Cardiomegaly,0.0,0.00209618
00000865_006.png,Mass,0.0,0.00206757
00000865_006.png,Effusion,0.0,0.00199127
00000865_006.png,Effusion,0.0,0.00197792
00000865_006.png,Cardiomegaly,0.024833861488829278,0.00196838
00000865_006.png,Infiltration,0.0,0.00195885
00000865_006.png,Infiltration,0.0,0.00191021
00000865_006.png,Infiltration,0.0,0.00188541
00000865_006.png,Mass,0.06524822727413077,0.0018425
00000865_006.png,Cardiomegaly,0.0,0.00183296
00000865_006.png,Infiltration,0.0,0.0018177
00000865_006.png,Effusion,0.0,0.00180912
00000865_006.png,Cardiomegaly,0.0,0.00179672
00000865_006.png,Infiltration,0.0,0.00172806
00000865_006.png,Mass,0.0,0.00169754
00000865_006.png,Mass,0.03402067939203707,0.00166893
00000865_006.png,Infiltration,0.0,0.0016098
00000865_006.png,Effusion,0.0,0.00153065
00000865_006.png,Infiltration,0.0,0.00150394
00000865_006.png,Infiltration,0.0,0.00147057
00000865_006.png,Effusion,0.0,0.00145912
00000865_006.png,Effusion,0.0,0.00145245
00000865_006.png,Effusion,0.0,0.00143337
00000865_006.png,Effusion,0.0,0.00142765
00000865_006.png,Infiltration,0.0,0.00141239
00000865_006.png,Cardiomegaly,0.0,0.00136471
00000865_006.png,Infiltration,0.007305708339843458,0.00132179
00000865_006.png,Effusion,0.0,0.00132084
00000865_006.png,Effusion,0.0,0.00128365
00000865_006.png,Effusion,0.0,0.00125122
00000865_006.png,Cardiomegaly,0.0,0.0012455
00000865_006.png,Infiltration,0.0,0.00123215
00000865_006.png,Effusion,0.0,0.00123215
00000865_006.png,Cardiomegaly,0.0,0.00123119
00000865_006.png,Effusion,0.0,0.00121784
00000865_006.png,Mass,0.0,0.00121403
00000865_006.png,Effusion,0.0,0.00120544
00000865_006.png,Cardiomegaly,0.0,0.00120449
00000865_006.png,Effusion,0.0,0.00120258
00000865_006.png,Effusion,0.0,0.00119114
00000865_006.png,Infiltration,0.0,0.00115108
00000865_006.png,Atelectasis,0.012827517346580603,0.0011301
00000865_006.png,Effusion,0.0,0.00111771
00000865_006.png,Mass,0.0,0.00111485
00000865_006.png,Cardiomegaly,0.02292906919672973,0.00110817
00000865_006.png,Effusion,0.0,0.00110245
00000865_006.png,Mass,0.0,0.00110054
00000865_006.png,Infiltration,0.0,0.00108528
00000865_006.png,Effusion,0.0,0.00108337
00000865_006.png,Effusion,0.0,0.00107956
00000865_006.png,Effusion,0.0,0.00107193
00000865_006.png,Effusion,0.0,0.00107002
00000865_006.png,Infiltration,0.003920260735728098,0.0010643
00000865_006.png,Effusion,0.0,0.00104141
00000865_006.png,Effusion,0.0,0.00103855
00000865_006.png,Effusion,0.0,0.00103569
00000865_006.png,Effusion,0.0,0.0010128
00000865_006.png,Mass,0.0,0.00100613
00000865_006.png,Infiltration,0.0,0.00100136
