Image,Class,IoU,Confidence,PredBox,ImagePath,GT_Class,GT_Box
00000740_000.png,Effusion,0.05465963449665252,0.105469,"[295.5000576, 208.87500799999998, 342.5000704, 262.49984]",datasets/chestxray8/val/images/00000740_000.png,Atelectasis,"[150.620105820106, 192.33862433862453, 389.0116402116405, 385.7608465608465]"
00000740_000.png,Effusion,0.06737090755668458,0.0608215,"[165.874944, 252.499968, 220.374784, 309.499904]",datasets/chestxray8/val/images/00000740_000.png,Atelectasis,"[150.620105820106, 192.33862433862453, 389.0116402116405, 385.7608465608465]"
00000740_000.png,Atelectasis,0.4730380198735109,0.0198212,"[139.00006399999998, 231.62521599999997, 428.0, 468.000256]",datasets/chestxray8/val/images/00000740_000.png,Atelectasis,"[150.620105820106, 192.33862433862453, 389.0116402116405, 385.7608465608465]"
00000740_000.png,Effusion,0.05503115886316795,0.0196075,"[298.9997568, 220.9999104, 348.99973120000004, 271.7499136]",datasets/chestxray8/val/images/00000740_000.png,Atelectasis,"[150.620105820106, 192.33862433862453, 389.0116402116405, 385.7608465608465]"
00000740_000.png,Infiltration,0.05373546996105002,0.0172729,"[329.75001599999996, 199.24989440000002, 413.250048, 241.9998976]",datasets/chestxray8/val/images/00000740_000.png,Atelectasis,"[150.620105820106, 192.33862433862453, 389.0116402116405, 385.7608465608465]"
00000740_000.png,Cardiomegaly,0.12694290526864715,0.0120544,"[62.125056, 120.12518400000002, 199.124992, 391.50003200000003]",datasets/chestxray8/val/images/00000740_000.png,Atelectasis,"[150.620105820106, 192.33862433862453, 389.0116402116405, 385.7608465608465]"
00000740_000.png,Infiltration,0.1672893991602976,0.00814819,"[282.74969600000003, 278.25024, 365.249792, 371.75014400000003]",datasets/chestxray8/val/images/00000740_000.png,Atelectasis,"[150.620105820106, 192.33862433862453, 389.0116402116405, 385.7608465608465]"
00000740_000.png,Infiltration,0.07322823582461092,0.00792694,"[312.75008, 195.1252224, 394.25023999999996, 239.6252416]",datasets/chestxray8/val/images/00000740_000.png,Atelectasis,"[150.620105820106, 192.33862433862453, 389.0116402116405, 385.7608465608465]"
00000740_000.png,Infiltration,0.05533629935250509,0.00664902,"[300.75007999999997, 208.6251776, 358.25024, 253.00016639999998]",datasets/chestxray8/val/images/00000740_000.png,Atelectasis,"[150.620105820106, 192.33862433862453, 389.0116402116405, 385.7608465608465]"
00000740_000.png,Infiltration,0.2648973727646301,0.00597382,"[264.49971200000005, 277.750016, 377.999872, 387.24992000000003]",datasets/chestxray8/val/images/00000740_000.png,Atelectasis,"[150.620105820106, 192.33862433862453, 389.0116402116405, 385.7608465608465]"
00000740_000.png,Atelectasis,0.4375968447822471,0.00470352,"[161.37472000000002, 264.500224, 386.99980800000003, 458.500096]",datasets/chestxray8/val/images/00000740_000.png,Atelectasis,"[150.620105820106, 192.33862433862453, 389.0116402116405, 385.7608465608465]"
00000740_000.png,Infiltration,0.05520333633121155,0.00415421,"[350.50009600000004, 288.00025600000004, 413.50016, 356.500224]",datasets/chestxray8/val/images/00000740_000.png,Atelectasis,"[150.620105820106, 192.33862433862453, 389.0116402116405, 385.7608465608465]"
00000740_000.png,Infiltration,0.0789375197295309,0.00400543,"[145.3748736, 292.49996799999997, 194.62487040000002, 376.0]",datasets/chestxray8/val/images/00000740_000.png,Atelectasis,"[150.620105820106, 192.33862433862453, 389.0116402116405, 385.7608465608465]"
00000740_000.png,Effusion,0.05533629935250509,0.00372124,"[300.75007999999997, 208.6251776, 358.25024, 253.00016639999998]",datasets/chestxray8/val/images/00000740_000.png,Atelectasis,"[150.620105820106, 192.33862433862453, 389.0116402116405, 385.7608465608465]"
00000740_000.png,Cardiomegaly,0.08962909097476879,0.00365067,"[340.999936, 284.24985599999997, 460.999936, 393.74976]",datasets/chestxray8/val/images/00000740_000.png,Atelectasis,"[150.620105820106, 192.33862433862453, 389.0116402116405, 385.7608465608465]"
00000740_000.png,Infiltration,0.07260895357381696,0.00347328,"[165.50016, 249.50016, 219.500288, 311.500288]",datasets/chestxray8/val/images/00000740_000.png,Atelectasis,"[150.620105820106, 192.33862433862453, 389.0116402116405, 385.7608465608465]"
00000740_000.png,Cardiomegaly,0.11932046500562118,0.00322533,"[87.62496, 54.50009600000001, 200.37504, 366.500096]",datasets/chestxray8/val/images/00000740_000.png,Atelectasis,"[150.620105820106, 192.33862433862453, 389.0116402116405, 385.7608465608465]"
00000740_000.png,Cardiomegaly,0.057025868290467074,0.00314903,"[50.812672, 192.74982400000002, 171.000064, 415.74988800000006]",datasets/chestxray8/val/images/00000740_000.png,Atelectasis,"[150.620105820106, 192.33862433862453, 389.0116402116405, 385.7608465608465]"
00000740_000.png,Effusion,0.07865964233506692,0.00292015,"[158.75020800000001, 261.250048, 217.250304, 323.250176]",datasets/chestxray8/val/images/00000740_000.png,Atelectasis,"[150.620105820106, 192.33862433862453, 389.0116402116405, 385.7608465608465]"
00000740_000.png,Cardiomegaly,0.0632977377531533,0.00235367,"[354.000128, 266.249728, 475.50028799999995, 465.24979199999996]",datasets/chestxray8/val/images/00000740_000.png,Atelectasis,"[150.620105820106, 192.33862433862453, 389.0116402116405, 385.7608465608465]"
00000740_000.png,Infiltration,0.05465963449665252,0.00203133,"[295.5000576, 208.87500799999998, 342.5000704, 262.49984]",datasets/chestxray8/val/images/00000740_000.png,Atelectasis,"[150.620105820106, 192.33862433862453, 389.0116402116405, 385.7608465608465]"
00000740_000.png,Effusion,0.05520333633121155,0.00201035,"[350.50009600000004, 288.00025600000004, 413.50016, 356.500224]",datasets/chestxray8/val/images/00000740_000.png,Atelectasis,"[150.620105820106, 192.33862433862453, 389.0116402116405, 385.7608465608465]"
00000740_000.png,Infiltration,0.10339935807633702,0.00197983,"[157.000192, 296.0, 215.50028799999998, 377.50016000000005]",datasets/chestxray8/val/images/00000740_000.png,Atelectasis,"[150.620105820106, 192.33862433862453, 389.0116402116405, 385.7608465608465]"
00000740_000.png,Infiltration,0.06581394500058271,0.0019331,"[346.249728, 272.75008, 402.749952, 345.250304]",datasets/chestxray8/val/images/00000740_000.png,Atelectasis,"[150.620105820106, 192.33862433862453, 389.0116402116405, 385.7608465608465]"
00000740_000.png,Infiltration,0.10547557734561495,0.00184822,"[298.249728, 276.249856, 369.24979199999996, 344.749824]",datasets/chestxray8/val/images/00000740_000.png,Atelectasis,"[150.620105820106, 192.33862433862453, 389.0116402116405, 385.7608465608465]"
00000740_000.png,Infiltration,0.1938399280220455,0.00175762,"[269.499904, 271.249664, 351.499776, 380.24985599999997]",datasets/chestxray8/val/images/00000740_000.png,Atelectasis,"[150.620105820106, 192.33862433862453, 389.0116402116405, 385.7608465608465]"
00000740_000.png,Infiltration,0.06268320989050744,0.00167847,"[97.250048, 282.99980800000003, 208.49996800000002, 336.0]",datasets/chestxray8/val/images/00000740_000.png,Atelectasis,"[150.620105820106, 192.33862433862453, 389.0116402116405, 385.7608465608465]"
00000740_000.png,Cardiomegaly,0.06923409301676775,0.00159645,"[53.87519999999999, 309.999872, 201.37523199999998, 399.99974399999996]",datasets/chestxray8/val/images/00000740_000.png,Atelectasis,"[150.620105820106, 192.33862433862453, 389.0116402116405, 385.7608465608465]"
00000740_000.png,Effusion,0.06136444443248384,0.00155449,"[352.500224, 272.750336, 404.00025600000004, 352.250112]",datasets/chestxray8/val/images/00000740_000.png,Atelectasis,"[150.620105820106, 192.33862433862453, 389.0116402116405, 385.7608465608465]"
00000740_000.png,Infiltration,0.06825766078585556,0.00152397,"[326.25024, 314.50009600000004, 421.750016, 366.49984]",datasets/chestxray8/val/images/00000740_000.png,Atelectasis,"[150.620105820106, 192.33862433862453, 389.0116402116405, 385.7608465608465]"
00000740_000.png,Infiltration,0.4291721021951345,0.00150776,"[223.50003199999998, 250.749952, 389.50016, 421.250048]",datasets/chestxray8/val/images/00000740_000.png,Atelectasis,"[150.620105820106, 192.33862433862453, 389.0116402116405, 385.7608465608465]"
00000740_000.png,Infiltration,0.07693649183368924,0.00120926,"[139.87481599999998, 282.999808, 198.125056, 359.000064]",datasets/chestxray8/val/images/00000740_000.png,Atelectasis,"[150.620105820106, 192.33862433862453, 389.0116402116405, 385.7608465608465]"
00000740_000.png,Infiltration,0.08043277981779752,0.00115776,"[160.499968, 260.249856, 218.000128, 324.75008]",datasets/chestxray8/val/images/00000740_000.png,Atelectasis,"[150.620105820106, 192.33862433862453, 389.0116402116405, 385.7608465608465]"
00000740_000.png,Infiltration,0.11605907655156568,0.00110054,"[294.99980800000003, 311.50003200000003, 439.99974399999996, 456.49996799999997]",datasets/chestxray8/val/images/00000740_000.png,Atelectasis,"[150.620105820106, 192.33862433862453, 389.0116402116405, 385.7608465608465]"
00000740_000.png,Cardiomegaly,0.07941932439660186,0.00106239,"[73.43744, 185.50016, 179.000064, 359.500288]",datasets/chestxray8/val/images/00000740_000.png,Atelectasis,"[150.620105820106, 192.33862433862453, 389.0116402116405, 385.7608465608465]"
00000740_000.png,Cardiomegaly,0.09195589767530603,0.00101757,"[58.437376, 244.749824, 190.500096, 401.24979199999996]",datasets/chestxray8/val/images/00000740_000.png,Atelectasis,"[150.620105820106, 192.33862433862453, 389.0116402116405, 385.7608465608465]"
00005140_001.png,Cardiomegaly,0.47589684072779614,0.0552979,"[41.687552000000004, 172.999936, 144.75008, 403.000064]",datasets/chestxray8/val/images/00005140_001.png,Mass,"[62.848677248677504, 131.115343915344, 132.740740740741, 354.336507936508]"
00005140_001.png,Cardiomegaly,0.21322928585600318,0.0503235,"[81.50016, 106.12480000000001, 199.000064, 237.62483200000003]",datasets/chestxray8/val/images/00005140_001.png,Mass,"[62.848677248677504, 131.115343915344, 132.740740740741, 354.336507936508]"
00005140_001.png,Cardiomegaly,0.18820878159127982,0.0293121,"[83.374848, 98.68774400000001, 231.874816, 256.250112]",datasets/chestxray8/val/images/00005140_001.png,Mass,"[62.848677248677504, 131.115343915344, 132.740740740741, 354.336507936508]"
00005140_001.png,Cardiomegaly,0.2987980647375035,0.0171967,"[40.5312, 250.249984, 136.749824, 416.749824]",datasets/chestxray8/val/images/00005140_001.png,Mass,"[62.848677248677504, 131.115343915344, 132.740740740741, 354.336507936508]"
00005140_001.png,Infiltration,0.08925926255399538,0.0164948,"[100.87526399999999, 248.75008000000003, 195.375104, 301.750272]",datasets/chestxray8/val/images/00005140_001.png,Mass,"[62.848677248677504, 131.115343915344, 132.740740740741, 354.336507936508]"
00005140_001.png,Infiltration,0.14744657735266767,0.0120239,"[72.37504, 288.999936, 226.374912, 386.999808]",datasets/chestxray8/val/images/00005140_001.png,Mass,"[62.848677248677504, 131.115343915344, 132.740740740741, 354.336507936508]"
00005140_001.png,Infiltration,0.1414104783851057,0.0119476,"[93.93766399999998, 245.75001599999996, 200.500224, 321.250048]",datasets/chestxray8/val/images/00005140_001.png,Mass,"[62.848677248677504, 131.115343915344, 132.740740740741, 354.336507936508]"
00005140_001.png,Mass,0.2163927991584416,0.0112152,"[76.750336, 100.06246399999999, 185.50016, 223.250176]",datasets/chestxray8/val/images/00005140_001.png,Mass,"[62.848677248677504, 131.115343915344, 132.740740740741, 354.336507936508]"
00005140_001.png,Infiltration,0.1115723407358095,0.0110931,"[104.249856, 141.874944, 214.749696, 231.87481599999998]",datasets/chestxray8/val/images/00005140_001.png,Mass,"[62.848677248677504, 131.115343915344, 132.740740740741, 354.336507936508]"
00005140_001.png,Cardiomegaly,0.4534168709758181,0.0101776,"[47.21868800000001, 219.75014399999998, 134.875136, 385.750272]",datasets/chestxray8/val/images/00005140_001.png,Mass,"[62.848677248677504, 131.115343915344, 132.740740740741, 354.336507936508]"
00005140_001.png,Infiltration,0.18508539867937146,0.00856018,"[84.250112, 266.25024, 208.999936, 350.249984]",datasets/chestxray8/val/images/00005140_001.png,Mass,"[62.848677248677504, 131.115343915344, 132.740740740741, 354.336507936508]"
00005140_001.png,Cardiomegaly,0.3931785950918591,0.00856018,"[64.56268800000001, 68.12492800000001, 184.0, 388.999936]",datasets/chestxray8/val/images/00005140_001.png,Mass,"[62.848677248677504, 131.115343915344, 132.740740740741, 354.336507936508]"
00005140_001.png,Effusion,0.10239465266170947,0.00565338,"[87.75016959999999, 246.9999104, 123.2501504, 291.9998976]",datasets/chestxray8/val/images/00005140_001.png,Mass,"[62.848677248677504, 131.115343915344, 132.740740740741, 354.336507936508]"
00005140_001.png,Mass,0.12869786546965029,0.00514603,"[86.74995200000001, 102.875136, 197.50016, 195.125248]",datasets/chestxray8/val/images/00005140_001.png,Mass,"[62.848677248677504, 131.115343915344, 132.740740740741, 354.336507936508]"
00005140_001.png,Cardiomegaly,0.10729519105848806,0.00498199,"[106.375168, 94.62502400000001, 247.124992, 289.000192]",datasets/chestxray8/val/images/00005140_001.png,Mass,"[62.848677248677504, 131.115343915344, 132.740740740741, 354.336507936508]"
00005140_001.png,Cardiomegaly,0.3405601113636895,0.00491333,"[60.312576, 249.750016, 152.75008, 392.249856]",datasets/chestxray8/val/images/00005140_001.png,Mass,"[62.848677248677504, 131.115343915344, 132.740740740741, 354.336507936508]"
00005140_001.png,Infiltration,0.10799559625038609,0.00458908,"[71.812608, 292.250112, 237.00019199999997, 432.75007999999997]",datasets/chestxray8/val/images/00005140_001.png,Mass,"[62.848677248677504, 131.115343915344, 132.740740740741, 354.336507936508]"
00005140_001.png,Infiltration,0.17445413368740545,0.00450134,"[84.812544, 288.999936, 165.999872, 356.499968]",datasets/chestxray8/val/images/00005140_001.png,Mass,"[62.848677248677504, 131.115343915344, 132.740740740741, 354.336507936508]"
00005140_001.png,Cardiomegaly,0.32654404701026074,0.00421524,"[52.499967999999996, 227.000064, 162.999808, 412.999936]",datasets/chestxray8/val/images/00005140_001.png,Mass,"[62.848677248677504, 131.115343915344, 132.740740740741, 354.336507936508]"
00005140_001.png,Effusion,0.06717399748330964,0.0042038,"[89.5624192, 245.62480639999998, 120.4999168, 279.49980159999996]",datasets/chestxray8/val/images/00005140_001.png,Mass,"[62.848677248677504, 131.115343915344, 132.740740740741, 354.336507936508]"
00005140_001.png,Effusion,0.36459597586386594,0.00376129,"[79.749888, 215.00006400000004, 133.625088, 323.00032000000004]",datasets/chestxray8/val/images/00005140_001.png,Mass,"[62.848677248677504, 131.115343915344, 132.740740740741, 354.336507936508]"
00005140_001.png,Cardiomegaly,0.29504944139002076,0.00374031,"[52.68736, 241.750272, 113.312256, 395.750144]",datasets/chestxray8/val/images/00005140_001.png,Mass,"[62.848677248677504, 131.115343915344, 132.740740740741, 354.336507936508]"
00005140_001.png,Infiltration,0.16120738931181983,0.00319862,"[79.31238400000001, 292.999936, 175.749632, 375.999744]",datasets/chestxray8/val/images/00005140_001.png,Mass,"[62.848677248677504, 131.115343915344, 132.740740740741, 354.336507936508]"
00005140_001.png,Cardiomegaly,0.18201951793089133,0.00306129,"[52.46848, 278.749696, 110.87487999999999, 415.24992]",datasets/chestxray8/val/images/00005140_001.png,Mass,"[62.848677248677504, 131.115343915344, 132.740740740741, 354.336507936508]"
00005140_001.png,Infiltration,0.08842532569870759,0.00287437,"[103.87481600000001, 236.125184, 184.874752, 293.00019199999997]",datasets/chestxray8/val/images/00005140_001.png,Mass,"[62.848677248677504, 131.115343915344, 132.740740740741, 354.336507936508]"
00005140_001.png,Mass,0.28602434480054517,0.00275993,"[79.250176, 85.124864, 202.750208, 393.499904]",datasets/chestxray8/val/images/00005140_001.png,Mass,"[62.848677248677504, 131.115343915344, 132.740740740741, 354.336507936508]"
00005140_001.png,Infiltration,0.09763009491825904,0.00251961,"[105.624832, 165.50016, 177.624832, 232.49996800000002]",datasets/chestxray8/val/images/00005140_001.png,Mass,"[62.848677248677504, 131.115343915344, 132.740740740741, 354.336507936508]"
00005140_001.png,Cardiomegaly,0.34172953236311937,0.00196075,"[69.06265599999999, 103.43756799999998, 188.00025599999998, 275.24992]",datasets/chestxray8/val/images/00005140_001.png,Mass,"[62.848677248677504, 131.115343915344, 132.740740740741, 354.336507936508]"
00005140_001.png,Infiltration,0.19094018950925262,0.00195312,"[92.12492800000001, 143.874816, 192.874752, 246.1248]",datasets/chestxray8/val/images/00005140_001.png,Mass,"[62.848677248677504, 131.115343915344, 132.740740740741, 354.336507936508]"
00005140_001.png,Cardiomegaly,0.10054152851257654,0.001894,"[108.75033599999999, 129.124864, 231.75014399999998, 244.62489599999998]",datasets/chestxray8/val/images/00005140_001.png,Mass,"[62.848677248677504, 131.115343915344, 132.740740740741, 354.336507936508]"
00005140_001.png,Cardiomegaly,0.3847157128480064,0.00163364,"[62.74995200000001, 149.25004800000002, 191.749888, 428.25011200000006]",datasets/chestxray8/val/images/00005140_001.png,Mass,"[62.848677248677504, 131.115343915344, 132.740740740741, 354.336507936508]"
00005140_001.png,Cardiomegaly,0.18844175049090053,0.00160694,"[38.562304000000005, 276.000256, 123.99974399999999, 447.000064]",datasets/chestxray8/val/images/00005140_001.png,Mass,"[62.848677248677504, 131.115343915344, 132.740740740741, 354.336507936508]"
00005140_001.png,Mass,0.16474560995432067,0.00158596,"[82.000128, 88.749824, 230.50009599999998, 235.24992000000003]",datasets/chestxray8/val/images/00005140_001.png,Mass,"[62.848677248677504, 131.115343915344, 132.740740740741, 354.336507936508]"
00005140_001.png,Infiltration,0.2687595851793273,0.00152779,"[73.18758400000002, 254.00012800000002, 185.750272, 366.000128]",datasets/chestxray8/val/images/00005140_001.png,Mass,"[62.848677248677504, 131.115343915344, 132.740740740741, 354.336507936508]"
00005140_001.png,Cardiomegaly,0.36459597586386594,0.00131893,"[79.749888, 215.00006400000004, 133.625088, 323.00032000000004]",datasets/chestxray8/val/images/00005140_001.png,Mass,"[62.848677248677504, 131.115343915344, 132.740740740741, 354.336507936508]"
00005140_001.png,Cardiomegaly,0.12869786546965029,0.0011282,"[86.74995200000001, 102.875136, 197.50016, 195.125248]",datasets/chestxray8/val/images/00005140_001.png,Mass,"[62.848677248677504, 131.115343915344, 132.740740740741, 354.336507936508]"
00005140_001.png,Cardiomegaly,0.43618127951090874,0.00105667,"[14.312703999999997, 125.625088, 129.250048, 414.500096]",datasets/chestxray8/val/images/00005140_001.png,Mass,"[62.848677248677504, 131.115343915344, 132.740740740741, 354.336507936508]"
00014015_003.png,Atelectasis,0.06919990817939838,0.340332,"[141.12512, 170.37516799999997, 409.999872, 376.999936]",datasets/chestxray8/val/images/00014015_003.png,Cardiomegaly,"[52.62222222222199, 204.39230034722198, 190.293333333333, 293.7078559027775]"
00014015_003.png,Effusion,0.1324381394719212,0.107239,"[151.37484800000001, 180.124928, 225.874944, 259.000064]",datasets/chestxray8/val/images/00014015_003.png,Cardiomegaly,"[52.62222222222199, 204.39230034722198, 190.293333333333, 293.7078559027775]"
00014015_003.png,Cardiomegaly,0.32122030659846756,0.0626831,"[24.999936000000005, 190.62528, 131.62496, 347.50003200000003]",datasets/chestxray8/val/images/00014015_003.png,Cardiomegaly,"[52.62222222222199, 204.39230034722198, 190.293333333333, 293.7078559027775]"
00014015_003.png,Effusion,0.18222692074923177,0.0603638,"[149.750016, 196.37504, 219.750144, 271.000064]",datasets/chestxray8/val/images/00014015_003.png,Cardiomegaly,"[52.62222222222199, 204.39230034722198, 190.293333333333, 293.7078559027775]"
00014015_003.png,Cardiomegaly,0.15166046756129925,0.0290222,"[16.062464, 73.625088, 106.56255999999999, 342.000128]",datasets/chestxray8/val/images/00014015_003.png,Cardiomegaly,"[52.62222222222199, 204.39230034722198, 190.293333333333, 293.7078559027775]"
00014015_003.png,Cardiomegaly,0.2573659432745835,0.0237427,"[24.968704000000002, 197.37497599999998, 102.624768, 320.0]",datasets/chestxray8/val/images/00014015_003.png,Cardiomegaly,"[52.62222222222199, 204.39230034722198, 190.293333333333, 293.7078559027775]"
00014015_003.png,Cardiomegaly,0.30183355238706155,0.0236511,"[128.625152, 202.500096, 248.0, 298.500096]",datasets/chestxray8/val/images/00014015_003.png,Cardiomegaly,"[52.62222222222199, 204.39230034722198, 190.293333333333, 293.7078559027775]"
00014015_003.png,Cardiomegaly,0.20851487834339347,0.021286,"[21.812224000000008, 164.75008, 108.812288, 357.75001599999996]",datasets/chestxray8/val/images/00014015_003.png,Cardiomegaly,"[52.62222222222199, 204.39230034722198, 190.293333333333, 293.7078559027775]"
00014015_003.png,Cardiomegaly,0.29277056153718817,0.020462,"[109.999872, 196.250112, 270.749952, 316.750336]",datasets/chestxray8/val/images/00014015_003.png,Cardiomegaly,"[52.62222222222199, 204.39230034722198, 190.293333333333, 293.7078559027775]"
00014015_003.png,Atelectasis,0.2241297354121878,0.0192261,"[64.68736000000001, 230.750208, 287.749888, 369.25030399999997]",datasets/chestxray8/val/images/00014015_003.png,Cardiomegaly,"[52.62222222222199, 204.39230034722198, 190.293333333333, 293.7078559027775]"
00014015_003.png,Cardiomegaly,0.09937168858738488,0.0141602,"[29.312511999999998, 77.750272, 109.56236799999999, 245.250048]",datasets/chestxray8/val/images/00014015_003.png,Cardiomegaly,"[52.62222222222199, 204.39230034722198, 190.293333333333, 293.7078559027775]"
00014015_003.png,Cardiomegaly,0.1892257223237597,0.013031,"[40.8126976, 213.74976, 84.6877184, 300.749824]",datasets/chestxray8/val/images/00014015_003.png,Cardiomegaly,"[52.62222222222199, 204.39230034722198, 190.293333333333, 293.7078559027775]"
00014015_003.png,Cardiomegaly,0.21857648767182972,0.0102005,"[26.656512, 124.37503999999998, 124.500224, 364.49996799999997]",datasets/chestxray8/val/images/00014015_003.png,Cardiomegaly,"[52.62222222222199, 204.39230034722198, 190.293333333333, 293.7078559027775]"
00014015_003.png,Cardiomegaly,0.3688933460908017,0.00959015,"[34.968832000000006, 211.499776, 148.999936, 361.499904]",datasets/chestxray8/val/images/00014015_003.png,Cardiomegaly,"[52.62222222222199, 204.39230034722198, 190.293333333333, 293.7078559027775]"
00014015_003.png,Cardiomegaly,0.17486553323434711,0.00873566,"[29.624831999999998, 171.500288, 86.749696, 314.750208]",datasets/chestxray8/val/images/00014015_003.png,Cardiomegaly,"[52.62222222222199, 204.39230034722198, 190.293333333333, 293.7078559027775]"
00014015_003.png,Cardiomegaly,0.15919424147631311,0.00730133,"[27.937792, 100.43750400000002, 94.062592, 285.74976000000004]",datasets/chestxray8/val/images/00014015_003.png,Cardiomegaly,"[52.62222222222199, 204.39230034722198, 190.293333333333, 293.7078559027775]"
00014015_003.png,Atelectasis,0.12816155525289646,0.00702667,"[131.750144, 195.74963200000002, 394.24998400000004, 324.249856]",datasets/chestxray8/val/images/00014015_003.png,Cardiomegaly,"[52.62222222222199, 204.39230034722198, 190.293333333333, 293.7078559027775]"
00014015_003.png,Effusion,0.1782675643785816,0.00671005,"[133.49964799999998, 190.37516799999997, 258.49984, 260.500224]",datasets/chestxray8/val/images/00014015_003.png,Cardiomegaly,"[52.62222222222199, 204.39230034722198, 190.293333333333, 293.7078559027775]"
00014015_003.png,Infiltration,0.24302530437480493,0.0066185,"[101.75001599999999, 217.874944, 381.75001599999996, 288.999936]",datasets/chestxray8/val/images/00014015_003.png,Cardiomegaly,"[52.62222222222199, 204.39230034722198, 190.293333333333, 293.7078559027775]"
00014015_003.png,Cardiomegaly,0.2801062206653315,0.00594711,"[92.250112, 193.12512, 357.499904, 288.00025600000004]",datasets/chestxray8/val/images/00014015_003.png,Cardiomegaly,"[52.62222222222199, 204.39230034722198, 190.293333333333, 293.7078559027775]"
00014015_003.png,Cardiomegaly,0.36123057904288913,0.0056572,"[30.062591999999995, 152.75008, 161.50016, 337.999872]",datasets/chestxray8/val/images/00014015_003.png,Cardiomegaly,"[52.62222222222199, 204.39230034722198, 190.293333333333, 293.7078559027775]"
00014015_003.png,Cardiomegaly,0.39171327863615724,0.00520325,"[47.24992, 163.999744, 235.500032, 330.749952]",datasets/chestxray8/val/images/00014015_003.png,Cardiomegaly,"[52.62222222222199, 204.39230034722198, 190.293333333333, 293.7078559027775]"
00014015_003.png,Effusion,0.35608630725746204,0.00491714,"[126.249728, 207.00006399999998, 189.249792, 276.49996799999997]",datasets/chestxray8/val/images/00014015_003.png,Cardiomegaly,"[52.62222222222199, 204.39230034722198, 190.293333333333, 293.7078559027775]"
00014015_003.png,Infiltration,0.2547808229731759,0.00491714,"[102.99980799999999, 208.500224, 350.749952, 276.000256]",datasets/chestxray8/val/images/00014015_003.png,Cardiomegaly,"[52.62222222222199, 204.39230034722198, 190.293333333333, 293.7078559027775]"
00014015_003.png,Cardiomegaly,0.19844865305958095,0.00473404,"[28.31232, 53.499904000000015, 123.24992, 325.250048]",datasets/chestxray8/val/images/00014015_003.png,Cardiomegaly,"[52.62222222222199, 204.39230034722198, 190.293333333333, 293.7078559027775]"
00014015_003.png,Cardiomegaly,0.2740598115080052,0.00379562,"[86.374912, 218.749952, 397.499904, 290.249728]",datasets/chestxray8/val/images/00014015_003.png,Cardiomegaly,"[52.62222222222199, 204.39230034722198, 190.293333333333, 293.7078559027775]"
00014015_003.png,Cardiomegaly,0.4717418893653189,0.00375748,"[52.31231999999999, 180.250112, 136.749824, 312.249856]",datasets/chestxray8/val/images/00014015_003.png,Cardiomegaly,"[52.62222222222199, 204.39230034722198, 190.293333333333, 293.7078559027775]"
00014015_003.png,Cardiomegaly,0.2609589345228602,0.00338936,"[75.874816, 223.000064, 281.999872, 352.999936]",datasets/chestxray8/val/images/00014015_003.png,Cardiomegaly,"[52.62222222222199, 204.39230034722198, 190.293333333333, 293.7078559027775]"
00014015_003.png,Infiltration,0.33958281570856,0.00333786,"[60.00025599999999, 224.62515199999999, 257.750016, 342.000128]",datasets/chestxray8/val/images/00014015_003.png,Cardiomegaly,"[52.62222222222199, 204.39230034722198, 190.293333333333, 293.7078559027775]"
00014015_003.png,Cardiomegaly,0.24143824046154336,0.00323296,"[104.75008000000001, 213.374976, 304.0, 328.999936]",datasets/chestxray8/val/images/00014015_003.png,Cardiomegaly,"[52.62222222222199, 204.39230034722198, 190.293333333333, 293.7078559027775]"
00014015_003.png,Cardiomegaly,0.19725055212879433,0.00310898,"[19.62496, 191.125248, 115.37510400000001, 418.00012799999996]",datasets/chestxray8/val/images/00014015_003.png,Cardiomegaly,"[52.62222222222199, 204.39230034722198, 190.293333333333, 293.7078559027775]"
00014015_003.png,Effusion,0.20446716151159017,0.00306892,"[113.75027200000001, 132.0, 266.000128, 315.750144]",datasets/chestxray8/val/images/00014015_003.png,Cardiomegaly,"[52.62222222222199, 204.39230034722198, 190.293333333333, 293.7078559027775]"
00014015_003.png,Infiltration,0.2715290791632636,0.00304794,"[139.499776, 205.250048, 237.75001600000002, 294.249984]",datasets/chestxray8/val/images/00014015_003.png,Cardiomegaly,"[52.62222222222199, 204.39230034722198, 190.293333333333, 293.7078559027775]"
00014015_003.png,Cardiomegaly,0.18222692074923177,0.00297356,"[149.750016, 196.37504, 219.750144, 271.000064]",datasets/chestxray8/val/images/00014015_003.png,Cardiomegaly,"[52.62222222222199, 204.39230034722198, 190.293333333333, 293.7078559027775]"
00014015_003.png,Cardiomegaly,0.1970146511432872,0.00282669,"[40.46873599999999, 224.375296, 97.499904, 340.250112]",datasets/chestxray8/val/images/00014015_003.png,Cardiomegaly,"[52.62222222222199, 204.39230034722198, 190.293333333333, 293.7078559027775]"
00014015_003.png,Infiltration,0.18895229168509423,0.00271988,"[97.74976000000001, 204.12467199999998, 384.749824, 342.49984]",datasets/chestxray8/val/images/00014015_003.png,Cardiomegaly,"[52.62222222222199, 204.39230034722198, 190.293333333333, 293.7078559027775]"
00014015_003.png,Atelectasis,0.22533093727558826,0.00259018,"[83.937536, 206.24998399999998, 326.25023999999996, 364.250112]",datasets/chestxray8/val/images/00014015_003.png,Cardiomegaly,"[52.62222222222199, 204.39230034722198, 190.293333333333, 293.7078559027775]"
00014015_003.png,Effusion,0.06553805583872431,0.00258446,"[148.000256, 168.25011200000003, 402.500096, 361.250048]",datasets/chestxray8/val/images/00014015_003.png,Cardiomegaly,"[52.62222222222199, 204.39230034722198, 190.293333333333, 293.7078559027775]"
00014015_003.png,Cardiomegaly,0.2568095173354702,0.00253105,"[94.875136, 153.999872, 258.500096, 333.74976000000004]",datasets/chestxray8/val/images/00014015_003.png,Cardiomegaly,"[52.62222222222199, 204.39230034722198, 190.293333333333, 293.7078559027775]"
00014015_003.png,Effusion,0.051492907599252916,0.00241089,"[162.7502592, 193.375104, 211.5002368, 229.375104]",datasets/chestxray8/val/images/00014015_003.png,Cardiomegaly,"[52.62222222222199, 204.39230034722198, 190.293333333333, 293.7078559027775]"
00014015_003.png,Cardiomegaly,0.3475020935857943,0.00222397,"[48.562687999999994, 186.50009599999998, 109.43744, 307.749888]",datasets/chestxray8/val/images/00014015_003.png,Cardiomegaly,"[52.62222222222199, 204.39230034722198, 190.293333333333, 293.7078559027775]"
00014015_003.png,Cardiomegaly,0.4890518187847779,0.0021801,"[50.312448, 221.999872, 207.50003199999998, 334.99980800000003]",datasets/chestxray8/val/images/00014015_003.png,Cardiomegaly,"[52.62222222222199, 204.39230034722198, 190.293333333333, 293.7078559027775]"
00014015_003.png,Infiltration,0.33810296233452714,0.00198746,"[93.562624, 220.74982400000002, 263.50003200000003, 312.75008]",datasets/chestxray8/val/images/00014015_003.png,Cardiomegaly,"[52.62222222222199, 204.39230034722198, 190.293333333333, 293.7078559027775]"
00014015_003.png,Infiltration,0.0536414740425751,0.00189209,"[154.249984, 166.374912, 393.250048, 379.50003200000003]",datasets/chestxray8/val/images/00014015_003.png,Cardiomegaly,"[52.62222222222199, 204.39230034722198, 190.293333333333, 293.7078559027775]"
00014015_003.png,Cardiomegaly,0.3276285976172555,0.00186348,"[68.0, 208.499968, 122.62476799999999, 282.249984]",datasets/chestxray8/val/images/00014015_003.png,Cardiomegaly,"[52.62222222222199, 204.39230034722198, 190.293333333333, 293.7078559027775]"
00014015_003.png,Cardiomegaly,0.3322058508352183,0.00178814,"[22.062591999999995, 197.75001599999996, 164.499968, 392.749824]",datasets/chestxray8/val/images/00014015_003.png,Cardiomegaly,"[52.62222222222199, 204.39230034722198, 190.293333333333, 293.7078559027775]"
00014015_003.png,Cardiomegaly,0.13622273666380244,0.00177574,"[134.50009599999998, 201.12511999999998, 386.000128, 317.50016]",datasets/chestxray8/val/images/00014015_003.png,Cardiomegaly,"[52.62222222222199, 204.39230034722198, 190.293333333333, 293.7078559027775]"
00014015_003.png,Cardiomegaly,0.19521443303303992,0.00148296,"[115.50028799999998, 144.124928, 292.75008, 305.50016]",datasets/chestxray8/val/images/00014015_003.png,Cardiomegaly,"[52.62222222222199, 204.39230034722198, 190.293333333333, 293.7078559027775]"
00014015_003.png,Cardiomegaly,0.21376316229673212,0.00145912,"[110.75020800000001, 209.00019200000003, 372.49996799999997, 273.750272]",datasets/chestxray8/val/images/00014015_003.png,Cardiomegaly,"[52.62222222222199, 204.39230034722198, 190.293333333333, 293.7078559027775]"
00014015_003.png,Effusion,0.08055181554940581,0.0013876,"[162.2498048, 197.99997439999999, 211.7498112, 242.9999616]",datasets/chestxray8/val/images/00014015_003.png,Cardiomegaly,"[52.62222222222199, 204.39230034722198, 190.293333333333, 293.7078559027775]"
00014015_003.png,Infiltration,0.24076937042890373,0.00135994,"[133.999872, 204.499968, 278.500096, 298.500096]",datasets/chestxray8/val/images/00014015_003.png,Cardiomegaly,"[52.62222222222199, 204.39230034722198, 190.293333333333, 293.7078559027775]"
00014015_003.png,Infiltration,0.2789310317852126,0.00132847,"[104.93747200000001, 206.24998399999998, 279.000064, 332.250112]",datasets/chestxray8/val/images/00014015_003.png,Cardiomegaly,"[52.62222222222199, 204.39230034722198, 190.293333333333, 293.7078559027775]"
00014015_003.png,Cardiomegaly,0.16888405135124845,0.00121212,"[107.24992, 155.750144, 380.249856, 298.75020800000004]",datasets/chestxray8/val/images/00014015_003.png,Cardiomegaly,"[52.62222222222199, 204.39230034722198, 190.293333333333, 293.7078559027775]"
00014015_003.png,Infiltration,0.18222692074923177,0.00119686,"[149.750016, 196.37504, 219.750144, 271.000064]",datasets/chestxray8/val/images/00014015_003.png,Cardiomegaly,"[52.62222222222199, 204.39230034722198, 190.293333333333, 293.7078559027775]"
00014015_003.png,Cardiomegaly,0.4106688801473919,0.00115871,"[110.875136, 209.87519999999998, 182.374912, 280.49996799999997]",datasets/chestxray8/val/images/00014015_003.png,Cardiomegaly,"[52.62222222222199, 204.39230034722198, 190.293333333333, 293.7078559027775]"
00014015_003.png,Infiltration,0.48182061114051083,0.00112247,"[50.37491200000001, 229.50016000000002, 203.875072, 326.50009600000004]",datasets/chestxray8/val/images/00014015_003.png,Cardiomegaly,"[52.62222222222199, 204.39230034722198, 190.293333333333, 293.7078559027775]"
00014015_003.png,Effusion,0.1305528697047389,0.00111675,"[142.749696, 168.875264, 248.99993600000002, 257.00019199999997]",datasets/chestxray8/val/images/00014015_003.png,Cardiomegaly,"[52.62222222222199, 204.39230034722198, 190.293333333333, 293.7078559027775]"
00014015_003.png,Mass,0.16901325052228922,0.00111485,"[125.50016000000001, 103.062528, 256.499968, 314.749952]",datasets/chestxray8/val/images/00014015_003.png,Cardiomegaly,"[52.62222222222199, 204.39230034722198, 190.293333333333, 293.7078559027775]"
00014015_003.png,Effusion,0.22836386334485323,0.00105095,"[101.12486400000002, 198.50009599999998, 352.499968, 264.750336]",datasets/chestxray8/val/images/00014015_003.png,Cardiomegaly,"[52.62222222222199, 204.39230034722198, 190.293333333333, 293.7078559027775]"
00014015_003.png,Infiltration,0.2442418663022542,0.00100994,"[115.81286400000002, 181.999872, 295.750144, 301.999872]",datasets/chestxray8/val/images/00014015_003.png,Cardiomegaly,"[52.62222222222199, 204.39230034722198, 190.293333333333, 293.7078559027775]"
00017611_002.png,Effusion,0.09264321260889054,0.568359,"[175.24992, 275.749888, 235.500032, 337.750016]",datasets/chestxray8/val/images/00017611_002.png,Effusion,"[129.489947089947, 224.84656084656098, 210.7597883597885, 299.073015873016]"
00017611_002.png,Effusion,0.49061230099996667,0.00787354,"[117.874944, 231.250176, 179.124992, 299.750144]",datasets/chestxray8/val/images/00017611_002.png,Effusion,"[129.489947089947, 224.84656084656098, 210.7597883597885, 299.073015873016]"
00017611_002.png,Mass,0.1254297130942484,0.00595474,"[154.75020800000001, 119.125248, 255.500032, 429.50016]",datasets/chestxray8/val/images/00017611_002.png,Effusion,"[129.489947089947, 224.84656084656098, 210.7597883597885, 299.073015873016]"
00017611_002.png,Mass,0.2974069142594387,0.00541687,"[151.87532800000002, 231.00032, 234.875136, 369.00019199999997]",datasets/chestxray8/val/images/00017611_002.png,Effusion,"[129.489947089947, 224.84656084656098, 210.7597883597885, 299.073015873016]"
00017611_002.png,Effusion,0.3774096642636783,0.00501251,"[106.1248, 187.374848, 186.1248, 303.749888]",datasets/chestxray8/val/images/00017611_002.png,Effusion,"[129.489947089947, 224.84656084656098, 210.7597883597885, 299.073015873016]"
00017611_002.png,Mass,0.15335250673676779,0.0042572,"[168.625152, 143.12499200000002, 245.374976, 370.99980800000003]",datasets/chestxray8/val/images/00017611_002.png,Effusion,"[129.489947089947, 224.84656084656098, 210.7597883597885, 299.073015873016]"
00017611_002.png,Mass,0.10791913263508117,0.00385475,"[123.62496, 68.0, 262.49984, 470.500096]",datasets/chestxray8/val/images/00017611_002.png,Effusion,"[129.489947089947, 224.84656084656098, 210.7597883597885, 299.073015873016]"
00017611_002.png,Effusion,0.06441343189924287,0.00320816,"[184.2502144, 280.5000704, 231.00021759999998, 325.5000576]",datasets/chestxray8/val/images/00017611_002.png,Effusion,"[129.489947089947, 224.84656084656098, 210.7597883597885, 299.073015873016]"
00017611_002.png,Mass,0.18513801391136173,0.00281906,"[124.49971199999999, 85.124864, 256.749824, 331.499776]",datasets/chestxray8/val/images/00017611_002.png,Effusion,"[129.489947089947, 224.84656084656098, 210.7597883597885, 299.073015873016]"
00017611_002.png,Mass,0.18131084313008347,0.00214958,"[143.500032, 199.87481599999998, 270.500096, 408.49996799999997]",datasets/chestxray8/val/images/00017611_002.png,Effusion,"[129.489947089947, 224.84656084656098, 210.7597883597885, 299.073015873016]"
00017611_002.png,Effusion,0.21842511078851654,0.00211334,"[92.93747199999999, 180.374784, 173.750016, 332.49971200000005]",datasets/chestxray8/val/images/00017611_002.png,Effusion,"[129.489947089947, 224.84656084656098, 210.7597883597885, 299.073015873016]"
00017611_002.png,Mass,0.20499995490192208,0.00204468,"[134.875136, 109.25004799999999, 243.62496, 280.0]",datasets/chestxray8/val/images/00017611_002.png,Effusion,"[129.489947089947, 224.84656084656098, 210.7597883597885, 299.073015873016]"
00017611_002.png,Effusion,0.18863565862688042,0.00190926,"[89.37497600000002, 143.75014400000003, 230.87488000000002, 369.750016]",datasets/chestxray8/val/images/00017611_002.png,Effusion,"[129.489947089947, 224.84656084656098, 210.7597883597885, 299.073015873016]"
00017611_002.png,Atelectasis,0.05935686532405684,0.00186825,"[164.749824, 216.499968, 417.24979199999996, 434.000128]",datasets/chestxray8/val/images/00017611_002.png,Effusion,"[129.489947089947, 224.84656084656098, 210.7597883597885, 299.073015873016]"
00017611_002.png,Effusion,0.21556957956230915,0.00180531,"[153.49990400000002, 224.49996799999997, 275.499776, 371.499776]",datasets/chestxray8/val/images/00017611_002.png,Effusion,"[129.489947089947, 224.84656084656098, 210.7597883597885, 299.073015873016]"
00017611_002.png,Effusion,0.26868593611968256,0.00176907,"[144.9997568, 258.2502144, 184.7497472, 299.25020159999997]",datasets/chestxray8/val/images/00017611_002.png,Effusion,"[129.489947089947, 224.84656084656098, 210.7597883597885, 299.073015873016]"
00017611_002.png,Mass,0.19473437508861757,0.00176334,"[161.12512, 261.50016, 231.375104, 338.50035199999996]",datasets/chestxray8/val/images/00017611_002.png,Effusion,"[129.489947089947, 224.84656084656098, 210.7597883597885, 299.073015873016]"
00017611_002.png,Effusion,0.18131084313008347,0.00156116,"[143.500032, 199.87481599999998, 270.500096, 408.49996799999997]",datasets/chestxray8/val/images/00017611_002.png,Effusion,"[129.489947089947, 224.84656084656098, 210.7597883597885, 299.073015873016]"
00017611_002.png,Effusion,0.2974069142594387,0.00154114,"[151.87532800000002, 231.00032, 234.875136, 369.00019199999997]",datasets/chestxray8/val/images/00017611_002.png,Effusion,"[129.489947089947, 224.84656084656098, 210.7597883597885, 299.073015873016]"
00017611_002.png,Effusion,0.1849251275440628,0.00153065,"[150.8749568, 216.250112, 190.6249472, 254.50009599999998]",datasets/chestxray8/val/images/00017611_002.png,Effusion,"[129.489947089947, 224.84656084656098, 210.7597883597885, 299.073015873016]"
00017611_002.png,Mass,0.13516591375456913,0.00151062,"[116.499712, 192.999936, 293.249792, 445.49990399999996]",datasets/chestxray8/val/images/00017611_002.png,Effusion,"[129.489947089947, 224.84656084656098, 210.7597883597885, 299.073015873016]"
00017611_002.png,Effusion,0.21971623619172742,0.00142765,"[102.62527999999999, 222.125056, 156.37503999999998, 316.00025600000004]",datasets/chestxray8/val/images/00017611_002.png,Effusion,"[129.489947089947, 224.84656084656098, 210.7597883597885, 299.073015873016]"
00017611_002.png,Mass,0.2244740212652741,0.00137234,"[177.50016, 198.249984, 243.00032, 311.750144]",datasets/chestxray8/val/images/00017611_002.png,Effusion,"[129.489947089947, 224.84656084656098, 210.7597883597885, 299.073015873016]"
00017611_002.png,Hernia,0.09264321260889054,0.00128555,"[175.24992, 275.749888, 235.500032, 337.750016]",datasets/chestxray8/val/images/00017611_002.png,Effusion,"[129.489947089947, 224.84656084656098, 210.7597883597885, 299.073015873016]"
00017611_002.png,Effusion,0.1539029079809607,0.00126934,"[107.74988800000001, 112.37529599999999, 244.49996800000002, 399.000064]",datasets/chestxray8/val/images/00017611_002.png,Effusion,"[129.489947089947, 224.84656084656098, 210.7597883597885, 299.073015873016]"
00017611_002.png,Effusion,0.1262852433924243,0.00126362,"[98.374912, 240.999936, 369.499904, 374.00012799999996]",datasets/chestxray8/val/images/00017611_002.png,Effusion,"[129.489947089947, 224.84656084656098, 210.7597883597885, 299.073015873016]"
00017611_002.png,Fibrosis,0.09264321260889054,0.00120735,"[175.24992, 275.749888, 235.500032, 337.750016]",datasets/chestxray8/val/images/00017611_002.png,Effusion,"[129.489947089947, 224.84656084656098, 210.7597883597885, 299.073015873016]"
00017611_002.png,Effusion,0.460631603009337,0.00115299,"[145.999872, 187.000064, 222.749696, 307.000064]",datasets/chestxray8/val/images/00017611_002.png,Effusion,"[129.489947089947, 224.84656084656098, 210.7597883597885, 299.073015873016]"
00017611_002.png,Atelectasis,0.09264321260889054,0.00114727,"[175.24992, 275.749888, 235.500032, 337.750016]",datasets/chestxray8/val/images/00017611_002.png,Effusion,"[129.489947089947, 224.84656084656098, 210.7597883597885, 299.073015873016]"
00017611_002.png,Mass,0.1539029079809607,0.00110722,"[107.74988800000001, 112.37529599999999, 244.49996800000002, 399.000064]",datasets/chestxray8/val/images/00017611_002.png,Effusion,"[129.489947089947, 224.84656084656098, 210.7597883597885, 299.073015873016]"
00017611_002.png,Edema,0.0951141105296714,0.00110149,"[174.000128, 275.000064, 236.499968, 341.50016]",datasets/chestxray8/val/images/00017611_002.png,Effusion,"[129.489947089947, 224.84656084656098, 210.7597883597885, 299.073015873016]"
00017611_002.png,Mass,0.20031528878741386,0.00110054,"[85.18758400000002, 102.312448, 207.500288, 285.74976]",datasets/chestxray8/val/images/00017611_002.png,Effusion,"[129.489947089947, 224.84656084656098, 210.7597883597885, 299.073015873016]"
00017611_002.png,Mass,0.11942327522963257,0.00107479,"[140.749824, 140.62489599999998, 306.249728, 398.49984]",datasets/chestxray8/val/images/00017611_002.png,Effusion,"[129.489947089947, 224.84656084656098, 210.7597883597885, 299.073015873016]"
00017611_002.png,Cardiomegaly,0.0750038271872665,0.00101757,"[54.18752, 238.374912, 159.499776, 428.99968]",datasets/chestxray8/val/images/00017611_002.png,Effusion,"[129.489947089947, 224.84656084656098, 210.7597883597885, 299.073015873016]"
00017611_002.png,Mass,0.09264321260889054,0.00100899,"[175.24992, 275.749888, 235.500032, 337.750016]",datasets/chestxray8/val/images/00017611_002.png,Effusion,"[129.489947089947, 224.84656084656098, 210.7597883597885, 299.073015873016]"
00020673_005.png,Atelectasis,0.2906769685674087,0.0808716,"[210.125056, 123.99999999999999, 433.499904, 293.999872]",datasets/chestxray8/val/images/00020673_005.png,Infiltration,"[281.220338983051, 163.4079134666315, 410.847457627119, 248.560455839513]"
00020673_005.png,Infiltration,0.4254203401026975,0.0695801,"[258.249728, 141.249792, 423.24992, 298.49984]",datasets/chestxray8/val/images/00020673_005.png,Infiltration,"[281.220338983051, 163.4079134666315, 410.847457627119, 248.560455839513]"
00020673_005.png,Cardiomegaly,0.11360347934516989,0.0161285,"[373.250048, 150.49984, 486.75020800000004, 329.750016]",datasets/chestxray8/val/images/00020673_005.png,Infiltration,"[281.220338983051, 163.4079134666315, 410.847457627119, 248.560455839513]"
00020673_005.png,Infiltration,0.45897975184318124,0.0112762,"[290.500096, 164.749824, 436.49996799999997, 308.749824]",datasets/chestxray8/val/images/00020673_005.png,Infiltration,"[281.220338983051, 163.4079134666315, 410.847457627119, 248.560455839513]"
00020673_005.png,Atelectasis,0.23254941385687286,0.00847626,"[215.74963199999996, 149.374976, 451.749888, 350.49984]",datasets/chestxray8/val/images/00020673_005.png,Infiltration,"[281.220338983051, 163.4079134666315, 410.847457627119, 248.560455839513]"
00020673_005.png,Atelectasis,0.25281785417911296,0.00720978,"[185.75001600000002, 102.62528, 397.74976, 282.500096]",datasets/chestxray8/val/images/00020673_005.png,Infiltration,"[281.220338983051, 163.4079134666315, 410.847457627119, 248.560455839513]"
00020673_005.png,Atelectasis,0.44136844076168863,0.00679779,"[251.00032, 149.99987199999998, 422.000128, 296.250112]",datasets/chestxray8/val/images/00020673_005.png,Infiltration,"[281.220338983051, 163.4079134666315, 410.847457627119, 248.560455839513]"
00020673_005.png,Cardiomegaly,0.18984731110275047,0.00532532,"[357.74976, 165.49990400000002, 473.249792, 309.250048]",datasets/chestxray8/val/images/00020673_005.png,Infiltration,"[281.220338983051, 163.4079134666315, 410.847457627119, 248.560455839513]"
00020673_005.png,Cardiomegaly,0.10306215986136176,0.00531387,"[365.250048, 177.25030400000003, 498.749952, 355.250176]",datasets/chestxray8/val/images/00020673_005.png,Infiltration,"[281.220338983051, 163.4079134666315, 410.847457627119, 248.560455839513]"
00020673_005.png,Infiltration,0.39592923532113183,0.00480652,"[229.374976, 124.75008000000001, 419.999744, 271.00032]",datasets/chestxray8/val/images/00020673_005.png,Infiltration,"[281.220338983051, 163.4079134666315, 410.847457627119, 248.560455839513]"
00020673_005.png,Infiltration,0.27316410979304845,0.00469208,"[292.0, 180.0, 445.50016000000005, 355.499776]",datasets/chestxray8/val/images/00020673_005.png,Infiltration,"[281.220338983051, 163.4079134666315, 410.847457627119, 248.560455839513]"
00020673_005.png,Atelectasis,0.15319133347088454,0.00466919,"[155.749888, 161.99987199999998, 449.249792, 407.499776]",datasets/chestxray8/val/images/00020673_005.png,Infiltration,"[281.220338983051, 163.4079134666315, 410.847457627119, 248.560455839513]"
00020673_005.png,Infiltration,0.35989109127415103,0.00363731,"[293.250048, 153.00016639999998, 407.24992, 202.0001536]",datasets/chestxray8/val/images/00020673_005.png,Infiltration,"[281.220338983051, 163.4079134666315, 410.847457627119, 248.560455839513]"
00020673_005.png,Cardiomegaly,0.17807917262243736,0.00347519,"[336.99993600000005, 108.99968, 466.500096, 344.999936]",datasets/chestxray8/val/images/00020673_005.png,Infiltration,"[281.220338983051, 163.4079134666315, 410.847457627119, 248.560455839513]"
00020673_005.png,Cardiomegaly,0.2394166185013728,0.00295639,"[358.00012799999996, 151.000064, 466.000384, 264.500224]",datasets/chestxray8/val/images/00020673_005.png,Infiltration,"[281.220338983051, 163.4079134666315, 410.847457627119, 248.560455839513]"
00020673_005.png,Atelectasis,0.13764599657904036,0.00265884,"[189.62483200000003, 195.50003199999998, 411.999744, 401.50016]",datasets/chestxray8/val/images/00020673_005.png,Infiltration,"[281.220338983051, 163.4079134666315, 410.847457627119, 248.560455839513]"
00020673_005.png,Cardiomegaly,0.2544543234328129,0.00220108,"[339.50003200000003, 112.31257599999999, 458.500096, 271.250176]",datasets/chestxray8/val/images/00020673_005.png,Infiltration,"[281.220338983051, 163.4079134666315, 410.847457627119, 248.560455839513]"
00020673_005.png,Infiltration,0.46337069576255707,0.00211143,"[275.00006399999995, 149.00019200000003, 404.0, 213.250048]",datasets/chestxray8/val/images/00020673_005.png,Infiltration,"[281.220338983051, 163.4079134666315, 410.847457627119, 248.560455839513]"
00020673_005.png,Infiltration,0.23637527961694846,0.00190735,"[344.0, 184.250112, 452.00025600000004, 290.249984]",datasets/chestxray8/val/images/00020673_005.png,Infiltration,"[281.220338983051, 163.4079134666315, 410.847457627119, 248.560455839513]"
00020673_005.png,Infiltration,0.27213195074141255,0.00175667,"[315.50028799999995, 186.749952, 444.500224, 314.749952]",datasets/chestxray8/val/images/00020673_005.png,Infiltration,"[281.220338983051, 163.4079134666315, 410.847457627119, 248.560455839513]"
00020673_005.png,Infiltration,0.20207054998697058,0.00170708,"[299.50003200000003, 136.624896, 399.499776, 191.124736]",datasets/chestxray8/val/images/00020673_005.png,Infiltration,"[281.220338983051, 163.4079134666315, 410.847457627119, 248.560455839513]"
00020673_005.png,Cardiomegaly,0.32004346230239,0.00131226,"[346.749952, 134.999808, 446.24998400000004, 247.500032]",datasets/chestxray8/val/images/00020673_005.png,Infiltration,"[281.220338983051, 163.4079134666315, 410.847457627119, 248.560455839513]"
00020673_005.png,Infiltration,0.4246573171319427,0.00120544,"[317.250048, 172.249856, 439.750144, 277.75001599999996]",datasets/chestxray8/val/images/00020673_005.png,Infiltration,"[281.220338983051, 163.4079134666315, 410.847457627119, 248.560455839513]"
00020673_005.png,Cardiomegaly,0.19685771038695016,0.00113201,"[328.999936, 46.187520000000006, 465.50016, 275.749888]",datasets/chestxray8/val/images/00020673_005.png,Infiltration,"[281.220338983051, 163.4079134666315, 410.847457627119, 248.560455839513]"
00020673_005.png,Infiltration,0.3535287195809365,0.00113106,"[352.499968, 163.499776, 442.49984, 246.249728]",datasets/chestxray8/val/images/00020673_005.png,Infiltration,"[281.220338983051, 163.4079134666315, 410.847457627119, 248.560455839513]"
00020673_005.png,Cardiomegaly,0.24484869708112225,0.00109386,"[319.500032, 84.374784, 450.49984, 301.999872]",datasets/chestxray8/val/images/00020673_005.png,Infiltration,"[281.220338983051, 163.4079134666315, 410.847457627119, 248.560455839513]"
00020673_005.png,Infiltration,0.060191535024120946,0.00105095,"[274.000128, 112.87500800000001, 337.00019199999997, 178.87488]",datasets/chestxray8/val/images/00020673_005.png,Infiltration,"[281.220338983051, 163.4079134666315, 410.847457627119, 248.560455839513]"
00020673_005.png,Infiltration,0.3118153067333957,0.00100136,"[228.75008, 152.12467199999998, 437.75001599999996, 321.499904]",datasets/chestxray8/val/images/00020673_005.png,Infiltration,"[281.220338983051, 163.4079134666315, 410.847457627119, 248.560455839513]"
00013751_003.png,Mass,0.1265719032889404,0.0185852,"[352.75008, 296.24985599999997, 440.249856, 411.749888]",datasets/chestxray8/val/images/00013751_003.png,Effusion,"[338.0825396825395, 305.0328042328045, 383.05185185185167, 350.00211640211666]"
00013751_003.png,Infiltration,0.3178341380714622,0.00850677,"[303.99974399999996, 281.49990399999996, 379.499776, 356.999936]",datasets/chestxray8/val/images/00013751_003.png,Effusion,"[338.0825396825395, 305.0328042328045, 383.05185185185167, 350.00211640211666]"
00013751_003.png,Effusion,0.4375618213849479,0.00630569,"[322.000128, 283.24992000000003, 380.0, 346.249984]",datasets/chestxray8/val/images/00013751_003.png,Effusion,"[338.0825396825395, 305.0328042328045, 383.05185185185167, 350.00211640211666]"
00013751_003.png,Mass,0.1064334700435083,0.00584793,"[319.999744, 260.999936, 444.999936, 412.999936]",datasets/chestxray8/val/images/00013751_003.png,Effusion,"[338.0825396825395, 305.0328042328045, 383.05185185185167, 350.00211640211666]"
00013751_003.png,Effusion,0.4761563001503785,0.00450516,"[328.00025600000004, 288.999936, 396.500224, 351.000064]",datasets/chestxray8/val/images/00013751_003.png,Effusion,"[338.0825396825395, 305.0328042328045, 383.05185185185167, 350.00211640211666]"
00013751_003.png,Atelectasis,0.06704065396195383,0.00283241,"[234.24972799999998, 211.374848, 401.24979199999996, 391.999744]",datasets/chestxray8/val/images/00013751_003.png,Effusion,"[338.0825396825395, 305.0328042328045, 383.05185185185167, 350.00211640211666]"
00013751_003.png,Infiltration,0.10659191763090603,0.00258827,"[256.75008, 244.24985600000002, 386.25023999999996, 390.749952]",datasets/chestxray8/val/images/00013751_003.png,Effusion,"[338.0825396825395, 305.0328042328045, 383.05185185185167, 350.00211640211666]"
00013751_003.png,Cardiomegaly,0.05502680409245692,0.00213242,"[335.999744, 141.249792, 460.999936, 435.24992000000003]",datasets/chestxray8/val/images/00013751_003.png,Effusion,"[338.0825396825395, 305.0328042328045, 383.05185185185167, 350.00211640211666]"
00013751_003.png,Infiltration,0.16595764631910545,0.00206566,"[275.749888, 256.99968, 391.24992000000003, 362.49983999999995]",datasets/chestxray8/val/images/00013751_003.png,Effusion,"[338.0825396825395, 305.0328042328045, 383.05185185185167, 350.00211640211666]"
00013751_003.png,Mass,0.2726676105510395,0.00199127,"[334.00012799999996, 280.49971200000005, 424.999936, 361.999872]",datasets/chestxray8/val/images/00013751_003.png,Effusion,"[338.0825396825395, 305.0328042328045, 383.05185185185167, 350.00211640211666]"
00013751_003.png,Mass,0.0891550653721391,0.00174904,"[347.24992, 277.99987200000004, 449.250048, 451.000064]",datasets/chestxray8/val/images/00013751_003.png,Effusion,"[338.0825396825395, 305.0328042328045, 383.05185185185167, 350.00211640211666]"
00013751_003.png,Cardiomegaly,0.06539933902250564,0.00147724,"[345.74976, 267.000064, 460.24985599999997, 488.000256]",datasets/chestxray8/val/images/00013751_003.png,Effusion,"[338.0825396825395, 305.0328042328045, 383.05185185185167, 350.00211640211666]"
00013751_003.png,Infiltration,0.10452878729003484,0.00133228,"[278.99980800000003, 272.75008, 363.499776, 391.750144]",datasets/chestxray8/val/images/00013751_003.png,Effusion,"[338.0825396825395, 305.0328042328045, 383.05185185185167, 350.00211640211666]"
00013751_003.png,Cardiomegaly,0.08718977371436154,0.00132751,"[353.49990399999996, 281.74976000000004, 444.999936, 440.749824]",datasets/chestxray8/val/images/00013751_003.png,Effusion,"[338.0825396825395, 305.0328042328045, 383.05185185185167, 350.00211640211666]"
00013751_003.png,Infiltration,0.2455176661560961,0.00132179,"[299.499776, 299.00006399999995, 369.499904, 372.500224]",datasets/chestxray8/val/images/00013751_003.png,Effusion,"[338.0825396825395, 305.0328042328045, 383.05185185185167, 350.00211640211666]"
00013751_003.png,Effusion,0.23900047966856272,0.00118637,"[317.750016, 270.749952, 375.749888, 334.249728]",datasets/chestxray8/val/images/00013751_003.png,Effusion,"[338.0825396825395, 305.0328042328045, 383.05185185185167, 350.00211640211666]"
00013751_003.png,Mass,0.07263414120902181,0.00115871,"[272.499968, 133.75001600000002, 399.999744, 349.50016]",datasets/chestxray8/val/images/00013751_003.png,Effusion,"[338.0825396825395, 305.0328042328045, 383.05185185185167, 350.00211640211666]"
00013751_003.png,Cardiomegaly,0.07693629842684285,0.00108814,"[349.000192, 180.50022399999997, 439.500288, 395.00006399999995]",datasets/chestxray8/val/images/00013751_003.png,Effusion,"[338.0825396825395, 305.0328042328045, 383.05185185185167, 350.00211640211666]"
00021179_011.png,Atelectasis,0.2388404080859369,0.0838623,"[75.18745600000001, 307.749888, 312.499968, 462.249984]",datasets/chestxray8/val/images/00021179_011.png,Effusion,"[62.29333333333349, 86.63230034722201, 239.786666666667, 420.00118923611103]"
00021179_011.png,Mass,0.06399285058355512,0.0344238,"[89.75027200000001, 39.281152, 231.50003200000003, 116.37504000000001]",datasets/chestxray8/val/images/00021179_011.png,Effusion,"[62.29333333333349, 86.63230034722201, 239.786666666667, 420.00118923611103]"
00021179_011.png,Effusion,0.26185218472515703,0.0209503,"[81.624832, 193.74976, 203.62470399999998, 320.749824]",datasets/chestxray8/val/images/00021179_011.png,Effusion,"[62.29333333333349, 86.63230034722201, 239.786666666667, 420.00118923611103]"
00021179_011.png,Atelectasis,0.12799948311854428,0.0148239,"[182.49983999999998, 196.000256, 367.499776, 381.00019199999997]",datasets/chestxray8/val/images/00021179_011.png,Effusion,"[62.29333333333349, 86.63230034722201, 239.786666666667, 420.00118923611103]"
00021179_011.png,Cardiomegaly,0.12277737686190214,0.0130539,"[25.687551999999997, 282.750208, 125.499904, 484.75007999999997]",datasets/chestxray8/val/images/00021179_011.png,Effusion,"[62.29333333333349, 86.63230034722201, 239.786666666667, 420.00118923611103]"
00021179_011.png,Cardiomegaly,0.0557363861135199,0.00947571,"[25.281279999999995, 325.499904, 101.874944, 478.000128]",datasets/chestxray8/val/images/00021179_011.png,Effusion,"[62.29333333333349, 86.63230034722201, 239.786666666667, 420.00118923611103]"
00021179_011.png,Mass,0.13799417528429564,0.00717163,"[75.250176, 38.531071999999995, 219.50003199999998, 149.874688]",datasets/chestxray8/val/images/00021179_011.png,Effusion,"[62.29333333333349, 86.63230034722201, 239.786666666667, 420.00118923611103]"
00021179_011.png,Effusion,0.0823648595960224,0.00665283,"[126.999808, 226.12480000000002, 197.24979199999999, 295.499776]",datasets/chestxray8/val/images/00021179_011.png,Effusion,"[62.29333333333349, 86.63230034722201, 239.786666666667, 420.00118923611103]"
00021179_011.png,Mass,0.24186998338463417,0.00595474,"[27.187199999999997, 102.312448, 129.999872, 344.0]",datasets/chestxray8/val/images/00021179_011.png,Effusion,"[62.29333333333349, 86.63230034722201, 239.786666666667, 420.00118923611103]"
00021179_011.png,Cardiomegaly,0.24186998338463417,0.00508881,"[27.187199999999997, 102.312448, 129.999872, 344.0]",datasets/chestxray8/val/images/00021179_011.png,Effusion,"[62.29333333333349, 86.63230034722201, 239.786666666667, 420.00118923611103]"
00021179_011.png,Effusion,0.40286419863481177,0.00480652,"[65.50016000000001, 155.50003199999998, 200.75008000000003, 331.749888]",datasets/chestxray8/val/images/00021179_011.png,Effusion,"[62.29333333333349, 86.63230034722201, 239.786666666667, 420.00118923611103]"
00021179_011.png,Effusion,0.2497150217897985,0.00468826,"[85.312512, 76.93747199999999, 201.24979199999999, 216.499968]",datasets/chestxray8/val/images/00021179_011.png,Effusion,"[62.29333333333349, 86.63230034722201, 239.786666666667, 420.00118923611103]"
00021179_011.png,Effusion,0.10027830277500162,0.00467682,"[61.81248000000001, 260.0, 113.937664, 374.99980800000003]",datasets/chestxray8/val/images/00021179_011.png,Effusion,"[62.29333333333349, 86.63230034722201, 239.786666666667, 420.00118923611103]"
00021179_011.png,Mass,0.27215469647152557,0.00464249,"[57.999871999999996, 96.49971200000002, 134.87462399999998, 321.999872]",datasets/chestxray8/val/images/00021179_011.png,Effusion,"[62.29333333333349, 86.63230034722201, 239.786666666667, 420.00118923611103]"
00021179_011.png,Cardiomegaly,0.08876048602354566,0.00426865,"[35.531008, 305.75001599999996, 113.499904, 467.250176]",datasets/chestxray8/val/images/00021179_011.png,Effusion,"[62.29333333333349, 86.63230034722201, 239.786666666667, 420.00118923611103]"
00021179_011.png,Cardiomegaly,0.396253938979026,0.00374031,"[64.12492799999998, 36.312832, 222.624768, 254.50009599999998]",datasets/chestxray8/val/images/00021179_011.png,Effusion,"[62.29333333333349, 86.63230034722201, 239.786666666667, 420.00118923611103]"
00021179_011.png,Cardiomegaly,0.15486552839003295,0.00373077,"[20.187391999999996, 168.999936, 108.31232, 474.999808]",datasets/chestxray8/val/images/00021179_011.png,Effusion,"[62.29333333333349, 86.63230034722201, 239.786666666667, 420.00118923611103]"
00021179_011.png,Cardiomegaly,0.3865431502438378,0.00362587,"[43.437312000000006, 190.74995200000004, 175.99974400000002, 449.74976000000004]",datasets/chestxray8/val/images/00021179_011.png,Effusion,"[62.29333333333349, 86.63230034722201, 239.786666666667, 420.00118923611103]"
00021179_011.png,Effusion,0.0745060519552375,0.00361824,"[114.9376, 308.749824, 180.249856, 376.249856]",datasets/chestxray8/val/images/00021179_011.png,Effusion,"[62.29333333333349, 86.63230034722201, 239.786666666667, 420.00118923611103]"
00021179_011.png,Effusion,0.051452638167955526,0.00360489,"[192.499968, 152.499968, 248.499968, 217.499904]",datasets/chestxray8/val/images/00021179_011.png,Effusion,"[62.29333333333349, 86.63230034722201, 239.786666666667, 420.00118923611103]"
00021179_011.png,Effusion,0.194419863489164,0.00343895,"[56.687360000000005, 197.75001600000002, 159.249664, 317.750016]",datasets/chestxray8/val/images/00021179_011.png,Effusion,"[62.29333333333349, 86.63230034722201, 239.786666666667, 420.00118923611103]"
00021179_011.png,Effusion,0.1770804114227813,0.00305367,"[89.374976, 105.374976, 190.1248, 209.374976]",datasets/chestxray8/val/images/00021179_011.png,Effusion,"[62.29333333333349, 86.63230034722201, 239.786666666667, 420.00118923611103]"
00021179_011.png,Cardiomegaly,0.08127896240642815,0.00297356,"[36.21888, 352.99968, 140.62489599999998, 454.99980800000003]",datasets/chestxray8/val/images/00021179_011.png,Effusion,"[62.29333333333349, 86.63230034722201, 239.786666666667, 420.00118923611103]"
00021179_011.png,Atelectasis,0.29738601762364986,0.00291443,"[73.750272, 257.000192, 368.250112, 457.000192]",datasets/chestxray8/val/images/00021179_011.png,Effusion,"[62.29333333333349, 86.63230034722201, 239.786666666667, 420.00118923611103]"
00021179_011.png,Mass,0.3629352380154867,0.00274658,"[40.343552, 72.74982400000002, 154.87488000000002, 347.24992]",datasets/chestxray8/val/images/00021179_011.png,Effusion,"[62.29333333333349, 86.63230034722201, 239.786666666667, 420.00118923611103]"
00021179_011.png,Effusion,0.11363686286951934,0.00255013,"[99.37510400000002, 116.250112, 181.374976, 198.24998399999998]",datasets/chestxray8/val/images/00021179_011.png,Effusion,"[62.29333333333349, 86.63230034722201, 239.786666666667, 420.00118923611103]"
00021179_011.png,Mass,0.40507560376117224,0.00251198,"[58.249984, 127.62521600000001, 212.0, 289.50016]",datasets/chestxray8/val/images/00021179_011.png,Effusion,"[62.29333333333349, 86.63230034722201, 239.786666666667, 420.00118923611103]"
00021179_011.png,Mass,0.24959188265412752,0.00246048,"[37.937408000000005, 143.24992000000003, 122.749696, 433.249792]",datasets/chestxray8/val/images/00021179_011.png,Effusion,"[62.29333333333349, 86.63230034722201, 239.786666666667, 420.00118923611103]"
00021179_011.png,Mass,0.08130237393894667,0.00225258,"[71.00032000000002, 43.75014399999999, 196.75008, 128.37504]",datasets/chestxray8/val/images/00021179_011.png,Effusion,"[62.29333333333349, 86.63230034722201, 239.786666666667, 420.00118923611103]"
00021179_011.png,Effusion,0.0977730804492647,0.0022316,"[68.0, 219.749888, 143.62496, 296.24985599999997]",datasets/chestxray8/val/images/00021179_011.png,Effusion,"[62.29333333333349, 86.63230034722201, 239.786666666667, 420.00118923611103]"
00021179_011.png,Effusion,0.06853913951562078,0.00219727,"[139.24992, 215.625216, 198.999808, 283.500032]",datasets/chestxray8/val/images/00021179_011.png,Effusion,"[62.29333333333349, 86.63230034722201, 239.786666666667, 420.00118923611103]"
00021179_011.png,Mass,0.30111754634789883,0.00209236,"[54.624767999999996, 170.249984, 137.874944, 439.250176]",datasets/chestxray8/val/images/00021179_011.png,Effusion,"[62.29333333333349, 86.63230034722201, 239.786666666667, 420.00118923611103]"
00021179_011.png,Mass,0.14404708505267105,0.00198936,"[67.875072, 138.49984, 127.37510400000001, 281.74976]",datasets/chestxray8/val/images/00021179_011.png,Effusion,"[62.29333333333349, 86.63230034722201, 239.786666666667, 420.00118923611103]"
00021179_011.png,Effusion,0.34860637470279765,0.001894,"[52.500224, 198.99980800000003, 212.0, 340.0]",datasets/chestxray8/val/images/00021179_011.png,Effusion,"[62.29333333333349, 86.63230034722201, 239.786666666667, 420.00118923611103]"
00021179_011.png,Mass,0.17302122018889202,0.0018301,"[41.750016, 121.374976, 125.499904, 292.999936]",datasets/chestxray8/val/images/00021179_011.png,Effusion,"[62.29333333333349, 86.63230034722201, 239.786666666667, 420.00118923611103]"
00021179_011.png,Mass,0.16116633373142616,0.00181293,"[50.937856, 39.812608, 175.75014399999998, 180.49996800000002]",datasets/chestxray8/val/images/00021179_011.png,Effusion,"[62.29333333333349, 86.63230034722201, 239.786666666667, 420.00118923611103]"
00021179_011.png,Effusion,0.13940205298405076,0.00176239,"[110.749952, 201.99987199999998, 198.50009599999998, 296.0]",datasets/chestxray8/val/images/00021179_011.png,Effusion,"[62.29333333333349, 86.63230034722201, 239.786666666667, 420.00118923611103]"
00021179_011.png,Mass,0.08149546040780926,0.00175762,"[67.125248, 58.81241599999999, 163.375104, 138.999808]",datasets/chestxray8/val/images/00021179_011.png,Effusion,"[62.29333333333349, 86.63230034722201, 239.786666666667, 420.00118923611103]"
00021179_011.png,Cardiomegaly,0.2497150217897985,0.00173569,"[85.312512, 76.93747199999999, 201.24979199999999, 216.499968]",datasets/chestxray8/val/images/00021179_011.png,Effusion,"[62.29333333333349, 86.63230034722201, 239.786666666667, 420.00118923611103]"
00021179_011.png,Cardiomegaly,0.07414223580958067,0.00168419,"[15.750143999999999, 266.500096, 97.75001599999999, 506.500096]",datasets/chestxray8/val/images/00021179_011.png,Effusion,"[62.29333333333349, 86.63230034722201, 239.786666666667, 420.00118923611103]"
00021179_011.png,Effusion,0.27215469647152557,0.00165844,"[57.999871999999996, 96.49971200000002, 134.87462399999998, 321.999872]",datasets/chestxray8/val/images/00021179_011.png,Effusion,"[62.29333333333349, 86.63230034722201, 239.786666666667, 420.00118923611103]"
00021179_011.png,Cardiomegaly,0.19383433144031129,0.0016346,"[36.062208000000005, 200.124672, 122.74995200000001, 461.999872]",datasets/chestxray8/val/images/00021179_011.png,Effusion,"[62.29333333333349, 86.63230034722201, 239.786666666667, 420.00118923611103]"
00021179_011.png,Cardiomegaly,0.1595157180350386,0.00162125,"[56.187648, 280.250112, 133.75001600000002, 453.25030399999997]",datasets/chestxray8/val/images/00021179_011.png,Effusion,"[62.29333333333349, 86.63230034722201, 239.786666666667, 420.00118923611103]"
00021179_011.png,Effusion,0.14404708505267105,0.00153923,"[67.875072, 138.49984, 127.37510400000001, 281.74976]",datasets/chestxray8/val/images/00021179_011.png,Effusion,"[62.29333333333349, 86.63230034722201, 239.786666666667, 420.00118923611103]"
00021179_011.png,Effusion,0.059813873069046904,0.00152397,"[77.250048, 331.749888, 130.87488000000002, 397.74976]",datasets/chestxray8/val/images/00021179_011.png,Effusion,"[62.29333333333349, 86.63230034722201, 239.786666666667, 420.00118923611103]"
00021179_011.png,Effusion,0.055859833294827944,0.00151062,"[142.75020800000001, 238.24998399999998, 201.250304, 294.750208]",datasets/chestxray8/val/images/00021179_011.png,Effusion,"[62.29333333333349, 86.63230034722201, 239.786666666667, 420.00118923611103]"
00021179_011.png,Effusion,0.07353213127986338,0.00148964,"[132.0, 109.93766399999998, 195.000064, 179.00032]",datasets/chestxray8/val/images/00021179_011.png,Effusion,"[62.29333333333349, 86.63230034722201, 239.786666666667, 420.00118923611103]"
00021179_011.png,Effusion,0.1123195169660931,0.00146866,"[58.62512639999999, 234.87488, 106.25013759999999, 387.50003200000003]",datasets/chestxray8/val/images/00021179_011.png,Effusion,"[62.29333333333349, 86.63230034722201, 239.786666666667, 420.00118923611103]"
00021179_011.png,Infiltration,0.051452638167955526,0.00145626,"[192.499968, 152.499968, 248.499968, 217.499904]",datasets/chestxray8/val/images/00021179_011.png,Effusion,"[62.29333333333349, 86.63230034722201, 239.786666666667, 420.00118923611103]"
00021179_011.png,Mass,0.1789759703895491,0.00141525,"[169.624832, 85.12512, 239.87481599999998, 237.8752]",datasets/chestxray8/val/images/00021179_011.png,Effusion,"[62.29333333333349, 86.63230034722201, 239.786666666667, 420.00118923611103]"
00021179_011.png,Cardiomegaly,0.30111754634789883,0.00133896,"[54.624767999999996, 170.249984, 137.874944, 439.250176]",datasets/chestxray8/val/images/00021179_011.png,Effusion,"[62.29333333333349, 86.63230034722201, 239.786666666667, 420.00118923611103]"
00021179_011.png,Effusion,0.07508685267048432,0.00128746,"[82.81267199999999, 125.999872, 138.875136, 205.249792]",datasets/chestxray8/val/images/00021179_011.png,Effusion,"[62.29333333333349, 86.63230034722201, 239.786666666667, 420.00118923611103]"
00021179_011.png,Effusion,0.396253938979026,0.00123978,"[64.12492799999998, 36.312832, 222.624768, 254.50009599999998]",datasets/chestxray8/val/images/00021179_011.png,Effusion,"[62.29333333333349, 86.63230034722201, 239.786666666667, 420.00118923611103]"
00021179_011.png,Cardiomegaly,0.10027830277500162,0.00123596,"[61.81248000000001, 260.0, 113.937664, 374.99980800000003]",datasets/chestxray8/val/images/00021179_011.png,Effusion,"[62.29333333333349, 86.63230034722201, 239.786666666667, 420.00118923611103]"
00021179_011.png,Infiltration,0.19397187155039256,0.00123119,"[103.500032, 307.749888, 406.500096, 423.24992000000003]",datasets/chestxray8/val/images/00021179_011.png,Effusion,"[62.29333333333349, 86.63230034722201, 239.786666666667, 420.00118923611103]"
00021179_011.png,Infiltration,0.2548366667740625,0.00121307,"[60.62489600000001, 312.49996799999997, 216.875008, 457.499904]",datasets/chestxray8/val/images/00021179_011.png,Effusion,"[62.29333333333349, 86.63230034722201, 239.786666666667, 420.00118923611103]"
00021179_011.png,Effusion,0.09070142916218156,0.00120544,"[90.999808, 128.125184, 160.249856, 205.625088]",datasets/chestxray8/val/images/00021179_011.png,Effusion,"[62.29333333333349, 86.63230034722201, 239.786666666667, 420.00118923611103]"
00021179_011.png,Effusion,0.1671205670566419,0.00117683,"[70.125056, 104.499968, 153.750016, 222.74995199999998]",datasets/chestxray8/val/images/00021179_011.png,Effusion,"[62.29333333333349, 86.63230034722201, 239.786666666667, 420.00118923611103]"
00021179_011.png,Effusion,0.06322388003724722,0.00117111,"[118.125312, 140.499712, 176.125184, 204.999936]",datasets/chestxray8/val/images/00021179_011.png,Effusion,"[62.29333333333349, 86.63230034722201, 239.786666666667, 420.00118923611103]"
00021179_011.png,Cardiomegaly,0.18477042011196754,0.00113392,"[88.37529599999999, 316.0, 423.000064, 409.00019199999997]",datasets/chestxray8/val/images/00021179_011.png,Effusion,"[62.29333333333349, 86.63230034722201, 239.786666666667, 420.00118923611103]"
00021179_011.png,Atelectasis,0.25610572239427565,0.00112343,"[128.12518400000002, 211.875072, 376.00025600000004, 433.000192]",datasets/chestxray8/val/images/00021179_011.png,Effusion,"[62.29333333333349, 86.63230034722201, 239.786666666667, 420.00118923611103]"
00021179_011.png,Effusion,0.3314337209565182,0.00110531,"[47.437568, 135.50003200000003, 180.249856, 308.999936]",datasets/chestxray8/val/images/00021179_011.png,Effusion,"[62.29333333333349, 86.63230034722201, 239.786666666667, 420.00118923611103]"
00021179_011.png,Mass,0.05250044889042605,0.00109577,"[76.06246399999999, 26.031104000000006, 247.749888, 108.99968000000001]",datasets/chestxray8/val/images/00021179_011.png,Effusion,"[62.29333333333349, 86.63230034722201, 239.786666666667, 420.00118923611103]"
00021179_011.png,Mass,0.404598593800347,0.00100899,"[128.624896, 49.49990399999999, 255.500032, 333.24979199999996]",datasets/chestxray8/val/images/00021179_011.png,Effusion,"[62.29333333333349, 86.63230034722201, 239.786666666667, 420.00118923611103]"
00022369_013.png,Cardiomegaly,0.21655020879688736,0.0471497,"[47.31264, 111.375104, 140.999936, 345.499904]",datasets/chestxray8/val/images/00022369_013.png,Cardiomegaly,"[83.91111111111098, 199.272300347222, 170.951111111111, 293.13896701388853]"
00022369_013.png,Cardiomegaly,0.33649716045844186,0.0287933,"[53.906175999999995, 144.999936, 164.0, 342.000128]",datasets/chestxray8/val/images/00022369_013.png,Cardiomegaly,"[83.91111111111098, 199.272300347222, 170.951111111111, 293.13896701388853]"
00022369_013.png,Cardiomegaly,0.17128826148949156,0.0269928,"[32.499967999999996, 49.625343999999984, 147.499776, 333.50016]",datasets/chestxray8/val/images/00022369_013.png,Cardiomegaly,"[83.91111111111098, 199.272300347222, 170.951111111111, 293.13896701388853]"
00022369_013.png,Cardiomegaly,0.2522067393352243,0.0139694,"[62.062335999999995, 164.999936, 119.812352, 283.499776]",datasets/chestxray8/val/images/00022369_013.png,Cardiomegaly,"[83.91111111111098, 199.272300347222, 170.951111111111, 293.13896701388853]"
00022369_013.png,Cardiomegaly,0.4931169587201096,0.0112686,"[63.750144, 183.000064, 147.00032, 300.250112]",datasets/chestxray8/val/images/00022369_013.png,Cardiomegaly,"[83.91111111111098, 199.272300347222, 170.951111111111, 293.13896701388853]"
00022369_013.png,Infiltration,0.1279325310723888,0.00671768,"[99.74988799999998, 179.12499200000002, 183.24991999999997, 217.374976]",datasets/chestxray8/val/images/00022369_013.png,Cardiomegaly,"[83.91111111111098, 199.272300347222, 170.951111111111, 293.13896701388853]"
00022369_013.png,Infiltration,0.2680795837202084,0.00638199,"[62.499840000000006, 157.625088, 144.374784, 256.000256]",datasets/chestxray8/val/images/00022369_013.png,Cardiomegaly,"[83.91111111111098, 199.272300347222, 170.951111111111, 293.13896701388853]"
00022369_013.png,Cardiomegaly,0.28823307688858446,0.00608063,"[54.312447999999996, 167.500288, 136.0, 335.000064]",datasets/chestxray8/val/images/00022369_013.png,Cardiomegaly,"[83.91111111111098, 199.272300347222, 170.951111111111, 293.13896701388853]"
00022369_013.png,Infiltration,0.22345229741726189,0.0057373,"[74.9376, 172.75008, 138.000128, 241.499904]",datasets/chestxray8/val/images/00022369_013.png,Cardiomegaly,"[83.91111111111098, 199.272300347222, 170.951111111111, 293.13896701388853]"
00022369_013.png,Cardiomegaly,0.2942488733186404,0.0056076,"[45.562368000000006, 155.75014399999998, 203.99974400000002, 331.000064]",datasets/chestxray8/val/images/00022369_013.png,Cardiomegaly,"[83.91111111111098, 199.272300347222, 170.951111111111, 293.13896701388853]"
00022369_013.png,Infiltration,0.21899046067452785,0.00533676,"[97.50016, 181.499904, 209.50016, 233.499648]",datasets/chestxray8/val/images/00022369_013.png,Cardiomegaly,"[83.91111111111098, 199.272300347222, 170.951111111111, 293.13896701388853]"
00022369_013.png,Infiltration,0.44691083700761064,0.00528336,"[86.74995200000001, 192.125184, 226.00012800000002, 268.0]",datasets/chestxray8/val/images/00022369_013.png,Cardiomegaly,"[83.91111111111098, 199.272300347222, 170.951111111111, 293.13896701388853]"
00022369_013.png,Atelectasis,0.2052631887274282,0.00507355,"[79.87481600000001, 159.24992, 331.000064, 317.74976000000004]",datasets/chestxray8/val/images/00022369_013.png,Cardiomegaly,"[83.91111111111098, 199.272300347222, 170.951111111111, 293.13896701388853]"
00022369_013.png,Cardiomegaly,0.2680795837202084,0.00502014,"[62.499840000000006, 157.625088, 144.374784, 256.000256]",datasets/chestxray8/val/images/00022369_013.png,Cardiomegaly,"[83.91111111111098, 199.272300347222, 170.951111111111, 293.13896701388853]"
00022369_013.png,Effusion,0.05629043489314555,0.00442505,"[147.37510400000002, 181.49990400000002, 243.125248, 227.749888]",datasets/chestxray8/val/images/00022369_013.png,Cardiomegaly,"[83.91111111111098, 199.272300347222, 170.951111111111, 293.13896701388853]"
00022369_013.png,Cardiomegaly,0.24090051073653385,0.00437927,"[62.000128000000004, 145.000192, 195.00032, 400.00025600000004]",datasets/chestxray8/val/images/00022369_013.png,Cardiomegaly,"[83.91111111111098, 199.272300347222, 170.951111111111, 293.13896701388853]"
00022369_013.png,Cardiomegaly,0.3776356024998473,0.00434494,"[68.250112, 174.749952, 139.250176, 275.000064]",datasets/chestxray8/val/images/00022369_013.png,Cardiomegaly,"[83.91111111111098, 199.272300347222, 170.951111111111, 293.13896701388853]"
00022369_013.png,Infiltration,0.2722887255141752,0.00397491,"[78.1248, 172.0, 171.624704, 233.49990400000002]",datasets/chestxray8/val/images/00022369_013.png,Cardiomegaly,"[83.91111111111098, 199.272300347222, 170.951111111111, 293.13896701388853]"
00022369_013.png,Infiltration,0.08538922148968554,0.00387383,"[112.74982399999999, 174.0001792, 193.250048, 214.7501568]",datasets/chestxray8/val/images/00022369_013.png,Cardiomegaly,"[83.91111111111098, 199.272300347222, 170.951111111111, 293.13896701388853]"
00022369_013.png,Atelectasis,0.05790763546116602,0.00346375,"[139.999744, 160.750336, 415.499776, 323.750144]",datasets/chestxray8/val/images/00022369_013.png,Cardiomegaly,"[83.91111111111098, 199.272300347222, 170.951111111111, 293.13896701388853]"
00022369_013.png,Infiltration,0.17529986807141965,0.00325966,"[116.62489599999999, 225.874944, 228.37504, 371.99974399999996]",datasets/chestxray8/val/images/00022369_013.png,Cardiomegaly,"[83.91111111111098, 199.272300347222, 170.951111111111, 293.13896701388853]"
00022369_013.png,Infiltration,0.3776356024998473,0.00261116,"[68.250112, 174.749952, 139.250176, 275.000064]",datasets/chestxray8/val/images/00022369_013.png,Cardiomegaly,"[83.91111111111098, 199.272300347222, 170.951111111111, 293.13896701388853]"
00022369_013.png,Cardiomegaly,0.14011268245812675,0.00245476,"[61.812479999999994, 130.000128, 115.937536, 257.00019199999997]",datasets/chestxray8/val/images/00022369_013.png,Cardiomegaly,"[83.91111111111098, 199.272300347222, 170.951111111111, 293.13896701388853]"
00022369_013.png,Infiltration,0.10141418559139953,0.00216103,"[134.749952, 241.49990399999996, 240.250112, 356.499712]",datasets/chestxray8/val/images/00022369_013.png,Cardiomegaly,"[83.91111111111098, 199.272300347222, 170.951111111111, 293.13896701388853]"
00022369_013.png,Cardiomegaly,0.3514702362202177,0.0021553,"[68.56243200000002, 189.24979199999999, 219.99974400000002, 342.749952]",datasets/chestxray8/val/images/00022369_013.png,Cardiomegaly,"[83.91111111111098, 199.272300347222, 170.951111111111, 293.13896701388853]"
00022369_013.png,Infiltration,0.08371296407416458,0.00210762,"[143.500288, 235.374848, 262.750208, 339.000064]",datasets/chestxray8/val/images/00022369_013.png,Cardiomegaly,"[83.91111111111098, 199.272300347222, 170.951111111111, 293.13896701388853]"
00022369_013.png,Cardiomegaly,0.3126183192468233,0.00206184,"[73.12517120000001, 202.999808, 116.5001728, 298.99980800000003]",datasets/chestxray8/val/images/00022369_013.png,Cardiomegaly,"[83.91111111111098, 199.272300347222, 170.951111111111, 293.13896701388853]"
00022369_013.png,Cardiomegaly,0.10193073599396435,0.00201225,"[29.156352, 24.875264000000016, 115.500032, 301.50016]",datasets/chestxray8/val/images/00022369_013.png,Cardiomegaly,"[83.91111111111098, 199.272300347222, 170.951111111111, 293.13896701388853]"
00022369_013.png,Infiltration,0.3514702362202177,0.00193596,"[68.56243200000002, 189.24979199999999, 219.99974400000002, 342.749952]",datasets/chestxray8/val/images/00022369_013.png,Cardiomegaly,"[83.91111111111098, 199.272300347222, 170.951111111111, 293.13896701388853]"
00022369_013.png,Effusion,0.28940251305740156,0.00181198,"[120.875008, 196.00025599999998, 177.625088, 249.50016]",datasets/chestxray8/val/images/00022369_013.png,Cardiomegaly,"[83.91111111111098, 199.272300347222, 170.951111111111, 293.13896701388853]"
00022369_013.png,Effusion,0.09575375627555684,0.00155449,"[90.62528, 154.625024, 351.50003200000003, 229.374976]",datasets/chestxray8/val/images/00022369_013.png,Cardiomegaly,"[83.91111111111098, 199.272300347222, 170.951111111111, 293.13896701388853]"
00022369_013.png,Cardiomegaly,0.15040655039151002,0.00150871,"[55.625216, 98.81267199999999, 124.87526400000002, 261.250304]",datasets/chestxray8/val/images/00022369_013.png,Cardiomegaly,"[83.91111111111098, 199.272300347222, 170.951111111111, 293.13896701388853]"
00022369_013.png,Cardiomegaly,0.2490487980135305,0.00139523,"[62.500096, 78.812416, 148.999936, 276.75008]",datasets/chestxray8/val/images/00022369_013.png,Cardiomegaly,"[83.91111111111098, 199.272300347222, 170.951111111111, 293.13896701388853]"
00022369_013.png,Cardiomegaly,0.16970501407394586,0.0013752,"[78.687488, 139.62470399999998, 239.500032, 438.99980800000003]",datasets/chestxray8/val/images/00022369_013.png,Cardiomegaly,"[83.91111111111098, 199.272300347222, 170.951111111111, 293.13896701388853]"
00022369_013.png,Effusion,0.16498181295457148,0.00129509,"[132.375168, 201.9998976, 174.62515199999999, 237.4998784]",datasets/chestxray8/val/images/00022369_013.png,Cardiomegaly,"[83.91111111111098, 199.272300347222, 170.951111111111, 293.13896701388853]"
00022369_013.png,Cardiomegaly,0.22322763894458753,0.00129128,"[56.125184000000004, 41.874944, 192.37504, 310.49983999999995]",datasets/chestxray8/val/images/00022369_013.png,Cardiomegaly,"[83.91111111111098, 199.272300347222, 170.951111111111, 293.13896701388853]"
00022369_013.png,Cardiomegaly,0.11723205480184334,0.00124645,"[25.062400000000004, 94.625024, 119.68716800000001, 346.49984]",datasets/chestxray8/val/images/00022369_013.png,Cardiomegaly,"[83.91111111111098, 199.272300347222, 170.951111111111, 293.13896701388853]"
00022369_013.png,Cardiomegaly,0.4544949218400953,0.00116444,"[61.499904, 170.500096, 193.249792, 280.75008]",datasets/chestxray8/val/images/00022369_013.png,Cardiomegaly,"[83.91111111111098, 199.272300347222, 170.951111111111, 293.13896701388853]"
00022369_013.png,Infiltration,0.19279498481754054,0.00113297,"[100.62515200000001, 192.875264, 416.499968, 284.75007999999997]",datasets/chestxray8/val/images/00022369_013.png,Cardiomegaly,"[83.91111111111098, 199.272300347222, 170.951111111111, 293.13896701388853]"
00022369_013.png,Infiltration,0.08285134100603636,0.00111771,"[139.749888, 176.000256, 223.499776, 230.500096]",datasets/chestxray8/val/images/00022369_013.png,Cardiomegaly,"[83.91111111111098, 199.272300347222, 170.951111111111, 293.13896701388853]"
00022369_013.png,Infiltration,0.31442882192526234,0.00110722,"[96.499968, 212.62515199999999, 241.000192, 329.499904]",datasets/chestxray8/val/images/00022369_013.png,Cardiomegaly,"[83.91111111111098, 199.272300347222, 170.951111111111, 293.13896701388853]"
00022369_013.png,Cardiomegaly,0.1838883141413371,0.00103664,"[60.9374976, 183.000064, 106.18749439999999, 289.999872]",datasets/chestxray8/val/images/00022369_013.png,Cardiomegaly,"[83.91111111111098, 199.272300347222, 170.951111111111, 293.13896701388853]"
00022369_013.png,Cardiomegaly,0.08572051596356982,0.00101852,"[36.812287999999995, 75.437312, 119.937536, 248.749824]",datasets/chestxray8/val/images/00022369_013.png,Cardiomegaly,"[83.91111111111098, 199.272300347222, 170.951111111111, 293.13896701388853]"
00011925_072.png,Atelectasis,0.16380017308509898,0.0138474,"[197.50016000000002, 187.749888, 436.500224, 422.249984]",datasets/chestxray8/val/images/00011925_072.png,Effusion,"[188.5866666666665, 127.0234114583335, 269.3688888888885, 329.547855902778]"
00011925_072.png,Cardiomegaly,0.1184101685903462,0.0119476,"[101.24979199999999, 158.74995199999998, 217.499904, 419.24992]",datasets/chestxray8/val/images/00011925_072.png,Effusion,"[188.5866666666665, 127.0234114583335, 269.3688888888885, 329.547855902778]"
00011925_072.png,Effusion,0.10436606636418214,0.00959015,"[181.62524159999998, 206.3751168, 222.8752384, 257.2500992]",datasets/chestxray8/val/images/00011925_072.png,Effusion,"[188.5866666666665, 127.0234114583335, 269.3688888888885, 329.547855902778]"
00011925_072.png,Cardiomegaly,0.47663588309319643,0.00736237,"[182.000128, 78.37465600000002, 299.500032, 370.49984]",datasets/chestxray8/val/images/00011925_072.png,Effusion,"[188.5866666666665, 127.0234114583335, 269.3688888888885, 329.547855902778]"
00011925_072.png,Cardiomegaly,0.056169571891912705,0.00730515,"[83.24992, 85.25004800000002, 204.99993600000002, 464.249856]",datasets/chestxray8/val/images/00011925_072.png,Effusion,"[188.5866666666665, 127.0234114583335, 269.3688888888885, 329.547855902778]"
00011925_072.png,Effusion,0.20071940666838162,0.00696564,"[192.37504, 195.999744, 248.749824, 254.249984]",datasets/chestxray8/val/images/00011925_072.png,Effusion,"[188.5866666666665, 127.0234114583335, 269.3688888888885, 329.547855902778]"
00011925_072.png,Effusion,0.311601507471911,0.00675201,"[190.374912, 183.00032, 254.49984, 262.500096]",datasets/chestxray8/val/images/00011925_072.png,Effusion,"[188.5866666666665, 127.0234114583335, 269.3688888888885, 329.547855902778]"
00011925_072.png,Effusion,0.4809696400871208,0.0060463,"[176.75008, 85.74976000000001, 301.499904, 300.49996799999997]",datasets/chestxray8/val/images/00011925_072.png,Effusion,"[188.5866666666665, 127.0234114583335, 269.3688888888885, 329.547855902778]"
00011925_072.png,Effusion,0.17861857431844885,0.00576401,"[183.25017599999998, 196.75008, 237.250304, 258.000128]",datasets/chestxray8/val/images/00011925_072.png,Effusion,"[188.5866666666665, 127.0234114583335, 269.3688888888885, 329.547855902778]"
00011925_072.png,Atelectasis,0.22661098516267136,0.00573349,"[165.49990399999996, 162.74969599999997, 417.50016, 387.24992]",datasets/chestxray8/val/images/00011925_072.png,Effusion,"[188.5866666666665, 127.0234114583335, 269.3688888888885, 329.547855902778]"
00011925_072.png,Effusion,0.485221409511204,0.00563812,"[186.75020800000001, 120.0, 280.00025600000004, 237.49990400000002]",datasets/chestxray8/val/images/00011925_072.png,Effusion,"[188.5866666666665, 127.0234114583335, 269.3688888888885, 329.547855902778]"
00011925_072.png,Mass,0.08217887461493399,0.00466919,"[144.124672, 78.437376, 210.37491200000002, 215.749632]",datasets/chestxray8/val/images/00011925_072.png,Effusion,"[188.5866666666665, 127.0234114583335, 269.3688888888885, 329.547855902778]"
00011925_072.png,Cardiomegaly,0.19718940501241985,0.00466156,"[106.062592, 103.12499200000002, 238.50009599999998, 442.99980800000003]",datasets/chestxray8/val/images/00011925_072.png,Effusion,"[188.5866666666665, 127.0234114583335, 269.3688888888885, 329.547855902778]"
00011925_072.png,Mass,0.207858519414253,0.00415421,"[144.25036799999998, 78.999808, 228.250112, 266.24998400000004]",datasets/chestxray8/val/images/00011925_072.png,Effusion,"[188.5866666666665, 127.0234114583335, 269.3688888888885, 329.547855902778]"
00011925_072.png,Effusion,0.06730863177758731,0.00413132,"[179.2498944, 215.2502528, 215.74991359999999, 256.7502592]",datasets/chestxray8/val/images/00011925_072.png,Effusion,"[188.5866666666665, 127.0234114583335, 269.3688888888885, 329.547855902778]"
00011925_072.png,Mass,0.24264539006063185,0.0032196,"[153.75001600000002, 81.87494400000001, 294.249984, 210.1248]",datasets/chestxray8/val/images/00011925_072.png,Effusion,"[188.5866666666665, 127.0234114583335, 269.3688888888885, 329.547855902778]"
00011925_072.png,Cardiomegaly,0.22406265812181733,0.00290298,"[128.749824, 76.8128, 229.249792, 303.000064]",datasets/chestxray8/val/images/00011925_072.png,Effusion,"[188.5866666666665, 127.0234114583335, 269.3688888888885, 329.547855902778]"
00011925_072.png,Cardiomegaly,0.12620287950665063,0.00225067,"[139.24992, 76.62489599999999, 216.99967999999998, 242.37465600000002]",datasets/chestxray8/val/images/00011925_072.png,Effusion,"[188.5866666666665, 127.0234114583335, 269.3688888888885, 329.547855902778]"
00011925_072.png,Atelectasis,0.09642743068850837,0.00203133,"[207.749888, 241.750272, 421.750016, 452.75008]",datasets/chestxray8/val/images/00011925_072.png,Effusion,"[188.5866666666665, 127.0234114583335, 269.3688888888885, 329.547855902778]"
00011925_072.png,Atelectasis,0.40519119894864386,0.00195885,"[175.749888, 120.50022400000002, 368.250112, 330.25024]",datasets/chestxray8/val/images/00011925_072.png,Effusion,"[188.5866666666665, 127.0234114583335, 269.3688888888885, 329.547855902778]"
00011925_072.png,Effusion,0.082375544682456,0.00167561,"[181.999872, 239.00003839999997, 221.999872, 280.00002559999996]",datasets/chestxray8/val/images/00011925_072.png,Effusion,"[188.5866666666665, 127.0234114583335, 269.3688888888885, 329.547855902778]"
00011925_072.png,Cardiomegaly,0.12845168959265246,0.00164509,"[105.74976000000001, 238.49983999999998, 243.24992, 437.499904]",datasets/chestxray8/val/images/00011925_072.png,Effusion,"[188.5866666666665, 127.0234114583335, 269.3688888888885, 329.547855902778]"
00011925_072.png,Mass,0.1596179255351561,0.00159645,"[156.99993600000002, 83.749888, 283.75014400000003, 174.49984]",datasets/chestxray8/val/images/00011925_072.png,Effusion,"[188.5866666666665, 127.0234114583335, 269.3688888888885, 329.547855902778]"
00011925_072.png,Cardiomegaly,0.06745397586359045,0.00148106,"[109.81248, 303.75014400000003, 276.0, 403.749888]",datasets/chestxray8/val/images/00011925_072.png,Effusion,"[188.5866666666665, 127.0234114583335, 269.3688888888885, 329.547855902778]"
00011925_072.png,Atelectasis,0.06421755261930423,0.00129414,"[240.999936, 220.25011199999997, 416.999936, 419.250176]",datasets/chestxray8/val/images/00011925_072.png,Effusion,"[188.5866666666665, 127.0234114583335, 269.3688888888885, 329.547855902778]"
00011925_072.png,Atelectasis,0.17132920020385572,0.00112915,"[126.875136, 203.00006399999998, 383.000064, 412.0]",datasets/chestxray8/val/images/00011925_072.png,Effusion,"[188.5866666666665, 127.0234114583335, 269.3688888888885, 329.547855902778]"
00011925_072.png,Mass,0.35380107442186276,0.00110054,"[156.75008000000003, 88.437504, 255.749888, 254.749952]",datasets/chestxray8/val/images/00011925_072.png,Effusion,"[188.5866666666665, 127.0234114583335, 269.3688888888885, 329.547855902778]"
00011925_072.png,Mass,0.2041815316775669,0.00109863,"[135.749888, 61.25004800000001, 317.750016, 223.24992000000003]",datasets/chestxray8/val/images/00011925_072.png,Effusion,"[188.5866666666665, 127.0234114583335, 269.3688888888885, 329.547855902778]"
00011925_072.png,Mass,0.08917580700835691,0.00108433,"[129.249792, 71.937536, 209.249792, 247.50028799999998]",datasets/chestxray8/val/images/00011925_072.png,Effusion,"[188.5866666666665, 127.0234114583335, 269.3688888888885, 329.547855902778]"
00011925_072.png,Atelectasis,0.0772572610719183,0.00100613,"[151.24992, 253.999872, 456.75008, 478.99980800000003]",datasets/chestxray8/val/images/00011925_072.png,Effusion,"[188.5866666666665, 127.0234114583335, 269.3688888888885, 329.547855902778]"
00029909_003.png,Mass,0.10115178807845654,0.00398636,"[42.87488, 65.00019199999998, 119.24992, 222.749952]",datasets/chestxray8/val/images/00029909_003.png,Mass,"[83.911111111111, 84.3567447916665, 200.53333333333302, 129.2989670138887]"
00029909_003.png,Mass,0.16716729877829872,0.00142002,"[48.06272, 79.06227200000001, 138.00012800000002, 209.49990400000002]",datasets/chestxray8/val/images/00029909_003.png,Mass,"[83.911111111111, 84.3567447916665, 200.53333333333302, 129.2989670138887]"
00029909_003.png,Cardiomegaly,0.1034440470898875,0.00138092,"[66.812672, 92.124672, 218.750208, 361.999872]",datasets/chestxray8/val/images/00029909_003.png,Mass,"[83.911111111111, 84.3567447916665, 200.53333333333302, 129.2989670138887]"
00029909_003.png,Mass,0.18874757228361527,0.00113297,"[61.50016, 71.749888, 129.625344, 184.749824]",datasets/chestxray8/val/images/00029909_003.png,Mass,"[83.911111111111, 84.3567447916665, 200.53333333333302, 129.2989670138887]"
00029909_003.png,Cardiomegaly,0.06159751060100624,0.00111675,"[32.249855999999994, 75.500032, 126.374912, 369.24979199999996]",datasets/chestxray8/val/images/00029909_003.png,Mass,"[83.911111111111, 84.3567447916665, 200.53333333333302, 129.2989670138887]"
00029909_003.png,Mass,0.11984803575268552,0.00100422,"[44.530944000000005, 56.31257600000001, 143.749888, 256.749824]",datasets/chestxray8/val/images/00029909_003.png,Mass,"[83.911111111111, 84.3567447916665, 200.53333333333302, 129.2989670138887]"
00000181_061.png,Cardiomegaly,0.0795741407272486,0.0300751,"[65.937152, 114.18752, 151.749888, 335.749888]",datasets/chestxray8/val/images/00000181_061.png,Infiltration,"[104.94915254237299, 284.3570660090045, 211.7966101694915, 411.8146931276485]"
00000181_061.png,Cardiomegaly,0.2138631925477774,0.025116,"[64.062208, 222.50009599999998, 156.999936, 380.0]",datasets/chestxray8/val/images/00000181_061.png,Infiltration,"[104.94915254237299, 284.3570660090045, 211.7966101694915, 411.8146931276485]"
00000181_061.png,Atelectasis,0.1559224269709689,0.0181427,"[140.62489599999998, 246.62527999999998, 400.499712, 453.00019199999997]",datasets/chestxray8/val/images/00000181_061.png,Infiltration,"[104.94915254237299, 284.3570660090045, 211.7966101694915, 411.8146931276485]"
00000181_061.png,Infiltration,0.4711910715800542,0.0132446,"[87.500032, 260.25011200000006, 262.99980800000003, 397.250048]",datasets/chestxray8/val/images/00000181_061.png,Infiltration,"[104.94915254237299, 284.3570660090045, 211.7966101694915, 411.8146931276485]"
00000181_061.png,Atelectasis,0.27187630603456225,0.0131912,"[60.875007999999994, 267.250176, 314.49984, 464.75008]",datasets/chestxray8/val/images/00000181_061.png,Infiltration,"[104.94915254237299, 284.3570660090045, 211.7966101694915, 411.8146931276485]"
00000181_061.png,Cardiomegaly,0.16741045430455898,0.0127716,"[76.250112, 77.625088, 172.250112, 373.999872]",datasets/chestxray8/val/images/00000181_061.png,Infiltration,"[104.94915254237299, 284.3570660090045, 211.7966101694915, 411.8146931276485]"
00000181_061.png,Cardiomegaly,0.18681259690556692,0.0121536,"[89.624832, 259.750144, 205.874944, 315.750144]",datasets/chestxray8/val/images/00000181_061.png,Infiltration,"[104.94915254237299, 284.3570660090045, 211.7966101694915, 411.8146931276485]"
00000181_061.png,Atelectasis,0.372785128572055,0.0111389,"[92.06220800000001, 250.00012799999996, 290.99980800000003, 389.50016]",datasets/chestxray8/val/images/00000181_061.png,Infiltration,"[104.94915254237299, 284.3570660090045, 211.7966101694915, 411.8146931276485]"
00000181_061.png,Cardiomegaly,0.11250141346311575,0.0109482,"[72.00025600000001, 200.24985599999997, 142.25024, 349.74976]",datasets/chestxray8/val/images/00000181_061.png,Infiltration,"[104.94915254237299, 284.3570660090045, 211.7966101694915, 411.8146931276485]"
00000181_061.png,Cardiomegaly,0.26207080765401713,0.0102386,"[67.500032, 211.50003200000003, 186.25024, 366.000128]",datasets/chestxray8/val/images/00000181_061.png,Infiltration,"[104.94915254237299, 284.3570660090045, 211.7966101694915, 411.8146931276485]"
00000181_061.png,Cardiomegaly,0.38425465262859126,0.00720215,"[52.999936000000005, 217.87494399999997, 194.49984, 411.500032]",datasets/chestxray8/val/images/00000181_061.png,Infiltration,"[104.94915254237299, 284.3570660090045, 211.7966101694915, 411.8146931276485]"
00000181_061.png,Cardiomegaly,0.05592257056033793,0.00679398,"[81.750016, 190.25024000000002, 133.12512, 322.750208]",datasets/chestxray8/val/images/00000181_061.png,Infiltration,"[104.94915254237299, 284.3570660090045, 211.7966101694915, 411.8146931276485]"
00000181_061.png,Atelectasis,0.29619294056386614,0.00662613,"[97.874944, 227.749888, 346.99980800000003, 411.249664]",datasets/chestxray8/val/images/00000181_061.png,Infiltration,"[104.94915254237299, 284.3570660090045, 211.7966101694915, 411.8146931276485]"
00000181_061.png,Infiltration,0.32508007402218064,0.00635147,"[92.93772799999999, 269.999872, 222.750208, 334.99980800000003]",datasets/chestxray8/val/images/00000181_061.png,Infiltration,"[104.94915254237299, 284.3570660090045, 211.7966101694915, 411.8146931276485]"
00000181_061.png,Cardiomegaly,0.1212589902229054,0.00597382,"[102.00012799999999, 252.99983360000002, 215.50028799999998, 303.9998464]",datasets/chestxray8/val/images/00000181_061.png,Infiltration,"[104.94915254237299, 284.3570660090045, 211.7966101694915, 411.8146931276485]"
00000181_061.png,Cardiomegaly,0.23218555638413285,0.00540924,"[79.43756800000001, 220.0, 208.49996800000002, 336.49996799999997]",datasets/chestxray8/val/images/00000181_061.png,Infiltration,"[104.94915254237299, 284.3570660090045, 211.7966101694915, 411.8146931276485]"
00000181_061.png,Cardiomegaly,0.32508007402218064,0.00413513,"[92.93772799999999, 269.999872, 222.750208, 334.99980800000003]",datasets/chestxray8/val/images/00000181_061.png,Infiltration,"[104.94915254237299, 284.3570660090045, 211.7966101694915, 411.8146931276485]"
00000181_061.png,Infiltration,0.0925804368688502,0.00351906,"[109.12486399999999, 250.25018880000002, 208.12467199999998, 300.25016320000003]",datasets/chestxray8/val/images/00000181_061.png,Infiltration,"[104.94915254237299, 284.3570660090045, 211.7966101694915, 411.8146931276485]"
00000181_061.png,Infiltration,0.1462266680226671,0.00351143,"[123.50003199999999, 257.250048, 216.0, 311.250176]",datasets/chestxray8/val/images/00000181_061.png,Infiltration,"[104.94915254237299, 284.3570660090045, 211.7966101694915, 411.8146931276485]"
00000181_061.png,Infiltration,0.25227815685269683,0.00318527,"[107.500032, 246.500096, 404.49996799999997, 396.99993600000005]",datasets/chestxray8/val/images/00000181_061.png,Infiltration,"[104.94915254237299, 284.3570660090045, 211.7966101694915, 411.8146931276485]"
00000181_061.png,Cardiomegaly,0.3148988581136536,0.00312805,"[103.749888, 219.00032000000004, 312.250112, 399.000064]",datasets/chestxray8/val/images/00000181_061.png,Infiltration,"[104.94915254237299, 284.3570660090045, 211.7966101694915, 411.8146931276485]"
00000181_061.png,Cardiomegaly,0.3295124163898236,0.00296402,"[80.06246399999999, 255.24991999999997, 215.499776, 343.750144]",datasets/chestxray8/val/images/00000181_061.png,Infiltration,"[104.94915254237299, 284.3570660090045, 211.7966101694915, 411.8146931276485]"
00000181_061.png,Cardiomegaly,0.19963867559947315,0.00253868,"[64.437504, 193.49990400000002, 146.750208, 416.99968]",datasets/chestxray8/val/images/00000181_061.png,Infiltration,"[104.94915254237299, 284.3570660090045, 211.7966101694915, 411.8146931276485]"
00000181_061.png,Cardiomegaly,0.283558985339973,0.0021019,"[120.75008000000001, 238.99980799999997, 291.749888, 372.999936]",datasets/chestxray8/val/images/00000181_061.png,Infiltration,"[104.94915254237299, 284.3570660090045, 211.7966101694915, 411.8146931276485]"
00000181_061.png,Cardiomegaly,0.1654889714954085,0.00187778,"[93.124864, 114.000128, 195.12499200000002, 342.500096]",datasets/chestxray8/val/images/00000181_061.png,Infiltration,"[104.94915254237299, 284.3570660090045, 211.7966101694915, 411.8146931276485]"
00000181_061.png,Cardiomegaly,0.1204396226446936,0.00153542,"[85.937664, 188.500224, 166.00012800000002, 328.00025600000004]",datasets/chestxray8/val/images/00000181_061.png,Infiltration,"[104.94915254237299, 284.3570660090045, 211.7966101694915, 411.8146931276485]"
00000181_061.png,Infiltration,0.1081490166595021,0.00151253,"[154.749696, 249.49990400000002, 212.249856, 314.000128]",datasets/chestxray8/val/images/00000181_061.png,Infiltration,"[104.94915254237299, 284.3570660090045, 211.7966101694915, 411.8146931276485]"
00000181_061.png,Mass,0.15162726886117175,0.00140858,"[96.75008, 260.74990080000003, 200.249856, 310.2499072]",datasets/chestxray8/val/images/00000181_061.png,Infiltration,"[104.94915254237299, 284.3570660090045, 211.7966101694915, 411.8146931276485]"
00000181_061.png,Cardiomegaly,0.2525882669549936,0.001297,"[106.74995200000001, 263.00006399999995, 403.749888, 373.499904]",datasets/chestxray8/val/images/00000181_061.png,Infiltration,"[104.94915254237299, 284.3570660090045, 211.7966101694915, 411.8146931276485]"
00000181_061.png,Mass,0.16840394129239242,0.00128937,"[98.43737600000001, 149.000192, 223.749888, 334.000128]",datasets/chestxray8/val/images/00000181_061.png,Infiltration,"[104.94915254237299, 284.3570660090045, 211.7966101694915, 411.8146931276485]"
00000181_061.png,Cardiomegaly,0.07400220436813529,0.0012722,"[85.0001664, 228.499968, 126.00015359999999, 344.499712]",datasets/chestxray8/val/images/00000181_061.png,Infiltration,"[104.94915254237299, 284.3570660090045, 211.7966101694915, 411.8146931276485]"
00000181_061.png,Atelectasis,0.43132257657317763,0.001194,"[76.75008000000001, 269.000192, 278.500096, 425.50016]",datasets/chestxray8/val/images/00000181_061.png,Infiltration,"[104.94915254237299, 284.3570660090045, 211.7966101694915, 411.8146931276485]"
00000181_061.png,Cardiomegaly,0.25742402813767457,0.00116444,"[98.312448, 202.249984, 244.999936, 352.749824]",datasets/chestxray8/val/images/00000181_061.png,Infiltration,"[104.94915254237299, 284.3570660090045, 211.7966101694915, 411.8146931276485]"
00000181_061.png,Cardiomegaly,0.4980029832197762,0.00113678,"[92.06272000000001, 274.500096, 231.000064, 366.500352]",datasets/chestxray8/val/images/00000181_061.png,Infiltration,"[104.94915254237299, 284.3570660090045, 211.7966101694915, 411.8146931276485]"
00000181_061.png,Infiltration,0.15945390015402067,0.00108433,"[111.87481599999998, 233.50015999999997, 402.49983999999995, 349.49990399999996]",datasets/chestxray8/val/images/00000181_061.png,Infiltration,"[104.94915254237299, 284.3570660090045, 211.7966101694915, 411.8146931276485]"
00011355_011.png,Effusion,0.08376531296356754,0.00809479,"[324.99993600000005, 24.250112, 388.0, 90.750208]",datasets/chestxray8/val/images/00011355_011.png,Mass,"[250.31111111111102, 26.006349206349185, 464.321693121693, 253.0201058201057]"
00011355_011.png,Cardiomegaly,0.3972105354269644,0.00524902,"[328.999936, 51.749888, 464.499712, 400.249856]",datasets/chestxray8/val/images/00011355_011.png,Mass,"[250.31111111111102, 26.006349206349185, 464.321693121693, 253.0201058201057]"
00011355_011.png,Atelectasis,0.10330288459645899,0.00447845,"[164.749824, 193.62508800000003, 410.249728, 408.99993600000005]",datasets/chestxray8/val/images/00011355_011.png,Mass,"[250.31111111111102, 26.006349206349185, 464.321693121693, 253.0201058201057]"
00011355_011.png,Infiltration,0.06883040233159504,0.00242996,"[284.749824, 173.250176, 360.75008, 217.250176]",datasets/chestxray8/val/images/00011355_011.png,Mass,"[250.31111111111102, 26.006349206349185, 464.321693121693, 253.0201058201057]"
00011355_011.png,Effusion,0.06834924765953684,0.00239563,"[262.500096, 169.87519999999998, 320.00025600000004, 227.625216]",datasets/chestxray8/val/images/00011355_011.png,Mass,"[250.31111111111102, 26.006349206349185, 464.321693121693, 253.0201058201057]"
00011355_011.png,Infiltration,0.06447150072717073,0.00213623,"[278.749952, 143.5001344, 345.74976000000004, 190.2501376]",datasets/chestxray8/val/images/00011355_011.png,Mass,"[250.31111111111102, 26.006349206349185, 464.321693121693, 253.0201058201057]"
00011355_011.png,Infiltration,0.07534429549825598,0.00152969,"[306.749952, 209.7500672, 391.750144, 255.7500928]",datasets/chestxray8/val/images/00011355_011.png,Mass,"[250.31111111111102, 26.006349206349185, 464.321693121693, 253.0201058201057]"
00011355_011.png,Mass,0.4789814946324287,0.00142193,"[259.500032, 6.062336000000002, 419.500032, 180.999936]",datasets/chestxray8/val/images/00011355_011.png,Mass,"[250.31111111111102, 26.006349206349185, 464.321693121693, 253.0201058201057]"
00011355_011.png,Infiltration,0.0807763241023341,0.00141525,"[267.499776, 152.37509119999999, 348.0, 201.1250688]",datasets/chestxray8/val/images/00011355_011.png,Mass,"[250.31111111111102, 26.006349206349185, 464.321693121693, 253.0201058201057]"
00011355_011.png,Effusion,0.19807325383477004,0.00125217,"[227.37510400000002, 125.374976, 344.999936, 232.124928]",datasets/chestxray8/val/images/00011355_011.png,Mass,"[250.31111111111102, 26.006349206349185, 464.321693121693, 253.0201058201057]"
00011355_011.png,Infiltration,0.08521459858459707,0.00113487,"[286.00012799999996, 183.6250624, 378.000384, 228.6250496]",datasets/chestxray8/val/images/00011355_011.png,Mass,"[250.31111111111102, 26.006349206349185, 464.321693121693, 253.0201058201057]"
00011355_011.png,Cardiomegaly,0.4337731615103199,0.00113106,"[334.000128, 22.749696, 428.49996799999997, 258.99980800000003]",datasets/chestxray8/val/images/00011355_011.png,Mass,"[250.31111111111102, 26.006349206349185, 464.321693121693, 253.0201058201057]"
00011355_011.png,Effusion,0.06780535789348432,0.00111866,"[340.250112, 23.968768, 395.749888, 85.499904]",datasets/chestxray8/val/images/00011355_011.png,Mass,"[250.31111111111102, 26.006349206349185, 464.321693121693, 253.0201058201057]"
00011355_011.png,Effusion,0.06892780690281992,0.00108051,"[255.50028799999998, 161.874944, 312.500224, 220.624896]",datasets/chestxray8/val/images/00011355_011.png,Mass,"[250.31111111111102, 26.006349206349185, 464.321693121693, 253.0201058201057]"
00011355_011.png,Cardiomegaly,0.2987906876200255,0.00106907,"[357.499648, 78.24998400000001, 469.999872, 367.750144]",datasets/chestxray8/val/images/00011355_011.png,Mass,"[250.31111111111102, 26.006349206349185, 464.321693121693, 253.0201058201057]"
00025662_006.png,Effusion,0.3758790517396815,0.00183487,"[399.250048, 308.49984, 443.250048, 344.49984]",datasets/chestxray8/val/images/00025662_006.png,Effusion,"[413.9343915343915, 319.6613756613755, 439.39894179894173, 348.3767195767193]"
00025662_006.png,Infiltration,0.3758790517396815,0.00131989,"[399.250048, 308.49984, 443.250048, 344.49984]",datasets/chestxray8/val/images/00025662_006.png,Effusion,"[413.9343915343915, 319.6613756613755, 439.39894179894173, 348.3767195767193]"
00025662_006.png,Effusion,0.16805771871792788,0.00120354,"[426.9998848, 298.4999424, 460.4998912, 346.9999616]",datasets/chestxray8/val/images/00025662_006.png,Effusion,"[413.9343915343915, 319.6613756613755, 439.39894179894173, 348.3767195767193]"
00018496_006.png,Atelectasis,0.36065267849929417,0.124146,"[193.50016, 273.250048, 444.499968, 496.25011200000006]",datasets/chestxray8/val/images/00018496_006.png,Infiltration,"[40.40677966101694, 354.8655405852755, 476.4745762711865, 464.424862619174]"
00018496_006.png,Infiltration,0.2892605768803371,0.0396118,"[297.750016, 358.750208, 434.25024, 479.75014400000003]",datasets/chestxray8/val/images/00018496_006.png,Infiltration,"[40.40677966101694, 354.8655405852755, 476.4745762711865, 464.424862619174]"
00018496_006.png,Infiltration,0.0946929019518389,0.03479,"[388.250112, 403.250176, 475.25017599999995, 455.24992]",datasets/chestxray8/val/images/00018496_006.png,Infiltration,"[40.40677966101694, 354.8655405852755, 476.4745762711865, 464.424862619174]"
00018496_006.png,Infiltration,0.07242909519843738,0.0339661,"[413.250048, 400.75008, 480.75008, 455.750144]",datasets/chestxray8/val/images/00018496_006.png,Infiltration,"[40.40677966101694, 354.8655405852755, 476.4745762711865, 464.424862619174]"
00018496_006.png,Cardiomegaly,0.07238238890435289,0.0164948,"[406.749952, 404.0002048, 484.249856, 454.00017920000005]",datasets/chestxray8/val/images/00018496_006.png,Infiltration,"[40.40677966101694, 354.8655405852755, 476.4745762711865, 464.424862619174]"
00018496_006.png,Infiltration,0.1119170923405843,0.012207,"[76.812288, 364.249856, 168.999936, 422.249728]",datasets/chestxray8/val/images/00018496_006.png,Infiltration,"[40.40677966101694, 354.8655405852755, 476.4745762711865, 464.424862619174]"
00018496_006.png,Cardiomegaly,0.10166820810914985,0.00899506,"[11.062528, 109.625088, 138.24998399999998, 439.50003200000003]",datasets/chestxray8/val/images/00018496_006.png,Infiltration,"[40.40677966101694, 354.8655405852755, 476.4745762711865, 464.424862619174]"
00018496_006.png,Cardiomegaly,0.15874732365927166,0.00870514,"[16.124927999999997, 150.75020800000001, 169.37472000000002, 512.0]",datasets/chestxray8/val/images/00018496_006.png,Infiltration,"[40.40677966101694, 354.8655405852755, 476.4745762711865, 464.424862619174]"
00018496_006.png,Mass,0.16171965255409085,0.0085144,"[34.249728, 364.249856, 124.74982399999999, 507.00006399999995]",datasets/chestxray8/val/images/00018496_006.png,Infiltration,"[40.40677966101694, 354.8655405852755, 476.4745762711865, 464.424862619174]"
00018496_006.png,Infiltration,0.07982143781417331,0.00791931,"[159.750144, 379.24992000000003, 225.50016000000002, 437.249792]",datasets/chestxray8/val/images/00018496_006.png,Infiltration,"[40.40677966101694, 354.8655405852755, 476.4745762711865, 464.424862619174]"
00018496_006.png,Infiltration,0.31579222992620515,0.00754166,"[311.750144, 353.24979199999996, 454.24998400000004, 461.250048]",datasets/chestxray8/val/images/00018496_006.png,Infiltration,"[40.40677966101694, 354.8655405852755, 476.4745762711865, 464.424862619174]"
00018496_006.png,Cardiomegaly,0.10956450418720359,0.007267,"[10.53132800000001, 140.87475199999997, 120.12492800000001, 512.0]",datasets/chestxray8/val/images/00018496_006.png,Infiltration,"[40.40677966101694, 354.8655405852755, 476.4745762711865, 464.424862619174]"
00018496_006.png,Cardiomegaly,0.1475372649511115,0.00698853,"[20.156160000000007, 203.37484800000001, 137.74976, 502.500096]",datasets/chestxray8/val/images/00018496_006.png,Infiltration,"[40.40677966101694, 354.8655405852755, 476.4745762711865, 464.424862619174]"
00018496_006.png,Mass,0.2491930427212155,0.00638199,"[16.937472, 359.00032, 173.250048, 502.500096]",datasets/chestxray8/val/images/00018496_006.png,Infiltration,"[40.40677966101694, 354.8655405852755, 476.4745762711865, 464.424862619174]"
00018496_006.png,Cardiomegaly,0.11505123573309245,0.00585938,"[4.437504000000004, 255.50003199999998, 111.187456, 512.000256]",datasets/chestxray8/val/images/00018496_006.png,Infiltration,"[40.40677966101694, 354.8655405852755, 476.4745762711865, 464.424862619174]"
00018496_006.png,Cardiomegaly,0.09806618471545776,0.00579834,"[398.25024, 402.249984, 498.750208, 468.75007999999997]",datasets/chestxray8/val/images/00018496_006.png,Infiltration,"[40.40677966101694, 354.8655405852755, 476.4745762711865, 464.424862619174]"
00018496_006.png,Infiltration,0.14275207346809057,0.0050354,"[362.999808, 392.24985599999997, 472.999936, 454.249984]",datasets/chestxray8/val/images/00018496_006.png,Infiltration,"[40.40677966101694, 354.8655405852755, 476.4745762711865, 464.424862619174]"
00018496_006.png,Cardiomegaly,0.054608470053778946,0.00434494,"[430.49983999999995, 393.49990399999996, 487.499776, 451.000064]",datasets/chestxray8/val/images/00018496_006.png,Infiltration,"[40.40677966101694, 354.8655405852755, 476.4745762711865, 464.424862619174]"
00018496_006.png,Mass,0.10166820810914985,0.00429153,"[11.062528, 109.625088, 138.24998399999998, 439.50003200000003]",datasets/chestxray8/val/images/00018496_006.png,Infiltration,"[40.40677966101694, 354.8655405852755, 476.4745762711865, 464.424862619174]"
00018496_006.png,Mass,0.28259146633887405,0.00410843,"[39.124992000000006, 382.99980800000003, 217.124864, 481.499904]",datasets/chestxray8/val/images/00018496_006.png,Infiltration,"[40.40677966101694, 354.8655405852755, 476.4745762711865, 464.424862619174]"
00018496_006.png,Infiltration,0.28897487510447567,0.00371933,"[316.75008, 375.75014400000003, 483.24992, 468.250112]",datasets/chestxray8/val/images/00018496_006.png,Infiltration,"[40.40677966101694, 354.8655405852755, 476.4745762711865, 464.424862619174]"
00018496_006.png,Cardiomegaly,0.12284395013300684,0.00349998,"[17.718784, 348.999936, 101.750272, 511.500032]",datasets/chestxray8/val/images/00018496_006.png,Infiltration,"[40.40677966101694, 354.8655405852755, 476.4745762711865, 464.424862619174]"
00018496_006.png,Cardiomegaly,0.10489220155648973,0.0033474,"[366.749952, 408.7502336, 472.25011199999994, 456.2502144]",datasets/chestxray8/val/images/00018496_006.png,Infiltration,"[40.40677966101694, 354.8655405852755, 476.4745762711865, 464.424862619174]"
00018496_006.png,Cardiomegaly,0.08784692926425938,0.00319481,"[324.250112, 73.25004799999999, 468.250112, 408.749824]",datasets/chestxray8/val/images/00018496_006.png,Infiltration,"[40.40677966101694, 354.8655405852755, 476.4745762711865, 464.424862619174]"
00018496_006.png,Atelectasis,0.3625493170293929,0.00317574,"[165.75001600000002, 244.749824, 418.750208, 463.24992]",datasets/chestxray8/val/images/00018496_006.png,Infiltration,"[40.40677966101694, 354.8655405852755, 476.4745762711865, 464.424862619174]"
00018496_006.png,Cardiomegaly,0.10722887042870231,0.0031414,"[402.000128, 141.12511999999998, 504.49996799999997, 496.999936]",datasets/chestxray8/val/images/00018496_006.png,Infiltration,"[40.40677966101694, 354.8655405852755, 476.4745762711865, 464.424862619174]"
00018496_006.png,Infiltration,0.11637798679867965,0.00312042,"[373.499904, 370.749952, 453.499904, 440.249856]",datasets/chestxray8/val/images/00018496_006.png,Infiltration,"[40.40677966101694, 354.8655405852755, 476.4745762711865, 464.424862619174]"
00018496_006.png,Atelectasis,0.2861584431823613,0.00307846,"[260.00025600000004, 316.500224, 418.500096, 507.50028799999995]",datasets/chestxray8/val/images/00018496_006.png,Infiltration,"[40.40677966101694, 354.8655405852755, 476.4745762711865, 464.424862619174]"
00018496_006.png,Cardiomegaly,0.09429611202712997,0.00294304,"[0.0, 369.00019199999997, 95.937536, 512.000256]",datasets/chestxray8/val/images/00018496_006.png,Infiltration,"[40.40677966101694, 354.8655405852755, 476.4745762711865, 464.424862619174]"
00018496_006.png,Cardiomegaly,0.09144554030959452,0.00286484,"[18.406399999999998, 292.500224, 88.75008, 512.000256]",datasets/chestxray8/val/images/00018496_006.png,Infiltration,"[40.40677966101694, 354.8655405852755, 476.4745762711865, 464.424862619174]"
00018496_006.png,Infiltration,0.2861584431823613,0.0024395,"[260.00025600000004, 316.500224, 418.500096, 507.50028799999995]",datasets/chestxray8/val/images/00018496_006.png,Infiltration,"[40.40677966101694, 354.8655405852755, 476.4745762711865, 464.424862619174]"
00018496_006.png,Cardiomegaly,0.15538611735415506,0.00231743,"[394.00012799999996, 366.249984, 507.000064, 476.250112]",datasets/chestxray8/val/images/00018496_006.png,Infiltration,"[40.40677966101694, 354.8655405852755, 476.4745762711865, 464.424862619174]"
00018496_006.png,Infiltration,0.054608470053778946,0.0021286,"[430.49983999999995, 393.49990399999996, 487.499776, 451.000064]",datasets/chestxray8/val/images/00018496_006.png,Infiltration,"[40.40677966101694, 354.8655405852755, 476.4745762711865, 464.424862619174]"
00018496_006.png,Cardiomegaly,0.08594043071019607,0.00196838,"[23.437568, 381.250304, 94.062336, 503.250176]",datasets/chestxray8/val/images/00018496_006.png,Infiltration,"[40.40677966101694, 354.8655405852755, 476.4745762711865, 464.424862619174]"
00018496_006.png,Infiltration,0.2573975977442474,0.0018568,"[277.49964800000004, 347.250176, 402.49984, 500.25011199999994]",datasets/chestxray8/val/images/00018496_006.png,Infiltration,"[40.40677966101694, 354.8655405852755, 476.4745762711865, 464.424862619174]"
00018496_006.png,Infiltration,0.06357887700555746,0.00182533,"[164.999936, 363.000064, 221.249792, 417.000192]",datasets/chestxray8/val/images/00018496_006.png,Infiltration,"[40.40677966101694, 354.8655405852755, 476.4745762711865, 464.424862619174]"
00018496_006.png,Mass,0.10736117849293624,0.0018158,"[41.562624, 382.49984, 107.187712, 499.500032]",datasets/chestxray8/val/images/00018496_006.png,Infiltration,"[40.40677966101694, 354.8655405852755, 476.4745762711865, 464.424862619174]"
00018496_006.png,Cardiomegaly,0.05558799071155399,0.00181293,"[8.031334399999999, 405.499904, 90.9999104, 512.0]",datasets/chestxray8/val/images/00018496_006.png,Infiltration,"[40.40677966101694, 354.8655405852755, 476.4745762711865, 464.424862619174]"
00018496_006.png,Cardiomegaly,0.053000652863722526,0.00176907,"[429.750016, 409.250048, 485.750016, 470.749952]",datasets/chestxray8/val/images/00018496_006.png,Infiltration,"[40.40677966101694, 354.8655405852755, 476.4745762711865, 464.424862619174]"
00018496_006.png,Cardiomegaly,0.21686208784329936,0.00174236,"[323.000064, 395.24992, 483.500288, 468.75008]",datasets/chestxray8/val/images/00018496_006.png,Infiltration,"[40.40677966101694, 354.8655405852755, 476.4745762711865, 464.424862619174]"
00018496_006.png,Infiltration,0.061459379361351645,0.00171471,"[149.750016, 383.50013440000004, 214.999808, 428.5001216]",datasets/chestxray8/val/images/00018496_006.png,Infiltration,"[40.40677966101694, 354.8655405852755, 476.4745762711865, 464.424862619174]"
00018496_006.png,Mass,0.05946942149958408,0.00168324,"[402.25024, 132.25011199999997, 498.25024, 411.250176]",datasets/chestxray8/val/images/00018496_006.png,Infiltration,"[40.40677966101694, 354.8655405852755, 476.4745762711865, 464.424862619174]"
00018496_006.png,Mass,0.09377219304535767,0.00165558,"[26.156288000000004, 377.750016, 97.000192, 511.000064]",datasets/chestxray8/val/images/00018496_006.png,Infiltration,"[40.40677966101694, 354.8655405852755, 476.4745762711865, 464.424862619174]"
00018496_006.png,Infiltration,0.055451197170053666,0.00156021,"[157.124864, 349.250048, 214.625024, 401.24979199999996]",datasets/chestxray8/val/images/00018496_006.png,Infiltration,"[40.40677966101694, 354.8655405852755, 476.4745762711865, 464.424862619174]"
00018496_006.png,Cardiomegaly,0.08350794565495442,0.00153923,"[374.49984, 59.25017600000001, 488.499712, 422.249984]",datasets/chestxray8/val/images/00018496_006.png,Infiltration,"[40.40677966101694, 354.8655405852755, 476.4745762711865, 464.424862619174]"
00018496_006.png,Cardiomegaly,0.12251233416883331,0.00144386,"[57.250304, 136.49971200000002, 230.000128, 415.499776]",datasets/chestxray8/val/images/00018496_006.png,Infiltration,"[40.40677966101694, 354.8655405852755, 476.4745762711865, 464.424862619174]"
00018496_006.png,Cardiomegaly,0.16230101099966882,0.0014286,"[37.34374400000001, 248.250112, 141.000192, 450.249984]",datasets/chestxray8/val/images/00018496_006.png,Infiltration,"[40.40677966101694, 354.8655405852755, 476.4745762711865, 464.424862619174]"
00018496_006.png,Mass,0.2363544006093488,0.00137901,"[54.937343999999996, 397.000192, 222.749952, 464.999936]",datasets/chestxray8/val/images/00018496_006.png,Infiltration,"[40.40677966101694, 354.8655405852755, 476.4745762711865, 464.424862619174]"
00018496_006.png,Infiltration,0.2068429386354292,0.00137138,"[310.25024, 376.000256, 432.250112, 457.000192]",datasets/chestxray8/val/images/00018496_006.png,Infiltration,"[40.40677966101694, 354.8655405852755, 476.4745762711865, 464.424862619174]"
00018496_006.png,Mass,0.06966133965336536,0.00136375,"[298.999808, 112.500224, 467.500032, 391.500288]",datasets/chestxray8/val/images/00018496_006.png,Infiltration,"[40.40677966101694, 354.8655405852755, 476.4745762711865, 464.424862619174]"
00018496_006.png,Cardiomegaly,0.21678763640235277,0.00134945,"[29.374976000000004, 198.375168, 187.375104, 468.0]",datasets/chestxray8/val/images/00018496_006.png,Infiltration,"[40.40677966101694, 354.8655405852755, 476.4745762711865, 464.424862619174]"
00018496_006.png,Cardiomegaly,0.1707755737008437,0.00132465,"[53.437439999999995, 324.500224, 169.249792, 430.500096]",datasets/chestxray8/val/images/00018496_006.png,Infiltration,"[40.40677966101694, 354.8655405852755, 476.4745762711865, 464.424862619174]"
00018496_006.png,Cardiomegaly,0.21799086264101689,0.00126457,"[42.437376, 298.249728, 178.49984, 443.74988799999994]",datasets/chestxray8/val/images/00018496_006.png,Infiltration,"[40.40677966101694, 354.8655405852755, 476.4745762711865, 464.424862619174]"
00018496_006.png,Infiltration,0.08210879873677106,0.0012579,"[407.24992, 406.500096, 485.250048, 471.50003200000003]",datasets/chestxray8/val/images/00018496_006.png,Infiltration,"[40.40677966101694, 354.8655405852755, 476.4745762711865, 464.424862619174]"
00018496_006.png,Cardiomegaly,0.06624273045678004,0.00120258,"[21.312768000000005, 96.24985600000002, 109.562624, 423.749632]",datasets/chestxray8/val/images/00018496_006.png,Infiltration,"[40.40677966101694, 354.8655405852755, 476.4745762711865, 464.424862619174]"
00018496_006.png,Cardiomegaly,0.0891360851393726,0.00114155,"[15.218688, 203.749888, 94.000128, 507.999744]",datasets/chestxray8/val/images/00018496_006.png,Infiltration,"[40.40677966101694, 354.8655405852755, 476.4745762711865, 464.424862619174]"
00018496_006.png,Mass,0.0665344550547274,0.00112915,"[278.500096, 67.25017600000001, 364.99993600000005, 410.749952]",datasets/chestxray8/val/images/00018496_006.png,Infiltration,"[40.40677966101694, 354.8655405852755, 476.4745762711865, 464.424862619174]"
00018496_006.png,Mass,0.14876653711391183,0.00110245,"[44.43724799999998, 150.625024, 240.499968, 421.50016]",datasets/chestxray8/val/images/00018496_006.png,Infiltration,"[40.40677966101694, 354.8655405852755, 476.4745762711865, 464.424862619174]"
00018496_006.png,Infiltration,0.06970900684453203,0.00109386,"[149.374976, 357.499904, 211.62496, 410.99980800000003]",datasets/chestxray8/val/images/00018496_006.png,Infiltration,"[40.40677966101694, 354.8655405852755, 476.4745762711865, 464.424862619174]"
00018496_006.png,Infiltration,0.12705402836773502,0.00105095,"[61.499903999999994, 332.75008, 155.500032, 422.25023999999996]",datasets/chestxray8/val/images/00018496_006.png,Infiltration,"[40.40677966101694, 354.8655405852755, 476.4745762711865, 464.424862619174]"
00018496_006.png,Mass,0.06624273045678004,0.00103951,"[21.312768000000005, 96.24985600000002, 109.562624, 423.749632]",datasets/chestxray8/val/images/00018496_006.png,Infiltration,"[40.40677966101694, 354.8655405852755, 476.4745762711865, 464.424862619174]"
00019767_016.png,Cardiomegaly,0.08290317294460245,0.0091095,"[13.250048, 213.75001600000002, 106.1248, 395.75014400000003]",datasets/chestxray8/val/images/00019767_016.png,Cardiomegaly,"[64.0, 318.738967013889, 223.288888888889, 361.9745225694445]"
00019767_016.png,Infiltration,0.148556357197318,0.00575256,"[174.25024, 278.25024, 228.75008, 346.750208]",datasets/chestxray8/val/images/00019767_016.png,Cardiomegaly,"[64.0, 318.738967013889, 223.288888888889, 361.9745225694445]"
00019767_016.png,Cardiomegaly,0.07477572413244969,0.00536346,"[21.187328, 243.124736, 93.437184, 400.99993600000005]",datasets/chestxray8/val/images/00019767_016.png,Cardiomegaly,"[64.0, 318.738967013889, 223.288888888889, 361.9745225694445]"
00019767_016.png,Cardiomegaly,0.06104466232649115,0.00510025,"[26.843647999999995, 41.12511999999998, 127.12499199999999, 445.50016]",datasets/chestxray8/val/images/00019767_016.png,Cardiomegaly,"[64.0, 318.738967013889, 223.288888888889, 361.9745225694445]"
00019767_016.png,Cardiomegaly,0.07384912342119783,0.0042572,"[33.8122752, 280.00025600000004, 84.3122688, 396.500224]",datasets/chestxray8/val/images/00019767_016.png,Cardiomegaly,"[64.0, 318.738967013889, 223.288888888889, 361.9745225694445]"
00019767_016.png,Cardiomegaly,0.06531766344430172,0.00364113,"[27.75014399999999, 138.62502399999997, 103.250176, 414.000128]",datasets/chestxray8/val/images/00019767_016.png,Cardiomegaly,"[64.0, 318.738967013889, 223.288888888889, 361.9745225694445]"
00019767_016.png,Cardiomegaly,0.11859622064050904,0.00321388,"[43.500032000000004, 199.000064, 110.875136, 380.499968]",datasets/chestxray8/val/images/00019767_016.png,Cardiomegaly,"[64.0, 318.738967013889, 223.288888888889, 361.9745225694445]"
00019767_016.png,Cardiomegaly,0.12847230294168294,0.00281525,"[62.062592, 105.874944, 156.000256, 404.49996799999997]",datasets/chestxray8/val/images/00019767_016.png,Cardiomegaly,"[64.0, 318.738967013889, 223.288888888889, 361.9745225694445]"
00019767_016.png,Cardiomegaly,0.27451235881159236,0.00252914,"[116.00025600000001, 288.99993600000005, 295.750144, 370.500096]",datasets/chestxray8/val/images/00019767_016.png,Cardiomegaly,"[64.0, 318.738967013889, 223.288888888889, 361.9745225694445]"
00019767_016.png,Effusion,0.16740473957988303,0.00243187,"[174.749952, 276.999936, 229.249792, 350.999808]",datasets/chestxray8/val/images/00019767_016.png,Cardiomegaly,"[64.0, 318.738967013889, 223.288888888889, 361.9745225694445]"
00019767_016.png,Mass,0.14501515349802266,0.00238609,"[45.93740799999999, 275.24992000000003, 105.43744, 397.249792]",datasets/chestxray8/val/images/00019767_016.png,Cardiomegaly,"[64.0, 318.738967013889, 223.288888888889, 361.9745225694445]"
00019767_016.png,Cardiomegaly,0.17069675523570527,0.00232697,"[71.937536, 120.75008, 210.999808, 367.750144]",datasets/chestxray8/val/images/00019767_016.png,Cardiomegaly,"[64.0, 318.738967013889, 223.288888888889, 361.9745225694445]"
00019767_016.png,Mass,0.10102575579963394,0.00212669,"[46.812672000000006, 96.12518399999999, 146.50009599999998, 417.00019199999997]",datasets/chestxray8/val/images/00019767_016.png,Cardiomegaly,"[64.0, 318.738967013889, 223.288888888889, 361.9745225694445]"
00019767_016.png,Cardiomegaly,0.06669700384771345,0.00202179,"[15.374848, 90.374912, 118.624768, 389.50016]",datasets/chestxray8/val/images/00019767_016.png,Cardiomegaly,"[64.0, 318.738967013889, 223.288888888889, 361.9745225694445]"
00019767_016.png,Cardiomegaly,0.106131560159537,0.00200462,"[48.15616, 70.50009600000001, 175.24992, 410.75020800000004]",datasets/chestxray8/val/images/00019767_016.png,Cardiomegaly,"[64.0, 318.738967013889, 223.288888888889, 361.9745225694445]"
00019767_016.png,Infiltration,0.16490980209294823,0.00177288,"[144.499712, 272.0, 224.24985600000002, 341.00019199999997]",datasets/chestxray8/val/images/00019767_016.png,Cardiomegaly,"[64.0, 318.738967013889, 223.288888888889, 361.9745225694445]"
00019767_016.png,Infiltration,0.2082793107797885,0.00150299,"[151.750144, 284.249856, 230.249984, 347.24992]",datasets/chestxray8/val/images/00019767_016.png,Cardiomegaly,"[64.0, 318.738967013889, 223.288888888889, 361.9745225694445]"
00019767_016.png,Cardiomegaly,0.19166476716792633,0.00149345,"[92.75008, 278.749952, 351.50003200000003, 387.750144]",datasets/chestxray8/val/images/00019767_016.png,Cardiomegaly,"[64.0, 318.738967013889, 223.288888888889, 361.9745225694445]"
00019767_016.png,Infiltration,0.09706733543997219,0.00137234,"[125.25004799999996, 260.99967999999996, 418.25023999999996, 400.999936]",datasets/chestxray8/val/images/00019767_016.png,Cardiomegaly,"[64.0, 318.738967013889, 223.288888888889, 361.9745225694445]"
00019767_016.png,Cardiomegaly,0.16921104397716796,0.00132179,"[113.43718399999999, 253.00019200000003, 297.999872, 393.50016]",datasets/chestxray8/val/images/00019767_016.png,Cardiomegaly,"[64.0, 318.738967013889, 223.288888888889, 361.9745225694445]"
00019767_016.png,Mass,0.0678314054886756,0.00124264,"[14.812415999999999, 69.12512000000001, 134.50009599999998, 412.49996799999997]",datasets/chestxray8/val/images/00019767_016.png,Cardiomegaly,"[64.0, 318.738967013889, 223.288888888889, 361.9745225694445]"
00019767_016.png,Cardiomegaly,0.16292907298877365,0.00109673,"[170.750208, 282.500096, 235.500288, 348.49996799999997]",datasets/chestxray8/val/images/00019767_016.png,Cardiomegaly,"[64.0, 318.738967013889, 223.288888888889, 361.9745225694445]"
00019767_016.png,Cardiomegaly,0.13015972092864178,0.00106716,"[38.656000000000006, 276.999936, 108.624896, 418.00012799999996]",datasets/chestxray8/val/images/00019767_016.png,Cardiomegaly,"[64.0, 318.738967013889, 223.288888888889, 361.9745225694445]"
00007037_000.png,Mass,0.08509770164354175,0.0140228,"[318.49983999999995, 364.999936, 460.99968, 511.999744]",datasets/chestxray8/val/images/00007037_000.png,Atelectasis,"[144.542372881356, 243.67909990730953, 394.5762711864405, 436.2214727886655]"
00007037_000.png,Mass,0.07225973902363096,0.0101471,"[4.624895999999993, 323.50003200000003, 194.749952, 512.0]",datasets/chestxray8/val/images/00007037_000.png,Atelectasis,"[144.542372881356, 243.67909990730953, 394.5762711864405, 436.2214727886655]"
00007037_000.png,Atelectasis,0.1336445369706049,0.00407028,"[65.99987200000001, 385.999872, 337.999872, 512.0]",datasets/chestxray8/val/images/00007037_000.png,Atelectasis,"[144.542372881356, 243.67909990730953, 394.5762711864405, 436.2214727886655]"
00007037_000.png,Infiltration,0.052522687199465054,0.0038681,"[329.999872, 226.125056, 404.99968, 284.249856]",datasets/chestxray8/val/images/00007037_000.png,Atelectasis,"[144.542372881356, 243.67909990730953, 394.5762711864405, 436.2214727886655]"
00007037_000.png,Mass,0.08129505590754976,0.00358963,"[56.99968, 352.0, 203.24991999999997, 472.500224]",datasets/chestxray8/val/images/00007037_000.png,Atelectasis,"[144.542372881356, 243.67909990730953, 394.5762711864405, 436.2214727886655]"
00007037_000.png,Cardiomegaly,0.11545746312613246,0.00247383,"[326.500096, 37.625088000000005, 439.00032, 374.500096]",datasets/chestxray8/val/images/00007037_000.png,Atelectasis,"[144.542372881356, 243.67909990730953, 394.5762711864405, 436.2214727886655]"
00007037_000.png,Infiltration,0.06254950945225446,0.00231934,"[306.999808, 231.12501759999998, 399.000064, 279.0000384]",datasets/chestxray8/val/images/00007037_000.png,Atelectasis,"[144.542372881356, 243.67909990730953, 394.5762711864405, 436.2214727886655]"
00007037_000.png,Mass,0.06430451427431953,0.00175953,"[252.24985600000002, 0.0, 361.250048, 287.750144]",datasets/chestxray8/val/images/00007037_000.png,Atelectasis,"[144.542372881356, 243.67909990730953, 394.5762711864405, 436.2214727886655]"
00007037_000.png,Cardiomegaly,0.07253810767894207,0.00167656,"[23.312383999999994, 232.62464, 174.24998399999998, 473.999872]",datasets/chestxray8/val/images/00007037_000.png,Atelectasis,"[144.542372881356, 243.67909990730953, 394.5762711864405, 436.2214727886655]"
00007037_000.png,Cardiomegaly,0.12959763434245075,0.00140095,"[307.500032, 0.0, 426.999808, 364.499968]",datasets/chestxray8/val/images/00007037_000.png,Atelectasis,"[144.542372881356, 243.67909990730953, 394.5762711864405, 436.2214727886655]"
00007037_000.png,Mass,0.09075275060535212,0.00116158,"[364.75008, 259.250176, 435.24992, 476.25011199999994]",datasets/chestxray8/val/images/00007037_000.png,Atelectasis,"[144.542372881356, 243.67909990730953, 394.5762711864405, 436.2214727886655]"
00007037_000.png,Effusion,0.49539534708982985,0.00114155,"[72.249856, 193.87494400000003, 353.499648, 421.499904]",datasets/chestxray8/val/images/00007037_000.png,Atelectasis,"[144.542372881356, 243.67909990730953, 394.5762711864405, 436.2214727886655]"
00007037_000.png,Cardiomegaly,0.12571167861928892,0.00108528,"[295.75014400000003, 16.87500800000001, 411.749888, 340.49996799999997]",datasets/chestxray8/val/images/00007037_000.png,Atelectasis,"[144.542372881356, 243.67909990730953, 394.5762711864405, 436.2214727886655]"
00007037_000.png,Atelectasis,0.49539534708982985,0.00108242,"[72.249856, 193.87494400000003, 353.499648, 421.499904]",datasets/chestxray8/val/images/00007037_000.png,Atelectasis,"[144.542372881356, 243.67909990730953, 394.5762711864405, 436.2214727886655]"
00007037_000.png,Infiltration,0.0702256416681209,0.00103188,"[324.749824, 240.99993599999996, 408.249856, 292.99967999999996]",datasets/chestxray8/val/images/00007037_000.png,Atelectasis,"[144.542372881356, 243.67909990730953, 394.5762711864405, 436.2214727886655]"
00015090_006.png,Infiltration,0.479970339597443,0.0514832,"[285.50016000000005, 273.750272, 430.500096, 399.250176]",datasets/chestxray8/val/images/00015090_006.png,Cardiomegaly,"[319.431111111111, 285.7434114583335, 417.84888888888906, 374.49007812499997]"
00015090_006.png,Cardiomegaly,0.2700135362370359,0.0405884,"[346.749952, 214.00012799999996, 458.749952, 400.999936]",datasets/chestxray8/val/images/00015090_006.png,Cardiomegaly,"[319.431111111111, 285.7434114583335, 417.84888888888906, 374.49007812499997]"
00015090_006.png,Infiltration,0.12461643069876847,0.0336914,"[317.74976, 246.87513600000003, 413.74976, 302.24998400000004]",datasets/chestxray8/val/images/00015090_006.png,Cardiomegaly,"[319.431111111111, 285.7434114583335, 417.84888888888906, 374.49007812499997]"
00015090_006.png,Infiltration,0.29003841536486713,0.0329285,"[313.75001599999996, 262.99980800000003, 429.250048, 320.99968]",datasets/chestxray8/val/images/00015090_006.png,Cardiomegaly,"[319.431111111111, 285.7434114583335, 417.84888888888906, 374.49007812499997]"
00015090_006.png,Infiltration,0.434908718429287,0.0328369,"[309.49990399999996, 274.999808, 430.49984, 335.000064]",datasets/chestxray8/val/images/00015090_006.png,Cardiomegaly,"[319.431111111111, 285.7434114583335, 417.84888888888906, 374.49007812499997]"
00015090_006.png,Infiltration,0.05537696272884769,0.0249023,"[327.500032, 254.00010239999997, 392.000256, 295.00008959999997]",datasets/chestxray8/val/images/00015090_006.png,Cardiomegaly,"[319.431111111111, 285.7434114583335, 417.84888888888906, 374.49007812499997]"
00015090_006.png,Atelectasis,0.22587322074088473,0.0177917,"[227.12499200000002, 247.50003199999998, 450.000128, 420.999936]",datasets/chestxray8/val/images/00015090_006.png,Cardiomegaly,"[319.431111111111, 285.7434114583335, 417.84888888888906, 374.49007812499997]"
00015090_006.png,Cardiomegaly,0.17127127032548548,0.0174408,"[364.49996799999997, 137.00019200000003, 462.000128, 379.500288]",datasets/chestxray8/val/images/00015090_006.png,Cardiomegaly,"[319.431111111111, 285.7434114583335, 417.84888888888906, 374.49007812499997]"
00015090_006.png,Cardiomegaly,0.2715860251023033,0.013382,"[361.999872, 259.50003200000003, 440.0, 344.500224]",datasets/chestxray8/val/images/00015090_006.png,Cardiomegaly,"[319.431111111111, 285.7434114583335, 417.84888888888906, 374.49007812499997]"
00015090_006.png,Cardiomegaly,0.29644305862638337,0.0129013,"[360.499712, 230.25023999999996, 452.499968, 377.250048]",datasets/chestxray8/val/images/00015090_006.png,Cardiomegaly,"[319.431111111111, 285.7434114583335, 417.84888888888906, 374.49007812499997]"
00015090_006.png,Infiltration,0.1356437088107482,0.0119095,"[331.99974399999996, 253.99992319999998, 425.999872, 304.4999168]",datasets/chestxray8/val/images/00015090_006.png,Cardiomegaly,"[319.431111111111, 285.7434114583335, 417.84888888888906, 374.49007812499997]"
00015090_006.png,Cardiomegaly,0.11607635543455545,0.0107574,"[386.7502336, 244.999936, 433.75024640000004, 327.999744]",datasets/chestxray8/val/images/00015090_006.png,Cardiomegaly,"[319.431111111111, 285.7434114583335, 417.84888888888906, 374.49007812499997]"
00015090_006.png,Cardiomegaly,0.12366243721145406,0.0106354,"[377.250048, 213.000192, 447.250176, 332.000256]",datasets/chestxray8/val/images/00015090_006.png,Cardiomegaly,"[319.431111111111, 285.7434114583335, 417.84888888888906, 374.49007812499997]"
00015090_006.png,Cardiomegaly,0.22584473558312326,0.00736237,"[377.499648, 245.124864, 437.499904, 356.0]",datasets/chestxray8/val/images/00015090_006.png,Cardiomegaly,"[319.431111111111, 285.7434114583335, 417.84888888888906, 374.49007812499997]"
00015090_006.png,Atelectasis,0.16640425886463225,0.00702286,"[213.250048, 175.75014400000003, 391.24992, 372.750336]",datasets/chestxray8/val/images/00015090_006.png,Cardiomegaly,"[319.431111111111, 285.7434114583335, 417.84888888888906, 374.49007812499997]"
00015090_006.png,Infiltration,0.1650722894608792,0.00537109,"[363.50028799999995, 257.50016000000005, 434.000128, 320.0]",datasets/chestxray8/val/images/00015090_006.png,Cardiomegaly,"[319.431111111111, 285.7434114583335, 417.84888888888906, 374.49007812499997]"
00015090_006.png,Infiltration,0.11121676149506199,0.00413513,"[303.749888, 237.124864, 379.24992000000003, 309.499648]",datasets/chestxray8/val/images/00015090_006.png,Cardiomegaly,"[319.431111111111, 285.7434114583335, 417.84888888888906, 374.49007812499997]"
00015090_006.png,Atelectasis,0.1981536562792095,0.00388336,"[216.37503999999998, 197.25004800000002, 419.50028799999995, 414.24998400000004]",datasets/chestxray8/val/images/00015090_006.png,Cardiomegaly,"[319.431111111111, 285.7434114583335, 417.84888888888906, 374.49007812499997]"
00015090_006.png,Infiltration,0.2466105830881078,0.00383377,"[351.24992000000003, 244.874752, 443.749888, 336.999936]",datasets/chestxray8/val/images/00015090_006.png,Cardiomegaly,"[319.431111111111, 285.7434114583335, 417.84888888888906, 374.49007812499997]"
00015090_006.png,Cardiomegaly,0.2126716696912084,0.00377083,"[350.000128, 250.00012800000002, 478.000128, 450.000128]",datasets/chestxray8/val/images/00015090_006.png,Cardiomegaly,"[319.431111111111, 285.7434114583335, 417.84888888888906, 374.49007812499997]"
00015090_006.png,Cardiomegaly,0.22210129723975194,0.00351143,"[350.74969600000003, 202.249728, 451.749888, 349.74976000000004]",datasets/chestxray8/val/images/00015090_006.png,Cardiomegaly,"[319.431111111111, 285.7434114583335, 417.84888888888906, 374.49007812499997]"
00015090_006.png,Infiltration,0.22940949956080192,0.00324059,"[297.249792, 257.74976, 385.750016, 327.749888]",datasets/chestxray8/val/images/00015090_006.png,Cardiomegaly,"[319.431111111111, 285.7434114583335, 417.84888888888906, 374.49007812499997]"
00015090_006.png,Cardiomegaly,0.4592854369628147,0.00323486,"[301.250304, 247.749888, 439.250176, 365.750016]",datasets/chestxray8/val/images/00015090_006.png,Cardiomegaly,"[319.431111111111, 285.7434114583335, 417.84888888888906, 374.49007812499997]"
00015090_006.png,Cardiomegaly,0.4180705153967765,0.00288773,"[328.0, 270.500352, 436.00025600000004, 338.500096]",datasets/chestxray8/val/images/00015090_006.png,Cardiomegaly,"[319.431111111111, 285.7434114583335, 417.84888888888906, 374.49007812499997]"
00015090_006.png,Cardiomegaly,0.1076540846398015,0.00237083,"[385.74976, 199.875072, 457.74976, 343.500288]",datasets/chestxray8/val/images/00015090_006.png,Cardiomegaly,"[319.431111111111, 285.7434114583335, 417.84888888888906, 374.49007812499997]"
00015090_006.png,Infiltration,0.09306016580238977,0.00218773,"[363.25017599999995, 245.74976, 436.250112, 306.249728]",datasets/chestxray8/val/images/00015090_006.png,Cardiomegaly,"[319.431111111111, 285.7434114583335, 417.84888888888906, 374.49007812499997]"
00015090_006.png,Infiltration,0.3512498882583366,0.00215149,"[252.499968, 249.50016000000002, 426.99980800000003, 392.0]",datasets/chestxray8/val/images/00015090_006.png,Cardiomegaly,"[319.431111111111, 285.7434114583335, 417.84888888888906, 374.49007812499997]"
00015090_006.png,Effusion,0.05537696272884769,0.00211525,"[327.500032, 254.00010239999997, 392.000256, 295.00008959999997]",datasets/chestxray8/val/images/00015090_006.png,Cardiomegaly,"[319.431111111111, 285.7434114583335, 417.84888888888906, 374.49007812499997]"
00015090_006.png,Cardiomegaly,0.35181288524078114,0.00198936,"[326.999808, 244.87500799999998, 450.49984, 425.00019199999997]",datasets/chestxray8/val/images/00015090_006.png,Cardiomegaly,"[319.431111111111, 285.7434114583335, 417.84888888888906, 374.49007812499997]"
00015090_006.png,Cardiomegaly,0.1650722894608792,0.00187206,"[363.50028799999995, 257.50016000000005, 434.000128, 320.0]",datasets/chestxray8/val/images/00015090_006.png,Cardiomegaly,"[319.431111111111, 285.7434114583335, 417.84888888888906, 374.49007812499997]"
00015090_006.png,Cardiomegaly,0.18287832130976794,0.00184441,"[351.000064, 79.125248, 450.50009600000004, 377.000192]",datasets/chestxray8/val/images/00015090_006.png,Cardiomegaly,"[319.431111111111, 285.7434114583335, 417.84888888888906, 374.49007812499997]"
00015090_006.png,Infiltration,0.22210129723975194,0.00175953,"[350.74969600000003, 202.249728, 451.749888, 349.74976000000004]",datasets/chestxray8/val/images/00015090_006.png,Cardiomegaly,"[319.431111111111, 285.7434114583335, 417.84888888888906, 374.49007812499997]"
00015090_006.png,Cardiomegaly,0.08726620833216159,0.00169373,"[380.75008, 156.000256, 449.250048, 330.500096]",datasets/chestxray8/val/images/00015090_006.png,Cardiomegaly,"[319.431111111111, 285.7434114583335, 417.84888888888906, 374.49007812499997]"
00015090_006.png,Atelectasis,0.08803582241058523,0.00160408,"[228.87500800000004, 151.625216, 379.000064, 335.00006399999995]",datasets/chestxray8/val/images/00015090_006.png,Cardiomegaly,"[319.431111111111, 285.7434114583335, 417.84888888888906, 374.49007812499997]"
00015090_006.png,Atelectasis,0.328787616301035,0.00159359,"[273.00019199999997, 266.99980800000003, 434.000128, 432.0]",datasets/chestxray8/val/images/00015090_006.png,Cardiomegaly,"[319.431111111111, 285.7434114583335, 417.84888888888906, 374.49007812499997]"
00015090_006.png,Cardiomegaly,0.18941802964453214,0.00147533,"[234.25024000000002, 185.12512000000004, 398.249984, 362.000128]",datasets/chestxray8/val/images/00015090_006.png,Cardiomegaly,"[319.431111111111, 285.7434114583335, 417.84888888888906, 374.49007812499997]"
00015090_006.png,Cardiomegaly,0.42882174859399935,0.00141144,"[276.999936, 256.49996799999997, 428.999936, 390.500096]",datasets/chestxray8/val/images/00015090_006.png,Cardiomegaly,"[319.431111111111, 285.7434114583335, 417.84888888888906, 374.49007812499997]"
00015090_006.png,Infiltration,0.2303519341906664,0.00135803,"[252.999936, 262.500096, 451.000064, 453.999872]",datasets/chestxray8/val/images/00015090_006.png,Cardiomegaly,"[319.431111111111, 285.7434114583335, 417.84888888888906, 374.49007812499997]"
00015090_006.png,Cardiomegaly,0.28464620366449866,0.00128365,"[253.999872, 216.24985600000002, 414.99980800000003, 399.749632]",datasets/chestxray8/val/images/00015090_006.png,Cardiomegaly,"[319.431111111111, 285.7434114583335, 417.84888888888906, 374.49007812499997]"
00015090_006.png,Infiltration,0.085857199082614,0.00125504,"[333.74976000000004, 226.62528, 431.24992, 300.75008]",datasets/chestxray8/val/images/00015090_006.png,Cardiomegaly,"[319.431111111111, 285.7434114583335, 417.84888888888906, 374.49007812499997]"
00015090_006.png,Infiltration,0.35181288524078114,0.00121307,"[326.999808, 244.87500799999998, 450.49984, 425.00019199999997]",datasets/chestxray8/val/images/00015090_006.png,Cardiomegaly,"[319.431111111111, 285.7434114583335, 417.84888888888906, 374.49007812499997]"
00015090_006.png,Atelectasis,0.3512498882583366,0.00104713,"[252.499968, 249.50016000000002, 426.99980800000003, 392.0]",datasets/chestxray8/val/images/00015090_006.png,Cardiomegaly,"[319.431111111111, 285.7434114583335, 417.84888888888906, 374.49007812499997]"
00015090_006.png,Infiltration,0.12904246786046003,0.00101089,"[251.50003200000003, 215.24991999999997, 384.500224, 327.24992]",datasets/chestxray8/val/images/00015090_006.png,Cardiomegaly,"[319.431111111111, 285.7434114583335, 417.84888888888906, 374.49007812499997]"
00002290_001.png,Cardiomegaly,0.051210643822043454,0.00525665,"[68.062464, 362.49984, 244.75008, 432.499968]",datasets/chestxray8/val/images/00002290_001.png,Effusion,"[130.031746031746, 358.6708994708995, 161.99788359788354, 382.510052910053]"
00002290_001.png,Infiltration,0.08120600816108395,0.00409698,"[62.49984, 322.749952, 151.499776, 390.749696]",datasets/chestxray8/val/images/00002290_001.png,Effusion,"[130.031746031746, 358.6708994708995, 161.99788359788354, 382.510052910053]"
00002290_001.png,Infiltration,0.062377702625651905,0.00356102,"[62.000128000000004, 359.24992000000003, 221.750272, 433.750016]",datasets/chestxray8/val/images/00002290_001.png,Effusion,"[130.031746031746, 358.6708994708995, 161.99788359788354, 382.510052910053]"
00002290_001.png,Infiltration,0.061092073774246095,0.00152969,"[83.56224, 284.999936, 197.999872, 394.00012799999996]",datasets/chestxray8/val/images/00002290_001.png,Effusion,"[130.031746031746, 358.6708994708995, 161.99788359788354, 382.510052910053]"
00002290_001.png,Infiltration,0.100363350653789,0.00133896,"[89.374976, 353.999872, 198.625024, 423.499776]",datasets/chestxray8/val/images/00002290_001.png,Effusion,"[130.031746031746, 358.6708994708995, 161.99788359788354, 382.510052910053]"
00002290_001.png,Infiltration,0.06059998251121663,0.00123024,"[57.562368000000006, 306.500096, 195.74963200000002, 397.499904]",datasets/chestxray8/val/images/00002290_001.png,Effusion,"[130.031746031746, 358.6708994708995, 161.99788359788354, 382.510052910053]"
00002290_001.png,Mass,0.051223092918053804,0.00100899,"[42.249984, 344.75008, 172.75008000000003, 458.749952]",datasets/chestxray8/val/images/00002290_001.png,Effusion,"[130.031746031746, 358.6708994708995, 161.99788359788354, 382.510052910053]"
00021420_020.png,Cardiomegaly,0.0662942141825443,0.0111618,"[26.281472, 176.500224, 134.000128, 470.000128]",datasets/chestxray8/val/images/00021420_020.png,Effusion,"[83.437037037037, 345.125925925926, 129.48994708994707, 390.6370370370371]"
00021420_020.png,Cardiomegaly,0.05725554290741099,0.0073967,"[37.562368000000006, 225.000192, 179.99974400000002, 482.000128]",datasets/chestxray8/val/images/00021420_020.png,Effusion,"[83.437037037037, 345.125925925926, 129.48994708994707, 390.6370370370371]"
00021420_020.png,Cardiomegaly,0.06216786059524004,0.00658417,"[32.31257600000001, 150.87488000000002, 155.750144, 423.999744]",datasets/chestxray8/val/images/00021420_020.png,Effusion,"[83.437037037037, 345.125925925926, 129.48994708994707, 390.6370370370371]"
00021420_020.png,Cardiomegaly,0.0924730815077041,0.00430679,"[32.499968, 253.99987199999998, 127.25017600000001, 480.49996799999997]",datasets/chestxray8/val/images/00021420_020.png,Effusion,"[83.437037037037, 345.125925925926, 129.48994708994707, 390.6370370370371]"
00021420_020.png,Cardiomegaly,0.108113462840873,0.00128174,"[34.781183999999996, 331.250176, 110.374912, 469.750272]",datasets/chestxray8/val/images/00021420_020.png,Effusion,"[83.437037037037, 345.125925925926, 129.48994708994707, 390.6370370370371]"
00021420_020.png,Cardiomegaly,0.058754093628722616,0.00124264,"[44.999936000000005, 89.12511999999998, 154.62476800000002, 387.000064]",datasets/chestxray8/val/images/00021420_020.png,Effusion,"[83.437037037037, 345.125925925926, 129.48994708994707, 390.6370370370371]"
00021420_020.png,Cardiomegaly,0.1356218850033764,0.00116634,"[47.124992000000006, 265.75001599999996, 137.50016, 436.749824]",datasets/chestxray8/val/images/00021420_020.png,Effusion,"[83.437037037037, 345.125925925926, 129.48994708994707, 390.6370370370371]"
00021420_020.png,Cardiomegaly,0.11032070392428663,0.00103855,"[41.468672, 249.99987199999998, 116.0, 422.000128]",datasets/chestxray8/val/images/00021420_020.png,Effusion,"[83.437037037037, 345.125925925926, 129.48994708994707, 390.6370370370371]"
00015831_008.png,Atelectasis,0.12478493341540194,0.0287781,"[211.75014399999998, 193.99987199999998, 422.749952, 377.499648]",datasets/chestxray8/val/images/00015831_008.png,Infiltration,"[310.9925925925925, 271.44126984127, 370.048677248677, 353.25291005291]"
00015831_008.png,Infiltration,0.3982861850432507,0.0117645,"[300.999936, 296.250112, 403.000064, 364.75007999999997]",datasets/chestxray8/val/images/00015831_008.png,Infiltration,"[310.9925925925925, 271.44126984127, 370.048677248677, 353.25291005291]"
00015831_008.png,Infiltration,0.11413056610973295,0.00759888,"[349.74976000000004, 302.000128, 447.24992, 350.000128]",datasets/chestxray8/val/images/00015831_008.png,Infiltration,"[310.9925925925925, 271.44126984127, 370.048677248677, 353.25291005291]"
00015831_008.png,Infiltration,0.27099177094164884,0.00738907,"[294.25023999999996, 295.50003200000003, 439.250176, 372.500224]",datasets/chestxray8/val/images/00015831_008.png,Infiltration,"[310.9925925925925, 271.44126984127, 370.048677248677, 353.25291005291]"
00015831_008.png,Infiltration,0.097762063594537,0.0056572,"[348.999936, 305.750272, 452.999936, 367.250176]",datasets/chestxray8/val/images/00015831_008.png,Infiltration,"[310.9925925925925, 271.44126984127, 370.048677248677, 353.25291005291]"
00015831_008.png,Atelectasis,0.05590998387977612,0.00529099,"[169.000192, 296.99993600000005, 460.0, 496.0]",datasets/chestxray8/val/images/00015831_008.png,Infiltration,"[310.9925925925925, 271.44126984127, 370.048677248677, 353.25291005291]"
00015831_008.png,Infiltration,0.25499520186064234,0.00469971,"[331.50028799999995, 293.750016, 434.000128, 356.75007999999997]",datasets/chestxray8/val/images/00015831_008.png,Infiltration,"[310.9925925925925, 271.44126984127, 370.048677248677, 353.25291005291]"
00015831_008.png,Infiltration,0.4315382230376924,0.00450897,"[306.500096, 279.500032, 427.50003200000003, 344.000256]",datasets/chestxray8/val/images/00015831_008.png,Infiltration,"[310.9925925925925, 271.44126984127, 370.048677248677, 353.25291005291]"
00015831_008.png,Infiltration,0.20680422943594698,0.00214005,"[338.500096, 290.4998144, 424.0, 339.49980159999996]",datasets/chestxray8/val/images/00015831_008.png,Infiltration,"[310.9925925925925, 271.44126984127, 370.048677248677, 353.25291005291]"
00015831_008.png,Infiltration,0.09768222640264589,0.00149822,"[353.99987200000004, 283.999744, 446.49984, 338.999808]",datasets/chestxray8/val/images/00015831_008.png,Infiltration,"[310.9925925925925, 271.44126984127, 370.048677248677, 353.25291005291]"
00015831_008.png,Cardiomegaly,0.24044137211817831,0.00134087,"[293.250048, 297.250048, 444.25011200000006, 378.24998400000004]",datasets/chestxray8/val/images/00015831_008.png,Infiltration,"[310.9925925925925, 271.44126984127, 370.048677248677, 353.25291005291]"
00015831_008.png,Effusion,0.07623069533084245,0.00131321,"[356.999936, 301.25012480000004, 396.999936, 334.7501312]",datasets/chestxray8/val/images/00015831_008.png,Infiltration,"[310.9925925925925, 271.44126984127, 370.048677248677, 353.25291005291]"
00015831_008.png,Cardiomegaly,0.2814369258599173,0.00100708,"[287.24992, 304.99968, 420.749824, 365.999872]",datasets/chestxray8/val/images/00015831_008.png,Infiltration,"[310.9925925925925, 271.44126984127, 370.048677248677, 353.25291005291]"
00028974_016.png,Atelectasis,0.09740278410553833,0.020752,"[208.25011200000003, 202.375168, 433.250048, 405.00019199999997]",datasets/chestxray8/val/images/00028974_016.png,Cardiomegaly,"[384.6772486772485, 290.946031746032, 467.0306878306875, 389.01164021164055]"
00028974_016.png,Infiltration,0.1570124665925012,0.0192108,"[287.749888, 277.000192, 420.24985599999997, 367.500288]",datasets/chestxray8/val/images/00028974_016.png,Cardiomegaly,"[384.6772486772485, 290.946031746032, 467.0306878306875, 389.01164021164055]"
00028974_016.png,Atelectasis,0.14066262412997343,0.0131302,"[219.87481599999995, 255.000064, 448.999936, 443.00032000000004]",datasets/chestxray8/val/images/00028974_016.png,Cardiomegaly,"[384.6772486772485, 290.946031746032, 467.0306878306875, 389.01164021164055]"
00028974_016.png,Infiltration,0.10157475065488786,0.012413,"[292.49971200000005, 275.24992000000003, 413.999872, 341.750016]",datasets/chestxray8/val/images/00028974_016.png,Cardiomegaly,"[384.6772486772485, 290.946031746032, 467.0306878306875, 389.01164021164055]"
00028974_016.png,Infiltration,0.17912467856811667,0.0120926,"[274.750208, 274.49984, 434.249984, 424.499968]",datasets/chestxray8/val/images/00028974_016.png,Cardiomegaly,"[384.6772486772485, 290.946031746032, 467.0306878306875, 389.01164021164055]"
00028974_016.png,Infiltration,0.3391312597125745,0.0116425,"[354.25023999999996, 296.74982400000005, 445.250048, 351.249664]",datasets/chestxray8/val/images/00028974_016.png,Cardiomegaly,"[384.6772486772485, 290.946031746032, 467.0306878306875, 389.01164021164055]"
00028974_016.png,Infiltration,0.2085019389531459,0.0113678,"[340.75008, 286.9997568, 436.249856, 332.49976319999996]",datasets/chestxray8/val/images/00028974_016.png,Cardiomegaly,"[384.6772486772485, 290.946031746032, 467.0306878306875, 389.01164021164055]"
00028974_016.png,Infiltration,0.33856595763092184,0.0107727,"[318.000128, 306.749952, 451.00032, 369.24979199999996]",datasets/chestxray8/val/images/00028974_016.png,Cardiomegaly,"[384.6772486772485, 290.946031746032, 467.0306878306875, 389.01164021164055]"
00028974_016.png,Infiltration,0.3516137942344379,0.0106201,"[290.249728, 291.000064, 448.249856, 384.499968]",datasets/chestxray8/val/images/00028974_016.png,Cardiomegaly,"[384.6772486772485, 290.946031746032, 467.0306878306875, 389.01164021164055]"
00028974_016.png,Infiltration,0.07223385121587451,0.00991058,"[275.000064, 255.24991999999997, 405.50016, 362.249728]",datasets/chestxray8/val/images/00028974_016.png,Cardiomegaly,"[384.6772486772485, 290.946031746032, 467.0306878306875, 389.01164021164055]"
00028974_016.png,Atelectasis,0.13376125124224608,0.00843048,"[191.12499200000002, 269.74976, 470.000128, 486.249984]",datasets/chestxray8/val/images/00028974_016.png,Cardiomegaly,"[384.6772486772485, 290.946031746032, 467.0306878306875, 389.01164021164055]"
00028974_016.png,Infiltration,0.11897384558200488,0.00701141,"[264.499712, 244.37503999999998, 418.999808, 397.00019199999997]",datasets/chestxray8/val/images/00028974_016.png,Cardiomegaly,"[384.6772486772485, 290.946031746032, 467.0306878306875, 389.01164021164055]"
00028974_016.png,Infiltration,0.2511137824737456,0.00597382,"[299.99974399999996, 292.49996799999997, 445.499904, 438.000128]",datasets/chestxray8/val/images/00028974_016.png,Cardiomegaly,"[384.6772486772485, 290.946031746032, 467.0306878306875, 389.01164021164055]"
00028974_016.png,Atelectasis,0.11897384558200488,0.00560379,"[264.499712, 244.37503999999998, 418.999808, 397.00019199999997]",datasets/chestxray8/val/images/00028974_016.png,Cardiomegaly,"[384.6772486772485, 290.946031746032, 467.0306878306875, 389.01164021164055]"
00028974_016.png,Cardiomegaly,0.4906630775324128,0.0053215,"[365.499904, 308.250112, 457.999872, 370.25024]",datasets/chestxray8/val/images/00028974_016.png,Cardiomegaly,"[384.6772486772485, 290.946031746032, 467.0306878306875, 389.01164021164055]"
00028974_016.png,Cardiomegaly,0.4736127566930638,0.00331116,"[370.99980800000003, 281.999872, 468.99968, 456.0]",datasets/chestxray8/val/images/00028974_016.png,Cardiomegaly,"[384.6772486772485, 290.946031746032, 467.0306878306875, 389.01164021164055]"
00028974_016.png,Cardiomegaly,0.17803175152948636,0.0030365,"[330.750208, 80.87500800000001, 461.750016, 400.99993600000005]",datasets/chestxray8/val/images/00028974_016.png,Cardiomegaly,"[384.6772486772485, 290.946031746032, 467.0306878306875, 389.01164021164055]"
00028974_016.png,Cardiomegaly,0.07424660317030815,0.00303268,"[337.999872, 13.750271999999995, 455.499776, 335.750144]",datasets/chestxray8/val/images/00028974_016.png,Cardiomegaly,"[384.6772486772485, 290.946031746032, 467.0306878306875, 389.01164021164055]"
00028974_016.png,Infiltration,0.12680970555983553,0.00300789,"[291.00032000000004, 268.499968, 439.000064, 325.000192]",datasets/chestxray8/val/images/00028974_016.png,Cardiomegaly,"[384.6772486772485, 290.946031746032, 467.0306878306875, 389.01164021164055]"
00028974_016.png,Atelectasis,0.17119292587744633,0.00288773,"[271.999744, 272.999936, 434.49984, 429.000192]",datasets/chestxray8/val/images/00028974_016.png,Cardiomegaly,"[384.6772486772485, 290.946031746032, 467.0306878306875, 389.01164021164055]"
00028974_016.png,Infiltration,0.16036231343863647,0.00269508,"[360.75008, 272.0, 435.250176, 323.50003200000003]",datasets/chestxray8/val/images/00028974_016.png,Cardiomegaly,"[384.6772486772485, 290.946031746032, 467.0306878306875, 389.01164021164055]"
00028974_016.png,Atelectasis,0.07223385121587451,0.00229263,"[275.000064, 255.24991999999997, 405.50016, 362.249728]",datasets/chestxray8/val/images/00028974_016.png,Cardiomegaly,"[384.6772486772485, 290.946031746032, 467.0306878306875, 389.01164021164055]"
00028974_016.png,Cardiomegaly,0.46546543554757336,0.00210953,"[385.00019199999997, 232.0, 478.500096, 416.500224]",datasets/chestxray8/val/images/00028974_016.png,Cardiomegaly,"[384.6772486772485, 290.946031746032, 467.0306878306875, 389.01164021164055]"
00028974_016.png,Cardiomegaly,0.33447055388426555,0.00168514,"[316.500224, 308.49996799999997, 452.500224, 368.500224]",datasets/chestxray8/val/images/00028974_016.png,Cardiomegaly,"[384.6772486772485, 290.946031746032, 467.0306878306875, 389.01164021164055]"
00028974_016.png,Infiltration,0.19428007440348136,0.0015707,"[237.625088, 273.250048, 464.49996799999997, 449.750272]",datasets/chestxray8/val/images/00028974_016.png,Cardiomegaly,"[384.6772486772485, 290.946031746032, 467.0306878306875, 389.01164021164055]"
00028974_016.png,Cardiomegaly,0.29691331321660075,0.00139236,"[288.99993600000005, 282.000128, 450.500096, 366.500096]",datasets/chestxray8/val/images/00028974_016.png,Cardiomegaly,"[384.6772486772485, 290.946031746032, 467.0306878306875, 389.01164021164055]"
00028974_016.png,Mass,0.24016943648625538,0.00104904,"[358.500096, 91.125248, 464.49996799999997, 386.500096]",datasets/chestxray8/val/images/00028974_016.png,Cardiomegaly,"[384.6772486772485, 290.946031746032, 467.0306878306875, 389.01164021164055]"
00028974_016.png,Cardiomegaly,0.2934392741424229,0.00100708,"[402.000384, 184.249856, 486.00012799999996, 422.749696]",datasets/chestxray8/val/images/00028974_016.png,Cardiomegaly,"[384.6772486772485, 290.946031746032, 467.0306878306875, 389.01164021164055]"
00028628_008.png,Effusion,0.08181663297241856,0.0376587,"[337.2499712, 148.7501312, 375.74996480000004, 185.0001408]",datasets/chestxray8/val/images/00028628_008.png,Mass,"[303.4074074074075, 49.30370370370369, 409.058201058201, 210.7597883597882]"
00028628_008.png,Cardiomegaly,0.05845932059988416,0.0209351,"[322.999808, 182.749952, 448.999936, 393.74976000000004]",datasets/chestxray8/val/images/00028628_008.png,Mass,"[303.4074074074075, 49.30370370370369, 409.058201058201, 210.7597883597882]"
00028628_008.png,Cardiomegaly,0.1979923969264663,0.0165558,"[323.250176, 120.374784, 449.75001599999996, 356.49996799999997]",datasets/chestxray8/val/images/00028628_008.png,Mass,"[303.4074074074075, 49.30370370370369, 409.058201058201, 210.7597883597882]"
00028628_008.png,Atelectasis,0.05094680807872784,0.0114899,"[153.49990400000002, 179.999744, 385.499904, 330.99980800000003]",datasets/chestxray8/val/images/00028628_008.png,Mass,"[303.4074074074075, 49.30370370370369, 409.058201058201, 210.7597883597882]"
00028628_008.png,Effusion,0.11556183181465814,0.00788879,"[332.2497536, 141.6251648, 379.7497344, 183.1251712]",datasets/chestxray8/val/images/00028628_008.png,Mass,"[303.4074074074075, 49.30370370370369, 409.058201058201, 210.7597883597882]"
00028628_008.png,Cardiomegaly,0.226563426633886,0.00763321,"[334.000128, 70.1248, 464.0, 378.49984]",datasets/chestxray8/val/images/00028628_008.png,Mass,"[303.4074074074075, 49.30370370370369, 409.058201058201, 210.7597883597882]"
00028628_008.png,Cardiomegaly,0.14833063578223568,0.00385666,"[330.749952, 151.24992000000003, 437.74976000000004, 328.999936]",datasets/chestxray8/val/images/00028628_008.png,Mass,"[303.4074074074075, 49.30370370370369, 409.058201058201, 210.7597883597882]"
00028628_008.png,Infiltration,0.087361958875269,0.00385475,"[269.750016, 173.500032, 347.24992000000003, 215.750016]",datasets/chestxray8/val/images/00028628_008.png,Mass,"[303.4074074074075, 49.30370370370369, 409.058201058201, 210.7597883597882]"
00028628_008.png,Infiltration,0.07584869512799061,0.00301743,"[267.50003200000003, 181.9998976, 354.500096, 225.4998784]",datasets/chestxray8/val/images/00028628_008.png,Mass,"[303.4074074074075, 49.30370370370369, 409.058201058201, 210.7597883597882]"
00028628_008.png,Effusion,0.052995793317630484,0.00244141,"[337.50016, 147.7499392, 369.50016, 175.9999488]",datasets/chestxray8/val/images/00028628_008.png,Mass,"[303.4074074074075, 49.30370370370369, 409.058201058201, 210.7597883597882]"
00028628_008.png,Infiltration,0.06242798112977137,0.00231361,"[324.49996799999997, 192.375168, 386.500096, 230.12518400000002]",datasets/chestxray8/val/images/00028628_008.png,Mass,"[303.4074074074075, 49.30370370370369, 409.058201058201, 210.7597883597882]"
00028628_008.png,Effusion,0.08808207764302099,0.00210381,"[312.000256, 82.6874112, 352.000256, 120.2499328]",datasets/chestxray8/val/images/00028628_008.png,Mass,"[303.4074074074075, 49.30370370370369, 409.058201058201, 210.7597883597882]"
00028628_008.png,Effusion,0.11839761727315731,0.00208092,"[329.249792, 173.00006399999998, 382.74969600000003, 210.75008]",datasets/chestxray8/val/images/00028628_008.png,Mass,"[303.4074074074075, 49.30370370370369, 409.058201058201, 210.7597883597882]"
00028628_008.png,Effusion,0.053757845927981586,0.00207901,"[348.500096, 132.9999872, 376.500096, 165.74996480000001]",datasets/chestxray8/val/images/00028628_008.png,Mass,"[303.4074074074075, 49.30370370370369, 409.058201058201, 210.7597883597882]"
00028628_008.png,Cardiomegaly,0.12782014491175556,0.00194073,"[362.749952, 111.62495999999999, 454.75020800000004, 366.500096]",datasets/chestxray8/val/images/00028628_008.png,Mass,"[303.4074074074075, 49.30370370370369, 409.058201058201, 210.7597883597882]"
00028628_008.png,Effusion,0.05819014372276288,0.00144958,"[156.25011200000003, 178.62528, 381.750272, 306.000128]",datasets/chestxray8/val/images/00028628_008.png,Mass,"[303.4074074074075, 49.30370370370369, 409.058201058201, 210.7597883597882]"
00028628_008.png,Effusion,0.060722669363927825,0.00137138,"[278.49984, 158.375168, 331.999744, 196.62515199999999]",datasets/chestxray8/val/images/00028628_008.png,Mass,"[303.4074074074075, 49.30370370370369, 409.058201058201, 210.7597883597882]"
00028628_008.png,Cardiomegaly,0.24121984942955885,0.00127888,"[357.25004800000005, 62.125056, 444.250112, 321.50016000000005]",datasets/chestxray8/val/images/00028628_008.png,Mass,"[303.4074074074075, 49.30370370370369, 409.058201058201, 210.7597883597882]"
00028628_008.png,Infiltration,0.11839761727315731,0.00122452,"[329.249792, 173.00006399999998, 382.74969600000003, 210.75008]",datasets/chestxray8/val/images/00028628_008.png,Mass,"[303.4074074074075, 49.30370370370369, 409.058201058201, 210.7597883597882]"
00028628_008.png,Effusion,0.0857986625664514,0.00119686,"[154.625024, 157.750272, 364.499968, 271.750144]",datasets/chestxray8/val/images/00028628_008.png,Mass,"[303.4074074074075, 49.30370370370369, 409.058201058201, 210.7597883597882]"
00028628_008.png,Infiltration,0.0855665489001112,0.00111198,"[272.749824, 163.2499968, 342.749952, 202.9999872]",datasets/chestxray8/val/images/00028628_008.png,Mass,"[303.4074074074075, 49.30370370370369, 409.058201058201, 210.7597883597882]"
00025252_040.png,Atelectasis,0.1098211997372337,0.503418,"[149.75001600000002, 216.500224, 386.750208, 448.0]",datasets/chestxray8/val/images/00025252_040.png,Cardiomegaly,"[300.156613756614, 101.85820105820102, 431.27195767195803, 310.4507936507935]"
00025252_040.png,Effusion,0.11142793845067608,0.0157928,"[324.749824, 231.500032, 377.75001599999996, 289.000192]",datasets/chestxray8/val/images/00025252_040.png,Cardiomegaly,"[300.156613756614, 101.85820105820102, 431.27195767195803, 310.4507936507935]"
00025252_040.png,Effusion,0.16469987570993222,0.0131302,"[316.000256, 244.99993600000002, 387.500032, 308.0]",datasets/chestxray8/val/images/00025252_040.png,Cardiomegaly,"[300.156613756614, 101.85820105820102, 431.27195767195803, 310.4507936507935]"
00025252_040.png,Cardiomegaly,0.46885669633191485,0.0108261,"[277.24979199999996, 87.31263999999999, 398.749952, 257.250048]",datasets/chestxray8/val/images/00025252_040.png,Cardiomegaly,"[300.156613756614, 101.85820105820102, 431.27195767195803, 310.4507936507935]"
00025252_040.png,Infiltration,0.16928057866687812,0.00935364,"[314.249728, 247.874816, 388.749824, 312.99968]",datasets/chestxray8/val/images/00025252_040.png,Cardiomegaly,"[300.156613756614, 101.85820105820102, 431.27195767195803, 310.4507936507935]"
00025252_040.png,Effusion,0.11398107726244651,0.0089035,"[361.750272, 16.500224000000003, 489.250048, 171.125248]",datasets/chestxray8/val/images/00025252_040.png,Cardiomegaly,"[300.156613756614, 101.85820105820102, 431.27195767195803, 310.4507936507935]"
00025252_040.png,Infiltration,0.4326403488527102,0.00524521,"[282.749696, 102.125312, 388.249856, 249.00019199999997]",datasets/chestxray8/val/images/00025252_040.png,Cardiomegaly,"[300.156613756614, 101.85820105820102, 431.27195767195803, 310.4507936507935]"
00025252_040.png,Atelectasis,0.08670154683565065,0.00463486,"[132.0, 195.24991999999997, 353.000192, 416.749824]",datasets/chestxray8/val/images/00025252_040.png,Cardiomegaly,"[300.156613756614, 101.85820105820102, 431.27195767195803, 310.4507936507935]"
00025252_040.png,Mass,0.1947206019633194,0.00411606,"[278.249984, 237.999872, 401.249792, 380.99993600000005]",datasets/chestxray8/val/images/00025252_040.png,Cardiomegaly,"[300.156613756614, 101.85820105820102, 431.27195767195803, 310.4507936507935]"
00025252_040.png,Infiltration,0.20131244722208294,0.00391769,"[289.750016, 246.500096, 393.249792, 325.50016]",datasets/chestxray8/val/images/00025252_040.png,Cardiomegaly,"[300.156613756614, 101.85820105820102, 431.27195767195803, 310.4507936507935]"
00025252_040.png,Infiltration,0.09306905828287156,0.00341797,"[278.00012799999996, 247.1248896, 352.999936, 297.2498944]",datasets/chestxray8/val/images/00025252_040.png,Cardiomegaly,"[300.156613756614, 101.85820105820102, 431.27195767195803, 310.4507936507935]"
00025252_040.png,Mass,0.07217673061121423,0.00334167,"[329.50016, 0.8125440000000026, 509.000192, 136.0]",datasets/chestxray8/val/images/00025252_040.png,Cardiomegaly,"[300.156613756614, 101.85820105820102, 431.27195767195803, 310.4507936507935]"
00025252_040.png,Mass,0.05919875198047625,0.00325775,"[280.25008640000004, 104.25011199999999, 329.2500736, 162.24998399999998]",datasets/chestxray8/val/images/00025252_040.png,Cardiomegaly,"[300.156613756614, 101.85820105820102, 431.27195767195803, 310.4507936507935]"
00025252_040.png,Cardiomegaly,0.4015774977273143,0.00297356,"[322.500352, 139.50028799999998, 450.000128, 434.000128]",datasets/chestxray8/val/images/00025252_040.png,Cardiomegaly,"[300.156613756614, 101.85820105820102, 431.27195767195803, 310.4507936507935]"
00025252_040.png,Infiltration,0.07825048668384846,0.00286865,"[283.250176, 238.99996160000003, 351.24992, 281.99997440000004]",datasets/chestxray8/val/images/00025252_040.png,Cardiomegaly,"[300.156613756614, 101.85820105820102, 431.27195767195803, 310.4507936507935]"
00025252_040.png,Infiltration,0.14055218472661307,0.00265694,"[296.0, 235.0001664, 379.99974399999996, 283.5001856]",datasets/chestxray8/val/images/00025252_040.png,Cardiomegaly,"[300.156613756614, 101.85820105820102, 431.27195767195803, 310.4507936507935]"
00025252_040.png,Infiltration,0.13751069009675718,0.00264168,"[274.749952, 175.124992, 356.25011199999994, 246.624768]",datasets/chestxray8/val/images/00025252_040.png,Cardiomegaly,"[300.156613756614, 101.85820105820102, 431.27195767195803, 310.4507936507935]"
00025252_040.png,Effusion,0.10661921565976375,0.00229645,"[85.374976, 193.99987199999998, 369.999872, 394.500096]",datasets/chestxray8/val/images/00025252_040.png,Cardiomegaly,"[300.156613756614, 101.85820105820102, 431.27195767195803, 310.4507936507935]"
00025252_040.png,Mass,0.0865226763306762,0.00201988,"[278.749952, 97.25004800000002, 331.24992, 183.500032]",datasets/chestxray8/val/images/00025252_040.png,Cardiomegaly,"[300.156613756614, 101.85820105820102, 431.27195767195803, 310.4507936507935]"
00025252_040.png,Effusion,0.05158113855875824,0.00200272,"[288.74997759999997, 189.1248128, 331.7499904, 234.62481920000002]",datasets/chestxray8/val/images/00025252_040.png,Cardiomegaly,"[300.156613756614, 101.85820105820102, 431.27195767195803, 310.4507936507935]"
00025252_040.png,Infiltration,0.053387017621827355,0.00196266,"[273.999872, 247.5001344, 334.000128, 292.5001216]",datasets/chestxray8/val/images/00025252_040.png,Cardiomegaly,"[300.156613756614, 101.85820105820102, 431.27195767195803, 310.4507936507935]"
00025252_040.png,Mass,0.07752476894623096,0.00192451,"[338.49984, 271.24992000000003, 410.49984, 436.250112]",datasets/chestxray8/val/images/00025252_040.png,Cardiomegaly,"[300.156613756614, 101.85820105820102, 431.27195767195803, 310.4507936507935]"
00025252_040.png,Infiltration,0.2712046791059535,0.00191116,"[284.75007999999997, 200.000256, 386.750208, 290.000128]",datasets/chestxray8/val/images/00025252_040.png,Cardiomegaly,"[300.156613756614, 101.85820105820102, 431.27195767195803, 310.4507936507935]"
00025252_040.png,Infiltration,0.15773851411807124,0.00186443,"[291.999744, 217.624832, 378.999808, 273.250048]",datasets/chestxray8/val/images/00025252_040.png,Cardiomegaly,"[300.156613756614, 101.85820105820102, 431.27195767195803, 310.4507936507935]"
00025252_040.png,Mass,0.0833735874324703,0.00186443,"[280.0, 196.249856, 340.00025600000004, 255.999744]",datasets/chestxray8/val/images/00025252_040.png,Cardiomegaly,"[300.156613756614, 101.85820105820102, 431.27195767195803, 310.4507936507935]"
00025252_040.png,Infiltration,0.13104960284280728,0.00186253,"[279.250176, 165.50016, 358.25023999999996, 230.25024000000002]",datasets/chestxray8/val/images/00025252_040.png,Cardiomegaly,"[300.156613756614, 101.85820105820102, 431.27195767195803, 310.4507936507935]"
00025252_040.png,Infiltration,0.1963320691346039,0.00180149,"[275.500288, 151.75014399999998, 365.50016, 240.500224]",datasets/chestxray8/val/images/00025252_040.png,Cardiomegaly,"[300.156613756614, 101.85820105820102, 431.27195767195803, 310.4507936507935]"
00025252_040.png,Infiltration,0.229940377025739,0.00177956,"[284.49996799999997, 184.375296, 382.000128, 264.75008]",datasets/chestxray8/val/images/00025252_040.png,Cardiomegaly,"[300.156613756614, 101.85820105820102, 431.27195767195803, 310.4507936507935]"
00025252_040.png,Infiltration,0.11187190264547518,0.00174141,"[294.000128, 203.2500736, 372.00025600000004, 246.2500864]",datasets/chestxray8/val/images/00025252_040.png,Cardiomegaly,"[300.156613756614, 101.85820105820102, 431.27195767195803, 310.4507936507935]"
00025252_040.png,Mass,0.13751069009675718,0.00164318,"[274.749952, 175.124992, 356.25011199999994, 246.624768]",datasets/chestxray8/val/images/00025252_040.png,Cardiomegaly,"[300.156613756614, 101.85820105820102, 431.27195767195803, 310.4507936507935]"
00025252_040.png,Infiltration,0.0732935130029802,0.00161266,"[282.249984, 198.25024, 338.249984, 252.75008]",datasets/chestxray8/val/images/00025252_040.png,Cardiomegaly,"[300.156613756614, 101.85820105820102, 431.27195767195803, 310.4507936507935]"
00025252_040.png,Mass,0.07615372309577843,0.00157833,"[285.25012480000004, 167.000064, 334.7501312, 229.250048]",datasets/chestxray8/val/images/00025252_040.png,Cardiomegaly,"[300.156613756614, 101.85820105820102, 431.27195767195803, 310.4507936507935]"
00025252_040.png,Infiltration,0.13854848826178853,0.00153637,"[304.99993600000005, 267.250176, 402.500096, 341.750272]",datasets/chestxray8/val/images/00025252_040.png,Cardiomegaly,"[300.156613756614, 101.85820105820102, 431.27195767195803, 310.4507936507935]"
00025252_040.png,Mass,0.08878252585106998,0.00153446,"[271.75014400000003, 208.49971200000002, 339.749888, 273.999872]",datasets/chestxray8/val/images/00025252_040.png,Cardiomegaly,"[300.156613756614, 101.85820105820102, 431.27195767195803, 310.4507936507935]"
00025252_040.png,Infiltration,0.10856549893510138,0.00144386,"[329.250304, 247.500288, 384.75008, 301.000192]",datasets/chestxray8/val/images/00025252_040.png,Cardiomegaly,"[300.156613756614, 101.85820105820102, 431.27195767195803, 310.4507936507935]"
00025252_040.png,Effusion,0.0627311265993885,0.0013895,"[356.749824, 72.93747200000001, 415.24992, 133.000192]",datasets/chestxray8/val/images/00025252_040.png,Cardiomegaly,"[300.156613756614, 101.85820105820102, 431.27195767195803, 310.4507936507935]"
00025252_040.png,Effusion,0.08577800830354446,0.00138092,"[332.7498752, 138.1249536, 378.7499008, 189.12496639999998]",datasets/chestxray8/val/images/00025252_040.png,Cardiomegaly,"[300.156613756614, 101.85820105820102, 431.27195767195803, 310.4507936507935]"
00025252_040.png,Infiltration,0.08054510711461768,0.00135517,"[273.00019199999997, 212.499968, 340.0, 271.000064]",datasets/chestxray8/val/images/00025252_040.png,Cardiomegaly,"[300.156613756614, 101.85820105820102, 431.27195767195803, 310.4507936507935]"
00025252_040.png,Infiltration,0.11142793845067608,0.00133514,"[324.749824, 231.500032, 377.75001599999996, 289.000192]",datasets/chestxray8/val/images/00025252_040.png,Cardiomegaly,"[300.156613756614, 101.85820105820102, 431.27195767195803, 310.4507936507935]"
00025252_040.png,Mass,0.05994617824517014,0.00125885,"[286.7498496, 186.24988159999998, 334.2498304, 235.4998784]",datasets/chestxray8/val/images/00025252_040.png,Cardiomegaly,"[300.156613756614, 101.85820105820102, 431.27195767195803, 310.4507936507935]"
00025252_040.png,Infiltration,0.06955644398800538,0.0012455,"[284.74977279999996, 171.250176, 334.7497472, 228.00025599999998]",datasets/chestxray8/val/images/00025252_040.png,Cardiomegaly,"[300.156613756614, 101.85820105820102, 431.27195767195803, 310.4507936507935]"
00025252_040.png,Infiltration,0.11686423809091386,0.00117111,"[277.249792, 195.750144, 361.74976, 250.000128]",datasets/chestxray8/val/images/00025252_040.png,Cardiomegaly,"[300.156613756614, 101.85820105820102, 431.27195767195803, 310.4507936507935]"
00025252_040.png,Infiltration,0.09785779565938568,0.0011673,"[317.499904, 221.999744, 376.0, 267.74976]",datasets/chestxray8/val/images/00025252_040.png,Cardiomegaly,"[300.156613756614, 101.85820105820102, 431.27195767195803, 310.4507936507935]"
00025252_040.png,Infiltration,0.05158113855875824,0.0011301,"[288.74997759999997, 189.1248128, 331.7499904, 234.62481920000002]",datasets/chestxray8/val/images/00025252_040.png,Cardiomegaly,"[300.156613756614, 101.85820105820102, 431.27195767195803, 310.4507936507935]"
00025252_040.png,Effusion,0.053387017621827355,0.0010252,"[273.999872, 247.5001344, 334.000128, 292.5001216]",datasets/chestxray8/val/images/00025252_040.png,Cardiomegaly,"[300.156613756614, 101.85820105820102, 431.27195767195803, 310.4507936507935]"
00013337_000.png,Cardiomegaly,0.17330621256445747,0.0461731,"[63.437568, 307.000064, 226.49984, 363.000064]",datasets/chestxray8/val/images/00013337_000.png,Cardiomegaly,"[30.8825396825397, 157.121693121693, 169.5830687830687, 381.426455026455]"
00013337_000.png,Atelectasis,0.05800098159198639,0.0458069,"[133.499904, 241.62534399999998, 410.500096, 461.50016]",datasets/chestxray8/val/images/00013337_000.png,Cardiomegaly,"[30.8825396825397, 157.121693121693, 169.5830687830687, 381.426455026455]"
00013337_000.png,Cardiomegaly,0.497007300639857,0.0245209,"[30.593791999999993, 221.250048, 156.625152, 455.750144]",datasets/chestxray8/val/images/00013337_000.png,Cardiomegaly,"[30.8825396825397, 157.121693121693, 169.5830687830687, 381.426455026455]"
00013337_000.png,Cardiomegaly,0.190952582520348,0.0141373,"[79.31238400000001, 287.50028799999995, 246.00012800000002, 366.000128]",datasets/chestxray8/val/images/00013337_000.png,Cardiomegaly,"[30.8825396825397, 157.121693121693, 169.5830687830687, 381.426455026455]"
00013337_000.png,Infiltration,0.1325221545612975,0.0102997,"[117.625088, 254.99980800000003, 227.12499200000002, 348.0]",datasets/chestxray8/val/images/00013337_000.png,Cardiomegaly,"[30.8825396825397, 157.121693121693, 169.5830687830687, 381.426455026455]"
00013337_000.png,Effusion,0.08928375426813982,0.00967407,"[131.500032, 248.50022399999997, 225.750016, 332.49996799999997]",datasets/chestxray8/val/images/00013337_000.png,Cardiomegaly,"[30.8825396825397, 157.121693121693, 169.5830687830687, 381.426455026455]"
00013337_000.png,Cardiomegaly,0.19396149268417795,0.0096283,"[65.68729599999999, 297.750016, 190.99980799999997, 358.249984]",datasets/chestxray8/val/images/00013337_000.png,Cardiomegaly,"[30.8825396825397, 157.121693121693, 169.5830687830687, 381.426455026455]"
00013337_000.png,Cardiomegaly,0.29286565496594263,0.00839996,"[45.437696, 297.75001599999996, 211.75014399999998, 379.250176]",datasets/chestxray8/val/images/00013337_000.png,Cardiomegaly,"[30.8825396825397, 157.121693121693, 169.5830687830687, 381.426455026455]"
00013337_000.png,Cardiomegaly,0.39528256823365726,0.00826263,"[44.500224, 271.74963199999996, 184.125184, 395.749888]",datasets/chestxray8/val/images/00013337_000.png,Cardiomegaly,"[30.8825396825397, 157.121693121693, 169.5830687830687, 381.426455026455]"
00013337_000.png,Cardiomegaly,0.37924323114617825,0.00761032,"[41.499903999999994, 256.0, 144.124672, 408.99993600000005]",datasets/chestxray8/val/images/00013337_000.png,Cardiomegaly,"[30.8825396825397, 157.121693121693, 169.5830687830687, 381.426455026455]"
00013337_000.png,Cardiomegaly,0.20106389339939557,0.00588226,"[88.437248, 271.500288, 258.999808, 401.50016]",datasets/chestxray8/val/images/00013337_000.png,Cardiomegaly,"[30.8825396825397, 157.121693121693, 169.5830687830687, 381.426455026455]"
00013337_000.png,Infiltration,0.060032004299004536,0.00575256,"[144.374784, 241.250304, 219.124736, 325.250048]",datasets/chestxray8/val/images/00013337_000.png,Cardiomegaly,"[30.8825396825397, 157.121693121693, 169.5830687830687, 381.426455026455]"
00013337_000.png,Cardiomegaly,0.3854252766329508,0.00561523,"[54.312192, 74.99980799999999, 159.749888, 302.49984]",datasets/chestxray8/val/images/00013337_000.png,Cardiomegaly,"[30.8825396825397, 157.121693121693, 169.5830687830687, 381.426455026455]"
00013337_000.png,Infiltration,0.1403928974372414,0.00530624,"[100.499968, 219.12499200000002, 217.999872, 289.250048]",datasets/chestxray8/val/images/00013337_000.png,Cardiomegaly,"[30.8825396825397, 157.121693121693, 169.5830687830687, 381.426455026455]"
00013337_000.png,Infiltration,0.1420635436977418,0.00514221,"[98.875136, 254.99980800000003, 213.12537600000002, 323.499776]",datasets/chestxray8/val/images/00013337_000.png,Cardiomegaly,"[30.8825396825397, 157.121693121693, 169.5830687830687, 381.426455026455]"
00013337_000.png,Cardiomegaly,0.1460963043075414,0.00510406,"[109.624832, 275.24992, 232.374784, 364.75008]",datasets/chestxray8/val/images/00013337_000.png,Cardiomegaly,"[30.8825396825397, 157.121693121693, 169.5830687830687, 381.426455026455]"
00013337_000.png,Infiltration,0.18736244202978516,0.00497818,"[81.750272, 209.24979199999999, 209.250048, 281.75001599999996]",datasets/chestxray8/val/images/00013337_000.png,Cardiomegaly,"[30.8825396825397, 157.121693121693, 169.5830687830687, 381.426455026455]"
00013337_000.png,Infiltration,0.15641251729745465,0.00497437,"[76.99993599999999, 290.750208, 156.124928, 352.250112]",datasets/chestxray8/val/images/00013337_000.png,Cardiomegaly,"[30.8825396825397, 157.121693121693, 169.5830687830687, 381.426455026455]"
00013337_000.png,Atelectasis,0.16147188670812912,0.00489044,"[84.87526400000002, 249.49990399999996, 327.000064, 452.999936]",datasets/chestxray8/val/images/00013337_000.png,Cardiomegaly,"[30.8825396825397, 157.121693121693, 169.5830687830687, 381.426455026455]"
00013337_000.png,Infiltration,0.06149085334412321,0.0047493,"[125.625088, 141.124864, 231.62496, 207.37510400000002]",datasets/chestxray8/val/images/00013337_000.png,Cardiomegaly,"[30.8825396825397, 157.121693121693, 169.5830687830687, 381.426455026455]"
00013337_000.png,Infiltration,0.1460963043075414,0.00462341,"[109.624832, 275.24992, 232.374784, 364.75008]",datasets/chestxray8/val/images/00013337_000.png,Cardiomegaly,"[30.8825396825397, 157.121693121693, 169.5830687830687, 381.426455026455]"
00013337_000.png,Cardiomegaly,0.09233954052776353,0.00368118,"[106.062848, 104.062464, 234.500096, 217.999872]",datasets/chestxray8/val/images/00013337_000.png,Cardiomegaly,"[30.8825396825397, 157.121693121693, 169.5830687830687, 381.426455026455]"
00013337_000.png,Cardiomegaly,0.0531655413913508,0.00342751,"[100.874752, 97.625088, 223.374848, 188.125184]",datasets/chestxray8/val/images/00013337_000.png,Cardiomegaly,"[30.8825396825397, 157.121693121693, 169.5830687830687, 381.426455026455]"
00013337_000.png,Effusion,0.16351824414344437,0.00328445,"[81.37523200000001, 281.74976, 166.875136, 341.249792]",datasets/chestxray8/val/images/00013337_000.png,Cardiomegaly,"[30.8825396825397, 157.121693121693, 169.5830687830687, 381.426455026455]"
00013337_000.png,Effusion,0.170299716052135,0.00322151,"[94.43763200000001, 250.50035200000002, 219.500288, 330.000128]",datasets/chestxray8/val/images/00013337_000.png,Cardiomegaly,"[30.8825396825397, 157.121693121693, 169.5830687830687, 381.426455026455]"
00013337_000.png,Infiltration,0.24486492724810077,0.00281525,"[69.312512, 300.499712, 192.249856, 382.999808]",datasets/chestxray8/val/images/00013337_000.png,Cardiomegaly,"[30.8825396825397, 157.121693121693, 169.5830687830687, 381.426455026455]"
00013337_000.png,Effusion,0.08828951922950075,0.00269699,"[114.875136, 251.500032, 185.12511999999998, 303.000064]",datasets/chestxray8/val/images/00013337_000.png,Cardiomegaly,"[30.8825396825397, 157.121693121693, 169.5830687830687, 381.426455026455]"
00013337_000.png,Cardiomegaly,0.4261744281836907,0.00268745,"[65.62483200000001, 166.24998399999998, 219.374848, 326.49984]",datasets/chestxray8/val/images/00013337_000.png,Cardiomegaly,"[30.8825396825397, 157.121693121693, 169.5830687830687, 381.426455026455]"
00013337_000.png,Infiltration,0.08828951922950075,0.00247765,"[114.875136, 251.500032, 185.12511999999998, 303.000064]",datasets/chestxray8/val/images/00013337_000.png,Cardiomegaly,"[30.8825396825397, 157.121693121693, 169.5830687830687, 381.426455026455]"
00013337_000.png,Infiltration,0.18562484504758223,0.00234413,"[65.37523199999998, 307.24992, 220.125184, 425.250048]",datasets/chestxray8/val/images/00013337_000.png,Cardiomegaly,"[30.8825396825397, 157.121693121693, 169.5830687830687, 381.426455026455]"
00013337_000.png,Cardiomegaly,0.18145912331988015,0.00219917,"[98.500096, 241.75001600000002, 280.249856, 426.25024]",datasets/chestxray8/val/images/00013337_000.png,Cardiomegaly,"[30.8825396825397, 157.121693121693, 169.5830687830687, 381.426455026455]"
00013337_000.png,Infiltration,0.16351824414344437,0.00218964,"[81.37523200000001, 281.74976, 166.875136, 341.249792]",datasets/chestxray8/val/images/00013337_000.png,Cardiomegaly,"[30.8825396825397, 157.121693121693, 169.5830687830687, 381.426455026455]"
00013337_000.png,Infiltration,0.12310956678234329,0.00214386,"[97.06240000000001, 276.250112, 192.999936, 331.25017599999995]",datasets/chestxray8/val/images/00013337_000.png,Cardiomegaly,"[30.8825396825397, 157.121693121693, 169.5830687830687, 381.426455026455]"
00013337_000.png,Infiltration,0.190952582520348,0.0020237,"[79.31238400000001, 287.50028799999995, 246.00012800000002, 366.000128]",datasets/chestxray8/val/images/00013337_000.png,Cardiomegaly,"[30.8825396825397, 157.121693121693, 169.5830687830687, 381.426455026455]"
00013337_000.png,Cardiomegaly,0.4296407325681215,0.00198364,"[45.781248000000005, 181.750272, 120.874752, 359.750144]",datasets/chestxray8/val/images/00013337_000.png,Cardiomegaly,"[30.8825396825397, 157.121693121693, 169.5830687830687, 381.426455026455]"
00013337_000.png,Cardiomegaly,0.33053908407294513,0.00180721,"[69.499904, 170.24998399999998, 147.99974400000002, 301.249792]",datasets/chestxray8/val/images/00013337_000.png,Cardiomegaly,"[30.8825396825397, 157.121693121693, 169.5830687830687, 381.426455026455]"
00013337_000.png,Infiltration,0.19634971044901967,0.00178051,"[69.0624, 294.000128, 183.749888, 356.49996799999997]",datasets/chestxray8/val/images/00013337_000.png,Cardiomegaly,"[30.8825396825397, 157.121693121693, 169.5830687830687, 381.426455026455]"
00013337_000.png,Cardiomegaly,0.18322161780515242,0.00174427,"[52.781312, 270.50009600000004, 109.50016000000001, 371.000064]",datasets/chestxray8/val/images/00013337_000.png,Cardiomegaly,"[30.8825396825397, 157.121693121693, 169.5830687830687, 381.426455026455]"
00013337_000.png,Infiltration,0.19328185121848826,0.0017004,"[59.37510399999999, 305.250048, 203.375104, 363.24992]",datasets/chestxray8/val/images/00013337_000.png,Cardiomegaly,"[30.8825396825397, 157.121693121693, 169.5830687830687, 381.426455026455]"
00013337_000.png,Cardiomegaly,0.23920163572860487,0.00162125,"[65.999872, 92.00000000000001, 151.000064, 260.249856]",datasets/chestxray8/val/images/00013337_000.png,Cardiomegaly,"[30.8825396825397, 157.121693121693, 169.5830687830687, 381.426455026455]"
00013337_000.png,Cardiomegaly,0.18855646467544918,0.00156307,"[111.374848, 199.50028799999998, 299.999744, 374.000128]",datasets/chestxray8/val/images/00013337_000.png,Cardiomegaly,"[30.8825396825397, 157.121693121693, 169.5830687830687, 381.426455026455]"
00013337_000.png,Cardiomegaly,0.3358452854358447,0.00154495,"[44.375296000000006, 258.749696, 209.12511999999998, 440.749824]",datasets/chestxray8/val/images/00013337_000.png,Cardiomegaly,"[30.8825396825397, 157.121693121693, 169.5830687830687, 381.426455026455]"
00013337_000.png,Infiltration,0.2548628526888952,0.00150776,"[80.312576, 207.625216, 177.499904, 298.500096]",datasets/chestxray8/val/images/00013337_000.png,Cardiomegaly,"[30.8825396825397, 157.121693121693, 169.5830687830687, 381.426455026455]"
00013337_000.png,Cardiomegaly,0.15641251729745465,0.00144768,"[76.99993599999999, 290.750208, 156.124928, 352.250112]",datasets/chestxray8/val/images/00013337_000.png,Cardiomegaly,"[30.8825396825397, 157.121693121693, 169.5830687830687, 381.426455026455]"
00013337_000.png,Cardiomegaly,0.15327554485455283,0.00138569,"[119.62495999999999, 252.00025600000004, 252.499712, 384.0]",datasets/chestxray8/val/images/00013337_000.png,Cardiomegaly,"[30.8825396825397, 157.121693121693, 169.5830687830687, 381.426455026455]"
00013337_000.png,Effusion,0.24377649444879493,0.00132465,"[103.74988799999998, 208.99993600000002, 246.99980799999997, 370.500096]",datasets/chestxray8/val/images/00013337_000.png,Cardiomegaly,"[30.8825396825397, 157.121693121693, 169.5830687830687, 381.426455026455]"
00013337_000.png,Infiltration,0.16034632101391236,0.00125408,"[90.74995200000001, 222.125056, 172.250112, 285.750272]",datasets/chestxray8/val/images/00013337_000.png,Cardiomegaly,"[30.8825396825397, 157.121693121693, 169.5830687830687, 381.426455026455]"
00013337_000.png,Cardiomegaly,0.25541821096556594,0.00121403,"[58.56255999999999, 285.250048, 227.500032, 411.74988800000006]",datasets/chestxray8/val/images/00013337_000.png,Cardiomegaly,"[30.8825396825397, 157.121693121693, 169.5830687830687, 381.426455026455]"
00013337_000.png,Cardiomegaly,0.31692385608767376,0.00121212,"[55.749632000000005, 151.250176, 113.999872, 328.250112]",datasets/chestxray8/val/images/00013337_000.png,Cardiomegaly,"[30.8825396825397, 157.121693121693, 169.5830687830687, 381.426455026455]"
00013337_000.png,Infiltration,0.08475976579462585,0.00118923,"[110.75020799999999, 107.56275200000002, 229.750272, 215.500032]",datasets/chestxray8/val/images/00013337_000.png,Cardiomegaly,"[30.8825396825397, 157.121693121693, 169.5830687830687, 381.426455026455]"
00013337_000.png,Effusion,0.15641251729745465,0.00114822,"[76.99993599999999, 290.750208, 156.124928, 352.250112]",datasets/chestxray8/val/images/00013337_000.png,Cardiomegaly,"[30.8825396825397, 157.121693121693, 169.5830687830687, 381.426455026455]"
00013337_000.png,Cardiomegaly,0.19086790158791492,0.00114346,"[64.12518399999999, 84.437248, 189.874944, 232.749824]",datasets/chestxray8/val/images/00013337_000.png,Cardiomegaly,"[30.8825396825397, 157.121693121693, 169.5830687830687, 381.426455026455]"
00013337_000.png,Effusion,0.19634971044901967,0.00108719,"[69.0624, 294.000128, 183.749888, 356.49996799999997]",datasets/chestxray8/val/images/00013337_000.png,Cardiomegaly,"[30.8825396825397, 157.121693121693, 169.5830687830687, 381.426455026455]"
00013337_000.png,Effusion,0.17841217486696268,0.00107384,"[92.06272, 263.500032, 229.250048, 346.49984]",datasets/chestxray8/val/images/00013337_000.png,Cardiomegaly,"[30.8825396825397, 157.121693121693, 169.5830687830687, 381.426455026455]"
00013337_000.png,Cardiomegaly,0.2545521380205164,0.00102806,"[68.12518399999999, 269.750272, 160.75008, 355.250176]",datasets/chestxray8/val/images/00013337_000.png,Cardiomegaly,"[30.8825396825397, 157.121693121693, 169.5830687830687, 381.426455026455]"
00013337_000.png,Infiltration,0.20160112477467523,0.00102329,"[104.49996800000001, 240.499712, 245.50016, 366.49984]",datasets/chestxray8/val/images/00013337_000.png,Cardiomegaly,"[30.8825396825397, 157.121693121693, 169.5830687830687, 381.426455026455]"
00005532_000.png,Infiltration,0.23379972691325512,0.0173492,"[308.249856, 208.87526400000002, 426.749696, 306.000128]",datasets/chestxray8/val/images/00005532_000.png,Atelectasis,"[191.2550264550265, 131.115343915344, 429.104761904762, 338.08253968254]"
00005532_000.png,Infiltration,0.09005194122642356,0.0126801,"[347.500032, 219.999744, 418.999808, 281.999872]",datasets/chestxray8/val/images/00005532_000.png,Atelectasis,"[191.2550264550265, 131.115343915344, 429.104761904762, 338.08253968254]"
00005532_000.png,Infiltration,0.0896914655887763,0.00718689,"[358.25023999999996, 223.375104, 439.250176, 286.500096]",datasets/chestxray8/val/images/00005532_000.png,Atelectasis,"[191.2550264550265, 131.115343915344, 429.104761904762, 338.08253968254]"
00005532_000.png,Infiltration,0.47439095661614317,0.00569534,"[270.49984, 164.0, 432.499712, 312.749824]",datasets/chestxray8/val/images/00005532_000.png,Atelectasis,"[191.2550264550265, 131.115343915344, 429.104761904762, 338.08253968254]"
00005532_000.png,Infiltration,0.06505698905446106,0.00522995,"[367.24992000000003, 231.500288, 459.749888, 285.000192]",datasets/chestxray8/val/images/00005532_000.png,Atelectasis,"[191.2550264550265, 131.115343915344, 429.104761904762, 338.08253968254]"
00005532_000.png,Infiltration,0.1284491286699344,0.00402069,"[311.75014400000003, 224.624896, 386.25024, 309.499648]",datasets/chestxray8/val/images/00005532_000.png,Atelectasis,"[191.2550264550265, 131.115343915344, 429.104761904762, 338.08253968254]"
00005532_000.png,Infiltration,0.17656894707133572,0.0039978,"[296.0, 202.75020800000001, 377.999872, 308.75008]",datasets/chestxray8/val/images/00005532_000.png,Atelectasis,"[191.2550264550265, 131.115343915344, 429.104761904762, 338.08253968254]"
00005532_000.png,Infiltration,0.10895937792774663,0.00395584,"[359.50003200000003, 201.874944, 468.500224, 283.99974399999996]",datasets/chestxray8/val/images/00005532_000.png,Atelectasis,"[191.2550264550265, 131.115343915344, 429.104761904762, 338.08253968254]"
00005532_000.png,Infiltration,0.06001814268676981,0.00349808,"[178.999808, 131.374848, 244.74982400000002, 187.374848]",datasets/chestxray8/val/images/00005532_000.png,Atelectasis,"[191.2550264550265, 131.115343915344, 429.104761904762, 338.08253968254]"
00005532_000.png,Infiltration,0.13061826908412622,0.00284576,"[343.00032, 210.00012800000002, 449.00019199999997, 287.00032]",datasets/chestxray8/val/images/00005532_000.png,Atelectasis,"[191.2550264550265, 131.115343915344, 429.104761904762, 338.08253968254]"
00005532_000.png,Effusion,0.09018024675225571,0.00197792,"[350.750208, 217.625088, 420.250112, 281.50016]",datasets/chestxray8/val/images/00005532_000.png,Atelectasis,"[191.2550264550265, 131.115343915344, 429.104761904762, 338.08253968254]"
00005532_000.png,Atelectasis,0.24749046109351155,0.00184441,"[68.187648, 145.74975999999998, 315.250176, 276.0]",datasets/chestxray8/val/images/00005532_000.png,Atelectasis,"[191.2550264550265, 131.115343915344, 429.104761904762, 338.08253968254]"
00005532_000.png,Cardiomegaly,0.20570662628568376,0.00169945,"[362.99980800000003, 114.500096, 499.99974399999996, 336.75008]",datasets/chestxray8/val/images/00005532_000.png,Atelectasis,"[191.2550264550265, 131.115343915344, 429.104761904762, 338.08253968254]"
00005532_000.png,Effusion,0.06687114788630151,0.00152302,"[359.249664, 209.750016, 416.74982400000005, 266.999808]",datasets/chestxray8/val/images/00005532_000.png,Atelectasis,"[191.2550264550265, 131.115343915344, 429.104761904762, 338.08253968254]"
00005532_000.png,Mass,0.07989297007806484,0.00122738,"[363.750144, 236.75008, 465.750272, 299.750144]",datasets/chestxray8/val/images/00005532_000.png,Atelectasis,"[191.2550264550265, 131.115343915344, 429.104761904762, 338.08253968254]"
00005532_000.png,Infiltration,0.11199465895851832,0.00105476,"[339.74988800000006, 198.125056, 453.250048, 261.750272]",datasets/chestxray8/val/images/00005532_000.png,Atelectasis,"[191.2550264550265, 131.115343915344, 429.104761904762, 338.08253968254]"
00005532_000.png,Effusion,0.0897711550889027,0.00104332,"[363.499776, 194.25024000000002, 468.99993600000005, 265.50016]",datasets/chestxray8/val/images/00005532_000.png,Atelectasis,"[191.2550264550265, 131.115343915344, 429.104761904762, 338.08253968254]"
00021024_022.png,Atelectasis,0.17541492532126338,0.340576,"[223.37510399999996, 175.250176, 446.500096, 373.250304]",datasets/chestxray8/val/images/00021024_022.png,Infiltration,"[359.7544973544975, 261.14708994709, 441.02433862433907, 356.50370370370405]"
00021024_022.png,Mass,0.08383944675831903,0.0129242,"[299.999744, 340.999936, 438.49984, 398.999808]",datasets/chestxray8/val/images/00021024_022.png,Infiltration,"[359.7544973544975, 261.14708994709, 441.02433862433907, 356.50370370370405]"
00021024_022.png,Mass,0.16062230003712513,0.00894165,"[294.99980800000003, 311.249664, 441.499904, 439.749888]",datasets/chestxray8/val/images/00021024_022.png,Infiltration,"[359.7544973544975, 261.14708994709, 441.02433862433907, 356.50370370370405]"
00021024_022.png,Mass,0.12442362524193924,0.00419617,"[300.99993600000005, 328.500224, 454.500096, 412.00025600000004]",datasets/chestxray8/val/images/00021024_022.png,Infiltration,"[359.7544973544975, 261.14708994709, 441.02433862433907, 356.50370370370405]"
00021024_022.png,Cardiomegaly,0.06555807293523949,0.00277519,"[415.750144, 38.87488000000002, 508.00025600000004, 379.499776]",datasets/chestxray8/val/images/00021024_022.png,Infiltration,"[359.7544973544975, 261.14708994709, 441.02433862433907, 356.50370370370405]"
00021024_022.png,Mass,0.05067004076131089,0.00275993,"[315.50003200000003, 342.9999104, 402.500096, 391.4999296]",datasets/chestxray8/val/images/00021024_022.png,Infiltration,"[359.7544973544975, 261.14708994709, 441.02433862433907, 356.50370370370405]"
00021024_022.png,Cardiomegaly,0.13382390126951352,0.0022049,"[405.249792, 152.625152, 493.249792, 392.999936]",datasets/chestxray8/val/images/00021024_022.png,Infiltration,"[359.7544973544975, 261.14708994709, 441.02433862433907, 356.50370370370405]"
00021024_022.png,Infiltration,0.17486754220983505,0.00168133,"[201.00019199999997, 203.62521600000002, 444.0, 386.000128]",datasets/chestxray8/val/images/00021024_022.png,Infiltration,"[359.7544973544975, 261.14708994709, 441.02433862433907, 356.50370370370405]"
00021024_022.png,Cardiomegaly,0.14818950932544186,0.00162792,"[362.750208, 7.500287999999983, 498.750208, 375.750144]",datasets/chestxray8/val/images/00021024_022.png,Infiltration,"[359.7544973544975, 261.14708994709, 441.02433862433907, 356.50370370370405]"
00021024_022.png,Infiltration,0.18618817008997507,0.0011673,"[320.749824, 268.49996799999997, 385.74976000000004, 373.499904]",datasets/chestxray8/val/images/00021024_022.png,Infiltration,"[359.7544973544975, 261.14708994709, 441.02433862433907, 356.50370370370405]"
00021024_022.png,Infiltration,0.4392329042090225,0.00102425,"[331.499776, 230.49984, 431.99974399999996, 377.99987200000004]",datasets/chestxray8/val/images/00021024_022.png,Infiltration,"[359.7544973544975, 261.14708994709, 441.02433862433907, 356.50370370370405]"
00001153_004.png,Atelectasis,0.1377031856798571,0.0458984,"[139.125248, 184.00025600000004, 374.00012799999996, 418.000128]",datasets/chestxray8/val/images/00001153_004.png,Infiltration,"[153.51467013888896, 126.95703993055548, 202.43911458333343, 346.5481510416665]"
00001153_004.png,Mass,0.260546497005548,0.0115433,"[157.12511999999998, 201.250048, 226.625024, 273.000192]",datasets/chestxray8/val/images/00001153_004.png,Infiltration,"[153.51467013888896, 126.95703993055548, 202.43911458333343, 346.5481510416665]"
00001153_004.png,Cardiomegaly,0.38603366348406504,0.00611115,"[104.37504000000001, 144.49971200000002, 214.1248, 369.999872]",datasets/chestxray8/val/images/00001153_004.png,Infiltration,"[153.51467013888896, 126.95703993055548, 202.43911458333343, 346.5481510416665]"
00001153_004.png,Cardiomegaly,0.2667816573905406,0.00355721,"[69.12486399999999, 126.62528, 228.37478399999998, 379.50003200000003]",datasets/chestxray8/val/images/00001153_004.png,Infiltration,"[153.51467013888896, 126.95703993055548, 202.43911458333343, 346.5481510416665]"
00001153_004.png,Mass,0.3929624177162367,0.0031662,"[153.250048, 176.37504, 223.250176, 280.250112]",datasets/chestxray8/val/images/00001153_004.png,Infiltration,"[153.51467013888896, 126.95703993055548, 202.43911458333343, 346.5481510416665]"
00001153_004.png,Cardiomegaly,0.25141089518166915,0.00294495,"[83.62496, 174.999808, 204.37504, 431.99974399999996]",datasets/chestxray8/val/images/00001153_004.png,Infiltration,"[153.51467013888896, 126.95703993055548, 202.43911458333343, 346.5481510416665]"
00001153_004.png,Atelectasis,0.13237642461168092,0.0028286,"[169.74976, 102.000128, 376.749824, 345.999872]",datasets/chestxray8/val/images/00001153_004.png,Infiltration,"[153.51467013888896, 126.95703993055548, 202.43911458333343, 346.5481510416665]"
00001153_004.png,Atelectasis,0.17282457027351475,0.00197411,"[161.50016, 186.874624, 327.000064, 389.999872]",datasets/chestxray8/val/images/00001153_004.png,Infiltration,"[153.51467013888896, 126.95703993055548, 202.43911458333343, 346.5481510416665]"
00001153_004.png,Mass,0.3887405835536118,0.00179577,"[150.99980799999997, 195.62496, 228.0, 305.50016]",datasets/chestxray8/val/images/00001153_004.png,Infiltration,"[153.51467013888896, 126.95703993055548, 202.43911458333343, 346.5481510416665]"
00001153_004.png,Cardiomegaly,0.4332242773924742,0.00149345,"[123.87507199999999, 162.749952, 226.374912, 343.750144]",datasets/chestxray8/val/images/00001153_004.png,Infiltration,"[153.51467013888896, 126.95703993055548, 202.43911458333343, 346.5481510416665]"
00001153_004.png,Mass,0.35087902695270023,0.00138855,"[131.500032, 157.000192, 254.249984, 320.75008]",datasets/chestxray8/val/images/00001153_004.png,Infiltration,"[153.51467013888896, 126.95703993055548, 202.43911458333343, 346.5481510416665]"
00001153_004.png,Mass,0.2700458513267824,0.00131989,"[164.875264, 190.249728, 234.375168, 290.49984]",datasets/chestxray8/val/images/00001153_004.png,Infiltration,"[153.51467013888896, 126.95703993055548, 202.43911458333343, 346.5481510416665]"
00001153_004.png,Effusion,0.3806793867959697,0.00130081,"[149.37472, 181.12512, 212.374784, 275.00032]",datasets/chestxray8/val/images/00001153_004.png,Infiltration,"[153.51467013888896, 126.95703993055548, 202.43911458333343, 346.5481510416665]"
00001153_004.png,Cardiomegaly,0.15522181847515687,0.00117493,"[147.750144, 169.74975999999998, 370.75020800000004, 410.249984]",datasets/chestxray8/val/images/00001153_004.png,Infiltration,"[153.51467013888896, 126.95703993055548, 202.43911458333343, 346.5481510416665]"
00029579_014.png,Cardiomegaly,0.08900627782110614,0.0289154,"[41.812479999999994, 277.249792, 200.249856, 333.249792]",datasets/chestxray8/val/images/00029579_014.png,Mass,"[50.9155555555555, 260.1434114583335, 69.11999999999995, 322.15230034722254]"
00029579_014.png,Cardiomegaly,0.0841829247477571,0.0096283,"[14.343680000000006, 244.75008000000003, 105.874944, 391.250176]",datasets/chestxray8/val/images/00029579_014.png,Mass,"[50.9155555555555, 260.1434114583335, 69.11999999999995, 322.15230034722254]"
00029579_014.png,Infiltration,0.07999970451267052,0.00733185,"[61.312256000000005, 272.500224, 140.24985600000002, 324.49996799999997]",datasets/chestxray8/val/images/00029579_014.png,Mass,"[50.9155555555555, 260.1434114583335, 69.11999999999995, 322.15230034722254]"
00029579_014.png,Cardiomegaly,0.13263892696547575,0.00719452,"[26.187520000000006, 254.50009599999998, 92.937472, 381.999872]",datasets/chestxray8/val/images/00029579_014.png,Mass,"[50.9155555555555, 260.1434114583335, 69.11999999999995, 322.15230034722254]"
00029579_014.png,Cardiomegaly,0.050013978995370745,0.00630569,"[12.750336000000004, 225.25030400000003, 135.750144, 408.75008]",datasets/chestxray8/val/images/00029579_014.png,Mass,"[50.9155555555555, 260.1434114583335, 69.11999999999995, 322.15230034722254]"
00029579_014.png,Infiltration,0.10410352296312937,0.00478745,"[47.99974400000001, 275.000064, 185.49990400000002, 332.999936]",datasets/chestxray8/val/images/00029579_014.png,Mass,"[50.9155555555555, 260.1434114583335, 69.11999999999995, 322.15230034722254]"
00029579_014.png,Cardiomegaly,0.07720338049316362,0.00464249,"[19.249919999999996, 198.249984, 101.625088, 375.750144]",datasets/chestxray8/val/images/00029579_014.png,Mass,"[50.9155555555555, 260.1434114583335, 69.11999999999995, 322.15230034722254]"
00029579_014.png,Cardiomegaly,0.07187833865399383,0.00431824,"[48.31257599999999, 136.125184, 123.500288, 345.000192]",datasets/chestxray8/val/images/00029579_014.png,Mass,"[50.9155555555555, 260.1434114583335, 69.11999999999995, 322.15230034722254]"
00029579_014.png,Cardiomegaly,0.16003323310079684,0.00232506,"[31.999744, 221.25004800000002, 84.249856, 356.25011200000006]",datasets/chestxray8/val/images/00029579_014.png,Mass,"[50.9155555555555, 260.1434114583335, 69.11999999999995, 322.15230034722254]"
00029579_014.png,Cardiomegaly,0.1163680050977148,0.00212479,"[39.37510399999999, 247.12524800000003, 122.374912, 364.0]",datasets/chestxray8/val/images/00029579_014.png,Mass,"[50.9155555555555, 260.1434114583335, 69.11999999999995, 322.15230034722254]"
00029579_014.png,Cardiomegaly,0.09985679159938987,0.00201035,"[32.406527999999994, 169.249792, 97.375232, 343.24992000000003]",datasets/chestxray8/val/images/00029579_014.png,Mass,"[50.9155555555555, 260.1434114583335, 69.11999999999995, 322.15230034722254]"
00029579_014.png,Cardiomegaly,0.07649955018748553,0.00188828,"[31.43731199999999, 186.37516799999997, 118.687232, 355.500032]",datasets/chestxray8/val/images/00029579_014.png,Mass,"[50.9155555555555, 260.1434114583335, 69.11999999999995, 322.15230034722254]"
00029579_014.png,Cardiomegaly,0.10671130625943055,0.00188732,"[35.437568, 261.250048, 193.750016, 326.75020800000004]",datasets/chestxray8/val/images/00029579_014.png,Mass,"[50.9155555555555, 260.1434114583335, 69.11999999999995, 322.15230034722254]"
00029579_014.png,Cardiomegaly,0.13675009259610288,0.00153732,"[54.937343999999996, 273.999872, 143.249664, 325.499904]",datasets/chestxray8/val/images/00029579_014.png,Mass,"[50.9155555555555, 260.1434114583335, 69.11999999999995, 322.15230034722254]"
00029579_014.png,Cardiomegaly,0.057930356422465246,0.00134468,"[12.343807999999996, 223.50003200000003, 98.375168, 450.000128]",datasets/chestxray8/val/images/00029579_014.png,Mass,"[50.9155555555555, 260.1434114583335, 69.11999999999995, 322.15230034722254]"
00029579_014.png,Cardiomegaly,0.061323817349135785,0.00101662,"[39.374848, 273.24979199999996, 210.37465600000002, 356.749824]",datasets/chestxray8/val/images/00029579_014.png,Mass,"[50.9155555555555, 260.1434114583335, 69.11999999999995, 322.15230034722254]"
00030674_000.png,Effusion,0.469109725299996,0.0818481,"[314.000128, 141.12511999999998, 396.500224, 269.499904]",datasets/chestxray8/val/images/00030674_000.png,Infiltration,"[316.4745762711865, 125.984184653072, 430.37288135593246, 231.20452363612299]"
00030674_000.png,Effusion,0.08549241646172882,0.0494385,"[317.999872, 210.62528, 377.499904, 270.500096]",datasets/chestxray8/val/images/00030674_000.png,Infiltration,"[316.4745762711865, 125.984184653072, 430.37288135593246, 231.20452363612299]"
00030674_000.png,Effusion,0.4564035110006121,0.0214844,"[339.500032, 150.875136, 410.999808, 227.37510400000002]",datasets/chestxray8/val/images/00030674_000.png,Infiltration,"[316.4745762711865, 125.984184653072, 430.37288135593246, 231.20452363612299]"
00030674_000.png,Effusion,0.18466715302655007,0.0143356,"[318.49983999999995, 189.374976, 384.0, 274.749952]",datasets/chestxray8/val/images/00030674_000.png,Infiltration,"[316.4745762711865, 125.984184653072, 430.37288135593246, 231.20452363612299]"
00030674_000.png,Effusion,0.4695676680154835,0.013092,"[299.50003200000003, 127.375104, 406.000128, 288.00025600000004]",datasets/chestxray8/val/images/00030674_000.png,Infiltration,"[316.4745762711865, 125.984184653072, 430.37288135593246, 231.20452363612299]"
00030674_000.png,Effusion,0.07222932769396533,0.0124435,"[283.50003200000003, 10.124799999999993, 413.499904, 146.625024]",datasets/chestxray8/val/images/00030674_000.png,Infiltration,"[316.4745762711865, 125.984184653072, 430.37288135593246, 231.20452363612299]"
00030674_000.png,Effusion,0.47418436175341944,0.0121307,"[307.75014400000003, 91.49977599999998, 424.250112, 291.24992]",datasets/chestxray8/val/images/00030674_000.png,Infiltration,"[316.4745762711865, 125.984184653072, 430.37288135593246, 231.20452363612299]"
00030674_000.png,Effusion,0.35571187317729086,0.00717545,"[326.99980800000003, 140.249856, 384.99968, 213.750016]",datasets/chestxray8/val/images/00030674_000.png,Infiltration,"[316.4745762711865, 125.984184653072, 430.37288135593246, 231.20452363612299]"
00030674_000.png,Effusion,0.06837001972877006,0.00669098,"[347.2501504, 127.62513919999999, 375.7501696, 156.3751168]",datasets/chestxray8/val/images/00030674_000.png,Infiltration,"[316.4745762711865, 125.984184653072, 430.37288135593246, 231.20452363612299]"
00030674_000.png,Effusion,0.20295064336688715,0.00559616,"[331.7501696, 140.875264, 378.7501824, 192.62515199999999]",datasets/chestxray8/val/images/00030674_000.png,Infiltration,"[316.4745762711865, 125.984184653072, 430.37288135593246, 231.20452363612299]"
00030674_000.png,Effusion,0.22156988176184603,0.0051651,"[367.9998464, 169.499648, 416.4998656, 224.249856]",datasets/chestxray8/val/images/00030674_000.png,Infiltration,"[316.4745762711865, 125.984184653072, 430.37288135593246, 231.20452363612299]"
00030674_000.png,Effusion,0.31353952123225226,0.00426865,"[312.500224, 34.74995200000001, 449.50016000000005, 313.750016]",datasets/chestxray8/val/images/00030674_000.png,Infiltration,"[316.4745762711865, 125.984184653072, 430.37288135593246, 231.20452363612299]"
00030674_000.png,Effusion,0.3575695052721251,0.00422287,"[361.74976000000004, 160.000256, 422.749952, 230.25024]",datasets/chestxray8/val/images/00030674_000.png,Infiltration,"[316.4745762711865, 125.984184653072, 430.37288135593246, 231.20452363612299]"
00030674_000.png,Cardiomegaly,0.22036366720271827,0.0032196,"[251.75014400000003, 66.437632, 389.750016, 288.999936]",datasets/chestxray8/val/images/00030674_000.png,Infiltration,"[316.4745762711865, 125.984184653072, 430.37288135593246, 231.20452363612299]"
00030674_000.png,Cardiomegaly,0.31353952123225226,0.0026741,"[312.500224, 34.74995200000001, 449.50016000000005, 313.750016]",datasets/chestxray8/val/images/00030674_000.png,Infiltration,"[316.4745762711865, 125.984184653072, 430.37288135593246, 231.20452363612299]"
00030674_000.png,Effusion,0.05084846923711469,0.00264931,"[306.7501056, 124.2500352, 338.2500864, 154.7500288]",datasets/chestxray8/val/images/00030674_000.png,Infiltration,"[316.4745762711865, 125.984184653072, 430.37288135593246, 231.20452363612299]"
00030674_000.png,Mass,0.47418436175341944,0.00189686,"[307.75014400000003, 91.49977599999998, 424.250112, 291.24992]",datasets/chestxray8/val/images/00030674_000.png,Infiltration,"[316.4745762711865, 125.984184653072, 430.37288135593246, 231.20452363612299]"
00030674_000.png,Mass,0.22036366720271827,0.00182152,"[251.75014400000003, 66.437632, 389.750016, 288.999936]",datasets/chestxray8/val/images/00030674_000.png,Infiltration,"[316.4745762711865, 125.984184653072, 430.37288135593246, 231.20452363612299]"
00030674_000.png,Mass,0.2843188366107078,0.00178528,"[290.249984, 26.374911999999995, 450.750208, 288.99968]",datasets/chestxray8/val/images/00030674_000.png,Infiltration,"[316.4745762711865, 125.984184653072, 430.37288135593246, 231.20452363612299]"
00030674_000.png,Effusion,0.08095192783679173,0.001647,"[329.7502208, 207.8750464, 375.2502272, 256.0000256]",datasets/chestxray8/val/images/00030674_000.png,Infiltration,"[316.4745762711865, 125.984184653072, 430.37288135593246, 231.20452363612299]"
00030674_000.png,Effusion,0.41990792163506224,0.00161266,"[318.500096, 150.99980799999997, 381.999872, 230.249728]",datasets/chestxray8/val/images/00030674_000.png,Infiltration,"[316.4745762711865, 125.984184653072, 430.37288135593246, 231.20452363612299]"
00030674_000.png,Effusion,0.38740494444289325,0.00156975,"[339.249664, 164.625152, 415.24992000000003, 245.37523199999998]",datasets/chestxray8/val/images/00030674_000.png,Infiltration,"[316.4745762711865, 125.984184653072, 430.37288135593246, 231.20452363612299]"
00030674_000.png,Cardiomegaly,0.1964909217887552,0.00155735,"[247.75014400000003, 109.56236799999999, 364.750336, 271.499776]",datasets/chestxray8/val/images/00030674_000.png,Infiltration,"[316.4745762711865, 125.984184653072, 430.37288135593246, 231.20452363612299]"
00030674_000.png,Mass,0.1964909217887552,0.00150967,"[247.75014400000003, 109.56236799999999, 364.750336, 271.499776]",datasets/chestxray8/val/images/00030674_000.png,Infiltration,"[316.4745762711865, 125.984184653072, 430.37288135593246, 231.20452363612299]"
00030674_000.png,Effusion,0.13938891284017377,0.00143528,"[303.00006399999995, 0.00025600000000736145, 429.499904, 161.000192]",datasets/chestxray8/val/images/00030674_000.png,Infiltration,"[316.4745762711865, 125.984184653072, 430.37288135593246, 231.20452363612299]"
00030674_000.png,Effusion,0.05198359436252569,0.00139618,"[299.9999744, 144.1247744, 336.4999936, 176.6247936]",datasets/chestxray8/val/images/00030674_000.png,Infiltration,"[316.4745762711865, 125.984184653072, 430.37288135593246, 231.20452363612299]"
00030674_000.png,Effusion,0.15682846435771206,0.00139332,"[340.2498048, 134.0000512, 382.24977920000003, 178.75002880000002]",datasets/chestxray8/val/images/00030674_000.png,Infiltration,"[316.4745762711865, 125.984184653072, 430.37288135593246, 231.20452363612299]"
00030674_000.png,Effusion,0.24673402332079886,0.00128269,"[265.24979199999996, 61.374720000000025, 410.749952, 323.499776]",datasets/chestxray8/val/images/00030674_000.png,Infiltration,"[316.4745762711865, 125.984184653072, 430.37288135593246, 231.20452363612299]"
00030674_000.png,Effusion,0.07969618063526668,0.00111103,"[344.2500096, 120.0, 379.25002240000003, 153.75001600000002]",datasets/chestxray8/val/images/00030674_000.png,Infiltration,"[316.4745762711865, 125.984184653072, 430.37288135593246, 231.20452363612299]"
00030674_000.png,Effusion,0.20639313015849425,0.00104618,"[317.9999744, 164.5001216, 366.4999936, 215.50013439999998]",datasets/chestxray8/val/images/00030674_000.png,Infiltration,"[316.4745762711865, 125.984184653072, 430.37288135593246, 231.20452363612299]"
00013685_000.png,Infiltration,0.2554697649628646,0.300537,"[110.06259200000001, 192.24985600000002, 213.00019200000003, 245.250048]",datasets/chestxray8/val/images/00013685_000.png,Infiltration,"[129.35593220339, 218.18757448358053, 185.22033898305102, 243.1367270259534]"
00013685_000.png,Infiltration,0.05764203085429542,0.0393677,"[134.62476800000002, 217.750272, 415.499776, 295.250176]",datasets/chestxray8/val/images/00013685_000.png,Infiltration,"[129.35593220339, 218.18757448358053, 185.22033898305102, 243.1367270259534]"
00013685_000.png,Infiltration,0.33873077347765684,0.0273132,"[113.75001599999999, 208.2497536, 213.499904, 249.4997504]",datasets/chestxray8/val/images/00013685_000.png,Infiltration,"[129.35593220339, 218.18757448358053, 185.22033898305102, 243.1367270259534]"
00013685_000.png,Cardiomegaly,0.06184510542536986,0.0112991,"[90.06259200000002, 121.62534399999998, 171.24992, 325.50016]",datasets/chestxray8/val/images/00013685_000.png,Infiltration,"[129.35593220339, 218.18757448358053, 185.22033898305102, 243.1367270259534]"
00013685_000.png,Infiltration,0.21827110135670638,0.00994873,"[104.12518400000002, 209.7500928, 233.12512, 259.2500992]",datasets/chestxray8/val/images/00013685_000.png,Infiltration,"[129.35593220339, 218.18757448358053, 185.22033898305102, 243.1367270259534]"
00013685_000.png,Infiltration,0.0726931000081327,0.00841522,"[110.49984000000003, 211.62496, 409.499648, 275.749888]",datasets/chestxray8/val/images/00013685_000.png,Infiltration,"[129.35593220339, 218.18757448358053, 185.22033898305102, 243.1367270259534]"
00013685_000.png,Infiltration,0.12343176507920706,0.00729752,"[111.500032, 172.00025599999998, 208.74982400000002, 232.500224]",datasets/chestxray8/val/images/00013685_000.png,Infiltration,"[129.35593220339, 218.18757448358053, 185.22033898305102, 243.1367270259534]"
00013685_000.png,Infiltration,0.05688265788977681,0.00679016,"[140.124928, 195.250176, 412.999936, 266.749952]",datasets/chestxray8/val/images/00013685_000.png,Infiltration,"[129.35593220339, 218.18757448358053, 185.22033898305102, 243.1367270259534]"
00013685_000.png,Cardiomegaly,0.0904178468066292,0.00608063,"[88.499712, 161.50016, 205.49990400000002, 293.250048]",datasets/chestxray8/val/images/00013685_000.png,Infiltration,"[129.35593220339, 218.18757448358053, 185.22033898305102, 243.1367270259534]"
00013685_000.png,Cardiomegaly,0.1821481603266899,0.00566483,"[105.0624, 191.500288, 220.99967999999998, 257.50016]",datasets/chestxray8/val/images/00013685_000.png,Infiltration,"[129.35593220339, 218.18757448358053, 185.22033898305102, 243.1367270259534]"
00013685_000.png,Cardiomegaly,0.05876213158194617,0.00434875,"[135.500032, 219.625216, 413.999872, 290.249984]",datasets/chestxray8/val/images/00013685_000.png,Infiltration,"[129.35593220339, 218.18757448358053, 185.22033898305102, 243.1367270259534]"
00013685_000.png,Effusion,0.05688265788977681,0.00415421,"[140.124928, 195.250176, 412.999936, 266.749952]",datasets/chestxray8/val/images/00013685_000.png,Infiltration,"[129.35593220339, 218.18757448358053, 185.22033898305102, 243.1367270259534]"
00013685_000.png,Cardiomegaly,0.061330418664827475,0.0035038,"[80.687616, 192.12492799999998, 162.50009599999998, 350.000128]",datasets/chestxray8/val/images/00013685_000.png,Infiltration,"[129.35593220339, 218.18757448358053, 185.22033898305102, 243.1367270259534]"
00013685_000.png,Cardiomegaly,0.08397844266208276,0.00310707,"[97.81248, 148.999936, 165.74975999999998, 300.999936]",datasets/chestxray8/val/images/00013685_000.png,Infiltration,"[129.35593220339, 218.18757448358053, 185.22033898305102, 243.1367270259534]"
00013685_000.png,Infiltration,0.16094081108134942,0.0022068,"[105.374976, 183.625216, 199.12473599999998, 276.000256]",datasets/chestxray8/val/images/00013685_000.png,Infiltration,"[129.35593220339, 218.18757448358053, 185.22033898305102, 243.1367270259534]"
00013685_000.png,Infiltration,0.14341583729380664,0.00216484,"[103.750144, 152.75008, 192.99993600000002, 238.49983999999998]",datasets/chestxray8/val/images/00013685_000.png,Infiltration,"[129.35593220339, 218.18757448358053, 185.22033898305102, 243.1367270259534]"
00013685_000.png,Infiltration,0.07731930621613801,0.00212669,"[95.187456, 151.249664, 207.499776, 311.749888]",datasets/chestxray8/val/images/00013685_000.png,Infiltration,"[129.35593220339, 218.18757448358053, 185.22033898305102, 243.1367270259534]"
00013685_000.png,Cardiomegaly,0.15323485678750162,0.00192928,"[91.99974399999999, 206.24998399999998, 226.74995199999998, 273.750016]",datasets/chestxray8/val/images/00013685_000.png,Infiltration,"[129.35593220339, 218.18757448358053, 185.22033898305102, 243.1367270259534]"
00013685_000.png,Infiltration,0.05033022395059471,0.00171947,"[109.562624, 169.75001600000002, 188.75008, 223.000064]",datasets/chestxray8/val/images/00013685_000.png,Infiltration,"[129.35593220339, 218.18757448358053, 185.22033898305102, 243.1367270259534]"
00013685_000.png,Infiltration,0.15423056715846956,0.00158882,"[104.312576, 173.87519999999998, 219.24992, 252.499968]",datasets/chestxray8/val/images/00013685_000.png,Infiltration,"[129.35593220339, 218.18757448358053, 185.22033898305102, 243.1367270259534]"
00013685_000.png,Infiltration,0.1823302428273743,0.00146198,"[146.99980799999997, 186.00012800000002, 226.749952, 241.750272]",datasets/chestxray8/val/images/00013685_000.png,Infiltration,"[129.35593220339, 218.18757448358053, 185.22033898305102, 243.1367270259534]"
00013685_000.png,Cardiomegaly,0.0745844557177148,0.00138283,"[98.74995199999998, 209.8752, 420.25011199999994, 268.0]",datasets/chestxray8/val/images/00013685_000.png,Infiltration,"[129.35593220339, 218.18757448358053, 185.22033898305102, 243.1367270259534]"
00013685_000.png,Atelectasis,0.06252942318174964,0.00138187,"[90.49984, 188.75008, 361.499904, 271.00032]",datasets/chestxray8/val/images/00013685_000.png,Infiltration,"[129.35593220339, 218.18757448358053, 185.22033898305102, 243.1367270259534]"
00013685_000.png,Infiltration,0.20504941062875381,0.00129223,"[125.624832, 194.125056, 239.62470399999998, 253.750016]",datasets/chestxray8/val/images/00013685_000.png,Infiltration,"[129.35593220339, 218.18757448358053, 185.22033898305102, 243.1367270259534]"
00013685_000.png,Infiltration,0.08397844266208276,0.00110817,"[97.81248, 148.999936, 165.74975999999998, 300.999936]",datasets/chestxray8/val/images/00013685_000.png,Infiltration,"[129.35593220339, 218.18757448358053, 185.22033898305102, 243.1367270259534]"
00013685_000.png,Cardiomegaly,0.07054451104338234,0.00110245,"[89.37472, 105.06240000000001, 197.37497599999998, 288.0]",datasets/chestxray8/val/images/00013685_000.png,Infiltration,"[129.35593220339, 218.18757448358053, 185.22033898305102, 243.1367270259534]"
00013685_000.png,Cardiomegaly,0.06274291902124762,0.00105286,"[93.49990399999999, 110.062592, 159.24992, 280.999936]",datasets/chestxray8/val/images/00013685_000.png,Infiltration,"[129.35593220339, 218.18757448358053, 185.22033898305102, 243.1367270259534]"
00013685_000.png,Cardiomegaly,0.33873077347765684,0.00100708,"[113.75001599999999, 208.2497536, 213.499904, 249.4997504]",datasets/chestxray8/val/images/00013685_000.png,Infiltration,"[129.35593220339, 218.18757448358053, 185.22033898305102, 243.1367270259534]"
00001555_002.png,Atelectasis,0.06986076667170485,0.00482941,"[276.749824, 259.249664, 386.749952, 443.749888]",datasets/chestxray8/val/images/00001555_002.png,Effusion,"[307.2, 404.1820105820105, 344.58412698412695, 442.1079365079365]"
00001555_002.png,Effusion,0.11884018991732645,0.00402451,"[317.750016, 356.250112, 375.749888, 425.750016]",datasets/chestxray8/val/images/00001555_002.png,Effusion,"[307.2, 404.1820105820105, 344.58412698412695, 442.1079365079365]"
00001555_002.png,Infiltration,0.09029503051768684,0.00336456,"[323.50003200000003, 362.500096, 405.00019199999997, 432.0]",datasets/chestxray8/val/images/00001555_002.png,Effusion,"[307.2, 404.1820105820105, 344.58412698412695, 442.1079365079365]"
00001555_002.png,Infiltration,0.052871660277741955,0.00276947,"[330.25024, 348.25011199999994, 394.25024, 426.749952]",datasets/chestxray8/val/images/00001555_002.png,Effusion,"[307.2, 404.1820105820105, 344.58412698412695, 442.1079365079365]"
00001555_002.png,Effusion,0.14338118994060656,0.00233078,"[307.500288, 334.000128, 381.50016, 433.999872]",datasets/chestxray8/val/images/00001555_002.png,Effusion,"[307.2, 404.1820105820105, 344.58412698412695, 442.1079365079365]"
00001555_002.png,Effusion,0.07119527317212183,0.00127792,"[314.9997568, 351.00032, 364.99973120000004, 414.500096]",datasets/chestxray8/val/images/00001555_002.png,Effusion,"[307.2, 404.1820105820105, 344.58412698412695, 442.1079365079365]"
00001555_002.png,Effusion,0.09987888003613378,0.00125599,"[288.24985599999997, 284.999936, 377.249792, 444.499712]",datasets/chestxray8/val/images/00001555_002.png,Effusion,"[307.2, 404.1820105820105, 344.58412698412695, 442.1079365079365]"
00001555_002.png,Effusion,0.2756556497540901,0.00123119,"[308.749824, 371.24992, 368.75008, 436.249856]",datasets/chestxray8/val/images/00001555_002.png,Effusion,"[307.2, 404.1820105820105, 344.58412698412695, 442.1079365079365]"
00001555_002.png,Atelectasis,0.055082819602021604,0.00115967,"[89.75001599999999, 395.000064, 349.74976000000004, 493.99987200000004]",datasets/chestxray8/val/images/00001555_002.png,Effusion,"[307.2, 404.1820105820105, 344.58412698412695, 442.1079365079365]"
00027577_003.png,Infiltration,0.14352907827496514,0.109375,"[66.75020799999999, 206.49981440000002, 148.0, 249.2498176]",datasets/chestxray8/val/images/00027577_003.png,Cardiomegaly,"[47.13650793650795, 105.6507936507935, 115.40317460317445, 238.933333333333]"
00027577_003.png,Infiltration,0.12181691026435275,0.0386658,"[62.187520000000006, 211.2498176, 156.250112, 258.74979840000003]",datasets/chestxray8/val/images/00027577_003.png,Cardiomegaly,"[47.13650793650795, 105.6507936507935, 115.40317460317445, 238.933333333333]"
00027577_003.png,Cardiomegaly,0.30438394693137055,0.0341492,"[10.375168000000002, 120.249856, 111.875072, 354.99980800000003]",datasets/chestxray8/val/images/00027577_003.png,Cardiomegaly,"[47.13650793650795, 105.6507936507935, 115.40317460317445, 238.933333333333]"
00027577_003.png,Infiltration,0.24126901836776948,0.026535,"[56.999936, 196.00017920000002, 138.749952, 242.5001728]",datasets/chestxray8/val/images/00027577_003.png,Cardiomegaly,"[47.13650793650795, 105.6507936507935, 115.40317460317445, 238.933333333333]"
00027577_003.png,Cardiomegaly,0.38461770042394905,0.0175323,"[34.12479999999999, 64.187648, 156.499968, 257.499904]",datasets/chestxray8/val/images/00027577_003.png,Cardiomegaly,"[47.13650793650795, 105.6507936507935, 115.40317460317445, 238.933333333333]"
00027577_003.png,Cardiomegaly,0.34485690469989033,0.0127029,"[23.437824, 66.56281600000001, 130.50009599999998, 313.000192]",datasets/chestxray8/val/images/00027577_003.png,Cardiomegaly,"[47.13650793650795, 105.6507936507935, 115.40317460317445, 238.933333333333]"
00027577_003.png,Infiltration,0.19185479548502,0.00843048,"[58.625023999999996, 206.7500032, 113.625088, 241.2499968]",datasets/chestxray8/val/images/00027577_003.png,Cardiomegaly,"[47.13650793650795, 105.6507936507935, 115.40317460317445, 238.933333333333]"
00027577_003.png,Cardiomegaly,0.23146123436492033,0.00776291,"[25.250304, 155.000064, 93.000192, 323.000064]",datasets/chestxray8/val/images/00027577_003.png,Cardiomegaly,"[47.13650793650795, 105.6507936507935, 115.40317460317445, 238.933333333333]"
00027577_003.png,Infiltration,0.31352148745048825,0.00651169,"[40.249856, 178.999808, 128.875008, 269.74976]",datasets/chestxray8/val/images/00027577_003.png,Cardiomegaly,"[47.13650793650795, 105.6507936507935, 115.40317460317445, 238.933333333333]"
00027577_003.png,Cardiomegaly,0.31352148745048825,0.00597382,"[40.249856, 178.999808, 128.875008, 269.74976]",datasets/chestxray8/val/images/00027577_003.png,Cardiomegaly,"[47.13650793650795, 105.6507936507935, 115.40317460317445, 238.933333333333]"
00027577_003.png,Mass,0.24227469278329883,0.00432968,"[33.18732800000001, 45.312256000000005, 180.499968, 300.249856]",datasets/chestxray8/val/images/00027577_003.png,Cardiomegaly,"[47.13650793650795, 105.6507936507935, 115.40317460317445, 238.933333333333]"
00027577_003.png,Cardiomegaly,0.2063021319009208,0.00423813,"[28.75008000000001, 165.00019199999997, 160.87526400000002, 319.500288]",datasets/chestxray8/val/images/00027577_003.png,Cardiomegaly,"[47.13650793650795, 105.6507936507935, 115.40317460317445, 238.933333333333]"
00027577_003.png,Cardiomegaly,0.20513455167619285,0.0040741,"[18.312447999999996, 154.749952, 142.249728, 353.750016]",datasets/chestxray8/val/images/00027577_003.png,Cardiomegaly,"[47.13650793650795, 105.6507936507935, 115.40317460317445, 238.933333333333]"
00027577_003.png,Cardiomegaly,0.49163100081217687,0.00366211,"[46.656512, 72.249856, 145.375232, 219.999744]",datasets/chestxray8/val/images/00027577_003.png,Cardiomegaly,"[47.13650793650795, 105.6507936507935, 115.40317460317445, 238.933333333333]"
00027577_003.png,Cardiomegaly,0.3052094184917275,0.00255013,"[64.06272, 77.99987199999998, 166.25024000000002, 207.249664]",datasets/chestxray8/val/images/00027577_003.png,Cardiomegaly,"[47.13650793650795, 105.6507936507935, 115.40317460317445, 238.933333333333]"
00027577_003.png,Cardiomegaly,0.24227469278329883,0.00230408,"[33.18732800000001, 45.312256000000005, 180.499968, 300.249856]",datasets/chestxray8/val/images/00027577_003.png,Cardiomegaly,"[47.13650793650795, 105.6507936507935, 115.40317460317445, 238.933333333333]"
00027577_003.png,Cardiomegaly,0.10461068448867157,0.00210381,"[7.187404799999996, 181.49990400000002, 84.2500608, 355.50003200000003]",datasets/chestxray8/val/images/00027577_003.png,Cardiomegaly,"[47.13650793650795, 105.6507936507935, 115.40317460317445, 238.933333333333]"
00027577_003.png,Infiltration,0.13179642751276663,0.00170898,"[80.875008, 197.12494080000002, 157.12511999999998, 240.3749632]",datasets/chestxray8/val/images/00027577_003.png,Cardiomegaly,"[47.13650793650795, 105.6507936507935, 115.40317460317445, 238.933333333333]"
00027577_003.png,Cardiomegaly,0.36485302876737896,0.00158978,"[33.281024, 123.124992, 90.625024, 292.999936]",datasets/chestxray8/val/images/00027577_003.png,Cardiomegaly,"[47.13650793650795, 105.6507936507935, 115.40317460317445, 238.933333333333]"
00027577_003.png,Cardiomegaly,0.22355547814224783,0.00134563,"[55.031296000000005, 169.000192, 173.49990400000002, 287.250176]",datasets/chestxray8/val/images/00027577_003.png,Cardiomegaly,"[47.13650793650795, 105.6507936507935, 115.40317460317445, 238.933333333333]"
00027577_003.png,Cardiomegaly,0.24815166750071993,0.00118351,"[76.812288, 93.87519999999999, 156.499968, 193.37523199999998]",datasets/chestxray8/val/images/00027577_003.png,Cardiomegaly,"[47.13650793650795, 105.6507936507935, 115.40317460317445, 238.933333333333]"
00023168_000.png,Mass,0.11442223597090796,0.131226,"[39.187712000000005, 298.500352, 216.499968, 442.000128]",datasets/chestxray8/val/images/00023168_000.png,Effusion,"[107.81798941798951, 339.1661375661375, 154.95449735449745, 400.93121693121697]"
00023168_000.png,Mass,0.12879778687018434,0.0379333,"[24.875007999999994, 311.499776, 178.1248, 458.99980800000003]",datasets/chestxray8/val/images/00023168_000.png,Effusion,"[107.81798941798951, 339.1661375661375, 154.95449735449745, 400.93121693121697]"
00023168_000.png,Mass,0.07222168949322537,0.0184174,"[39.624959999999994, 344.499712, 122.125056, 454.49984]",datasets/chestxray8/val/images/00023168_000.png,Effusion,"[107.81798941798951, 339.1661375661375, 154.95449735449745, 400.93121693121697]"
00023168_000.png,Mass,0.18874509413204069,0.0116806,"[54.874624, 310.000128, 209.124864, 409.999872]",datasets/chestxray8/val/images/00023168_000.png,Effusion,"[107.81798941798951, 339.1661375661375, 154.95449735449745, 400.93121693121697]"
00023168_000.png,Mass,0.061218905964719524,0.00325012,"[85.81248000000001, 112.87500799999998, 236.24985600000002, 429.00019199999997]",datasets/chestxray8/val/images/00023168_000.png,Effusion,"[107.81798941798951, 339.1661375661375, 154.95449735449745, 400.93121693121697]"
00023168_000.png,Cardiomegaly,0.06078643558739984,0.00279999,"[26.624768000000003, 71.499776, 158.749952, 433.999872]",datasets/chestxray8/val/images/00023168_000.png,Effusion,"[107.81798941798951, 339.1661375661375, 154.95449735449745, 400.93121693121697]"
00023168_000.png,Cardiomegaly,0.09835461726912671,0.00275993,"[26.499839999999992, 215.25017599999998, 164.499712, 429.75001599999996]",datasets/chestxray8/val/images/00023168_000.png,Effusion,"[107.81798941798951, 339.1661375661375, 154.95449735449745, 400.93121693121697]"
00023168_000.png,Mass,0.09903851326406192,0.00263214,"[4.687359999999998, 288.500224, 159.000064, 479.00006399999995]",datasets/chestxray8/val/images/00023168_000.png,Effusion,"[107.81798941798951, 339.1661375661375, 154.95449735449745, 400.93121693121697]"
00023168_000.png,Mass,0.12154843955498101,0.00222015,"[16.50022399999999, 327.999744, 144.625152, 468.999936]",datasets/chestxray8/val/images/00023168_000.png,Effusion,"[107.81798941798951, 339.1661375661375, 154.95449735449745, 400.93121693121697]"
00023168_000.png,Cardiomegaly,0.08786874064723957,0.00192833,"[20.062208, 248.999936, 138.999808, 424.999936]",datasets/chestxray8/val/images/00023168_000.png,Effusion,"[107.81798941798951, 339.1661375661375, 154.95449735449745, 400.93121693121697]"
00023168_000.png,Infiltration,0.08514962380372983,0.00145435,"[72.62515199999999, 282.99980800000003, 181.374976, 357.499904]",datasets/chestxray8/val/images/00023168_000.png,Effusion,"[107.81798941798951, 339.1661375661375, 154.95449735449745, 400.93121693121697]"
00023168_000.png,Cardiomegaly,0.05812138380400409,0.00126648,"[18.062591999999995, 144.12518400000002, 172.249856, 468.99993600000005]",datasets/chestxray8/val/images/00023168_000.png,Effusion,"[107.81798941798951, 339.1661375661375, 154.95449735449745, 400.93121693121697]"
00023168_000.png,Atelectasis,0.05345882122206773,0.00125885,"[25.499903999999987, 342.750208, 328.49996799999997, 511.500288]",datasets/chestxray8/val/images/00023168_000.png,Effusion,"[107.81798941798951, 339.1661375661375, 154.95449735449745, 400.93121693121697]"
00023168_000.png,Cardiomegaly,0.06971107880443123,0.00117493,"[63.62495999999999, 145.000192, 224.874752, 404.0]",datasets/chestxray8/val/images/00023168_000.png,Effusion,"[107.81798941798951, 339.1661375661375, 154.95449735449745, 400.93121693121697]"
00028330_003.png,Mass,0.18943252166603297,0.0317688,"[61.499904, 130.49984, 203.50003199999998, 282.49984]",datasets/chestxray8/val/images/00028330_003.png,Effusion,"[104.56719576719598, 219.97037037037046, 177.71005291005298, 317.49417989418]"
00028330_003.png,Effusion,0.3885612304796324,0.0143814,"[85.937664, 164.00025599999998, 201.75001600000002, 313.50016]",datasets/chestxray8/val/images/00028330_003.png,Effusion,"[104.56719576719598, 219.97037037037046, 177.71005291005298, 317.49417989418]"
00028330_003.png,Mass,0.40003448571449984,0.0124283,"[94.87488000000002, 163.749888, 189.625088, 297.249792]",datasets/chestxray8/val/images/00028330_003.png,Effusion,"[104.56719576719598, 219.97037037037046, 177.71005291005298, 317.49417989418]"
00028330_003.png,Mass,0.07503805076743726,0.00863647,"[73.499904, 147.000064, 207.749888, 238.50009599999998]",datasets/chestxray8/val/images/00028330_003.png,Effusion,"[104.56719576719598, 219.97037037037046, 177.71005291005298, 317.49417989418]"
00028330_003.png,Mass,0.1252503179093793,0.00488281,"[45.625088000000005, 106.75020799999999, 142.749952, 377.750272]",datasets/chestxray8/val/images/00028330_003.png,Effusion,"[104.56719576719598, 219.97037037037046, 177.71005291005298, 317.49417989418]"
00028330_003.png,Effusion,0.33478614175415355,0.00456619,"[101.562624, 154.87488, 207.500032, 355.99974399999996]",datasets/chestxray8/val/images/00028330_003.png,Effusion,"[104.56719576719598, 219.97037037037046, 177.71005291005298, 317.49417989418]"
00028330_003.png,Mass,0.24614847029414252,0.00372696,"[93.249792, 118.375168, 212.999936, 297.00019199999997]",datasets/chestxray8/val/images/00028330_003.png,Effusion,"[104.56719576719598, 219.97037037037046, 177.71005291005298, 317.49417989418]"
00028330_003.png,Mass,0.18829875796028803,0.00366783,"[63.000319999999995, 203.74988800000003, 128.250112, 317.250048]",datasets/chestxray8/val/images/00028330_003.png,Effusion,"[104.56719576719598, 219.97037037037046, 177.71005291005298, 317.49417989418]"
00028330_003.png,Effusion,0.4482111116805008,0.00342369,"[105.749888, 222.125056, 155.99987199999998, 285.750272]",datasets/chestxray8/val/images/00028330_003.png,Effusion,"[104.56719576719598, 219.97037037037046, 177.71005291005298, 317.49417989418]"
00028330_003.png,Mass,0.32054903715287664,0.00342178,"[72.249856, 233.87494400000003, 143.37484800000001, 314.249728]",datasets/chestxray8/val/images/00028330_003.png,Effusion,"[104.56719576719598, 219.97037037037046, 177.71005291005298, 317.49417989418]"
00028330_003.png,Cardiomegaly,0.07597007428271288,0.00308037,"[30.1248, 86.12505599999997, 132.374784, 392.0]",datasets/chestxray8/val/images/00028330_003.png,Effusion,"[104.56719576719598, 219.97037037037046, 177.71005291005298, 317.49417989418]"
00028330_003.png,Mass,0.14651411285574698,0.0029583,"[68.875264, 229.999872, 125.87519999999999, 294.99980800000003]",datasets/chestxray8/val/images/00028330_003.png,Effusion,"[104.56719576719598, 219.97037037037046, 177.71005291005298, 317.49417989418]"
00028330_003.png,Effusion,0.4671824684100011,0.00231934,"[111.24991999999999, 238.00012800000002, 164.99967999999998, 300.00025600000004]",datasets/chestxray8/val/images/00028330_003.png,Effusion,"[104.56719576719598, 219.97037037037046, 177.71005291005298, 317.49417989418]"
00028330_003.png,Effusion,0.14838188857784046,0.00229454,"[109.1248896, 198.0002048, 156.1249024, 245.7501952]",datasets/chestxray8/val/images/00028330_003.png,Effusion,"[104.56719576719598, 219.97037037037046, 177.71005291005298, 317.49417989418]"
00028330_003.png,Infiltration,0.27568240709675773,0.00204468,"[78.81216, 260.0, 147.749888, 314.49983999999995]",datasets/chestxray8/val/images/00028330_003.png,Effusion,"[104.56719576719598, 219.97037037037046, 177.71005291005298, 317.49417989418]"
00028330_003.png,Mass,0.08789217995417602,0.00184727,"[73.312768, 101.437696, 207.000064, 249.750272]",datasets/chestxray8/val/images/00028330_003.png,Effusion,"[104.56719576719598, 219.97037037037046, 177.71005291005298, 317.49417989418]"
00028330_003.png,Infiltration,0.27237667467769183,0.00177097,"[74.18752, 241.49964800000004, 140.999936, 310.49984]",datasets/chestxray8/val/images/00028330_003.png,Effusion,"[104.56719576719598, 219.97037037037046, 177.71005291005298, 317.49417989418]"
00028330_003.png,Mass,0.366720754391703,0.00148582,"[87.00006399999998, 168.999936, 200.75008, 339.999744]",datasets/chestxray8/val/images/00028330_003.png,Effusion,"[104.56719576719598, 219.97037037037046, 177.71005291005298, 317.49417989418]"
00028330_003.png,Mass,0.06773580070359402,0.00141716,"[30.281216, 76.374784, 130.625024, 404.49971200000005]",datasets/chestxray8/val/images/00028330_003.png,Effusion,"[104.56719576719598, 219.97037037037046, 177.71005291005298, 317.49417989418]"
00028330_003.png,Effusion,0.36028419172895104,0.00139999,"[136.125184, 195.750144, 203.12499200000002, 317.250304]",datasets/chestxray8/val/images/00028330_003.png,Effusion,"[104.56719576719598, 219.97037037037046, 177.71005291005298, 317.49417989418]"
00028330_003.png,Effusion,0.09489415698011741,0.0013876,"[116.12480000000002, 200.1248, 158.374784, 237.874816]",datasets/chestxray8/val/images/00028330_003.png,Effusion,"[104.56719576719598, 219.97037037037046, 177.71005291005298, 317.49417989418]"
00028330_003.png,Effusion,0.056228722009101596,0.00133896,"[146.2497536, 193.6250624, 183.4997504, 234.6250496]",datasets/chestxray8/val/images/00028330_003.png,Effusion,"[104.56719576719598, 219.97037037037046, 177.71005291005298, 317.49417989418]"
00028330_003.png,Infiltration,0.4618496784798432,0.00132847,"[84.0, 250.49983999999998, 164.75008, 315.499776]",datasets/chestxray8/val/images/00028330_003.png,Effusion,"[104.56719576719598, 219.97037037037046, 177.71005291005298, 317.49417989418]"
00028330_003.png,Effusion,0.06070563874137615,0.00123119,"[112.2497536, 193.87481599999998, 155.2497664, 231.624832]",datasets/chestxray8/val/images/00028330_003.png,Effusion,"[104.56719576719598, 219.97037037037046, 177.71005291005298, 317.49417989418]"
00028330_003.png,Effusion,0.10107714257812521,0.00122738,"[110.12480000000001, 271.499904, 135.874816, 299.499904]",datasets/chestxray8/val/images/00028330_003.png,Effusion,"[104.56719576719598, 219.97037037037046, 177.71005291005298, 317.49417989418]"
00028330_003.png,Cardiomegaly,0.366720754391703,0.00120926,"[87.00006399999998, 168.999936, 200.75008, 339.999744]",datasets/chestxray8/val/images/00028330_003.png,Effusion,"[104.56719576719598, 219.97037037037046, 177.71005291005298, 317.49417989418]"
00028330_003.png,Effusion,0.37061563585485974,0.00113201,"[102.87487999999999, 208.249856, 158.87488, 273.75001599999996]",datasets/chestxray8/val/images/00028330_003.png,Effusion,"[104.56719576719598, 219.97037037037046, 177.71005291005298, 317.49417989418]"
00028330_003.png,Effusion,0.3142525621686655,0.00112629,"[129.374976, 161.250048, 208.37504, 320.499968]",datasets/chestxray8/val/images/00028330_003.png,Effusion,"[104.56719576719598, 219.97037037037046, 177.71005291005298, 317.49417989418]"
00028330_003.png,Infiltration,0.366720754391703,0.00111771,"[87.00006399999998, 168.999936, 200.75008, 339.999744]",datasets/chestxray8/val/images/00028330_003.png,Effusion,"[104.56719576719598, 219.97037037037046, 177.71005291005298, 317.49417989418]"
00028330_003.png,Cardiomegaly,0.07881555515380122,0.00108337,"[25.625087999999998, 215.25017599999998, 128.999936, 461.75001599999996]",datasets/chestxray8/val/images/00028330_003.png,Effusion,"[104.56719576719598, 219.97037037037046, 177.71005291005298, 317.49417989418]"
00015300_000.png,Infiltration,0.18887306924537145,0.0267944,"[92.499968, 230.74995199999998, 227.500032, 317.24979199999996]",datasets/chestxray8/val/images/00015300_000.png,Infiltration,"[85.60423280423299, 197.756613756614, 159.288888888889, 271.44126984127]"
00015300_000.png,Atelectasis,0.0855508063784494,0.0184174,"[102.93759999999999, 176.37478400000003, 351.500288, 366.49984]",datasets/chestxray8/val/images/00015300_000.png,Infiltration,"[85.60423280423299, 197.756613756614, 159.288888888889, 271.44126984127]"
00015300_000.png,Cardiomegaly,0.11872675359935277,0.0171204,"[55.687168, 60.75008, 195.749888, 387.24992]",datasets/chestxray8/val/images/00015300_000.png,Infiltration,"[85.60423280423299, 197.756613756614, 159.288888888889, 271.44126984127]"
00015300_000.png,Infiltration,0.15948633000458168,0.0132904,"[110.37491200000001, 203.999744, 259.999744, 328.0]",datasets/chestxray8/val/images/00015300_000.png,Infiltration,"[85.60423280423299, 197.756613756614, 159.288888888889, 271.44126984127]"
00015300_000.png,Cardiomegaly,0.19249134203241375,0.0116272,"[67.68742400000001, 100.124928, 181.250048, 348.499712]",datasets/chestxray8/val/images/00015300_000.png,Infiltration,"[85.60423280423299, 197.756613756614, 159.288888888889, 271.44126984127]"
00015300_000.png,Effusion,0.3541600370386785,0.0112534,"[75.750144, 184.249856, 206.500096, 301.499904]",datasets/chestxray8/val/images/00015300_000.png,Infiltration,"[85.60423280423299, 197.756613756614, 159.288888888889, 271.44126984127]"
00015300_000.png,Cardiomegaly,0.14374478903889593,0.0108948,"[43.843584, 60.499967999999996, 147.874816, 359.24992]",datasets/chestxray8/val/images/00015300_000.png,Infiltration,"[85.60423280423299, 197.756613756614, 159.288888888889, 271.44126984127]"
00015300_000.png,Infiltration,0.18993495460214993,0.010437,"[113.312512, 211.500288, 237.24979199999999, 307.000064]",datasets/chestxray8/val/images/00015300_000.png,Infiltration,"[85.60423280423299, 197.756613756614, 159.288888888889, 271.44126984127]"
00015300_000.png,Infiltration,0.07481319518003841,0.0059967,"[138.99980799999997, 190.87488000000002, 266.749952, 316.499712]",datasets/chestxray8/val/images/00015300_000.png,Infiltration,"[85.60423280423299, 197.756613756614, 159.288888888889, 271.44126984127]"
00015300_000.png,Effusion,0.19249134203241375,0.00590134,"[67.68742400000001, 100.124928, 181.250048, 348.499712]",datasets/chestxray8/val/images/00015300_000.png,Infiltration,"[85.60423280423299, 197.756613756614, 159.288888888889, 271.44126984127]"
00015300_000.png,Cardiomegaly,0.22581171165314687,0.00522995,"[59.500032, 71.56249600000001, 159.124992, 312.250112]",datasets/chestxray8/val/images/00015300_000.png,Infiltration,"[85.60423280423299, 197.756613756614, 159.288888888889, 271.44126984127]"
00015300_000.png,Atelectasis,0.0821654229395739,0.00506973,"[83.12499199999999, 195.625216, 361.499904, 433.00019199999997]",datasets/chestxray8/val/images/00015300_000.png,Infiltration,"[85.60423280423299, 197.756613756614, 159.288888888889, 271.44126984127]"
00015300_000.png,Infiltration,0.12200354032102662,0.00457001,"[85.99987200000001, 238.49984, 228.75008, 355.999744]",datasets/chestxray8/val/images/00015300_000.png,Infiltration,"[85.60423280423299, 197.756613756614, 159.288888888889, 271.44126984127]"
00015300_000.png,Cardiomegaly,0.2190397741113906,0.00423813,"[53.718784, 101.56236800000002, 134.1248, 281.499648]",datasets/chestxray8/val/images/00015300_000.png,Infiltration,"[85.60423280423299, 197.756613756614, 159.288888888889, 271.44126984127]"
00015300_000.png,Cardiomegaly,0.13541291654350893,0.00416946,"[34.06259200000001, 160.87526400000002, 189.99987199999998, 418.000128]",datasets/chestxray8/val/images/00015300_000.png,Infiltration,"[85.60423280423299, 197.756613756614, 159.288888888889, 271.44126984127]"
00015300_000.png,Effusion,0.4681519500817246,0.00358582,"[92.37529599999999, 180.875008, 201.8752, 272.499968]",datasets/chestxray8/val/images/00015300_000.png,Infiltration,"[85.60423280423299, 197.756613756614, 159.288888888889, 271.44126984127]"
00015300_000.png,Cardiomegaly,0.20958568371447198,0.00354576,"[47.374848, 189.49990400000002, 178.87488000000002, 386.500096]",datasets/chestxray8/val/images/00015300_000.png,Infiltration,"[85.60423280423299, 197.756613756614, 159.288888888889, 271.44126984127]"
00015300_000.png,Effusion,0.20958568371447198,0.00308609,"[47.374848, 189.49990400000002, 178.87488000000002, 386.500096]",datasets/chestxray8/val/images/00015300_000.png,Infiltration,"[85.60423280423299, 197.756613756614, 159.288888888889, 271.44126984127]"
00015300_000.png,Effusion,0.251872242652705,0.00264359,"[80.249856, 222.249984, 181.74976, 346.25024]",datasets/chestxray8/val/images/00015300_000.png,Infiltration,"[85.60423280423299, 197.756613756614, 159.288888888889, 271.44126984127]"
00015300_000.png,Infiltration,0.3747696558202013,0.00261307,"[91.875328, 192.875008, 218.375168, 294.000128]",datasets/chestxray8/val/images/00015300_000.png,Infiltration,"[85.60423280423299, 197.756613756614, 159.288888888889, 271.44126984127]"
00015300_000.png,Atelectasis,0.05938223059539842,0.00253868,"[3.43731200000002, 232.874752, 254.749952, 412.999936]",datasets/chestxray8/val/images/00015300_000.png,Infiltration,"[85.60423280423299, 197.756613756614, 159.288888888889, 271.44126984127]"
00015300_000.png,Effusion,0.1665304030710904,0.00250244,"[89.562624, 238.249728, 205.499904, 331.24992]",datasets/chestxray8/val/images/00015300_000.png,Infiltration,"[85.60423280423299, 197.756613756614, 159.288888888889, 271.44126984127]"
00015300_000.png,Effusion,0.339603435322266,0.00241089,"[81.625088, 222.374912, 200.375296, 296.75008]",datasets/chestxray8/val/images/00015300_000.png,Infiltration,"[85.60423280423299, 197.756613756614, 159.288888888889, 271.44126984127]"
00015300_000.png,Atelectasis,0.060136653902873156,0.00241089,"[107.00006400000001, 136.0, 397.999872, 350.750208]",datasets/chestxray8/val/images/00015300_000.png,Infiltration,"[85.60423280423299, 197.756613756614, 159.288888888889, 271.44126984127]"
00015300_000.png,Infiltration,0.13824308524361772,0.00238419,"[96.125184, 210.249728, 282.000128, 352.249856]",datasets/chestxray8/val/images/00015300_000.png,Infiltration,"[85.60423280423299, 197.756613756614, 159.288888888889, 271.44126984127]"
00015300_000.png,Cardiomegaly,0.2920271052212357,0.00205994,"[80.687616, 154.500352, 210.25024000000002, 298.000128]",datasets/chestxray8/val/images/00015300_000.png,Infiltration,"[85.60423280423299, 197.756613756614, 159.288888888889, 271.44126984127]"
00015300_000.png,Cardiomegaly,0.1252846616502799,0.00186157,"[74.43763200000001, 89.43744000000001, 191.500288, 230.999808]",datasets/chestxray8/val/images/00015300_000.png,Infiltration,"[85.60423280423299, 197.756613756614, 159.288888888889, 271.44126984127]"
00015300_000.png,Cardiomegaly,0.16669710677629984,0.00164795,"[84.06271999999998, 130.249728, 228.499968, 355.749888]",datasets/chestxray8/val/images/00015300_000.png,Infiltration,"[85.60423280423299, 197.756613756614, 159.288888888889, 271.44126984127]"
00015300_000.png,Effusion,0.30901470562485056,0.00147724,"[71.624704, 160.500224, 167.374848, 344.0]",datasets/chestxray8/val/images/00015300_000.png,Infiltration,"[85.60423280423299, 197.756613756614, 159.288888888889, 271.44126984127]"
00015300_000.png,Infiltration,0.3166113412979215,0.00139427,"[84.24985600000001, 223.374848, 179.499776, 320.999936]",datasets/chestxray8/val/images/00015300_000.png,Infiltration,"[85.60423280423299, 197.756613756614, 159.288888888889, 271.44126984127]"
00015300_000.png,Atelectasis,0.12466912530190692,0.00134659,"[105.49990399999999, 195.75014400000003, 312.49996799999997, 342.25024]",datasets/chestxray8/val/images/00015300_000.png,Infiltration,"[85.60423280423299, 197.756613756614, 159.288888888889, 271.44126984127]"
00015300_000.png,Cardiomegaly,0.3655247452449703,0.00129032,"[67.06227200000001, 129.50016, 155.749888, 286.000128]",datasets/chestxray8/val/images/00015300_000.png,Infiltration,"[85.60423280423299, 197.756613756614, 159.288888888889, 271.44126984127]"
00015300_000.png,Atelectasis,0.12346822920652245,0.00125408,"[0.0002559999999931506, 205.37523199999998, 170.00012800000002, 434.000128]",datasets/chestxray8/val/images/00015300_000.png,Infiltration,"[85.60423280423299, 197.756613756614, 159.288888888889, 271.44126984127]"
00015300_000.png,Cardiomegaly,0.22819780141983928,0.00124264,"[82.1248, 200.0, 236.874752, 347.99974399999996]",datasets/chestxray8/val/images/00015300_000.png,Infiltration,"[85.60423280423299, 197.756613756614, 159.288888888889, 271.44126984127]"
00015300_000.png,Infiltration,0.339603435322266,0.00123501,"[81.625088, 222.374912, 200.375296, 296.75008]",datasets/chestxray8/val/images/00015300_000.png,Infiltration,"[85.60423280423299, 197.756613756614, 159.288888888889, 271.44126984127]"
00015300_000.png,Cardiomegaly,0.16954687415754657,0.00123119,"[65.12512, 173.250048, 222.87488000000002, 376.249856]",datasets/chestxray8/val/images/00015300_000.png,Infiltration,"[85.60423280423299, 197.756613756614, 159.288888888889, 271.44126984127]"
00015300_000.png,Mass,0.22581171165314687,0.00110149,"[59.500032, 71.56249600000001, 159.124992, 312.250112]",datasets/chestxray8/val/images/00015300_000.png,Infiltration,"[85.60423280423299, 197.756613756614, 159.288888888889, 271.44126984127]"
00015300_000.png,Cardiomegaly,0.30901470562485056,0.00108242,"[71.624704, 160.500224, 167.374848, 344.0]",datasets/chestxray8/val/images/00015300_000.png,Infiltration,"[85.60423280423299, 197.756613756614, 159.288888888889, 271.44126984127]"
00015300_000.png,Effusion,0.14661167534338082,0.00104904,"[0.00025600000000736145, 197.25030400000003, 169.8752, 415.250176]",datasets/chestxray8/val/images/00015300_000.png,Infiltration,"[85.60423280423299, 197.756613756614, 159.288888888889, 271.44126984127]"
00008386_000.png,Effusion,0.07715329266284676,0.00417709,"[330.750208, 180.0, 426.249984, 269.50016]",datasets/chestxray8/val/images/00008386_000.png,Effusion,"[355.961904761905, 178.793650793651, 385.21904761904784, 202.63280423280446]"
00008386_000.png,Effusion,0.058365776546749515,0.00329018,"[341.000192, 192.875008, 415.500288, 253.000192]",datasets/chestxray8/val/images/00008386_000.png,Effusion,"[355.961904761905, 178.793650793651, 385.21904761904784, 202.63280423280446]"
00008386_000.png,Infiltration,0.12324023215030946,0.0028038,"[321.999872, 143.1252224, 387.50003200000003, 193.8752256]",datasets/chestxray8/val/images/00008386_000.png,Effusion,"[355.961904761905, 178.793650793651, 385.21904761904784, 202.63280423280446]"
00008386_000.png,Effusion,0.050278578184264414,0.00204659,"[333.74976, 139.499776, 429.74976, 284.0]",datasets/chestxray8/val/images/00008386_000.png,Effusion,"[355.961904761905, 178.793650793651, 385.21904761904784, 202.63280423280446]"
00008386_000.png,Effusion,0.1643607083114832,0.00171661,"[352.250112, 142.49984, 413.750016, 211.50003199999998]",datasets/chestxray8/val/images/00008386_000.png,Effusion,"[355.961904761905, 178.793650793651, 385.21904761904784, 202.63280423280446]"
00008386_000.png,Effusion,0.2115301946417536,0.00158787,"[350.49984, 164.500224, 410.999808, 219.000064]",datasets/chestxray8/val/images/00008386_000.png,Effusion,"[355.961904761905, 178.793650793651, 385.21904761904784, 202.63280423280446]"
00008386_000.png,Infiltration,0.13251697755903877,0.0015707,"[330.249984, 184.75008000000003, 396.75007999999997, 241.50016]",datasets/chestxray8/val/images/00008386_000.png,Effusion,"[355.961904761905, 178.793650793651, 385.21904761904784, 202.63280423280446]"
00008386_000.png,Effusion,0.11784079721256795,0.00145245,"[326.000128, 134.624768, 388.49996799999997, 194.87488]",datasets/chestxray8/val/images/00008386_000.png,Effusion,"[355.961904761905, 178.793650793651, 385.21904761904784, 202.63280423280446]"
00008386_000.png,Effusion,0.098096463682706,0.0013752,"[345.74976, 127.25017600000001, 417.74976, 226.00012800000002]",datasets/chestxray8/val/images/00008386_000.png,Effusion,"[355.961904761905, 178.793650793651, 385.21904761904784, 202.63280423280446]"
00008386_000.png,Effusion,0.12453305291219294,0.00136471,"[346.249728, 172.0, 418.749952, 249.250048]",datasets/chestxray8/val/images/00008386_000.png,Effusion,"[355.961904761905, 178.793650793651, 385.21904761904784, 202.63280423280446]"
00008386_000.png,Effusion,0.17273346168630657,0.00119591,"[329.250304, 147.749888, 395.250176, 199.499776]",datasets/chestxray8/val/images/00008386_000.png,Effusion,"[355.961904761905, 178.793650793651, 385.21904761904784, 202.63280423280446]"
00008386_000.png,Infiltration,0.24909488243091318,0.001091,"[335.000064, 166.9997568, 399.000064, 210.7497472]",datasets/chestxray8/val/images/00008386_000.png,Effusion,"[355.961904761905, 178.793650793651, 385.21904761904784, 202.63280423280446]"
00003072_028.png,Cardiomegaly,0.2016910849918233,0.0508728,"[30.437376, 233.12512, 163.500032, 285.750016]",datasets/chestxray8/val/images/00003072_028.png,Cardiomegaly,"[12.461375661375655, 169.583068783069, 154.95449735449716, 394.42962962963]"
00003072_028.png,Effusion,0.4542525551635491,0.0211182,"[36.031231999999996, 240.75008, 158.375168, 364.750336]",datasets/chestxray8/val/images/00003072_028.png,Cardiomegaly,"[12.461375661375655, 169.583068783069, 154.95449735449716, 394.42962962963]"
00003072_028.png,Cardiomegaly,0.3764654677688664,0.019104,"[21.031167999999994, 35.24992, 136.62489599999998, 324.49971200000005]",datasets/chestxray8/val/images/00003072_028.png,Cardiomegaly,"[12.461375661375655, 169.583068783069, 154.95449735449716, 394.42962962963]"
00003072_028.png,Cardiomegaly,0.4047140963432506,0.0136337,"[14.281472, 21.99987200000001, 110.375168, 364.249856]",datasets/chestxray8/val/images/00003072_028.png,Cardiomegaly,"[12.461375661375655, 169.583068783069, 154.95449735449716, 394.42962962963]"
00003072_028.png,Cardiomegaly,0.47202540138737575,0.0131378,"[31.749888, 241.249792, 158.625024, 365.74976]",datasets/chestxray8/val/images/00003072_028.png,Cardiomegaly,"[12.461375661375655, 169.583068783069, 154.95449735449716, 394.42962962963]"
00003072_028.png,Cardiomegaly,0.3248246834281225,0.00963593,"[6.312652799999995, 84.187392, 90.3123968, 337.499904]",datasets/chestxray8/val/images/00003072_028.png,Cardiomegaly,"[12.461375661375655, 169.583068783069, 154.95449735449716, 394.42962962963]"
00003072_028.png,Infiltration,0.39397024847709106,0.00856018,"[43.374848, 245.250048, 165.49964799999998, 362.749952]",datasets/chestxray8/val/images/00003072_028.png,Cardiomegaly,"[12.461375661375655, 169.583068783069, 154.95449735449716, 394.42962962963]"
00003072_028.png,Atelectasis,0.09982543049496545,0.00588226,"[114.50009599999998, 161.87494400000003, 400.500224, 384.0]",datasets/chestxray8/val/images/00003072_028.png,Cardiomegaly,"[12.461375661375655, 169.583068783069, 154.95449735449716, 394.42962962963]"
00003072_028.png,Cardiomegaly,0.2730060393150795,0.00497818,"[8.624947199999994, 139.12499200000002, 81.3125632, 307.499776]",datasets/chestxray8/val/images/00003072_028.png,Cardiomegaly,"[12.461375661375655, 169.583068783069, 154.95449735449716, 394.42962962963]"
00003072_028.png,Atelectasis,0.38319257132056683,0.0044632,"[34.625023999999996, 184.62489599999998, 315.500032, 395.000064]",datasets/chestxray8/val/images/00003072_028.png,Cardiomegaly,"[12.461375661375655, 169.583068783069, 154.95449735449716, 394.42962962963]"
00003072_028.png,Infiltration,0.10033550305119708,0.003479,"[52.937472, 200.9998592, 119.562496, 249.2498688]",datasets/chestxray8/val/images/00003072_028.png,Cardiomegaly,"[12.461375661375655, 169.583068783069, 154.95449735449716, 394.42962962963]"
00003072_028.png,Infiltration,0.10391401143034329,0.00283623,"[47.21894399999999, 218.125184, 118.625024, 264.750208]",datasets/chestxray8/val/images/00003072_028.png,Cardiomegaly,"[12.461375661375655, 169.583068783069, 154.95449735449716, 394.42962962963]"
00003072_028.png,Cardiomegaly,0.4632149277982422,0.00263214,"[14.1248, 193.999872, 111.12473600000001, 346.99980800000003]",datasets/chestxray8/val/images/00003072_028.png,Cardiomegaly,"[12.461375661375655, 169.583068783069, 154.95449735449716, 394.42962962963]"
00003072_028.png,Cardiomegaly,0.2476949920696666,0.00236702,"[5.9063296000000065, 197.12512, 79.8749696, 317.750272]",datasets/chestxray8/val/images/00003072_028.png,Cardiomegaly,"[12.461375661375655, 169.583068783069, 154.95449735449716, 394.42962962963]"
00003072_028.png,Cardiomegaly,0.41599131796434796,0.00234222,"[15.999744000000007, 212.749824, 151.99974400000002, 310.749696]",datasets/chestxray8/val/images/00003072_028.png,Cardiomegaly,"[12.461375661375655, 169.583068783069, 154.95449735449716, 394.42962962963]"
00003072_028.png,Infiltration,0.19421435674275359,0.00228882,"[36.87500800000001, 228.75008, 169.624832, 282.750208]",datasets/chestxray8/val/images/00003072_028.png,Cardiomegaly,"[12.461375661375655, 169.583068783069, 154.95449735449716, 394.42962962963]"
00003072_028.png,Infiltration,0.33860609827001736,0.00223732,"[58.000384, 252.25036799999998, 190.000128, 379.750144]",datasets/chestxray8/val/images/00003072_028.png,Cardiomegaly,"[12.461375661375655, 169.583068783069, 154.95449735449716, 394.42962962963]"
00003072_028.png,Effusion,0.06767514355716378,0.00213814,"[66.1874944, 193.8749952, 115.1874816, 238.1250048]",datasets/chestxray8/val/images/00003072_028.png,Cardiomegaly,"[12.461375661375655, 169.583068783069, 154.95449735449716, 394.42962962963]"
00003072_028.png,Cardiomegaly,0.2580818494937715,0.00188446,"[25.156352, 204.375296, 98.249984, 317.50016]",datasets/chestxray8/val/images/00003072_028.png,Cardiomegaly,"[12.461375661375655, 169.583068783069, 154.95449735449716, 394.42962962963]"
00003072_028.png,Infiltration,0.062163300622296594,0.00178242,"[67.812608, 204.1252352, 116.687616, 244.8752128]",datasets/chestxray8/val/images/00003072_028.png,Cardiomegaly,"[12.461375661375655, 169.583068783069, 154.95449735449716, 394.42962962963]"
00003072_028.png,Cardiomegaly,0.3723945369192778,0.00172138,"[13.937408000000005, 127.50003199999999, 103.31264, 318.749952]",datasets/chestxray8/val/images/00003072_028.png,Cardiomegaly,"[12.461375661375655, 169.583068783069, 154.95449735449716, 394.42962962963]"
00003072_028.png,Infiltration,0.06767514355716378,0.00153923,"[66.1874944, 193.8749952, 115.1874816, 238.1250048]",datasets/chestxray8/val/images/00003072_028.png,Cardiomegaly,"[12.461375661375655, 169.583068783069, 154.95449735449716, 394.42962962963]"
00003072_028.png,Infiltration,0.05987068814122972,0.00145149,"[108.62515200000001, 211.499776, 161.374976, 253.249792]",datasets/chestxray8/val/images/00003072_028.png,Cardiomegaly,"[12.461375661375655, 169.583068783069, 154.95449735449716, 394.42962962963]"
00003072_028.png,Cardiomegaly,0.30090154582045686,0.0013895,"[19.562752000000003, 219.000064, 191.50003199999998, 296.499968]",datasets/chestxray8/val/images/00003072_028.png,Cardiomegaly,"[12.461375661375655, 169.583068783069, 154.95449735449716, 394.42962962963]"
00003072_028.png,Mass,0.38070443455876396,0.0013361,"[32.030976, 26.74995199999998, 152.749824, 325.00019199999997]",datasets/chestxray8/val/images/00003072_028.png,Cardiomegaly,"[12.461375661375655, 169.583068783069, 154.95449735449716, 394.42962962963]"
00003072_028.png,Effusion,0.062163300622296594,0.00132561,"[67.812608, 204.1252352, 116.687616, 244.8752128]",datasets/chestxray8/val/images/00003072_028.png,Cardiomegaly,"[12.461375661375655, 169.583068783069, 154.95449735449716, 394.42962962963]"
00003072_028.png,Infiltration,0.09225761607747845,0.0013237,"[93.18732799999998, 214.99985919999997, 167.249664, 263.74983679999997]",datasets/chestxray8/val/images/00003072_028.png,Cardiomegaly,"[12.461375661375655, 169.583068783069, 154.95449735449716, 394.42962962963]"
00003072_028.png,Infiltration,0.19993090946991282,0.00127411,"[38.593792, 218.624768, 153.750272, 274.249984]",datasets/chestxray8/val/images/00003072_028.png,Cardiomegaly,"[12.461375661375655, 169.583068783069, 154.95449735449716, 394.42962962963]"
00003072_028.png,Atelectasis,0.23444434807614384,0.00115204,"[64.374784, 146.00012800000002, 348.49996799999997, 370.500352]",datasets/chestxray8/val/images/00003072_028.png,Cardiomegaly,"[12.461375661375655, 169.583068783069, 154.95449735449716, 394.42962962963]"
00003072_028.png,Cardiomegaly,0.1932843618114286,0.00112724,"[23.218944, 82.999808, 99.50028800000001, 267.50003200000003]",datasets/chestxray8/val/images/00003072_028.png,Cardiomegaly,"[12.461375661375655, 169.583068783069, 154.95449735449716, 394.42962962963]"
00003072_028.png,Effusion,0.05698972750932293,0.00108147,"[118.187264, 162.625024, 173.999872, 221.374976]",datasets/chestxray8/val/images/00003072_028.png,Cardiomegaly,"[12.461375661375655, 169.583068783069, 154.95449735449716, 394.42962962963]"
00003072_028.png,Cardiomegaly,0.07712098596342283,0.00106907,"[124.0, 56.249855999999994, 256.749824, 326.749696]",datasets/chestxray8/val/images/00003072_028.png,Cardiomegaly,"[12.461375661375655, 169.583068783069, 154.95449735449716, 394.42962962963]"
00001373_009.png,Infiltration,0.05146383233589766,0.0448303,"[376.75008, 275.2502528, 448.249856, 324.75025919999996]",datasets/chestxray8/val/images/00001373_009.png,Atelectasis,"[206.425396825397, 234.057142857143, 480.5756613756615, 484.910052910053]"
00001373_009.png,Cardiomegaly,0.05476974384843849,0.0384216,"[77.43744, 160.624896, 233.75001600000002, 451.00006399999995]",datasets/chestxray8/val/images/00001373_009.png,Atelectasis,"[206.425396825397, 234.057142857143, 480.5756613756615, 484.910052910053]"
00001373_009.png,Infiltration,0.06321668902469438,0.00898743,"[364.250112, 291.49980159999996, 456.75007999999997, 338.4998144]",datasets/chestxray8/val/images/00001373_009.png,Atelectasis,"[206.425396825397, 234.057142857143, 480.5756613756615, 484.910052910053]"
00001373_009.png,Infiltration,0.05590622775429154,0.00383186,"[354.49984, 235.9999488, 438.999808, 281.4999552]",datasets/chestxray8/val/images/00001373_009.png,Atelectasis,"[206.425396825397, 234.057142857143, 480.5756613756615, 484.910052910053]"
00001373_009.png,Infiltration,0.05627346729665179,0.00354004,"[354.749696, 254.9999104, 440.749824, 299.9998976]",datasets/chestxray8/val/images/00001373_009.png,Atelectasis,"[206.425396825397, 234.057142857143, 480.5756613756615, 484.910052910053]"
00001373_009.png,Cardiomegaly,0.20317342826105286,0.0033741,"[374.249984, 116.75008, 491.749888, 395.24992]",datasets/chestxray8/val/images/00001373_009.png,Atelectasis,"[206.425396825397, 234.057142857143, 480.5756613756615, 484.910052910053]"
00001373_009.png,Infiltration,0.05016610839201967,0.0032959,"[327.24992, 235.99979519999997, 402.249728, 281.99982079999995]",datasets/chestxray8/val/images/00001373_009.png,Atelectasis,"[206.425396825397, 234.057142857143, 480.5756613756615, 484.910052910053]"
00001373_009.png,Infiltration,0.09815125966766616,0.00321388,"[358.49984, 301.25004800000005, 466.50009600000004, 363.749888]",datasets/chestxray8/val/images/00001373_009.png,Atelectasis,"[206.425396825397, 234.057142857143, 480.5756613756615, 484.910052910053]"
00001373_009.png,Infiltration,0.06152980749433845,0.00255394,"[343.000064, 270.99998719999996, 433.99987200000004, 317.4999808]",datasets/chestxray8/val/images/00001373_009.png,Atelectasis,"[206.425396825397, 234.057142857143, 480.5756613756615, 484.910052910053]"
00001373_009.png,Infiltration,0.07503163120470256,0.00232506,"[323.750144, 244.25011200000003, 409.750272, 304.25036800000004]",datasets/chestxray8/val/images/00001373_009.png,Atelectasis,"[206.425396825397, 234.057142857143, 480.5756613756615, 484.910052910053]"
00001373_009.png,Infiltration,0.08826636153772975,0.00161934,"[326.249984, 235.62478080000002, 446.750208, 285.9997952]",datasets/chestxray8/val/images/00001373_009.png,Atelectasis,"[206.425396825397, 234.057142857143, 480.5756613756615, 484.910052910053]"
00001373_009.png,Atelectasis,0.3719972962577666,0.00156784,"[180.25011200000003, 188.24985600000002, 397.250048, 395.749632]",datasets/chestxray8/val/images/00001373_009.png,Atelectasis,"[206.425396825397, 234.057142857143, 480.5756613756615, 484.910052910053]"
00001373_009.png,Infiltration,0.05823302423713838,0.00139713,"[319.499776, 226.24998399999998, 392.0, 289.74976]",datasets/chestxray8/val/images/00001373_009.png,Atelectasis,"[206.425396825397, 234.057142857143, 480.5756613756615, 484.910052910053]"
00001373_009.png,Cardiomegaly,0.21279592197474784,0.0013895,"[392.999936, 132.50022400000003, 503.000064, 439.50003200000003]",datasets/chestxray8/val/images/00001373_009.png,Atelectasis,"[206.425396825397, 234.057142857143, 480.5756613756615, 484.910052910053]"
00001373_009.png,Effusion,0.3402238909181079,0.00137997,"[98.50009600000001, 235.25017599999998, 383.24992, 402.25023999999996]",datasets/chestxray8/val/images/00001373_009.png,Atelectasis,"[206.425396825397, 234.057142857143, 480.5756613756615, 484.910052910053]"
00001373_009.png,Cardiomegaly,0.14765796973465112,0.00133705,"[355.500288, 36.249855999999994, 477.50016, 346.49983999999995]",datasets/chestxray8/val/images/00001373_009.png,Atelectasis,"[206.425396825397, 234.057142857143, 480.5756613756615, 484.910052910053]"
00001373_009.png,Cardiomegaly,0.07463607896534008,0.00111008,"[99.312384, 128.00025599999998, 249.250048, 415.500032]",datasets/chestxray8/val/images/00001373_009.png,Atelectasis,"[206.425396825397, 234.057142857143, 480.5756613756615, 484.910052910053]"
00001373_009.png,Cardiomegaly,0.16843197352717268,0.00104427,"[148.62489599999998, 133.499904, 294.000128, 414.49983999999995]",datasets/chestxray8/val/images/00001373_009.png,Atelectasis,"[206.425396825397, 234.057142857143, 480.5756613756615, 484.910052910053]"
00001373_009.png,Effusion,0.18142010779432988,0.00102711,"[125.250304, 201.62508799999998, 286.500096, 439.50028799999995]",datasets/chestxray8/val/images/00001373_009.png,Atelectasis,"[206.425396825397, 234.057142857143, 480.5756613756615, 484.910052910053]"
00011151_004.png,Atelectasis,0.162710650706202,0.0441284,"[190.749952, 206.37491199999997, 452.75008, 430.49983999999995]",datasets/chestxray8/val/images/00011151_004.png,Effusion,"[165.831111111111, 103.698967013889, 353.56444444444446, 286.3123003472225]"
00011151_004.png,Effusion,0.05038805930626743,0.0180969,"[211.999872, 87.99974399999999, 255.999872, 143.749888]",datasets/chestxray8/val/images/00011151_004.png,Effusion,"[165.831111111111, 103.698967013889, 353.56444444444446, 286.3123003472225]"
00011151_004.png,Effusion,0.06416239477981356,0.0174103,"[315.74981119999995, 98.87488, 362.2498048, 163.12473599999998]",datasets/chestxray8/val/images/00011151_004.png,Effusion,"[165.831111111111, 103.698967013889, 353.56444444444446, 286.3123003472225]"
00011151_004.png,Mass,0.20564372823221808,0.00656891,"[101.43744, 49.249791999999985, 238.00012800000002, 363.99974399999996]",datasets/chestxray8/val/images/00011151_004.png,Effusion,"[165.831111111111, 103.698967013889, 353.56444444444446, 286.3123003472225]"
00011151_004.png,Atelectasis,0.24878646397202114,0.0050087,"[197.37497599999998, 185.250048, 414.000128, 392.749824]",datasets/chestxray8/val/images/00011151_004.png,Effusion,"[165.831111111111, 103.698967013889, 353.56444444444446, 286.3123003472225]"
00011151_004.png,Effusion,0.050513146331095174,0.00411987,"[154.624896, 240.749824, 204.87488, 294.749952]",datasets/chestxray8/val/images/00011151_004.png,Effusion,"[165.831111111111, 103.698967013889, 353.56444444444446, 286.3123003472225]"
00011151_004.png,Cardiomegaly,0.15712277652604106,0.00379181,"[100.250112, 56.49971199999999, 217.50016, 356.749824]",datasets/chestxray8/val/images/00011151_004.png,Effusion,"[165.831111111111, 103.698967013889, 353.56444444444446, 286.3123003472225]"
00011151_004.png,Cardiomegaly,0.08793008555827993,0.00286674,"[85.750272, 121.50016, 199.75014399999998, 427.500032]",datasets/chestxray8/val/images/00011151_004.png,Effusion,"[165.831111111111, 103.698967013889, 353.56444444444446, 286.3123003472225]"
00011151_004.png,Effusion,0.07178288637459083,0.00285912,"[311.2498432, 80.375296, 357.7498368, 164.125184]",datasets/chestxray8/val/images/00011151_004.png,Effusion,"[165.831111111111, 103.698967013889, 353.56444444444446, 286.3123003472225]"
00011151_004.png,Effusion,0.09472030294817321,0.00219536,"[202.624768, 175.24992, 254.999808, 237.25004800000002]",datasets/chestxray8/val/images/00011151_004.png,Effusion,"[165.831111111111, 103.698967013889, 353.56444444444446, 286.3123003472225]"
00011151_004.png,Infiltration,0.14393164376890372,0.00213814,"[192.625152, 158.999808, 256.500224, 236.249856]",datasets/chestxray8/val/images/00011151_004.png,Effusion,"[165.831111111111, 103.698967013889, 353.56444444444446, 286.3123003472225]"
00011151_004.png,Effusion,0.07592237555463895,0.00208092,"[195.7500416, 234.749952, 246.75005439999998, 293.250048]",datasets/chestxray8/val/images/00011151_004.png,Effusion,"[165.831111111111, 103.698967013889, 353.56444444444446, 286.3123003472225]"
00011151_004.png,Atelectasis,0.08317512452860139,0.00207329,"[171.99999999999997, 242.500096, 459.00006399999995, 484.00025600000004]",datasets/chestxray8/val/images/00011151_004.png,Effusion,"[165.831111111111, 103.698967013889, 353.56444444444446, 286.3123003472225]"
00011151_004.png,Effusion,0.14393164376890372,0.00206375,"[192.625152, 158.999808, 256.500224, 236.249856]",datasets/chestxray8/val/images/00011151_004.png,Effusion,"[165.831111111111, 103.698967013889, 353.56444444444446, 286.3123003472225]"
00011151_004.png,Mass,0.08548173444918201,0.00186062,"[105.75001599999999, 74.68723200000001, 189.000192, 308.249856]",datasets/chestxray8/val/images/00011151_004.png,Effusion,"[165.831111111111, 103.698967013889, 353.56444444444446, 286.3123003472225]"
00011151_004.png,Mass,0.06091153541683109,0.00152683,"[318.000128, 100.87500800000001, 369.999872, 164.374784]",datasets/chestxray8/val/images/00011151_004.png,Effusion,"[165.831111111111, 103.698967013889, 353.56444444444446, 286.3123003472225]"
00011151_004.png,Mass,0.07105075874145131,0.00125217,"[310.7497728, 80.874752, 360.2497792, 163.124992]",datasets/chestxray8/val/images/00011151_004.png,Effusion,"[165.831111111111, 103.698967013889, 353.56444444444446, 286.3123003472225]"
00011151_004.png,Effusion,0.07235812979464736,0.00117779,"[201.75024639999998, 229.375232, 250.7502336, 280.00025600000004]",datasets/chestxray8/val/images/00011151_004.png,Effusion,"[165.831111111111, 103.698967013889, 353.56444444444446, 286.3123003472225]"
00011151_004.png,Mass,0.11326478192956135,0.00106716,"[196.124928, 83.37484799999999, 261.249792, 165.625088]",datasets/chestxray8/val/images/00011151_004.png,Effusion,"[165.831111111111, 103.698967013889, 353.56444444444446, 286.3123003472225]"
00020857_008.png,Infiltration,0.18738540774060813,0.0897217,"[96.06271999999998, 313.0002432, 202.000128, 363.50023680000004]",datasets/chestxray8/val/images/00020857_008.png,Infiltration,"[95.186440677966, 285.984184653072, 376.677966101695, 387.4079134666315]"
00020857_008.png,Infiltration,0.20518439910452435,0.0579529,"[97.249792, 294.500096, 198.24998399999998, 352.49996799999997]",datasets/chestxray8/val/images/00020857_008.png,Infiltration,"[95.186440677966, 285.984184653072, 376.677966101695, 387.4079134666315]"
00020857_008.png,Cardiomegaly,0.13928208723657165,0.0456543,"[43.500032000000004, 131.875072, 173.374976, 411.500288]",datasets/chestxray8/val/images/00020857_008.png,Infiltration,"[95.186440677966, 285.984184653072, 376.677966101695, 387.4079134666315]"
00020857_008.png,Infiltration,0.2055890085424695,0.0325623,"[95.68768000000001, 276.75007999999997, 200.75008000000003, 343.749888]",datasets/chestxray8/val/images/00020857_008.png,Infiltration,"[95.186440677966, 285.984184653072, 376.677966101695, 387.4079134666315]"
00020857_008.png,Atelectasis,0.40104773775999025,0.0289764,"[185.62534399999998, 255.499776, 389.50016, 447.499776]",datasets/chestxray8/val/images/00020857_008.png,Infiltration,"[95.186440677966, 285.984184653072, 376.677966101695, 387.4079134666315]"
00020857_008.png,Infiltration,0.23051776986480832,0.0258636,"[107.25017600000001, 316.250112, 204.750336, 383.75014400000003]",datasets/chestxray8/val/images/00020857_008.png,Infiltration,"[95.186440677966, 285.984184653072, 376.677966101695, 387.4079134666315]"
00020857_008.png,Infiltration,0.056531344042471995,0.0235443,"[315.24992000000003, 358.2502144, 415.749888, 407.25020159999997]",datasets/chestxray8/val/images/00020857_008.png,Infiltration,"[95.186440677966, 285.984184653072, 376.677966101695, 387.4079134666315]"
00020857_008.png,Infiltration,0.052506425691799426,0.0220642,"[107.62496, 248.75007999999997, 212.37504, 302.249984]",datasets/chestxray8/val/images/00020857_008.png,Infiltration,"[95.186440677966, 285.984184653072, 376.677966101695, 387.4079134666315]"
00020857_008.png,Infiltration,0.06736678895410046,0.0204315,"[112.99993599999999, 263.9997696, 208.999936, 307.4997504]",datasets/chestxray8/val/images/00020857_008.png,Infiltration,"[95.186440677966, 285.984184653072, 376.677966101695, 387.4079134666315]"
00020857_008.png,Infiltration,0.13316261316653671,0.0167236,"[90.375168, 295.749888, 161.375232, 353.74976]",datasets/chestxray8/val/images/00020857_008.png,Infiltration,"[95.186440677966, 285.984184653072, 376.677966101695, 387.4079134666315]"
00020857_008.png,Infiltration,0.17253320679614745,0.012085,"[86.375168, 303.499776, 178.125056, 363.99974399999996]",datasets/chestxray8/val/images/00020857_008.png,Infiltration,"[95.186440677966, 285.984184653072, 376.677966101695, 387.4079134666315]"
00020857_008.png,Infiltration,0.2223618670669552,0.00856781,"[93.124864, 327.500288, 204.124928, 393.50016]",datasets/chestxray8/val/images/00020857_008.png,Infiltration,"[95.186440677966, 285.984184653072, 376.677966101695, 387.4079134666315]"
00020857_008.png,Cardiomegaly,0.19986702659945343,0.00831604,"[57.18758399999999, 195.00006399999998, 189.250304, 412.500224]",datasets/chestxray8/val/images/00020857_008.png,Infiltration,"[95.186440677966, 285.984184653072, 376.677966101695, 387.4079134666315]"
00020857_008.png,Infiltration,0.14706649132532024,0.00753021,"[86.62476800000002, 250.000128, 209.124864, 329.00019199999997]",datasets/chestxray8/val/images/00020857_008.png,Infiltration,"[95.186440677966, 285.984184653072, 376.677966101695, 387.4079134666315]"
00020857_008.png,Cardiomegaly,0.07689183695098004,0.00690842,"[52.531456, 177.62483200000003, 136.000256, 363.000064]",datasets/chestxray8/val/images/00020857_008.png,Infiltration,"[95.186440677966, 285.984184653072, 376.677966101695, 387.4079134666315]"
00020857_008.png,Cardiomegaly,0.06911166649552102,0.00645828,"[27.406080000000003, 265.999872, 123.62470400000001, 432.99993600000005]",datasets/chestxray8/val/images/00020857_008.png,Infiltration,"[95.186440677966, 285.984184653072, 376.677966101695, 387.4079134666315]"
00020857_008.png,Infiltration,0.21366115668758262,0.00595474,"[132.749824, 303.750144, 208.999936, 383.750144]",datasets/chestxray8/val/images/00020857_008.png,Infiltration,"[95.186440677966, 285.984184653072, 376.677966101695, 387.4079134666315]"
00020857_008.png,Effusion,0.07180983869647205,0.00553894,"[92.4998912, 305.4999296, 138.9998848, 352.4999424]",datasets/chestxray8/val/images/00020857_008.png,Infiltration,"[95.186440677966, 285.984184653072, 376.677966101695, 387.4079134666315]"
00020857_008.png,Infiltration,0.061680720682781694,0.00547409,"[329.50016, 339.74991359999996, 409.50016, 378.7499264]",datasets/chestxray8/val/images/00020857_008.png,Infiltration,"[95.186440677966, 285.984184653072, 376.677966101695, 387.4079134666315]"
00020857_008.png,Cardiomegaly,0.07830619048786476,0.00543213,"[34.34342399999999, 164.0, 132.749824, 406.99980800000003]",datasets/chestxray8/val/images/00020857_008.png,Infiltration,"[95.186440677966, 285.984184653072, 376.677966101695, 387.4079134666315]"
00020857_008.png,Infiltration,0.05018157149746462,0.00505829,"[330.999808, 353.4998528, 423.000064, 395.4998272]",datasets/chestxray8/val/images/00020857_008.png,Infiltration,"[95.186440677966, 285.984184653072, 376.677966101695, 387.4079134666315]"
00020857_008.png,Cardiomegaly,0.14056256857413862,0.00490189,"[57.499904, 121.8752, 193.250048, 363.000064]",datasets/chestxray8/val/images/00020857_008.png,Infiltration,"[95.186440677966, 285.984184653072, 376.677966101695, 387.4079134666315]"
00020857_008.png,Infiltration,0.07860479877008361,0.00481796,"[309.499904, 275.7500928, 396.49996799999997, 321.25009919999997]",datasets/chestxray8/val/images/00020857_008.png,Infiltration,"[95.186440677966, 285.984184653072, 376.677966101695, 387.4079134666315]"
00020857_008.png,Cardiomegaly,0.2637328591651414,0.00481415,"[63.124736000000006, 251.749888, 190.1248, 390.249984]",datasets/chestxray8/val/images/00020857_008.png,Infiltration,"[95.186440677966, 285.984184653072, 376.677966101695, 387.4079134666315]"
00020857_008.png,Infiltration,0.1500396159470746,0.00444794,"[289.250048, 335.00006399999995, 379.24992, 408.0]",datasets/chestxray8/val/images/00020857_008.png,Infiltration,"[95.186440677966, 285.984184653072, 376.677966101695, 387.4079134666315]"
00020857_008.png,Infiltration,0.11607516802025568,0.00440216,"[301.00019199999997, 335.7501952, 408.0, 381.75022079999997]",datasets/chestxray8/val/images/00020857_008.png,Infiltration,"[95.186440677966, 285.984184653072, 376.677966101695, 387.4079134666315]"
00020857_008.png,Infiltration,0.22779196682582406,0.00359917,"[83.12499200000002, 312.250112, 192.874752, 380.75007999999997]",datasets/chestxray8/val/images/00020857_008.png,Infiltration,"[95.186440677966, 285.984184653072, 376.677966101695, 387.4079134666315]"
00020857_008.png,Infiltration,0.07180983869647205,0.00356483,"[92.4998912, 305.4999296, 138.9998848, 352.4999424]",datasets/chestxray8/val/images/00020857_008.png,Infiltration,"[95.186440677966, 285.984184653072, 376.677966101695, 387.4079134666315]"
00020857_008.png,Infiltration,0.06022601191633167,0.00349236,"[287.000064, 362.49984, 425.99987200000004, 439.999744]",datasets/chestxray8/val/images/00020857_008.png,Infiltration,"[95.186440677966, 285.984184653072, 376.677966101695, 387.4079134666315]"
00020857_008.png,Cardiomegaly,0.11304112001726428,0.00311089,"[67.000064, 204.0, 147.75014399999998, 366.500096]",datasets/chestxray8/val/images/00020857_008.png,Infiltration,"[95.186440677966, 285.984184653072, 376.677966101695, 387.4079134666315]"
00020857_008.png,Cardiomegaly,0.08556358256887443,0.00309181,"[61.249792, 165.00019200000003, 156.124928, 344.999936]",datasets/chestxray8/val/images/00020857_008.png,Infiltration,"[95.186440677966, 285.984184653072, 376.677966101695, 387.4079134666315]"
00020857_008.png,Cardiomegaly,0.16010174603482275,0.00287056,"[85.312512, 292.75008, 168.75008, 356.249856]",datasets/chestxray8/val/images/00020857_008.png,Infiltration,"[95.186440677966, 285.984184653072, 376.677966101695, 387.4079134666315]"
00020857_008.png,Infiltration,0.21393323345846302,0.00268555,"[275.24992, 324.24985599999997, 395.24992, 389.249792]",datasets/chestxray8/val/images/00020857_008.png,Infiltration,"[95.186440677966, 285.984184653072, 376.677966101695, 387.4079134666315]"
00020857_008.png,Cardiomegaly,0.30455345347495927,0.00250053,"[78.249984, 276.0, 211.99974400000002, 367.50003200000003]",datasets/chestxray8/val/images/00020857_008.png,Infiltration,"[95.186440677966, 285.984184653072, 376.677966101695, 387.4079134666315]"
00020857_008.png,Effusion,0.05778368438194759,0.00238609,"[286.25024, 268.7501824, 340.75007999999997, 317.2502016]",datasets/chestxray8/val/images/00020857_008.png,Infiltration,"[95.186440677966, 285.984184653072, 376.677966101695, 387.4079134666315]"
00020857_008.png,Infiltration,0.16196160135183826,0.00215149,"[138.49984, 296.500224, 210.74969599999997, 360.500224]",datasets/chestxray8/val/images/00020857_008.png,Infiltration,"[95.186440677966, 285.984184653072, 376.677966101695, 387.4079134666315]"
00020857_008.png,Infiltration,0.08431208684534881,0.00213623,"[128.0, 257.999872, 211.99974400000002, 316.99968]",datasets/chestxray8/val/images/00020857_008.png,Infiltration,"[95.186440677966, 285.984184653072, 376.677966101695, 387.4079134666315]"
00020857_008.png,Effusion,0.09044686915966373,0.0020256,"[164.9999104, 284.500224, 215.74991359999999, 337.00019199999997]",datasets/chestxray8/val/images/00020857_008.png,Infiltration,"[95.186440677966, 285.984184653072, 376.677966101695, 387.4079134666315]"
00020857_008.png,Cardiomegaly,0.06383334198187464,0.00195885,"[16.156160000000007, 216.75008000000003, 127.37484800000001, 449.250304]",datasets/chestxray8/val/images/00020857_008.png,Infiltration,"[95.186440677966, 285.984184653072, 376.677966101695, 387.4079134666315]"
00020857_008.png,Infiltration,0.17153144591443986,0.00172901,"[274.750208, 327.75014400000003, 370.249984, 436.250112]",datasets/chestxray8/val/images/00020857_008.png,Infiltration,"[95.186440677966, 285.984184653072, 376.677966101695, 387.4079134666315]"
00020857_008.png,Cardiomegaly,0.21483559143630146,0.00172043,"[64.500224, 181.62483200000003, 217.75001600000002, 368.499712]",datasets/chestxray8/val/images/00020857_008.png,Infiltration,"[95.186440677966, 285.984184653072, 376.677966101695, 387.4079134666315]"
00020857_008.png,Cardiomegaly,0.0924831114885582,0.00170231,"[48.218624, 105.124864, 146.625024, 376.999936]",datasets/chestxray8/val/images/00020857_008.png,Infiltration,"[95.186440677966, 285.984184653072, 376.677966101695, 387.4079134666315]"
00020857_008.png,Infiltration,0.05778368438194759,0.0016861,"[286.25024, 268.7501824, 340.75007999999997, 317.2502016]",datasets/chestxray8/val/images/00020857_008.png,Infiltration,"[95.186440677966, 285.984184653072, 376.677966101695, 387.4079134666315]"
00020857_008.png,Infiltration,0.06587446439631159,0.00159168,"[296.99993600000005, 272.9998848, 378.500096, 310.4998912]",datasets/chestxray8/val/images/00020857_008.png,Infiltration,"[95.186440677966, 285.984184653072, 376.677966101695, 387.4079134666315]"
00020857_008.png,Cardiomegaly,0.17955598911495746,0.0015831,"[68.99968000000001, 213.62483200000003, 184.249856, 364.499968]",datasets/chestxray8/val/images/00020857_008.png,Infiltration,"[95.186440677966, 285.984184653072, 376.677966101695, 387.4079134666315]"
00020857_008.png,Cardiomegaly,0.2993382963089342,0.00155544,"[81.43744000000001, 300.99967999999996, 211.750144, 376.999936]",datasets/chestxray8/val/images/00020857_008.png,Infiltration,"[95.186440677966, 285.984184653072, 376.677966101695, 387.4079134666315]"
00020857_008.png,Infiltration,0.10790668116399753,0.00146484,"[295.000064, 284.249856, 383.500288, 324.249856]",datasets/chestxray8/val/images/00020857_008.png,Infiltration,"[95.186440677966, 285.984184653072, 376.677966101695, 387.4079134666315]"
00020857_008.png,Mass,0.11283381766885264,0.00137138,"[80.74982399999999, 312.499968, 144.124672, 432.499968]",datasets/chestxray8/val/images/00020857_008.png,Infiltration,"[95.186440677966, 285.984184653072, 376.677966101695, 387.4079134666315]"
00020857_008.png,Infiltration,0.30455345347495927,0.00131226,"[78.249984, 276.0, 211.99974400000002, 367.50003200000003]",datasets/chestxray8/val/images/00020857_008.png,Infiltration,"[95.186440677966, 285.984184653072, 376.677966101695, 387.4079134666315]"
00020857_008.png,Cardiomegaly,0.08549505543273136,0.00109959,"[51.281152, 184.624896, 134.999808, 455.99974399999996]",datasets/chestxray8/val/images/00020857_008.png,Infiltration,"[95.186440677966, 285.984184653072, 376.677966101695, 387.4079134666315]"
00020857_008.png,Infiltration,0.10646090001115209,0.00106335,"[274.25023999999996, 278.5001216, 352.75008, 325.50013440000004]",datasets/chestxray8/val/images/00020857_008.png,Infiltration,"[95.186440677966, 285.984184653072, 376.677966101695, 387.4079134666315]"
00020857_008.png,Infiltration,0.055137751978987744,0.00102234,"[332.250112, 324.5001984, 400.24985599999997, 361.0002176]",datasets/chestxray8/val/images/00020857_008.png,Infiltration,"[95.186440677966, 285.984184653072, 376.677966101695, 387.4079134666315]"
00020857_008.png,Cardiomegaly,0.14706649132532024,0.00100327,"[86.62476800000002, 250.000128, 209.124864, 329.00019199999997]",datasets/chestxray8/val/images/00020857_008.png,Infiltration,"[95.186440677966, 285.984184653072, 376.677966101695, 387.4079134666315]"
00004968_004.png,Atelectasis,0.1062544934623139,0.394775,"[156.749824, 191.50003199999998, 414.749696, 405.50016]",datasets/chestxray8/val/images/00004968_004.png,Infiltration,"[317.01694915254257, 318.526557534428, 449.35593220339, 380.89943889036]"
00004968_004.png,Infiltration,0.32730993508733136,0.0209961,"[320.0, 292.75008, 391.499776, 364.75008]",datasets/chestxray8/val/images/00004968_004.png,Infiltration,"[317.01694915254257, 318.526557534428, 449.35593220339, 380.89943889036]"
00004968_004.png,Infiltration,0.323713371388522,0.016861,"[296.0, 294.500096, 377.50016000000005, 382.500096]",datasets/chestxray8/val/images/00004968_004.png,Infiltration,"[317.01694915254257, 318.526557534428, 449.35593220339, 380.89943889036]"
00004968_004.png,Effusion,0.24636971962458432,0.00948334,"[331.250176, 295.500032, 393.250304, 356.999936]",datasets/chestxray8/val/images/00004968_004.png,Infiltration,"[317.01694915254257, 318.526557534428, 449.35593220339, 380.89943889036]"
00004968_004.png,Infiltration,0.2116317219328617,0.00884247,"[283.24992, 293.50016000000005, 360.749824, 388.500224]",datasets/chestxray8/val/images/00004968_004.png,Infiltration,"[317.01694915254257, 318.526557534428, 449.35593220339, 380.89943889036]"
00004968_004.png,Infiltration,0.13134172340580935,0.00482941,"[265.50016, 277.250048, 351.000064, 394.25023999999996]",datasets/chestxray8/val/images/00004968_004.png,Infiltration,"[317.01694915254257, 318.526557534428, 449.35593220339, 380.89943889036]"
00004968_004.png,Atelectasis,0.07644768844003831,0.00350761,"[115.750144, 284.499712, 397.250304, 505.49990399999996]",datasets/chestxray8/val/images/00004968_004.png,Infiltration,"[317.01694915254257, 318.526557534428, 449.35593220339, 380.89943889036]"
00004968_004.png,Effusion,0.27548517340643697,0.00345993,"[340.250112, 304.99967999999996, 396.750336, 362.49984]",datasets/chestxray8/val/images/00004968_004.png,Infiltration,"[317.01694915254257, 318.526557534428, 449.35593220339, 380.89943889036]"
00004968_004.png,Cardiomegaly,0.17113845725956833,0.0033989,"[383.50003200000003, 302.99980800000003, 478.500096, 511.99974399999996]",datasets/chestxray8/val/images/00004968_004.png,Infiltration,"[317.01694915254257, 318.526557534428, 449.35593220339, 380.89943889036]"
00004968_004.png,Effusion,0.19111021658414948,0.00293541,"[318.749952, 286.749952, 380.249856, 350.249728]",datasets/chestxray8/val/images/00004968_004.png,Infiltration,"[317.01694915254257, 318.526557534428, 449.35593220339, 380.89943889036]"
00004968_004.png,Atelectasis,0.065994140476569,0.0024128,"[147.000064, 304.49996799999997, 364.500224, 486.500096]",datasets/chestxray8/val/images/00004968_004.png,Infiltration,"[317.01694915254257, 318.526557534428, 449.35593220339, 380.89943889036]"
00004968_004.png,Cardiomegaly,0.07997922808905479,0.00190449,"[390.49983999999995, 355.499776, 468.99968, 507.499776]",datasets/chestxray8/val/images/00004968_004.png,Infiltration,"[317.01694915254257, 318.526557534428, 449.35593220339, 380.89943889036]"
00004968_004.png,Infiltration,0.3783641967937048,0.00171661,"[347.24992, 299.749888, 449.250048, 356.250112]",datasets/chestxray8/val/images/00004968_004.png,Infiltration,"[317.01694915254257, 318.526557534428, 449.35593220339, 380.89943889036]"
00004968_004.png,Infiltration,0.09775497864655178,0.00133228,"[164.750336, 182.00012800000002, 408.75007999999997, 411.50003200000003]",datasets/chestxray8/val/images/00004968_004.png,Infiltration,"[317.01694915254257, 318.526557534428, 449.35593220339, 380.89943889036]"
00004968_004.png,Cardiomegaly,0.20837869904493872,0.00122833,"[387.99974399999996, 262.249984, 480.0, 413.74976]",datasets/chestxray8/val/images/00004968_004.png,Infiltration,"[317.01694915254257, 318.526557534428, 449.35593220339, 380.89943889036]"
00004968_004.png,Cardiomegaly,0.11901757656947491,0.0010519,"[413.00019199999997, 242.749952, 482.500096, 430.75020800000004]",datasets/chestxray8/val/images/00004968_004.png,Infiltration,"[317.01694915254257, 318.526557534428, 449.35593220339, 380.89943889036]"
00004968_004.png,Atelectasis,0.07095165912508782,0.00103092,"[95.749888, 171.250176, 393.250048, 384.75008]",datasets/chestxray8/val/images/00004968_004.png,Infiltration,"[317.01694915254257, 318.526557534428, 449.35593220339, 380.89943889036]"
00004968_004.png,Infiltration,0.44809953823176346,0.0010128,"[373.000192, 323.74996480000004, 453.000192, 373.2499712]",datasets/chestxray8/val/images/00004968_004.png,Infiltration,"[317.01694915254257, 318.526557534428, 449.35593220339, 380.89943889036]"
00012048_007.png,Effusion,0.28354958908652395,0.0169525,"[126.25024000000002, 158.75020800000001, 252.0, 315.50003200000003]",datasets/chestxray8/val/images/00012048_007.png,Effusion,"[143.5767195767195, 190.1714285714285, 217.26137566137552, 266.0232804232805]"
00012048_007.png,Effusion,0.07387207532021668,0.0166779,"[106.00010240000002, 184.0, 155.00008960000002, 240.500224]",datasets/chestxray8/val/images/00012048_007.png,Effusion,"[143.5767195767195, 190.1714285714285, 217.26137566137552, 266.0232804232805]"
00012048_007.png,Mass,0.21712506175220495,0.00942993,"[103.375104, 227.500032, 192.875264, 284.00025600000004]",datasets/chestxray8/val/images/00012048_007.png,Effusion,"[143.5767195767195, 190.1714285714285, 217.26137566137552, 266.0232804232805]"
00012048_007.png,Effusion,0.12225879299441568,0.00756073,"[102.12505600000001, 192.499712, 160.37529600000002, 250.749952]",datasets/chestxray8/val/images/00012048_007.png,Effusion,"[143.5767195767195, 190.1714285714285, 217.26137566137552, 266.0232804232805]"
00012048_007.png,Mass,0.15207908980331777,0.00651932,"[117.937408, 242.2498816, 196.999936, 293.2498944]",datasets/chestxray8/val/images/00012048_007.png,Effusion,"[143.5767195767195, 190.1714285714285, 217.26137566137552, 266.0232804232805]"
00012048_007.png,Mass,0.4053977502504523,0.00585175,"[117.50016000000001, 211.37510400000002, 209.00019200000003, 285.750272]",datasets/chestxray8/val/images/00012048_007.png,Effusion,"[143.5767195767195, 190.1714285714285, 217.26137566137552, 266.0232804232805]"
00012048_007.png,Effusion,0.4687794033156392,0.00408173,"[146.999808, 198.6249728, 198.49983999999998, 249.49995520000002]",datasets/chestxray8/val/images/00012048_007.png,Effusion,"[143.5767195767195, 190.1714285714285, 217.26137566137552, 266.0232804232805]"
00012048_007.png,Effusion,0.4053977502504523,0.00399399,"[117.50016000000001, 211.37510400000002, 209.00019200000003, 285.750272]",datasets/chestxray8/val/images/00012048_007.png,Effusion,"[143.5767195767195, 190.1714285714285, 217.26137566137552, 266.0232804232805]"
00012048_007.png,Mass,0.16690983190856903,0.00383568,"[89.062656, 228.50022400000003, 198.749952, 309.50016000000005]",datasets/chestxray8/val/images/00012048_007.png,Effusion,"[143.5767195767195, 190.1714285714285, 217.26137566137552, 266.0232804232805]"
00012048_007.png,Effusion,0.14722279566798221,0.00338745,"[110.125056, 131.00032, 266.99980800000003, 373.000192]",datasets/chestxray8/val/images/00012048_007.png,Effusion,"[143.5767195767195, 190.1714285714285, 217.26137566137552, 266.0232804232805]"
00012048_007.png,Mass,0.27641736222605506,0.00315285,"[108.875264, 162.99980800000003, 244.125184, 312.499712]",datasets/chestxray8/val/images/00012048_007.png,Effusion,"[143.5767195767195, 190.1714285714285, 217.26137566137552, 266.0232804232805]"
00012048_007.png,Effusion,0.16866710377346586,0.00314522,"[123.125248, 123.62521600000001, 288.500224, 324.0]",datasets/chestxray8/val/images/00012048_007.png,Effusion,"[143.5767195767195, 190.1714285714285, 217.26137566137552, 266.0232804232805]"
00012048_007.png,Mass,0.2436534081717467,0.00227547,"[116.874752, 149.00019200000003, 230.374912, 229.250048]",datasets/chestxray8/val/images/00012048_007.png,Effusion,"[143.5767195767195, 190.1714285714285, 217.26137566137552, 266.0232804232805]"
00012048_007.png,Cardiomegaly,0.16866710377346586,0.00205803,"[123.125248, 123.62521600000001, 288.500224, 324.0]",datasets/chestxray8/val/images/00012048_007.png,Effusion,"[143.5767195767195, 190.1714285714285, 217.26137566137552, 266.0232804232805]"
00012048_007.png,Effusion,0.3319163283999778,0.00183582,"[165.999872, 222.49984, 223.500032, 280.999936]",datasets/chestxray8/val/images/00012048_007.png,Effusion,"[143.5767195767195, 190.1714285714285, 217.26137566137552, 266.0232804232805]"
00012048_007.png,Cardiomegaly,0.052054813673060064,0.00177383,"[40.37504, 86.125056, 181.625088, 459.50003200000003]",datasets/chestxray8/val/images/00012048_007.png,Effusion,"[143.5767195767195, 190.1714285714285, 217.26137566137552, 266.0232804232805]"
00012048_007.png,Mass,0.17902301171205257,0.00166988,"[104.62515199999999, 98.87487999999999, 252.499968, 310.000128]",datasets/chestxray8/val/images/00012048_007.png,Effusion,"[143.5767195767195, 190.1714285714285, 217.26137566137552, 266.0232804232805]"
00012048_007.png,Effusion,0.19321162142824247,0.00153828,"[94.00012799999999, 124.75033599999999, 236.499968, 327.750144]",datasets/chestxray8/val/images/00012048_007.png,Effusion,"[143.5767195767195, 190.1714285714285, 217.26137566137552, 266.0232804232805]"
00012048_007.png,Mass,0.16101241163344043,0.00135422,"[66.687232, 159.749888, 221.99987199999998, 383.249664]",datasets/chestxray8/val/images/00012048_007.png,Effusion,"[143.5767195767195, 190.1714285714285, 217.26137566137552, 266.0232804232805]"
00012048_007.png,Infiltration,0.24565037675390797,0.00129032,"[105.000192, 218.874752, 182.500096, 265.499776]",datasets/chestxray8/val/images/00012048_007.png,Effusion,"[143.5767195767195, 190.1714285714285, 217.26137566137552, 266.0232804232805]"
00012048_007.png,Mass,0.09146476777636861,0.00119209,"[51.187456, 109.37497600000003, 204.999936, 434.500096]",datasets/chestxray8/val/images/00012048_007.png,Effusion,"[143.5767195767195, 190.1714285714285, 217.26137566137552, 266.0232804232805]"
00012048_007.png,Effusion,0.0865762545250203,0.0011816,"[73.124864, 193.75001600000002, 339.999744, 423.24992000000003]",datasets/chestxray8/val/images/00012048_007.png,Effusion,"[143.5767195767195, 190.1714285714285, 217.26137566137552, 266.0232804232805]"
00012048_007.png,Effusion,0.34801362383727324,0.00117493,"[120.75008, 200.000256, 223.50028799999998, 329.00019199999997]",datasets/chestxray8/val/images/00012048_007.png,Effusion,"[143.5767195767195, 190.1714285714285, 217.26137566137552, 266.0232804232805]"
00012048_007.png,Effusion,0.35761431312330555,0.0011673,"[154.8751872, 194.3751424, 203.62516480000002, 235.3751296]",datasets/chestxray8/val/images/00012048_007.png,Effusion,"[143.5767195767195, 190.1714285714285, 217.26137566137552, 266.0232804232805]"
00012048_007.png,Effusion,0.4964699976121317,0.00114155,"[159.12499200000002, 197.374976, 212.874752, 248.999936]",datasets/chestxray8/val/images/00012048_007.png,Effusion,"[143.5767195767195, 190.1714285714285, 217.26137566137552, 266.0232804232805]"
00012048_007.png,Mass,0.10032556467812181,0.00111389,"[110.000128, 244.375296, 198.750208, 329.000192]",datasets/chestxray8/val/images/00012048_007.png,Effusion,"[143.5767195767195, 190.1714285714285, 217.26137566137552, 266.0232804232805]"
00012048_007.png,Infiltration,0.28354958908652395,0.00100613,"[126.25024000000002, 158.75020800000001, 252.0, 315.50003200000003]",datasets/chestxray8/val/images/00012048_007.png,Effusion,"[143.5767195767195, 190.1714285714285, 217.26137566137552, 266.0232804232805]"
00015792_005.png,Effusion,0.06435059911197138,0.0148087,"[165.99987199999998, 134.1250304, 218.49984, 178.6250496]",datasets/chestxray8/val/images/00015792_005.png,Effusion,"[133.8243386243385, 146.827513227513, 173.37566137566125, 185.8370370370368]"
00015792_005.png,Mass,0.06316265279716794,0.00300789,"[110.25024, 84.187648, 214.50009599999998, 318.500352]",datasets/chestxray8/val/images/00015792_005.png,Effusion,"[133.8243386243385, 146.827513227513, 173.37566137566125, 185.8370370370368]"
00015792_005.png,Mass,0.0774777623570199,0.0022583,"[105.75001599999999, 51.374848, 241.24979199999999, 181.75001600000002]",datasets/chestxray8/val/images/00015792_005.png,Effusion,"[133.8243386243385, 146.827513227513, 173.37566137566125, 185.8370370370368]"
00015792_005.png,Infiltration,0.19003833286508576,0.00193024,"[135.750144, 112.0, 228.000256, 179.99974400000002]",datasets/chestxray8/val/images/00015792_005.png,Effusion,"[133.8243386243385, 146.827513227513, 173.37566137566125, 185.8370370370368]"
00015792_005.png,Effusion,0.059154605982044646,0.00185871,"[105.43744, 122.87488, 237.75001600000002, 320.0]",datasets/chestxray8/val/images/00015792_005.png,Effusion,"[133.8243386243385, 146.827513227513, 173.37566137566125, 185.8370370370368]"
00015792_005.png,Infiltration,0.06976705446785027,0.00169659,"[165.62506240000002, 130.8751872, 216.3750656, 181.37518079999998]",datasets/chestxray8/val/images/00015792_005.png,Effusion,"[133.8243386243385, 146.827513227513, 173.37566137566125, 185.8370370370368]"
00015792_005.png,Effusion,0.219498055701211,0.00163269,"[133.7499648, 171.2499712, 177.4999552, 209.24999680000002]",datasets/chestxray8/val/images/00015792_005.png,Effusion,"[133.8243386243385, 146.827513227513, 173.37566137566125, 185.8370370370368]"
00015792_005.png,Effusion,0.10513367522477379,0.00148869,"[114.74995200000001, 103.87481600000001, 166.00012800000002, 159.874816]",datasets/chestxray8/val/images/00015792_005.png,Effusion,"[133.8243386243385, 146.827513227513, 173.37566137566125, 185.8370370370368]"
00015792_005.png,Mass,0.115149260335562,0.00126839,"[121.37523199999998, 81.24979199999999, 196.125184, 260.49996799999997]",datasets/chestxray8/val/images/00015792_005.png,Effusion,"[133.8243386243385, 146.827513227513, 173.37566137566125, 185.8370370370368]"
00015792_005.png,Effusion,0.2802523588327096,0.00125408,"[115.374848, 108.99993599999999, 176.37504, 179.000064]",datasets/chestxray8/val/images/00015792_005.png,Effusion,"[133.8243386243385, 146.827513227513, 173.37566137566125, 185.8370370370368]"
00015792_005.png,Infiltration,0.12421435109194645,0.00121784,"[80.125184, 86.37491200000001, 176.87526400000002, 175.12499200000002]",datasets/chestxray8/val/images/00015792_005.png,Effusion,"[133.8243386243385, 146.827513227513, 173.37566137566125, 185.8370370370368]"
00015792_005.png,Mass,0.06706364487652977,0.00121403,"[65.8752, 50.249984, 196.625152, 175.250176]",datasets/chestxray8/val/images/00015792_005.png,Effusion,"[133.8243386243385, 146.827513227513, 173.37566137566125, 185.8370370370368]"
00015792_005.png,Mass,0.10075587731854423,0.00116539,"[116.12518400000002, 116.12518399999999, 240.875008, 238.875136]",datasets/chestxray8/val/images/00015792_005.png,Effusion,"[133.8243386243385, 146.827513227513, 173.37566137566125, 185.8370370370368]"
00015792_005.png,Effusion,0.21235394443421707,0.00116539,"[105.000192, 99.50028800000001, 182.500096, 193.250048]",datasets/chestxray8/val/images/00015792_005.png,Effusion,"[133.8243386243385, 146.827513227513, 173.37566137566125, 185.8370370370368]"
00015792_005.png,Mass,0.05493013926457035,0.00110817,"[150.50009599999998, 38.687488, 254.25024000000002, 188.999936]",datasets/chestxray8/val/images/00015792_005.png,Effusion,"[133.8243386243385, 146.827513227513, 173.37566137566125, 185.8370370370368]"
00015792_005.png,Effusion,0.05582415678834857,0.00110245,"[142.99978240000002, 181.1251968, 177.7497856, 214.62520320000002]",datasets/chestxray8/val/images/00015792_005.png,Effusion,"[133.8243386243385, 146.827513227513, 173.37566137566125, 185.8370370370368]"
00009669_003.png,Cardiomegaly,0.27494379322757473,0.0398865,"[37.124863999999995, 280.749824, 142.50009599999998, 452.249856]",datasets/chestxray8/val/images/00009669_003.png,Infiltration,"[78.915254237288, 324.492659229343, 209.6271186440675, 434.59435414459705]"
00009669_003.png,Infiltration,0.4297996227398586,0.0349121,"[66.31219200000001, 321.999872, 186.999808, 385.999872]",datasets/chestxray8/val/images/00009669_003.png,Infiltration,"[78.915254237288, 324.492659229343, 209.6271186440675, 434.59435414459705]"
00009669_003.png,Cardiomegaly,0.23359455752259242,0.0347595,"[29.750271999999995, 197.99987199999998, 157.8752, 444.0]",datasets/chestxray8/val/images/00009669_003.png,Infiltration,"[78.915254237288, 324.492659229343, 209.6271186440675, 434.59435414459705]"
00009669_003.png,Infiltration,0.24957377926257665,0.0159454,"[134.50009599999998, 286.24998400000004, 206.749952, 383.750144]",datasets/chestxray8/val/images/00009669_003.png,Infiltration,"[78.915254237288, 324.492659229343, 209.6271186440675, 434.59435414459705]"
00009669_003.png,Cardiomegaly,0.18663054873753,0.0148315,"[36.625152, 234.749696, 124.875008, 436.249856]",datasets/chestxray8/val/images/00009669_003.png,Infiltration,"[78.915254237288, 324.492659229343, 209.6271186440675, 434.59435414459705]"
00009669_003.png,Cardiomegaly,0.18567243210207263,0.0142136,"[42.21849600000001, 281.250304, 117.624832, 427.250176]",datasets/chestxray8/val/images/00009669_003.png,Infiltration,"[78.915254237288, 324.492659229343, 209.6271186440675, 434.59435414459705]"
00009669_003.png,Cardiomegaly,0.3540641032984558,0.0134201,"[38.375168, 255.250176, 176.125184, 426.75020800000004]",datasets/chestxray8/val/images/00009669_003.png,Infiltration,"[78.915254237288, 324.492659229343, 209.6271186440675, 434.59435414459705]"
00009669_003.png,Infiltration,0.4160156579877787,0.0121613,"[96.68735999999998, 292.99968, 218.749696, 393.999872]",datasets/chestxray8/val/images/00009669_003.png,Infiltration,"[78.915254237288, 324.492659229343, 209.6271186440675, 434.59435414459705]"
00009669_003.png,Cardiomegaly,0.4297996227398586,0.00975037,"[66.31219200000001, 321.999872, 186.999808, 385.999872]",datasets/chestxray8/val/images/00009669_003.png,Infiltration,"[78.915254237288, 324.492659229343, 209.6271186440675, 434.59435414459705]"
00009669_003.png,Cardiomegaly,0.14222419091963667,0.00914764,"[55.000115199999996, 310.24998400000004, 104.6251008, 420.749824]",datasets/chestxray8/val/images/00009669_003.png,Infiltration,"[78.915254237288, 324.492659229343, 209.6271186440675, 434.59435414459705]"
00009669_003.png,Atelectasis,0.19837690856019463,0.00787354,"[79.37484800000001, 193.750016, 369.499648, 442.749952]",datasets/chestxray8/val/images/00009669_003.png,Infiltration,"[78.915254237288, 324.492659229343, 209.6271186440675, 434.59435414459705]"
00009669_003.png,Infiltration,0.36556693666415013,0.00762177,"[86.18751999999998, 299.500032, 192.75008, 383.000064]",datasets/chestxray8/val/images/00009669_003.png,Infiltration,"[78.915254237288, 324.492659229343, 209.6271186440675, 434.59435414459705]"
00009669_003.png,Effusion,0.17604944510598217,0.00722122,"[80.749824, 282.49984, 172.499712, 359.500032]",datasets/chestxray8/val/images/00009669_003.png,Infiltration,"[78.915254237288, 324.492659229343, 209.6271186440675, 434.59435414459705]"
00009669_003.png,Cardiomegaly,0.17594719431557185,0.00621033,"[65.25004799999999, 87.87507200000002, 185.000192, 397.00019199999997]",datasets/chestxray8/val/images/00009669_003.png,Infiltration,"[78.915254237288, 324.492659229343, 209.6271186440675, 434.59435414459705]"
00009669_003.png,Cardiomegaly,0.11168871396598785,0.00561142,"[49.937664000000005, 258.249728, 104.562432, 414.24998400000004]",datasets/chestxray8/val/images/00009669_003.png,Infiltration,"[78.915254237288, 324.492659229343, 209.6271186440675, 434.59435414459705]"
00009669_003.png,Cardiomegaly,0.4682051421896827,0.00450516,"[50.74995199999999, 312.75008, 200.499712, 394.25023999999996]",datasets/chestxray8/val/images/00009669_003.png,Infiltration,"[78.915254237288, 324.492659229343, 209.6271186440675, 434.59435414459705]"
00009669_003.png,Cardiomegaly,0.31534029063539454,0.00362778,"[47.281152000000006, 278.500096, 170.50009599999998, 402.000128]",datasets/chestxray8/val/images/00009669_003.png,Infiltration,"[78.915254237288, 324.492659229343, 209.6271186440675, 434.59435414459705]"
00009669_003.png,Infiltration,0.17492101759076586,0.00359535,"[95.87481600000001, 293.750272, 180.124928, 359.750144]",datasets/chestxray8/val/images/00009669_003.png,Infiltration,"[78.915254237288, 324.492659229343, 209.6271186440675, 434.59435414459705]"
00009669_003.png,Cardiomegaly,0.3802757132016077,0.00311279,"[56.812543999999995, 315.749888, 160.249856, 404.250112]",datasets/chestxray8/val/images/00009669_003.png,Infiltration,"[78.915254237288, 324.492659229343, 209.6271186440675, 434.59435414459705]"
00009669_003.png,Infiltration,0.184619650660789,0.00275612,"[120.75008000000001, 288.500224, 188.250112, 370.500096]",datasets/chestxray8/val/images/00009669_003.png,Infiltration,"[78.915254237288, 324.492659229343, 209.6271186440675, 434.59435414459705]"
00009669_003.png,Cardiomegaly,0.25019960780777856,0.00267601,"[58.250240000000005, 200.37478400000003, 170.50009599999998, 406.49984]",datasets/chestxray8/val/images/00009669_003.png,Infiltration,"[78.915254237288, 324.492659229343, 209.6271186440675, 434.59435414459705]"
00009669_003.png,Cardiomegaly,0.17871158150533858,0.00257683,"[51.187712, 135.24992, 134.750208, 448.249856]",datasets/chestxray8/val/images/00009669_003.png,Infiltration,"[78.915254237288, 324.492659229343, 209.6271186440675, 434.59435414459705]"
00009669_003.png,Cardiomegaly,0.12505451773548823,0.00247765,"[36.687616, 158.374912, 120.750336, 421.499904]",datasets/chestxray8/val/images/00009669_003.png,Infiltration,"[78.915254237288, 324.492659229343, 209.6271186440675, 434.59435414459705]"
00009669_003.png,Infiltration,0.2862963454455559,0.00236893,"[63.50028800000001, 267.99974399999996, 311.000064, 408.0]",datasets/chestxray8/val/images/00009669_003.png,Infiltration,"[78.915254237288, 324.492659229343, 209.6271186440675, 434.59435414459705]"
00009669_003.png,Atelectasis,0.07645193556731128,0.00222397,"[155.000064, 256.749824, 442.49984, 501.24979199999996]",datasets/chestxray8/val/images/00009669_003.png,Infiltration,"[78.915254237288, 324.492659229343, 209.6271186440675, 434.59435414459705]"
00009669_003.png,Atelectasis,0.15214417657007723,0.00214195,"[97.75001599999999, 232.50022400000003, 401.75001599999996, 492.00025600000004]",datasets/chestxray8/val/images/00009669_003.png,Infiltration,"[78.915254237288, 324.492659229343, 209.6271186440675, 434.59435414459705]"
00009669_003.png,Cardiomegaly,0.1240629168795134,0.00209618,"[47.155968, 46.625023999999996, 148.374784, 404.999936]",datasets/chestxray8/val/images/00009669_003.png,Infiltration,"[78.915254237288, 324.492659229343, 209.6271186440675, 434.59435414459705]"
00009669_003.png,Cardiomegaly,0.178908991289421,0.00204086,"[23.874816000000003, 277.00019199999997, 134.625024, 512.0]",datasets/chestxray8/val/images/00009669_003.png,Infiltration,"[78.915254237288, 324.492659229343, 209.6271186440675, 434.59435414459705]"
00009669_003.png,Cardiomegaly,0.16419502555373552,0.00203705,"[48.187392, 216.24985600000002, 138.50009599999998, 397.250048]",datasets/chestxray8/val/images/00009669_003.png,Infiltration,"[78.915254237288, 324.492659229343, 209.6271186440675, 434.59435414459705]"
00009669_003.png,Cardiomegaly,0.4160156579877787,0.00177765,"[96.68735999999998, 292.99968, 218.749696, 393.999872]",datasets/chestxray8/val/images/00009669_003.png,Infiltration,"[78.915254237288, 324.492659229343, 209.6271186440675, 434.59435414459705]"
00009669_003.png,Infiltration,0.1948696944709852,0.00169182,"[75.43731199999999, 280.99993600000005, 175.749888, 362.500096]",datasets/chestxray8/val/images/00009669_003.png,Infiltration,"[78.915254237288, 324.492659229343, 209.6271186440675, 434.59435414459705]"
00009669_003.png,Infiltration,0.3285072821487031,0.00160313,"[72.250112, 323.50003200000003, 151.00032, 392.500224]",datasets/chestxray8/val/images/00009669_003.png,Infiltration,"[78.915254237288, 324.492659229343, 209.6271186440675, 434.59435414459705]"
00009669_003.png,Effusion,0.35436746971673866,0.00134277,"[53.874688000000006, 224.125184, 192.124928, 420.500224]",datasets/chestxray8/val/images/00009669_003.png,Infiltration,"[78.915254237288, 324.492659229343, 209.6271186440675, 434.59435414459705]"
00009669_003.png,Cardiomegaly,0.3285072821487031,0.00123978,"[72.250112, 323.50003200000003, 151.00032, 392.500224]",datasets/chestxray8/val/images/00009669_003.png,Infiltration,"[78.915254237288, 324.492659229343, 209.6271186440675, 434.59435414459705]"
00009669_003.png,Mass,0.1240629168795134,0.00121117,"[47.155968, 46.625023999999996, 148.374784, 404.999936]",datasets/chestxray8/val/images/00009669_003.png,Infiltration,"[78.915254237288, 324.492659229343, 209.6271186440675, 434.59435414459705]"
00009669_003.png,Atelectasis,0.23200379630862034,0.00116348,"[60.99993599999999, 293.00019199999997, 344.250112, 512.0]",datasets/chestxray8/val/images/00009669_003.png,Infiltration,"[78.915254237288, 324.492659229343, 209.6271186440675, 434.59435414459705]"
00009669_003.png,Cardiomegaly,0.1353178518280036,0.00113678,"[31.843584000000007, 263.00006399999995, 113.499904, 478.000128]",datasets/chestxray8/val/images/00009669_003.png,Infiltration,"[78.915254237288, 324.492659229343, 209.6271186440675, 434.59435414459705]"
00009669_003.png,Infiltration,0.31534029063539454,0.00108624,"[47.281152000000006, 278.500096, 170.50009599999998, 402.000128]",datasets/chestxray8/val/images/00009669_003.png,Infiltration,"[78.915254237288, 324.492659229343, 209.6271186440675, 434.59435414459705]"
00009669_003.png,Infiltration,0.3802757132016077,0.00104141,"[56.812543999999995, 315.749888, 160.249856, 404.250112]",datasets/chestxray8/val/images/00009669_003.png,Infiltration,"[78.915254237288, 324.492659229343, 209.6271186440675, 434.59435414459705]"
00026810_001.png,Infiltration,0.10423844250375915,0.0117493,"[269.499904, 308.499968, 436.99968, 393.50016]",datasets/chestxray8/val/images/00026810_001.png,Cardiomegaly,"[383.1466666666665, 354.010078125, 442.87999999999994, 381.8856336805556]"
00026810_001.png,Cardiomegaly,0.3069306672216577,0.0111313,"[378.49984, 327.500032, 448.499968, 404.999936]",datasets/chestxray8/val/images/00026810_001.png,Cardiomegaly,"[383.1466666666665, 354.010078125, 442.87999999999994, 381.8856336805556]"
00026810_001.png,Infiltration,0.23955812848261118,0.01091,"[335.500032, 330.000128, 434.49984, 388.0]",datasets/chestxray8/val/images/00026810_001.png,Cardiomegaly,"[383.1466666666665, 354.010078125, 442.87999999999994, 381.8856336805556]"
00026810_001.png,Cardiomegaly,0.23652234578163453,0.00991821,"[324.75007999999997, 332.24985599999997, 442.750208, 391.749888]",datasets/chestxray8/val/images/00026810_001.png,Cardiomegaly,"[383.1466666666665, 354.010078125, 442.87999999999994, 381.8856336805556]"
00026810_001.png,Infiltration,0.45887182222094663,0.00827789,"[384.75007999999997, 327.749888, 438.249984, 385.25004800000005]",datasets/chestxray8/val/images/00026810_001.png,Cardiomegaly,"[383.1466666666665, 354.010078125, 442.87999999999994, 381.8856336805556]"
00026810_001.png,Cardiomegaly,0.2635621598123216,0.00595856,"[413.4999808, 329.999872, 446.99998719999996, 397.499904]",datasets/chestxray8/val/images/00026810_001.png,Cardiomegaly,"[383.1466666666665, 354.010078125, 442.87999999999994, 381.8856336805556]"
00026810_001.png,Cardiomegaly,0.1769690773832709,0.00544739,"[366.25023999999996, 323.750144, 463.250176, 420.75008]",datasets/chestxray8/val/images/00026810_001.png,Cardiomegaly,"[383.1466666666665, 354.010078125, 442.87999999999994, 381.8856336805556]"
00026810_001.png,Cardiomegaly,0.056515532200346046,0.00517654,"[385.999872, 149.37497600000003, 476.49996799999997, 458.500096]",datasets/chestxray8/val/images/00026810_001.png,Cardiomegaly,"[383.1466666666665, 354.010078125, 442.87999999999994, 381.8856336805556]"
00026810_001.png,Cardiomegaly,0.26453736979949255,0.00490952,"[402.749952, 328.75008, 454.24998400000004, 400.249856]",datasets/chestxray8/val/images/00026810_001.png,Cardiomegaly,"[383.1466666666665, 354.010078125, 442.87999999999994, 381.8856336805556]"
00026810_001.png,Infiltration,0.34552067869793096,0.00401306,"[388.249856, 325.499904, 442.749696, 403.50003200000003]",datasets/chestxray8/val/images/00026810_001.png,Cardiomegaly,"[383.1466666666665, 354.010078125, 442.87999999999994, 381.8856336805556]"
00026810_001.png,Cardiomegaly,0.11153290970994319,0.00362587,"[401.24979199999996, 255.000064, 461.250048, 420.000256]",datasets/chestxray8/val/images/00026810_001.png,Cardiomegaly,"[383.1466666666665, 354.010078125, 442.87999999999994, 381.8856336805556]"
00026810_001.png,Infiltration,0.16409811881994082,0.00227547,"[299.250176, 327.750144, 445.250048, 397.250048]",datasets/chestxray8/val/images/00026810_001.png,Cardiomegaly,"[383.1466666666665, 354.010078125, 442.87999999999994, 381.8856336805556]"
00026810_001.png,Infiltration,0.29702944124869357,0.00219917,"[412.2502656, 322.99980800000003, 443.7502464, 388.49996799999997]",datasets/chestxray8/val/images/00026810_001.png,Cardiomegaly,"[383.1466666666665, 354.010078125, 442.87999999999994, 381.8856336805556]"
00026810_001.png,Cardiomegaly,0.12933358829015565,0.00214386,"[388.999936, 288.249856, 473.49990399999996, 423.749632]",datasets/chestxray8/val/images/00026810_001.png,Cardiomegaly,"[383.1466666666665, 354.010078125, 442.87999999999994, 381.8856336805556]"
00026810_001.png,Cardiomegaly,0.10423844250375915,0.00196457,"[269.499904, 308.499968, 436.99968, 393.50016]",datasets/chestxray8/val/images/00026810_001.png,Cardiomegaly,"[383.1466666666665, 354.010078125, 442.87999999999994, 381.8856336805556]"
00026810_001.png,Cardiomegaly,0.21646000175845456,0.00165367,"[408.7501824, 291.250176, 445.7501696, 390.75020800000004]",datasets/chestxray8/val/images/00026810_001.png,Cardiomegaly,"[383.1466666666665, 354.010078125, 442.87999999999994, 381.8856336805556]"
00026810_001.png,Cardiomegaly,0.058926774465734556,0.00157642,"[268.499968, 317.250048, 405.000192, 385.24979199999996]",datasets/chestxray8/val/images/00026810_001.png,Cardiomegaly,"[383.1466666666665, 354.010078125, 442.87999999999994, 381.8856336805556]"
00026810_001.png,Cardiomegaly,0.05293343895541316,0.00157547,"[368.749824, 99.500032, 469.24979199999996, 412.49996799999997]",datasets/chestxray8/val/images/00026810_001.png,Cardiomegaly,"[383.1466666666665, 354.010078125, 442.87999999999994, 381.8856336805556]"
00026810_001.png,Cardiomegaly,0.1254078068417761,0.00141239,"[343.500032, 316.250112, 456.499968, 433.750016]",datasets/chestxray8/val/images/00026810_001.png,Cardiomegaly,"[383.1466666666665, 354.010078125, 442.87999999999994, 381.8856336805556]"
00026810_001.png,Cardiomegaly,0.16391278364146922,0.00134468,"[301.249792, 321.499904, 437.249792, 388.0]",datasets/chestxray8/val/images/00026810_001.png,Cardiomegaly,"[383.1466666666665, 354.010078125, 442.87999999999994, 381.8856336805556]"
00026810_001.png,Infiltration,0.058926774465734556,0.00117683,"[268.499968, 317.250048, 405.000192, 385.24979199999996]",datasets/chestxray8/val/images/00026810_001.png,Cardiomegaly,"[383.1466666666665, 354.010078125, 442.87999999999994, 381.8856336805556]"
00026810_001.png,Infiltration,0.19318559048423356,0.00109768,"[358.249728, 324.2498048, 437.24979199999996, 369.74981119999995]",datasets/chestxray8/val/images/00026810_001.png,Cardiomegaly,"[383.1466666666665, 354.010078125, 442.87999999999994, 381.8856336805556]"
00026810_001.png,Cardiomegaly,0.18406723238912967,0.00100136,"[395.50003200000003, 324.499968, 461.499904, 427.999744]",datasets/chestxray8/val/images/00026810_001.png,Cardiomegaly,"[383.1466666666665, 354.010078125, 442.87999999999994, 381.8856336805556]"
00019399_010.png,Infiltration,0.4603377726962754,0.00411224,"[415.2498432, 305.24979199999996, 461.7498368, 397.250048]",datasets/chestxray8/val/images/00019399_010.png,Cardiomegaly,"[391.720634920635, 301.24021164021144, 458.36190476190507, 425.853968253968]"
00019399_010.png,Infiltration,0.18176851220600404,0.00355911,"[309.74976, 287.500288, 421.74976, 419.500032]",datasets/chestxray8/val/images/00019399_010.png,Cardiomegaly,"[391.720634920635, 301.24021164021144, 458.36190476190507, 425.853968253968]"
00019399_010.png,Cardiomegaly,0.4603377726962754,0.00248146,"[415.2498432, 305.24979199999996, 461.7498368, 397.250048]",datasets/chestxray8/val/images/00019399_010.png,Cardiomegaly,"[391.720634920635, 301.24021164021144, 458.36190476190507, 425.853968253968]"
00019399_010.png,Cardiomegaly,0.10941311951622504,0.0023632,"[374.49984, 45.250304, 491.999744, 370.000128]",datasets/chestxray8/val/images/00019399_010.png,Cardiomegaly,"[391.720634920635, 301.24021164021144, 458.36190476190507, 425.853968253968]"
00019399_010.png,Cardiomegaly,0.24141604057206315,0.00200653,"[357.499904, 223.500288, 441.499648, 387.500032]",datasets/chestxray8/val/images/00019399_010.png,Cardiomegaly,"[391.720634920635, 301.24021164021144, 458.36190476190507, 425.853968253968]"
00019399_010.png,Mass,0.24141604057206315,0.00179863,"[357.499904, 223.500288, 441.499648, 387.500032]",datasets/chestxray8/val/images/00019399_010.png,Cardiomegaly,"[391.720634920635, 301.24021164021144, 458.36190476190507, 425.853968253968]"
00019399_010.png,Mass,0.4002606390994022,0.0017767,"[374.249984, 248.249856, 448.75007999999997, 399.24992]",datasets/chestxray8/val/images/00019399_010.png,Cardiomegaly,"[391.720634920635, 301.24021164021144, 458.36190476190507, 425.853968253968]"
00019399_010.png,Effusion,0.05191866379842995,0.00165749,"[407.5001856, 286.000128, 434.50019840000004, 318.000128]",datasets/chestxray8/val/images/00019399_010.png,Cardiomegaly,"[391.720634920635, 301.24021164021144, 458.36190476190507, 425.853968253968]"
00019399_010.png,Cardiomegaly,0.46982492573535684,0.00165176,"[412.250112, 322.00012799999996, 465.750016, 413.50016]",datasets/chestxray8/val/images/00019399_010.png,Cardiomegaly,"[391.720634920635, 301.24021164021144, 458.36190476190507, 425.853968253968]"
00019399_010.png,Cardiomegaly,0.4514038477350229,0.00155067,"[410.749696, 276.49996799999997, 468.249856, 402.99980800000003]",datasets/chestxray8/val/images/00019399_010.png,Cardiomegaly,"[391.720634920635, 301.24021164021144, 458.36190476190507, 425.853968253968]"
00019399_010.png,Cardiomegaly,0.20165221369500227,0.00144386,"[392.250112, 87.500032, 501.750016, 460.0]",datasets/chestxray8/val/images/00019399_010.png,Cardiomegaly,"[391.720634920635, 301.24021164021144, 458.36190476190507, 425.853968253968]"
00019399_010.png,Infiltration,0.4514038477350229,0.00130367,"[410.749696, 276.49996799999997, 468.249856, 402.99980800000003]",datasets/chestxray8/val/images/00019399_010.png,Cardiomegaly,"[391.720634920635, 301.24021164021144, 458.36190476190507, 425.853968253968]"
00019399_010.png,Atelectasis,0.0841527756988677,0.00115013,"[205.75001600000002, 185.49964799999998, 432.250112, 417.999872]",datasets/chestxray8/val/images/00019399_010.png,Cardiomegaly,"[391.720634920635, 301.24021164021144, 458.36190476190507, 425.853968253968]"
00019399_010.png,Cardiomegaly,0.47584321943650504,0.00111771,"[351.500288, 292.750336, 451.500032, 440.75007999999997]",datasets/chestxray8/val/images/00019399_010.png,Cardiomegaly,"[391.720634920635, 301.24021164021144, 458.36190476190507, 425.853968253968]"
00025787_039.png,Cardiomegaly,0.23804201043841894,0.0464478,"[4.0624639999999985, 182.25024000000002, 117.18732800000001, 467.75014400000003]",datasets/chestxray8/val/images/00025787_039.png,Mass,"[43.343915343915356, 49.30370370370369, 134.90793650793637, 334.2899470899472]"
00025787_039.png,Mass,0.2511036601410548,0.0409851,"[75.43782399999999, 60.87526399999999, 242.00012800000002, 262.000128]",datasets/chestxray8/val/images/00025787_039.png,Mass,"[43.343915343915356, 49.30370370370369, 134.90793650793637, 334.2899470899472]"
00025787_039.png,Mass,0.36898308247603373,0.0213013,"[39.49977600000001, 35.31263999999999, 252.49996800000002, 278.750208]",datasets/chestxray8/val/images/00025787_039.png,Mass,"[43.343915343915356, 49.30370370370369, 134.90793650793637, 334.2899470899472]"
00025787_039.png,Mass,0.27147874495427243,0.0176849,"[61.312511999999984, 84.56268799999998, 230.49984, 233.250048]",datasets/chestxray8/val/images/00025787_039.png,Mass,"[43.343915343915356, 49.30370370370369, 134.90793650793637, 334.2899470899472]"
00025787_039.png,Mass,0.18277878763274638,0.0166473,"[72.56243200000002, 95.124992, 213.75001600000002, 194.625024]",datasets/chestxray8/val/images/00025787_039.png,Mass,"[43.343915343915356, 49.30370370370369, 134.90793650793637, 334.2899470899472]"
00025787_039.png,Mass,0.13048663833932508,0.0117188,"[93.625088, 72.37504, 224.37504, 187.374848]",datasets/chestxray8/val/images/00025787_039.png,Mass,"[43.343915343915356, 49.30370370370369, 134.90793650793637, 334.2899470899472]"
00025787_039.png,Mass,0.4299797832053456,0.00905609,"[49.750016, 89.374976, 177.75001600000002, 257.499904]",datasets/chestxray8/val/images/00025787_039.png,Mass,"[43.343915343915356, 49.30370370370369, 134.90793650793637, 334.2899470899472]"
00025787_039.png,Cardiomegaly,0.29128215548324365,0.00878906,"[11.124991999999999, 124.24985600000002, 100.500224, 427.749632]",datasets/chestxray8/val/images/00025787_039.png,Mass,"[43.343915343915356, 49.30370370370369, 134.90793650793637, 334.2899470899472]"
00025787_039.png,Mass,0.16027219331079945,0.00600433,"[-0.000256000000000256, 0.0, 105.43744000000001, 140.250112]",datasets/chestxray8/val/images/00025787_039.png,Mass,"[43.343915343915356, 49.30370370370369, 134.90793650793637, 334.2899470899472]"
00025787_039.png,Mass,0.2115073806825108,0.00597382,"[77.31225599999999, 73.25004799999999, 182.749952, 189.50016]",datasets/chestxray8/val/images/00025787_039.png,Mass,"[43.343915343915356, 49.30370370370369, 134.90793650793637, 334.2899470899472]"
00025787_039.png,Cardiomegaly,0.14439456037692025,0.0047493,"[18.687488000000002, 239.25017600000004, 109.062656, 498.24998400000004]",datasets/chestxray8/val/images/00025787_039.png,Mass,"[43.343915343915356, 49.30370370370369, 134.90793650793637, 334.2899470899472]"
00025787_039.png,Cardiomegaly,0.1845805387225233,0.0043869,"[9.718784, 231.000064, 110.125056, 412.000256]",datasets/chestxray8/val/images/00025787_039.png,Mass,"[43.343915343915356, 49.30370370370369, 134.90793650793637, 334.2899470899472]"
00025787_039.png,Mass,0.11203502038333518,0.00428772,"[84.562432, 119.937536, 173.74975999999998, 183.50028799999998]",datasets/chestxray8/val/images/00025787_039.png,Mass,"[43.343915343915356, 49.30370370370369, 134.90793650793637, 334.2899470899472]"
00025787_039.png,Mass,0.08980056619007885,0.00358009,"[93.00019200000001, 37.374976, 233.50016, 124.74982399999999]",datasets/chestxray8/val/images/00025787_039.png,Mass,"[43.343915343915356, 49.30370370370369, 134.90793650793637, 334.2899470899472]"
00025787_039.png,Cardiomegaly,0.15691305654712207,0.00331879,"[66.249728, 227.49977600000003, 216.999936, 412.99993600000005]",datasets/chestxray8/val/images/00025787_039.png,Mass,"[43.343915343915356, 49.30370370370369, 134.90793650793637, 334.2899470899472]"
00025787_039.png,Mass,0.16597377898703594,0.00280952,"[85.81248, 98.37491200000001, 161.000192, 195.12499200000002]",datasets/chestxray8/val/images/00025787_039.png,Mass,"[43.343915343915356, 49.30370370370369, 134.90793650793637, 334.2899470899472]"
00025787_039.png,Mass,0.11774985107493903,0.00278664,"[89.75001599999999, 30.937600000000003, 256.75008, 160.75008]",datasets/chestxray8/val/images/00025787_039.png,Mass,"[43.343915343915356, 49.30370370370369, 134.90793650793637, 334.2899470899472]"
00025787_039.png,Mass,0.47555728549813514,0.00273323,"[34.187776, 141.750016, 123.250176, 306.000128]",datasets/chestxray8/val/images/00025787_039.png,Mass,"[43.343915343915356, 49.30370370370369, 134.90793650793637, 334.2899470899472]"
00025787_039.png,Cardiomegaly,0.2853400540130203,0.00256348,"[24.06272, 154.50009599999998, 158.50009599999998, 512.0]",datasets/chestxray8/val/images/00025787_039.png,Mass,"[43.343915343915356, 49.30370370370369, 134.90793650793637, 334.2899470899472]"
00025787_039.png,Cardiomegaly,0.2236067744434738,0.00238609,"[53.437696, 185.374976, 204.0, 452.999936]",datasets/chestxray8/val/images/00025787_039.png,Mass,"[43.343915343915356, 49.30370370370369, 134.90793650793637, 334.2899470899472]"
00025787_039.png,Cardiomegaly,0.42892464006179143,0.00214386,"[35.749888, 63.374847999999986, 181.624832, 450.999808]",datasets/chestxray8/val/images/00025787_039.png,Mass,"[43.343915343915356, 49.30370370370369, 134.90793650793637, 334.2899470899472]"
00025787_039.png,Effusion,0.07002456628481703,0.00206947,"[101.99987199999998, 193.375232, 159.749888, 252.000256]",datasets/chestxray8/val/images/00025787_039.png,Mass,"[43.343915343915356, 49.30370370370369, 134.90793650793637, 334.2899470899472]"
00025787_039.png,Mass,0.12045959938290467,0.00196266,"[83.375104, 81.750016, 176.12492799999998, 149.250048]",datasets/chestxray8/val/images/00025787_039.png,Mass,"[43.343915343915356, 49.30370370370369, 134.90793650793637, 334.2899470899472]"
00025787_039.png,Cardiomegaly,0.3263975357081664,0.00194645,"[23.124992, 162.62476800000002, 101.374976, 346.49984]",datasets/chestxray8/val/images/00025787_039.png,Mass,"[43.343915343915356, 49.30370370370369, 134.90793650793637, 334.2899470899472]"
00025787_039.png,Effusion,0.0731380583475826,0.00179386,"[80.62494720000001, 177.750144, 123.9999488, 221.750144]",datasets/chestxray8/val/images/00025787_039.png,Mass,"[43.343915343915356, 49.30370370370369, 134.90793650793637, 334.2899470899472]"
00025787_039.png,Mass,0.22542252542962254,0.00167847,"[9.125120000000003, 24.749823999999997, 122.125056, 140.875008]",datasets/chestxray8/val/images/00025787_039.png,Mass,"[43.343915343915356, 49.30370370370369, 134.90793650793637, 334.2899470899472]"
00025787_039.png,Mass,0.14784813562917593,0.00162792,"[88.87526400000002, 66.49984, 198.625024, 171.875072]",datasets/chestxray8/val/images/00025787_039.png,Mass,"[43.343915343915356, 49.30370370370369, 134.90793650793637, 334.2899470899472]"
00025787_039.png,Effusion,0.06510511775874446,0.00158501,"[100.499968, 130.37480960000002, 151.750144, 181.3748224]",datasets/chestxray8/val/images/00025787_039.png,Mass,"[43.343915343915356, 49.30370370370369, 134.90793650793637, 334.2899470899472]"
00025787_039.png,Effusion,0.11531192820078352,0.00149441,"[84.31232, 160.24985600000002, 195.499776, 229.250048]",datasets/chestxray8/val/images/00025787_039.png,Mass,"[43.343915343915356, 49.30370370370369, 134.90793650793637, 334.2899470899472]"
00025787_039.png,Mass,0.07865986272842806,0.00142574,"[86.9376, 19.78112000000001, 268.00025600000004, 115.249664]",datasets/chestxray8/val/images/00025787_039.png,Mass,"[43.343915343915356, 49.30370370370369, 134.90793650793637, 334.2899470899472]"
00025787_039.png,Effusion,0.0690537505833314,0.00142479,"[97.9999488, 99.4999808, 147.4999552, 149.4999552]",datasets/chestxray8/val/images/00025787_039.png,Mass,"[43.343915343915356, 49.30370370370369, 134.90793650793637, 334.2899470899472]"
00025787_039.png,Cardiomegaly,0.39603771873605603,0.00139332,"[33.219072, 176.49996799999997, 118.000128, 358.500096]",datasets/chestxray8/val/images/00025787_039.png,Mass,"[43.343915343915356, 49.30370370370369, 134.90793650793637, 334.2899470899472]"
00025787_039.png,Mass,0.3465272940189545,0.00136852,"[53.437696, 49.93766400000001, 202.00012800000002, 205.250304]",datasets/chestxray8/val/images/00025787_039.png,Mass,"[43.343915343915356, 49.30370370370369, 134.90793650793637, 334.2899470899472]"
00025787_039.png,Infiltration,0.11531192820078352,0.00136375,"[84.31232, 160.24985600000002, 195.499776, 229.250048]",datasets/chestxray8/val/images/00025787_039.png,Mass,"[43.343915343915356, 49.30370370370369, 134.90793650793637, 334.2899470899472]"
00025787_039.png,Mass,0.27419554880513,0.00114918,"[61.249792, 61.87520000000001, 167.12473599999998, 172.250112]",datasets/chestxray8/val/images/00025787_039.png,Mass,"[43.343915343915356, 49.30370370370369, 134.90793650793637, 334.2899470899472]"
00025787_039.png,Effusion,0.17455894098572775,0.00114918,"[96.37503999999998, 42.625023999999996, 250.000128, 305.999872]",datasets/chestxray8/val/images/00025787_039.png,Mass,"[43.343915343915356, 49.30370370370369, 134.90793650793637, 334.2899470899472]"
00025787_039.png,Mass,0.1571622061447008,0.00109291,"[0.0, 24.968703999999995, 134.750208, 103.87507199999999]",datasets/chestxray8/val/images/00025787_039.png,Mass,"[43.343915343915356, 49.30370370370369, 134.90793650793637, 334.2899470899472]"
00025787_039.png,Mass,0.06695720402597578,0.00101089,"[108.56243199999999, 12.562176000000008, 275.500032, 176.749824]",datasets/chestxray8/val/images/00025787_039.png,Mass,"[43.343915343915356, 49.30370370370369, 134.90793650793637, 334.2899470899472]"
00023325_019.png,Effusion,0.050994771277650675,0.215698,"[158.500352, 222.374912, 214.000128, 274.249728]",datasets/chestxray8/val/images/00023325_019.png,Atelectasis,"[172.2033898305085, 140.3389830508475, 410.8474576271185, 315.5254237288135]"
00023325_019.png,Infiltration,0.26069150595710194,0.0978394,"[284.749824, 226.62502399999997, 421.250048, 317.49990399999996]",datasets/chestxray8/val/images/00023325_019.png,Atelectasis,"[172.2033898305085, 140.3389830508475, 410.8474576271185, 315.5254237288135]"
00023325_019.png,Infiltration,0.17680617665857065,0.0820923,"[303.74963199999996, 234.24972799999998, 427.749888, 305.24979199999996]",datasets/chestxray8/val/images/00023325_019.png,Atelectasis,"[172.2033898305085, 140.3389830508475, 410.8474576271185, 315.5254237288135]"
00023325_019.png,Infiltration,0.17691055019677818,0.0762329,"[172.749824, 215.000064, 263.499776, 296.500224]",datasets/chestxray8/val/images/00023325_019.png,Atelectasis,"[172.2033898305085, 140.3389830508475, 410.8474576271185, 315.5254237288135]"
00023325_019.png,Infiltration,0.10557824120207801,0.0574646,"[332.0, 238.87488000000002, 428.99993600000005, 296.250112]",datasets/chestxray8/val/images/00023325_019.png,Atelectasis,"[172.2033898305085, 140.3389830508475, 410.8474576271185, 315.5254237288135]"
00023325_019.png,Infiltration,0.10390568108847616,0.0508118,"[162.875136, 222.749952, 242.12505600000003, 285.750016]",datasets/chestxray8/val/images/00023325_019.png,Atelectasis,"[172.2033898305085, 140.3389830508475, 410.8474576271185, 315.5254237288135]"
00023325_019.png,Infiltration,0.09638341523888809,0.0419312,"[171.500032, 212.00025599999998, 230.249984, 281.50016]",datasets/chestxray8/val/images/00023325_019.png,Atelectasis,"[172.2033898305085, 140.3389830508475, 410.8474576271185, 315.5254237288135]"
00023325_019.png,Cardiomegaly,0.1645388247917218,0.0396729,"[130.749952, 230.49984, 283.250176, 296.499712]",datasets/chestxray8/val/images/00023325_019.png,Atelectasis,"[172.2033898305085, 140.3389830508475, 410.8474576271185, 315.5254237288135]"
00023325_019.png,Infiltration,0.06529759554105707,0.0308228,"[160.249856, 216.375296, 216.75008, 278.750208]",datasets/chestxray8/val/images/00023325_019.png,Atelectasis,"[172.2033898305085, 140.3389830508475, 410.8474576271185, 315.5254237288135]"
00023325_019.png,Cardiomegaly,0.10071866832874678,0.029007,"[167.124992, 219.62496, 238.125056, 283.999744]",datasets/chestxray8/val/images/00023325_019.png,Atelectasis,"[172.2033898305085, 140.3389830508475, 410.8474576271185, 315.5254237288135]"
00023325_019.png,Cardiomegaly,0.0566768619448319,0.0197449,"[62.874880000000005, 179.74988799999997, 197.124864, 338.249728]",datasets/chestxray8/val/images/00023325_019.png,Atelectasis,"[172.2033898305085, 140.3389830508475, 410.8474576271185, 315.5254237288135]"
00023325_019.png,Cardiomegaly,0.05262859111569005,0.0155945,"[157.12511999999998, 219.625216, 212.37504, 275.500288]",datasets/chestxray8/val/images/00023325_019.png,Atelectasis,"[172.2033898305085, 140.3389830508475, 410.8474576271185, 315.5254237288135]"
00023325_019.png,Cardiomegaly,0.11430062686604496,0.015564,"[345.25030399999997, 233.000192, 452.250112, 335.50003200000003]",datasets/chestxray8/val/images/00023325_019.png,Atelectasis,"[172.2033898305085, 140.3389830508475, 410.8474576271185, 315.5254237288135]"
00023325_019.png,Mass,0.16918691437944397,0.0145035,"[139.37536, 59.875072, 274.000128, 232.87526400000002]",datasets/chestxray8/val/images/00023325_019.png,Atelectasis,"[172.2033898305085, 140.3389830508475, 410.8474576271185, 315.5254237288135]"
00023325_019.png,Cardiomegaly,0.1381342752489945,0.0142517,"[361.499904, 107.12499199999999, 472.99968, 371.00006399999995]",datasets/chestxray8/val/images/00023325_019.png,Atelectasis,"[172.2033898305085, 140.3389830508475, 410.8474576271185, 315.5254237288135]"
00023325_019.png,Cardiomegaly,0.08713066383858806,0.0136032,"[363.499776, 222.87488, 463.99974399999996, 351.50003200000003]",datasets/chestxray8/val/images/00023325_019.png,Atelectasis,"[172.2033898305085, 140.3389830508475, 410.8474576271185, 315.5254237288135]"
00023325_019.png,Infiltration,0.14768119835700738,0.0101547,"[322.249984, 242.00012800000002, 436.75007999999997, 319.00032]",datasets/chestxray8/val/images/00023325_019.png,Atelectasis,"[172.2033898305085, 140.3389830508475, 410.8474576271185, 315.5254237288135]"
00023325_019.png,Cardiomegaly,0.08458323299145272,0.00922394,"[366.249984, 228.624896, 455.24992000000003, 317.250048]",datasets/chestxray8/val/images/00023325_019.png,Atelectasis,"[172.2033898305085, 140.3389830508475, 410.8474576271185, 315.5254237288135]"
00023325_019.png,Infiltration,0.22676504046089493,0.00917816,"[144.25036799999998, 222.62476800000002, 292.250112, 305.999872]",datasets/chestxray8/val/images/00023325_019.png,Atelectasis,"[172.2033898305085, 140.3389830508475, 410.8474576271185, 315.5254237288135]"
00023325_019.png,Cardiomegaly,0.11352083457118257,0.00815582,"[111.62496, 245.4998528, 274.000128, 295.4998272]",datasets/chestxray8/val/images/00023325_019.png,Atelectasis,"[172.2033898305085, 140.3389830508475, 410.8474576271185, 315.5254237288135]"
00023325_019.png,Cardiomegaly,0.10553908255699188,0.00719833,"[368.0, 195.99974400000002, 460.49996799999997, 323.999744]",datasets/chestxray8/val/images/00023325_019.png,Atelectasis,"[172.2033898305085, 140.3389830508475, 410.8474576271185, 315.5254237288135]"
00023325_019.png,Infiltration,0.0734565587576917,0.00711823,"[371.750144, 227.749888, 451.24992, 312.75007999999997]",datasets/chestxray8/val/images/00023325_019.png,Atelectasis,"[172.2033898305085, 140.3389830508475, 410.8474576271185, 315.5254237288135]"
00023325_019.png,Cardiomegaly,0.11513806361241977,0.00667191,"[368.749824, 168.24985599999997, 469.24979199999996, 349.74976]",datasets/chestxray8/val/images/00023325_019.png,Atelectasis,"[172.2033898305085, 140.3389830508475, 410.8474576271185, 315.5254237288135]"
00023325_019.png,Infiltration,0.38390157133054137,0.00525665,"[247.874816, 189.00019200000003, 390.99980800000003, 352.999936]",datasets/chestxray8/val/images/00023325_019.png,Atelectasis,"[172.2033898305085, 140.3389830508475, 410.8474576271185, 315.5254237288135]"
00023325_019.png,Infiltration,0.12620564503674983,0.00466156,"[342.249984, 228.00025599999998, 452.250112, 335.000064]",datasets/chestxray8/val/images/00023325_019.png,Atelectasis,"[172.2033898305085, 140.3389830508475, 410.8474576271185, 315.5254237288135]"
00023325_019.png,Cardiomegaly,0.06523197597643134,0.00427628,"[377.750016, 207.75014400000003, 479.24992000000003, 369.750016]",datasets/chestxray8/val/images/00023325_019.png,Atelectasis,"[172.2033898305085, 140.3389830508475, 410.8474576271185, 315.5254237288135]"
00023325_019.png,Infiltration,0.11108874490111798,0.00421906,"[317.499904, 222.00007680000002, 415.00006399999995, 272.00005120000003]",datasets/chestxray8/val/images/00023325_019.png,Atelectasis,"[172.2033898305085, 140.3389830508475, 410.8474576271185, 315.5254237288135]"
00023325_019.png,Cardiomegaly,0.1298808151943811,0.00403214,"[106.74995200000001, 202.50009600000004, 230.750208, 311.000064]",datasets/chestxray8/val/images/00023325_019.png,Atelectasis,"[172.2033898305085, 140.3389830508475, 410.8474576271185, 315.5254237288135]"
00023325_019.png,Cardiomegaly,0.09543657647037351,0.00401306,"[119.31264, 235.24991999999997, 248.49996800000002, 291.24992]",datasets/chestxray8/val/images/00023325_019.png,Atelectasis,"[172.2033898305085, 140.3389830508475, 410.8474576271185, 315.5254237288135]"
00023325_019.png,Cardiomegaly,0.22462581329922005,0.00367546,"[118.749952, 187.75014400000003, 260.24985599999997, 325.750016]",datasets/chestxray8/val/images/00023325_019.png,Atelectasis,"[172.2033898305085, 140.3389830508475, 410.8474576271185, 315.5254237288135]"
00023325_019.png,Cardiomegaly,0.07287908553170112,0.00359917,"[383.749888, 62.999808, 479.249664, 356.99993600000005]",datasets/chestxray8/val/images/00023325_019.png,Atelectasis,"[172.2033898305085, 140.3389830508475, 410.8474576271185, 315.5254237288135]"
00023325_019.png,Mass,0.20272725377822076,0.00336075,"[117.687808, 38.562816, 297.50016, 247.000064]",datasets/chestxray8/val/images/00023325_019.png,Atelectasis,"[172.2033898305085, 140.3389830508475, 410.8474576271185, 315.5254237288135]"
00023325_019.png,Cardiomegaly,0.16925984345165557,0.00325012,"[176.999936, 211.50003199999998, 260.250112, 296.500224]",datasets/chestxray8/val/images/00023325_019.png,Atelectasis,"[172.2033898305085, 140.3389830508475, 410.8474576271185, 315.5254237288135]"
00023325_019.png,Cardiomegaly,0.05954402348775743,0.00310326,"[378.99980800000003, 218.500096, 448.0, 302.49984]",datasets/chestxray8/val/images/00023325_019.png,Atelectasis,"[172.2033898305085, 140.3389830508475, 410.8474576271185, 315.5254237288135]"
00023325_019.png,Infiltration,0.4323441314762306,0.00307274,"[123.50003199999999, 196.74982400000002, 347.250176, 317.74976000000004]",datasets/chestxray8/val/images/00023325_019.png,Atelectasis,"[172.2033898305085, 140.3389830508475, 410.8474576271185, 315.5254237288135]"
00023325_019.png,Infiltration,0.29504612216705506,0.00303268,"[276.750336, 213.750272, 408.75007999999997, 343.750144]",datasets/chestxray8/val/images/00023325_019.png,Atelectasis,"[172.2033898305085, 140.3389830508475, 410.8474576271185, 315.5254237288135]"
00023325_019.png,Cardiomegaly,0.0960586676208835,0.00301552,"[90.25024000000002, 69.12511999999998, 208.0, 312.999936]",datasets/chestxray8/val/images/00023325_019.png,Atelectasis,"[172.2033898305085, 140.3389830508475, 410.8474576271185, 315.5254237288135]"
00023325_019.png,Atelectasis,0.38390157133054137,0.00280762,"[247.874816, 189.00019200000003, 390.99980800000003, 352.999936]",datasets/chestxray8/val/images/00023325_019.png,Atelectasis,"[172.2033898305085, 140.3389830508475, 410.8474576271185, 315.5254237288135]"
00023325_019.png,Effusion,0.05494650329181504,0.00243568,"[154.1248, 192.624896, 210.625024, 253.999872]",datasets/chestxray8/val/images/00023325_019.png,Atelectasis,"[172.2033898305085, 140.3389830508475, 410.8474576271185, 315.5254237288135]"
00023325_019.png,Cardiomegaly,0.1534257560316108,0.00229263,"[83.87481599999998, 173.750272, 234.87488, 339.250176]",datasets/chestxray8/val/images/00023325_019.png,Atelectasis,"[172.2033898305085, 140.3389830508475, 410.8474576271185, 315.5254237288135]"
00023325_019.png,Cardiomegaly,0.1820692448888495,0.00224304,"[309.50016, 233.249792, 431.500032, 311.24992000000003]",datasets/chestxray8/val/images/00023325_019.png,Atelectasis,"[172.2033898305085, 140.3389830508475, 410.8474576271185, 315.5254237288135]"
00023325_019.png,Infiltration,0.2124847065291415,0.00214577,"[286.999808, 210.999808, 420.999936, 283.999744]",datasets/chestxray8/val/images/00023325_019.png,Atelectasis,"[172.2033898305085, 140.3389830508475, 410.8474576271185, 315.5254237288135]"
00023325_019.png,Cardiomegaly,0.08299252053731959,0.00187778,"[120.37503999999998, 213.87494399999997, 218.62528, 296.250112]",datasets/chestxray8/val/images/00023325_019.png,Atelectasis,"[172.2033898305085, 140.3389830508475, 410.8474576271185, 315.5254237288135]"
00023325_019.png,Cardiomegaly,0.20058152114333652,0.00176144,"[349.74976, 134.74969600000003, 454.249984, 347.749888]",datasets/chestxray8/val/images/00023325_019.png,Atelectasis,"[172.2033898305085, 140.3389830508475, 410.8474576271185, 315.5254237288135]"
00023325_019.png,Infiltration,0.1645777658400326,0.00174522,"[299.50003200000003, 245.50016, 432.500224, 346.00012799999996]",datasets/chestxray8/val/images/00023325_019.png,Atelectasis,"[172.2033898305085, 140.3389830508475, 410.8474576271185, 315.5254237288135]"
00023325_019.png,Effusion,0.10071866832874678,0.00173759,"[167.124992, 219.62496, 238.125056, 283.999744]",datasets/chestxray8/val/images/00023325_019.png,Atelectasis,"[172.2033898305085, 140.3389830508475, 410.8474576271185, 315.5254237288135]"
00023325_019.png,Cardiomegaly,0.2727814438903366,0.001688,"[128.37504, 226.49983999999998, 316.0, 312.99968]",datasets/chestxray8/val/images/00023325_019.png,Atelectasis,"[172.2033898305085, 140.3389830508475, 410.8474576271185, 315.5254237288135]"
00023325_019.png,Infiltration,0.10092261422444072,0.00164795,"[162.49984, 190.624768, 221.75001600000002, 277.499904]",datasets/chestxray8/val/images/00023325_019.png,Atelectasis,"[172.2033898305085, 140.3389830508475, 410.8474576271185, 315.5254237288135]"
00023325_019.png,Infiltration,0.10553908255699188,0.00154972,"[368.0, 195.99974400000002, 460.49996799999997, 323.999744]",datasets/chestxray8/val/images/00023325_019.png,Atelectasis,"[172.2033898305085, 140.3389830508475, 410.8474576271185, 315.5254237288135]"
00023325_019.png,Mass,0.08560395169951686,0.00146675,"[139.499776, 72.749824, 250.49984, 196.24985600000002]",datasets/chestxray8/val/images/00023325_019.png,Atelectasis,"[172.2033898305085, 140.3389830508475, 410.8474576271185, 315.5254237288135]"
00023325_019.png,Mass,0.1613474872830036,0.00146103,"[99.18771199999999, 151.749888, 227.250176, 332.0]",datasets/chestxray8/val/images/00023325_019.png,Atelectasis,"[172.2033898305085, 140.3389830508475, 410.8474576271185, 315.5254237288135]"
00023325_019.png,Cardiomegaly,0.1324976352889849,0.00145817,"[101.750272, 121.000192, 215.75014399999998, 326.25023999999996]",datasets/chestxray8/val/images/00023325_019.png,Atelectasis,"[172.2033898305085, 140.3389830508475, 410.8474576271185, 315.5254237288135]"
00023325_019.png,Effusion,0.24013870972853238,0.0013628,"[166.375168, 146.1248, 274.249984, 245.874688]",datasets/chestxray8/val/images/00023325_019.png,Atelectasis,"[172.2033898305085, 140.3389830508475, 410.8474576271185, 315.5254237288135]"
00023325_019.png,Cardiomegaly,0.15493711682540134,0.00135612,"[78.312192, 237.124864, 276.249856, 309.499648]",datasets/chestxray8/val/images/00023325_019.png,Atelectasis,"[172.2033898305085, 140.3389830508475, 410.8474576271185, 315.5254237288135]"
00023325_019.png,Mass,0.05203612332597126,0.00134182,"[391.750144, 66.000128, 493.250048, 313.750272]",datasets/chestxray8/val/images/00023325_019.png,Atelectasis,"[172.2033898305085, 140.3389830508475, 410.8474576271185, 315.5254237288135]"
00023325_019.png,Effusion,0.08545806510777115,0.00124359,"[341.499904, 225.374976, 403.50003200000003, 283.000064]",datasets/chestxray8/val/images/00023325_019.png,Atelectasis,"[172.2033898305085, 140.3389830508475, 410.8474576271185, 315.5254237288135]"
00023325_019.png,Effusion,0.07713544441455548,0.00121403,"[349.74976, 233.87494399999997, 408.24985599999997, 288.999936]",datasets/chestxray8/val/images/00023325_019.png,Atelectasis,"[172.2033898305085, 140.3389830508475, 410.8474576271185, 315.5254237288135]"
00023325_019.png,Effusion,0.07595592839020371,0.00118923,"[175.125248, 153.999872, 233.12511999999998, 208.75008]",datasets/chestxray8/val/images/00023325_019.png,Atelectasis,"[172.2033898305085, 140.3389830508475, 410.8474576271185, 315.5254237288135]"
00023325_019.png,Cardiomegaly,0.07796268702002171,0.0011301,"[352.0, 239.37510400000002, 437.00019199999997, 296.750336]",datasets/chestxray8/val/images/00023325_019.png,Atelectasis,"[172.2033898305085, 140.3389830508475, 410.8474576271185, 315.5254237288135]"
00023325_019.png,Infiltration,0.3950178972072652,0.00107861,"[143.749888, 164.250112, 306.000128, 299.00032]",datasets/chestxray8/val/images/00023325_019.png,Atelectasis,"[172.2033898305085, 140.3389830508475, 410.8474576271185, 315.5254237288135]"
00002106_000.png,Atelectasis,0.13408225975923285,0.0557251,"[155.50003199999998, 164.999936, 407.500288, 313.499904]",datasets/chestxray8/val/images/00002106_000.png,Mass,"[318.862222222222, 214.0634114583335, 383.71555555555545, 291.4323003472225]"
00002106_000.png,Infiltration,0.491144416732584,0.0213928,"[312.499712, 202.749952, 420.499968, 284.250112]",datasets/chestxray8/val/images/00002106_000.png,Mass,"[318.862222222222, 214.0634114583335, 383.71555555555545, 291.4323003472225]"
00002106_000.png,Cardiomegaly,0.1389026774186267,0.0213928,"[333.250048, 99.93727999999999, 441.75001599999996, 348.749824]",datasets/chestxray8/val/images/00002106_000.png,Mass,"[318.862222222222, 214.0634114583335, 383.71555555555545, 291.4323003472225]"
00002106_000.png,Effusion,0.06408982831252283,0.0105057,"[124.62515199999999, 173.250048, 223.375104, 276.749824]",datasets/chestxray8/val/images/00002106_000.png,Effusion,"[162.9866666666665, 181.6367447916665, 188.0177777777776, 207.8056336805554]"
00002106_000.png,Cardiomegaly,0.1444611207757853,0.0102997,"[334.500096, 63.37510399999999, 440.49996799999997, 288.00025600000004]",datasets/chestxray8/val/images/00002106_000.png,Mass,"[318.862222222222, 214.0634114583335, 383.71555555555545, 291.4323003472225]"
00002106_000.png,Cardiomegaly,0.12251347789676517,0.0101624,"[355.500032, 150.749952, 440.999936, 325.999872]",datasets/chestxray8/val/images/00002106_000.png,Mass,"[318.862222222222, 214.0634114583335, 383.71555555555545, 291.4323003472225]"
00002106_000.png,Infiltration,0.401426810846912,0.0098114,"[276.250112, 202.49984, 375.75014400000003, 306.49984]",datasets/chestxray8/val/images/00002106_000.png,Mass,"[318.862222222222, 214.0634114583335, 383.71555555555545, 291.4323003472225]"
00002106_000.png,Effusion,0.19869030381613678,0.00922394,"[161.7500672, 145.50016, 206.0000768, 202.749952]",datasets/chestxray8/val/images/00002106_000.png,Effusion,"[162.9866666666665, 181.6367447916665, 188.0177777777776, 207.8056336805554]"
00002106_000.png,Atelectasis,0.08245918235219744,0.00817108,"[134.50009599999998, 172.875264, 405.999872, 397.00019199999997]",datasets/chestxray8/val/images/00002106_000.png,Mass,"[318.862222222222, 214.0634114583335, 383.71555555555545, 291.4323003472225]"
00002106_000.png,Cardiomegaly,0.29310370177795775,0.00643921,"[328.999936, 177.99987199999998, 435.500032, 306.249728]",datasets/chestxray8/val/images/00002106_000.png,Mass,"[318.862222222222, 214.0634114583335, 383.71555555555545, 291.4323003472225]"
00002106_000.png,Cardiomegaly,0.13139162663418785,0.00616837,"[363.00006399999995, 192.500224, 436.500224, 312.0]",datasets/chestxray8/val/images/00002106_000.png,Mass,"[318.862222222222, 214.0634114583335, 383.71555555555545, 291.4323003472225]"
00002106_000.png,Atelectasis,0.07735684210689635,0.00557709,"[124.0, 166.750208, 363.000064, 344.75008]",datasets/chestxray8/val/images/00002106_000.png,Mass,"[318.862222222222, 214.0634114583335, 383.71555555555545, 291.4323003472225]"
00002106_000.png,Effusion,0.09245880461095801,0.00515366,"[132.37503999999998, 162.50009599999998, 210.87488, 252.750336]",datasets/chestxray8/val/images/00002106_000.png,Effusion,"[162.9866666666665, 181.6367447916665, 188.0177777777776, 207.8056336805554]"
00002106_000.png,Infiltration,0.38065995228706595,0.00493622,"[330.749952, 202.75020800000001, 432.249856, 299.75014400000003]",datasets/chestxray8/val/images/00002106_000.png,Mass,"[318.862222222222, 214.0634114583335, 383.71555555555545, 291.4323003472225]"
00002106_000.png,Infiltration,0.34177855021517073,0.00382996,"[311.000064, 169.12512, 430.00012799999996, 290.500352]",datasets/chestxray8/val/images/00002106_000.png,Mass,"[318.862222222222, 214.0634114583335, 383.71555555555545, 291.4323003472225]"
00002106_000.png,Infiltration,0.06408982831252283,0.0038147,"[124.62515199999999, 173.250048, 223.375104, 276.749824]",datasets/chestxray8/val/images/00002106_000.png,Effusion,"[162.9866666666665, 181.6367447916665, 188.0177777777776, 207.8056336805554]"
00002106_000.png,Infiltration,0.3731074208913485,0.00322914,"[296.75008, 188.999936, 405.250048, 273.499904]",datasets/chestxray8/val/images/00002106_000.png,Mass,"[318.862222222222, 214.0634114583335, 383.71555555555545, 291.4323003472225]"
00002106_000.png,Effusion,0.1123557448505604,0.00320816,"[140.75008, 146.125056, 207.00032000000002, 234.125056]",datasets/chestxray8/val/images/00002106_000.png,Effusion,"[162.9866666666665, 181.6367447916665, 188.0177777777776, 207.8056336805554]"
00002106_000.png,Cardiomegaly,0.09665330923189916,0.00273132,"[368.749824, 155.249664, 426.749696, 295.24992000000003]",datasets/chestxray8/val/images/00002106_000.png,Mass,"[318.862222222222, 214.0634114583335, 383.71555555555545, 291.4323003472225]"
00002106_000.png,Cardiomegaly,0.15161980628630845,0.00261116,"[312.999936, 57.99987200000001, 433.99987200000004, 331.50003200000003]",datasets/chestxray8/val/images/00002106_000.png,Mass,"[318.862222222222, 214.0634114583335, 383.71555555555545, 291.4323003472225]"
00002106_000.png,Infiltration,0.14467937903547745,0.0025692,"[197.75001599999996, 175.000064, 417.250048, 333.00019199999997]",datasets/chestxray8/val/images/00002106_000.png,Mass,"[318.862222222222, 214.0634114583335, 383.71555555555545, 291.4323003472225]"
00002106_000.png,Infiltration,0.317665538906735,0.00253677,"[268.75007999999997, 174.999808, 399.749888, 287.50003200000003]",datasets/chestxray8/val/images/00002106_000.png,Mass,"[318.862222222222, 214.0634114583335, 383.71555555555545, 291.4323003472225]"
00002106_000.png,Cardiomegaly,0.10451160222206955,0.00215912,"[149.124864, 128.249856, 210.87462399999998, 229.74976]",datasets/chestxray8/val/images/00002106_000.png,Effusion,"[162.9866666666665, 181.6367447916665, 188.0177777777776, 207.8056336805554]"
00002106_000.png,Infiltration,0.1395539918754058,0.00157928,"[151.99974400000002, 162.749952, 392.499968, 312.24985599999997]",datasets/chestxray8/val/images/00002106_000.png,Mass,"[318.862222222222, 214.0634114583335, 383.71555555555545, 291.4323003472225]"
00002106_000.png,Cardiomegaly,0.20294094561672693,0.0014677,"[342.50009600000004, 131.250176, 427.000064, 289.25030399999997]",datasets/chestxray8/val/images/00002106_000.png,Mass,"[318.862222222222, 214.0634114583335, 383.71555555555545, 291.4323003472225]"
00002106_000.png,Cardiomegaly,0.05767262319978218,0.00145817,"[123.25017600000001, 168.37478399999998, 224.999936, 280.0]",datasets/chestxray8/val/images/00002106_000.png,Effusion,"[162.9866666666665, 181.6367447916665, 188.0177777777776, 207.8056336805554]"
00002106_000.png,Infiltration,0.0931398215132482,0.00145817,"[107.125248, 179.624704, 377.50016, 357.99987200000004]",datasets/chestxray8/val/images/00002106_000.png,Mass,"[318.862222222222, 214.0634114583335, 383.71555555555545, 291.4323003472225]"
00002106_000.png,Cardiomegaly,0.05135188537911552,0.00141716,"[121.24979200000001, 66.62527999999999, 186.749952, 251.000064]",datasets/chestxray8/val/images/00002106_000.png,Effusion,"[162.9866666666665, 181.6367447916665, 188.0177777777776, 207.8056336805554]"
00002106_000.png,Cardiomegaly,0.08843397141792013,0.00132275,"[354.25023999999996, 89.437696, 429.250048, 264.0]",datasets/chestxray8/val/images/00002106_000.png,Mass,"[318.862222222222, 214.0634114583335, 383.71555555555545, 291.4323003472225]"
00002106_000.png,Infiltration,0.08243282306796469,0.00130844,"[125.50016, 168.250112, 354.249984, 279.749888]",datasets/chestxray8/val/images/00002106_000.png,Mass,"[318.862222222222, 214.0634114583335, 383.71555555555545, 291.4323003472225]"
00002106_000.png,Infiltration,0.2393336135116369,0.00129604,"[250.50009599999998, 155.50003199999998, 390.500352, 305.249792]",datasets/chestxray8/val/images/00002106_000.png,Mass,"[318.862222222222, 214.0634114583335, 383.71555555555545, 291.4323003472225]"
00002106_000.png,Cardiomegaly,0.06171269268252705,0.00128174,"[375.24992, 210.624768, 430.749696, 323.24992]",datasets/chestxray8/val/images/00002106_000.png,Mass,"[318.862222222222, 214.0634114583335, 383.71555555555545, 291.4323003472225]"
00002106_000.png,Cardiomegaly,0.06791230730220915,0.0010891,"[336.499712, 253.99987200000004, 456.999936, 443.000064]",datasets/chestxray8/val/images/00002106_000.png,Mass,"[318.862222222222, 214.0634114583335, 383.71555555555545, 291.4323003472225]"
00002106_000.png,Infiltration,0.2609598403435319,0.00105286,"[262.49984, 190.74995199999998, 376.499712, 335.74988799999994]",datasets/chestxray8/val/images/00002106_000.png,Mass,"[318.862222222222, 214.0634114583335, 383.71555555555545, 291.4323003472225]"
00026196_001.png,Effusion,0.43939361205590993,0.0174713,"[187.749888, 234.87487999999996, 247.75014399999998, 298.500096]",datasets/chestxray8/val/images/00026196_001.png,Effusion,"[196.551111111111, 245.35230034722198, 238.0799999999999, 285.74341145833307]"
00026196_001.png,Effusion,0.36225268787065973,0.00692368,"[177.3748736, 251.75001600000002, 226.62487040000002, 295.750016]",datasets/chestxray8/val/images/00026196_001.png,Effusion,"[196.551111111111, 245.35230034722198, 238.0799999999999, 285.74341145833307]"
00026196_001.png,Effusion,0.4365328232929169,0.00490189,"[177.750016, 241.25030399999997, 234.25024, 300.250112]",datasets/chestxray8/val/images/00026196_001.png,Effusion,"[196.551111111111, 245.35230034722198, 238.0799999999999, 285.74341145833307]"
00026196_001.png,Effusion,0.29289963075265674,0.00371361,"[182.24998399999998, 239.500032, 278.49984, 299.000064]",datasets/chestxray8/val/images/00026196_001.png,Effusion,"[196.551111111111, 245.35230034722198, 238.0799999999999, 285.74341145833307]"
00026196_001.png,Infiltration,0.3871557936927808,0.00177288,"[177.62483200000003, 229.75001600000002, 240.874752, 298.249984]",datasets/chestxray8/val/images/00026196_001.png,Effusion,"[196.551111111111, 245.35230034722198, 238.0799999999999, 285.74341145833307]"
00026920_000.png,Infiltration,0.28531705975784977,0.187256,"[170.12505599999997, 206.374912, 276.0, 259.749888]",datasets/chestxray8/val/images/00026920_000.png,Infiltration,"[171.7191145833335, 223.099262152778, 232.02133680555548, 249.83703993055582]"
00026920_000.png,Infiltration,0.15464825682316147,0.0382996,"[179.24966400000002, 186.375168, 271.24992000000003, 239.625216]",datasets/chestxray8/val/images/00026920_000.png,Infiltration,"[171.7191145833335, 223.099262152778, 232.02133680555548, 249.83703993055582]"
00026920_000.png,Infiltration,0.2772138916229219,0.0233765,"[170.000128, 221.74976, 275.750144, 276.749824]",datasets/chestxray8/val/images/00026920_000.png,Infiltration,"[171.7191145833335, 223.099262152778, 232.02133680555548, 249.83703993055582]"
00026920_000.png,Mass,0.06941463444698487,0.00907135,"[144.750336, 239.50003200000003, 275.750144, 300.500224]",datasets/chestxray8/val/images/00026920_000.png,Infiltration,"[171.7191145833335, 223.099262152778, 232.02133680555548, 249.83703993055582]"
00026920_000.png,Infiltration,0.10593047513977,0.00559616,"[153.75001600000002, 235.000064, 287.000064, 292.999936]",datasets/chestxray8/val/images/00026920_000.png,Infiltration,"[171.7191145833335, 223.099262152778, 232.02133680555548, 249.83703993055582]"
00026920_000.png,Cardiomegaly,0.060055498281108254,0.00518799,"[128.74982400000002, 82.687488, 250.749696, 302.75020800000004]",datasets/chestxray8/val/images/00026920_000.png,Infiltration,"[171.7191145833335, 223.099262152778, 232.02133680555548, 249.83703993055582]"
00026920_000.png,Infiltration,0.45088637447943025,0.00426865,"[157.74975999999998, 223.1250944, 224.999936, 267.2500736]",datasets/chestxray8/val/images/00026920_000.png,Infiltration,"[171.7191145833335, 223.099262152778, 232.02133680555548, 249.83703993055582]"
00026920_000.png,Mass,0.08036758165226396,0.00412369,"[151.874816, 241.75001600000002, 236.37478399999998, 300.250112]",datasets/chestxray8/val/images/00026920_000.png,Infiltration,"[171.7191145833335, 223.099262152778, 232.02133680555548, 249.83703993055582]"
00026920_000.png,Cardiomegaly,0.1496995604794751,0.00342369,"[146.749952, 186.74995199999998, 278.49984, 268.49996799999997]",datasets/chestxray8/val/images/00026920_000.png,Infiltration,"[171.7191145833335, 223.099262152778, 232.02133680555548, 249.83703993055582]"
00026920_000.png,Infiltration,0.16170356823703613,0.00336838,"[158.999808, 173.50016, 276.999936, 258.000128]",datasets/chestxray8/val/images/00026920_000.png,Infiltration,"[171.7191145833335, 223.099262152778, 232.02133680555548, 249.83703993055582]"
00026920_000.png,Cardiomegaly,0.2251260848923359,0.00330734,"[167.375104, 209.124864, 285.999872, 269.499904]",datasets/chestxray8/val/images/00026920_000.png,Infiltration,"[171.7191145833335, 223.099262152778, 232.02133680555548, 249.83703993055582]"
00026920_000.png,Mass,0.1809642108976345,0.00299454,"[155.250176, 228.25011200000003, 276.000256, 285.25004800000005]",datasets/chestxray8/val/images/00026920_000.png,Infiltration,"[171.7191145833335, 223.099262152778, 232.02133680555548, 249.83703993055582]"
00026920_000.png,Cardiomegaly,0.05307307367679258,0.00246048,"[130.624768, 58.74995200000001, 278.99980800000003, 263.499776]",datasets/chestxray8/val/images/00026920_000.png,Infiltration,"[171.7191145833335, 223.099262152778, 232.02133680555548, 249.83703993055582]"
00026920_000.png,Infiltration,0.16749471121388537,0.00213814,"[155.125248, 236.74997760000002, 226.625024, 284.2499584]",datasets/chestxray8/val/images/00026920_000.png,Infiltration,"[171.7191145833335, 223.099262152778, 232.02133680555548, 249.83703993055582]"
00026920_000.png,Cardiomegaly,0.12739102621809292,0.00143147,"[162.374912, 162.00012800000002, 287.999744, 262.749952]",datasets/chestxray8/val/images/00026920_000.png,Infiltration,"[171.7191145833335, 223.099262152778, 232.02133680555548, 249.83703993055582]"
00026920_000.png,Cardiomegaly,0.09029168456728268,0.00123692,"[136.749824, 149.625344, 279.749888, 274.500096]",datasets/chestxray8/val/images/00026920_000.png,Infiltration,"[171.7191145833335, 223.099262152778, 232.02133680555548, 249.83703993055582]"
00026920_000.png,Infiltration,0.16656256613936757,0.00101852,"[148.250112, 202.999808, 277.750272, 277.74976]",datasets/chestxray8/val/images/00026920_000.png,Infiltration,"[171.7191145833335, 223.099262152778, 232.02133680555548, 249.83703993055582]"
00026920_000.png,Cardiomegaly,0.1130520312678518,0.00100708,"[181.750272, 178.24998399999998, 301.250048, 275.499776]",datasets/chestxray8/val/images/00026920_000.png,Infiltration,"[171.7191145833335, 223.099262152778, 232.02133680555548, 249.83703993055582]"
00013750_016.png,Cardiomegaly,0.10461447025990198,0.0183105,"[49.87494399999999, 167.750144, 168.999936, 436.25011200000006]",datasets/chestxray8/val/images/00013750_016.png,Cardiomegaly,"[98.60740740740752, 91.02222222222201, 195.047619047619, 228.639153439153]"
00013750_016.png,Cardiomegaly,0.364906166436709,0.00574875,"[82.374912, 120.50022399999999, 184.37504, 330.500096]",datasets/chestxray8/val/images/00013750_016.png,Cardiomegaly,"[98.60740740740752, 91.02222222222201, 195.047619047619, 228.639153439153]"
00013750_016.png,Cardiomegaly,0.39813739603919257,0.00442886,"[73.37471999999998, 102.062592, 211.874816, 315.749888]",datasets/chestxray8/val/images/00013750_016.png,Cardiomegaly,"[98.60740740740752, 91.02222222222201, 195.047619047619, 228.639153439153]"
00013750_016.png,Cardiomegaly,0.15448262589251516,0.00367165,"[69.37472, 144.25011199999997, 155.499776, 406.749952]",datasets/chestxray8/val/images/00013750_016.png,Cardiomegaly,"[98.60740740740752, 91.02222222222201, 195.047619047619, 228.639153439153]"
00013750_016.png,Mass,0.43852934312621494,0.00270081,"[97.56236799999999, 117.250304, 162.49984, 209.000192]",datasets/chestxray8/val/images/00013750_016.png,Cardiomegaly,"[98.60740740740752, 91.02222222222201, 195.047619047619, 228.639153439153]"
00013750_016.png,Mass,0.31377083047315135,0.0026741,"[85.49990400000002, 123.74988800000001, 147.749888, 257.249792]",datasets/chestxray8/val/images/00013750_016.png,Cardiomegaly,"[98.60740740740752, 91.02222222222201, 195.047619047619, 228.639153439153]"
00013750_016.png,Mass,0.24232492080068244,0.00222015,"[113.250048, 112.312576, 169.000192, 170.000128]",datasets/chestxray8/val/images/00013750_016.png,Cardiomegaly,"[98.60740740740752, 91.02222222222201, 195.047619047619, 228.639153439153]"
00013750_016.png,Mass,0.4355852904664127,0.00219536,"[78.00012799999999, 110.062592, 172.000256, 273.999872]",datasets/chestxray8/val/images/00013750_016.png,Cardiomegaly,"[98.60740740740752, 91.02222222222201, 195.047619047619, 228.639153439153]"
00013750_016.png,Cardiomegaly,0.285337089119039,0.00205803,"[88.374784, 145.75001600000002, 166.374912, 300.000256]",datasets/chestxray8/val/images/00013750_016.png,Cardiomegaly,"[98.60740740740752, 91.02222222222201, 195.047619047619, 228.639153439153]"
00013750_016.png,Mass,0.3766000546531175,0.00190163,"[67.31238399999998, 97.249792, 215.999744, 319.499776]",datasets/chestxray8/val/images/00013750_016.png,Cardiomegaly,"[98.60740740740752, 91.02222222222201, 195.047619047619, 228.639153439153]"
00013750_016.png,Mass,0.39628314422123445,0.0016737,"[102.624768, 103.99974400000002, 166.374912, 186.49984]",datasets/chestxray8/val/images/00013750_016.png,Cardiomegaly,"[98.60740740740752, 91.02222222222201, 195.047619047619, 228.639153439153]"
00013750_016.png,Cardiomegaly,0.1285205336239038,0.00157928,"[67.312384, 172.00025600000004, 213.99987199999998, 408.500224]",datasets/chestxray8/val/images/00013750_016.png,Cardiomegaly,"[98.60740740740752, 91.02222222222201, 195.047619047619, 228.639153439153]"
00013750_016.png,Mass,0.26994111055380043,0.00136471,"[131.62496, 113.874944, 227.37510400000002, 179.375104]",datasets/chestxray8/val/images/00013750_016.png,Cardiomegaly,"[98.60740740740752, 91.02222222222201, 195.047619047619, 228.639153439153]"
00013750_016.png,Mass,0.3892609167692827,0.00131989,"[113.56236800000002, 122.749952, 238.999808, 202.99980799999997]",datasets/chestxray8/val/images/00013750_016.png,Cardiomegaly,"[98.60740740740752, 91.02222222222201, 195.047619047619, 228.639153439153]"
00013750_016.png,Mass,0.3407366446287777,0.00105476,"[116.437504, 95.37510400000001, 173.49990400000002, 174.625024]",datasets/chestxray8/val/images/00013750_016.png,Cardiomegaly,"[98.60740740740752, 91.02222222222201, 195.047619047619, 228.639153439153]"
00013750_016.png,Cardiomegaly,0.09003989867995645,0.00103664,"[74.31244799999999, 182.749952, 146.749696, 368.749824]",datasets/chestxray8/val/images/00013750_016.png,Cardiomegaly,"[98.60740740740752, 91.02222222222201, 195.047619047619, 228.639153439153]"
00019089_004.png,Atelectasis,0.2740553306470196,0.0548401,"[173.62534399999998, 267.24992000000003, 398.00012799999996, 429.750016]",datasets/chestxray8/val/images/00019089_004.png,Infiltration,"[287.18644067796606, 312.813559322034, 409.2203389830505, 405.55932203389847]"
00019089_004.png,Infiltration,0.25729927594142926,0.005867,"[341.25004800000005, 308.000256, 396.250112, 367.000064]",datasets/chestxray8/val/images/00019089_004.png,Infiltration,"[287.18644067796606, 312.813559322034, 409.2203389830505, 405.55932203389847]"
00019089_004.png,Infiltration,0.4181719895440686,0.00514603,"[343.24992, 320.0, 424.75008, 416.0]",datasets/chestxray8/val/images/00019089_004.png,Infiltration,"[287.18644067796606, 312.813559322034, 409.2203389830505, 405.55932203389847]"
00019089_004.png,Infiltration,0.3462433330831018,0.00410843,"[349.750272, 317.50016, 415.750144, 386.00012799999996]",datasets/chestxray8/val/images/00019089_004.png,Infiltration,"[287.18644067796606, 312.813559322034, 409.2203389830505, 405.55932203389847]"
00019089_004.png,Infiltration,0.17259595737442676,0.00365448,"[353.499904, 363.500032, 416.99968, 436.000256]",datasets/chestxray8/val/images/00019089_004.png,Infiltration,"[287.18644067796606, 312.813559322034, 409.2203389830505, 405.55932203389847]"
00019089_004.png,Infiltration,0.2640538033573515,0.0025959,"[360.000256, 325.250048, 427.000064, 438.75020800000004]",datasets/chestxray8/val/images/00019089_004.png,Infiltration,"[287.18644067796606, 312.813559322034, 409.2203389830505, 405.55932203389847]"
00019089_004.png,Infiltration,0.2971079572859659,0.0025692,"[366.500096, 313.74976, 420.500224, 421.249792]",datasets/chestxray8/val/images/00019089_004.png,Infiltration,"[287.18644067796606, 312.813559322034, 409.2203389830505, 405.55932203389847]"
00019089_004.png,Cardiomegaly,0.2112009177801698,0.00207901,"[339.749888, 143.875072, 428.250112, 433.50016]",datasets/chestxray8/val/images/00019089_004.png,Infiltration,"[287.18644067796606, 312.813559322034, 409.2203389830505, 405.55932203389847]"
00019089_004.png,Cardiomegaly,0.3141640916878747,0.00147629,"[361.499904, 296.0, 422.99980800000003, 413.00019199999997]",datasets/chestxray8/val/images/00019089_004.png,Infiltration,"[287.18644067796606, 312.813559322034, 409.2203389830505, 405.55932203389847]"
00019089_004.png,Infiltration,0.26233927609503443,0.00134563,"[176.75008, 264.0, 393.75001599999996, 431.00006399999995]",datasets/chestxray8/val/images/00019089_004.png,Infiltration,"[287.18644067796606, 312.813559322034, 409.2203389830505, 405.55932203389847]"
00019089_004.png,Cardiomegaly,0.2473699223414841,0.00126743,"[324.99993600000005, 98.374912, 414.500096, 412.0]",datasets/chestxray8/val/images/00019089_004.png,Infiltration,"[287.18644067796606, 312.813559322034, 409.2203389830505, 405.55932203389847]"
00019089_004.png,Cardiomegaly,0.3153204538903941,0.0012598,"[337.50016000000005, 270.000128, 435.00032, 438.500352]",datasets/chestxray8/val/images/00019089_004.png,Infiltration,"[287.18644067796606, 312.813559322034, 409.2203389830505, 405.55932203389847]"
00019089_004.png,Infiltration,0.22329959444147998,0.00115013,"[330.999808, 305.0002176, 398.49984, 352.0002304]",datasets/chestxray8/val/images/00019089_004.png,Infiltration,"[287.18644067796606, 312.813559322034, 409.2203389830505, 405.55932203389847]"
00019089_004.png,Infiltration,0.2844159275792005,0.00112534,"[370.7502336, 303.749888, 414.2502144, 402.74969600000003]",datasets/chestxray8/val/images/00019089_004.png,Infiltration,"[287.18644067796606, 312.813559322034, 409.2203389830505, 405.55932203389847]"
00019089_004.png,Cardiomegaly,0.40954285518777905,0.00110435,"[280.750336, 306.999808, 427.75014400000003, 495.000064]",datasets/chestxray8/val/images/00019089_004.png,Infiltration,"[287.18644067796606, 312.813559322034, 409.2203389830505, 405.55932203389847]"
00019089_004.png,Effusion,0.06537095891728704,0.00109768,"[282.500096, 285.999744, 336.0, 329.999744]",datasets/chestxray8/val/images/00019089_004.png,Infiltration,"[287.18644067796606, 312.813559322034, 409.2203389830505, 405.55932203389847]"
00021796_000.png,Cardiomegaly,0.22417472667427898,0.0387268,"[75.43756799999998, 162.74995199999998, 212.00025599999998, 422.749696]",datasets/chestxray8/val/images/00021796_000.png,Infiltration,"[93.55932203389848, 205.170625331038, 181.9661016949155, 295.20452363612253]"
00021796_000.png,Cardiomegaly,0.29570244598037376,0.0161743,"[94.18726400000001, 220.87500799999998, 219.499776, 385.499904]",datasets/chestxray8/val/images/00021796_000.png,Infiltration,"[93.55932203389848, 205.170625331038, 181.9661016949155, 295.20452363612253]"
00021796_000.png,Cardiomegaly,0.1847726371139676,0.0108414,"[44.5312, 67.00032000000002, 167.75014399999998, 350.000128]",datasets/chestxray8/val/images/00021796_000.png,Infiltration,"[93.55932203389848, 205.170625331038, 181.9661016949155, 295.20452363612253]"
00021796_000.png,Cardiomegaly,0.17844308245844795,0.00830078,"[60.437248, 58.374911999999995, 192.749824, 395.499776]",datasets/chestxray8/val/images/00021796_000.png,Infiltration,"[93.55932203389848, 205.170625331038, 181.9661016949155, 295.20452363612253]"
00021796_000.png,Infiltration,0.49821799531605976,0.00798035,"[84.18739199999999, 213.75027199999997, 202.24998399999998, 329.75001599999996]",datasets/chestxray8/val/images/00021796_000.png,Infiltration,"[93.55932203389848, 205.170625331038, 181.9661016949155, 295.20452363612253]"
00021796_000.png,Cardiomegaly,0.26013897355461524,0.00751877,"[105.49990400000002, 240.624896, 207.749888, 360.499968]",datasets/chestxray8/val/images/00021796_000.png,Infiltration,"[93.55932203389848, 205.170625331038, 181.9661016949155, 295.20452363612253]"
00021796_000.png,Atelectasis,0.07702071557802449,0.0062027,"[132.75008000000003, 201.00019200000003, 414.749952, 392.499968]",datasets/chestxray8/val/images/00021796_000.png,Infiltration,"[93.55932203389848, 205.170625331038, 181.9661016949155, 295.20452363612253]"
00021796_000.png,Cardiomegaly,0.4252539624730537,0.0055275,"[96.250112, 233.12511999999998, 188.0, 340.75007999999997]",datasets/chestxray8/val/images/00021796_000.png,Infiltration,"[93.55932203389848, 205.170625331038, 181.9661016949155, 295.20452363612253]"
00021796_000.png,Cardiomegaly,0.49821799531605976,0.0054512,"[84.18739199999999, 213.75027199999997, 202.24998399999998, 329.75001599999996]",datasets/chestxray8/val/images/00021796_000.png,Infiltration,"[93.55932203389848, 205.170625331038, 181.9661016949155, 295.20452363612253]"
00021796_000.png,Cardiomegaly,0.19174289278889134,0.00493622,"[84.75008, 193.62508799999998, 231.500032, 476.49996799999997]",datasets/chestxray8/val/images/00021796_000.png,Infiltration,"[93.55932203389848, 205.170625331038, 181.9661016949155, 295.20452363612253]"
00021796_000.png,Effusion,0.05453492003347761,0.00309563,"[165.3750784, 194.37521919999998, 205.8750976, 235.1251968]",datasets/chestxray8/val/images/00021796_000.png,Infiltration,"[93.55932203389848, 205.170625331038, 181.9661016949155, 295.20452363612253]"
00021796_000.png,Infiltration,0.28446957891216,0.00265503,"[105.50016, 245.74975999999998, 208.500224, 334.249984]",datasets/chestxray8/val/images/00021796_000.png,Infiltration,"[93.55932203389848, 205.170625331038, 181.9661016949155, 295.20452363612253]"
00021796_000.png,Cardiomegaly,0.20479129398588206,0.00261307,"[56.812288, 88.93721599999999, 142.749952, 299.499776]",datasets/chestxray8/val/images/00021796_000.png,Infiltration,"[93.55932203389848, 205.170625331038, 181.9661016949155, 295.20452363612253]"
00021796_000.png,Cardiomegaly,0.2353159421960023,0.0025692,"[98.062336, 185.50016, 248.999936, 395.500032]",datasets/chestxray8/val/images/00021796_000.png,Infiltration,"[93.55932203389848, 205.170625331038, 181.9661016949155, 295.20452363612253]"
00021796_000.png,Cardiomegaly,0.3485738291650958,0.00253296,"[71.37484799999999, 177.250048, 191.875072, 366.749952]",datasets/chestxray8/val/images/00021796_000.png,Infiltration,"[93.55932203389848, 205.170625331038, 181.9661016949155, 295.20452363612253]"
00021796_000.png,Infiltration,0.18195466174812602,0.00234985,"[118.18752, 249.250048, 221.250048, 356.75008]",datasets/chestxray8/val/images/00021796_000.png,Infiltration,"[93.55932203389848, 205.170625331038, 181.9661016949155, 295.20452363612253]"
00021796_000.png,Infiltration,0.09282498559840716,0.00222778,"[143.37484800000001, 261.74976, 233.874944, 341.74976]",datasets/chestxray8/val/images/00021796_000.png,Infiltration,"[93.55932203389848, 205.170625331038, 181.9661016949155, 295.20452363612253]"
00021796_000.png,Cardiomegaly,0.3097725210277751,0.00211525,"[67.000064, 117.87494400000001, 187.000064, 332.0]",datasets/chestxray8/val/images/00021796_000.png,Infiltration,"[93.55932203389848, 205.170625331038, 181.9661016949155, 295.20452363612253]"
00021796_000.png,Infiltration,0.11351403456405323,0.00192165,"[111.00006400000001, 209.12486399999997, 397.499904, 390.49983999999995]",datasets/chestxray8/val/images/00021796_000.png,Infiltration,"[93.55932203389848, 205.170625331038, 181.9661016949155, 295.20452363612253]"
00021796_000.png,Infiltration,0.3148972754733786,0.00190258,"[89.49990399999999, 222.249728, 225.499904, 361.74976000000004]",datasets/chestxray8/val/images/00021796_000.png,Infiltration,"[93.55932203389848, 205.170625331038, 181.9661016949155, 295.20452363612253]"
00021796_000.png,Cardiomegaly,0.2775269590401074,0.00177193,"[97.375232, 239.24991999999997, 189.8752, 388.749824]",datasets/chestxray8/val/images/00021796_000.png,Infiltration,"[93.55932203389848, 205.170625331038, 181.9661016949155, 295.20452363612253]"
00021796_000.png,Effusion,0.09153200954377975,0.00170708,"[162.8749312, 196.12492799999998, 207.1249408, 250.749696]",datasets/chestxray8/val/images/00021796_000.png,Infiltration,"[93.55932203389848, 205.170625331038, 181.9661016949155, 295.20452363612253]"
00021796_000.png,Infiltration,0.10493356176957463,0.00152969,"[126.37516800000002, 256.75007999999997, 246.625024, 377.750016]",datasets/chestxray8/val/images/00021796_000.png,Infiltration,"[93.55932203389848, 205.170625331038, 181.9661016949155, 295.20452363612253]"
00021796_000.png,Mass,0.1326427385540842,0.00149155,"[73.49990400000002, 67.124992, 148.75008, 251.499776]",datasets/chestxray8/val/images/00021796_000.png,Infiltration,"[93.55932203389848, 205.170625331038, 181.9661016949155, 295.20452363612253]"
00021796_000.png,Effusion,0.09069421190977835,0.00145912,"[161.9999744, 220.6251776, 202.4999936, 260.5001984]",datasets/chestxray8/val/images/00021796_000.png,Infiltration,"[93.55932203389848, 205.170625331038, 181.9661016949155, 295.20452363612253]"
00021796_000.png,Cardiomegaly,0.17664571909689905,0.00136566,"[65.8752, 163.87481599999998, 196.625152, 508.49996799999997]",datasets/chestxray8/val/images/00021796_000.png,Infiltration,"[93.55932203389848, 205.170625331038, 181.9661016949155, 295.20452363612253]"
00021796_000.png,Cardiomegaly,0.2318273043506341,0.00136089,"[57.499904, 156.625152, 177.250048, 424.499968]",datasets/chestxray8/val/images/00021796_000.png,Infiltration,"[93.55932203389848, 205.170625331038, 181.9661016949155, 295.20452363612253]"
00021796_000.png,Cardiomegaly,0.22599292030188206,0.00127983,"[88.56268800000001, 133.249792, 227.500032, 386.74969600000003]",datasets/chestxray8/val/images/00021796_000.png,Infiltration,"[93.55932203389848, 205.170625331038, 181.9661016949155, 295.20452363612253]"
00021796_000.png,Cardiomegaly,0.12333913637538865,0.00127792,"[34.062591999999995, 81.81273599999999, 132.999936, 328.250112]",datasets/chestxray8/val/images/00021796_000.png,Infiltration,"[93.55932203389848, 205.170625331038, 181.9661016949155, 295.20452363612253]"
00021796_000.png,Atelectasis,0.14754293155809964,0.00118732,"[95.87507200000002, 212.000256, 353.999872, 397.00019199999997]",datasets/chestxray8/val/images/00021796_000.png,Infiltration,"[93.55932203389848, 205.170625331038, 181.9661016949155, 295.20452363612253]"
00021796_000.png,Effusion,0.2575455453590166,0.00112915,"[108.3126528, 214.37486080000002, 154.2501632, 258.9998592]",datasets/chestxray8/val/images/00021796_000.png,Infiltration,"[93.55932203389848, 205.170625331038, 181.9661016949155, 295.20452363612253]"
00021796_000.png,Cardiomegaly,0.1718940492374399,0.00110626,"[73.750016, 60.31257599999999, 173.49990400000002, 255.500288]",datasets/chestxray8/val/images/00021796_000.png,Infiltration,"[93.55932203389848, 205.170625331038, 181.9661016949155, 295.20452363612253]"
00021796_000.png,Infiltration,0.08669915794091919,0.00106335,"[158.75020800000001, 250.50009600000004, 224.75008, 327.000064]",datasets/chestxray8/val/images/00021796_000.png,Infiltration,"[93.55932203389848, 205.170625331038, 181.9661016949155, 295.20452363612253]"
00019495_004.png,Infiltration,0.2691367747636846,0.023407,"[349.499904, 267.000064, 440.0, 323.000064]",datasets/chestxray8/val/images/00019495_004.png,Infiltration,"[369.084745762712, 282.9830508474575, 443.9322033898305, 302.508474576271]"
00019495_004.png,Infiltration,0.07526114195180773,0.00928497,"[269.00019199999997, 244.999936, 406.000128, 309.50016]",datasets/chestxray8/val/images/00019495_004.png,Infiltration,"[369.084745762712, 282.9830508474575, 443.9322033898305, 302.508474576271]"
00019495_004.png,Infiltration,0.09241100791030583,0.00704575,"[294.50009600000004, 263.00032, 411.000064, 333.50016000000005]",datasets/chestxray8/val/images/00019495_004.png,Infiltration,"[369.084745762712, 282.9830508474575, 443.9322033898305, 302.508474576271]"
00019495_004.png,Cardiomegaly,0.05184656473657294,0.00605011,"[321.499904, 144.75008, 446.500096, 370.25023999999996]",datasets/chestxray8/val/images/00019495_004.png,Infiltration,"[369.084745762712, 282.9830508474575, 443.9322033898305, 302.508474576271]"
00019495_004.png,Infiltration,0.1659447158212259,0.00455093,"[311.499776, 269.75001599999996, 432.0, 329.250048]",datasets/chestxray8/val/images/00019495_004.png,Infiltration,"[369.084745762712, 282.9830508474575, 443.9322033898305, 302.508474576271]"
00019495_004.png,Infiltration,0.36524721250193787,0.00415802,"[374.25023999999996, 267.0001152, 439.250176, 317.5001088]",datasets/chestxray8/val/images/00019495_004.png,Infiltration,"[369.084745762712, 282.9830508474575, 443.9322033898305, 302.508474576271]"
00019495_004.png,Cardiomegaly,0.11720397000090661,0.00199509,"[336.75007999999997, 242.375168, 459.749888, 343.750144]",datasets/chestxray8/val/images/00019495_004.png,Infiltration,"[369.084745762712, 282.9830508474575, 443.9322033898305, 302.508474576271]"
00019495_004.png,Infiltration,0.211096646465724,0.00187111,"[367.500032, 258.249984, 453.50016, 338.750208]",datasets/chestxray8/val/images/00019495_004.png,Infiltration,"[369.084745762712, 282.9830508474575, 443.9322033898305, 302.508474576271]"
00019495_004.png,Mass,0.07494068713789635,0.00174046,"[297.750016, 282.500096, 434.25024, 405.499904]",datasets/chestxray8/val/images/00019495_004.png,Infiltration,"[369.084745762712, 282.9830508474575, 443.9322033898305, 302.508474576271]"
00019495_004.png,Cardiomegaly,0.29110369077804527,0.00158024,"[348.75033599999995, 268.999936, 443.250176, 321.49990399999996]",datasets/chestxray8/val/images/00019495_004.png,Infiltration,"[369.084745762712, 282.9830508474575, 443.9322033898305, 302.508474576271]"
00019495_004.png,Cardiomegaly,0.10401683019970416,0.00116348,"[390.750208, 240.500224, 470.750208, 360.0]",datasets/chestxray8/val/images/00019495_004.png,Infiltration,"[369.084745762712, 282.9830508474575, 443.9322033898305, 302.508474576271]"
00019495_004.png,Cardiomegaly,0.16740336402246,0.00115585,"[350.500096, 237.75001600000002, 447.50003200000003, 327.749888]",datasets/chestxray8/val/images/00019495_004.png,Infiltration,"[369.084745762712, 282.9830508474575, 443.9322033898305, 302.508474576271]"
00019495_004.png,Cardiomegaly,0.211096646465724,0.00111771,"[367.500032, 258.249984, 453.50016, 338.750208]",datasets/chestxray8/val/images/00019495_004.png,Infiltration,"[369.084745762712, 282.9830508474575, 443.9322033898305, 302.508474576271]"
00012622_016.png,Cardiomegaly,0.056690359376781636,0.00385475,"[317.499904, 42.625023999999996, 454.000128, 375.499776]",datasets/chestxray8/val/images/00012622_016.png,Mass,"[381.968253968254, 83.978835978836, 422.6031746031746, 147.369312169312]"
00012622_016.png,Effusion,0.1346919521527213,0.00136852,"[374.7497472, 126.24998399999998, 420.74977279999996, 220.250112]",datasets/chestxray8/val/images/00012622_016.png,Mass,"[381.968253968254, 83.978835978836, 422.6031746031746, 147.369312169312]"
00012622_016.png,Cardiomegaly,0.07718886479332471,0.00123882,"[357.750272, 56.75008, 468.25011200000006, 358.75020800000004]",datasets/chestxray8/val/images/00012622_016.png,Mass,"[381.968253968254, 83.978835978836, 422.6031746031746, 147.369312169312]"
00012622_016.png,Effusion,0.19396429159977444,0.00108814,"[360.25003519999996, 95.2502528, 398.7500288, 135.0002432]",datasets/chestxray8/val/images/00012622_016.png,Mass,"[381.968253968254, 83.978835978836, 422.6031746031746, 147.369312169312]"
00010575_002.png,Effusion,0.094658700328306,0.494385,"[361.249792, 271.7498368, 414.74969600000003, 317.2498432]",datasets/chestxray8/val/images/00010575_002.png,Cardiomegaly,"[347.8349206349205, 295.8222222222225, 471.906878306878, 383.05185185185195]"
00010575_002.png,Infiltration,0.05851027893864158,0.0736694,"[290.749952, 276.0, 368.75008, 337.00019199999997]",datasets/chestxray8/val/images/00010575_002.png,Cardiomegaly,"[347.8349206349205, 295.8222222222225, 471.906878306878, 383.05185185185195]"
00010575_002.png,Effusion,0.16852626406888754,0.0289307,"[348.250112, 279.25020159999997, 414.249984, 326.2502144]",datasets/chestxray8/val/images/00010575_002.png,Cardiomegaly,"[347.8349206349205, 295.8222222222225, 471.906878306878, 383.05185185185195]"
00010575_002.png,Atelectasis,0.14304882282676176,0.0259552,"[174.12531199999998, 252.75007999999997, 433.00019199999997, 440.250112]",datasets/chestxray8/val/images/00010575_002.png,Cardiomegaly,"[347.8349206349205, 295.8222222222225, 471.906878306878, 383.05185185185195]"
00010575_002.png,Infiltration,0.20169744979408613,0.0106735,"[299.250176, 289.50016000000005, 398.75020800000004, 352.0]",datasets/chestxray8/val/images/00010575_002.png,Cardiomegaly,"[347.8349206349205, 295.8222222222225, 471.906878306878, 383.05185185185195]"
00010575_002.png,Effusion,0.06370292212131877,0.0098114,"[366.9997568, 276.0002048, 408.99973120000004, 313.50021119999997]",datasets/chestxray8/val/images/00010575_002.png,Cardiomegaly,"[347.8349206349205, 295.8222222222225, 471.906878306878, 383.05185185185195]"
00010575_002.png,Infiltration,0.12398753964859546,0.00699997,"[297.75001599999996, 284.24985599999997, 388.749824, 338.249984]",datasets/chestxray8/val/images/00010575_002.png,Cardiomegaly,"[347.8349206349205, 295.8222222222225, 471.906878306878, 383.05185185185195]"
00010575_002.png,Effusion,0.07348757006387857,0.00679779,"[136.500224, 293.2498176, 168.500224, 324.2498304]",datasets/chestxray8/val/images/00010575_002.png,Infiltration,"[116.4867724867725, 302.3238095238095, 233.51534391534398, 381.42645502645496]"
00010575_002.png,Cardiomegaly,0.4818640955237403,0.00469589,"[366.24998400000004, 279.24992000000003, 492.749824, 417.750016]",datasets/chestxray8/val/images/00010575_002.png,Cardiomegaly,"[347.8349206349205, 295.8222222222225, 471.906878306878, 383.05185185185195]"
00010575_002.png,Infiltration,0.32938941248956427,0.00468826,"[337.499904, 288.5000192, 439.50003200000003, 339.00001280000004]",datasets/chestxray8/val/images/00010575_002.png,Cardiomegaly,"[347.8349206349205, 295.8222222222225, 471.906878306878, 383.05185185185195]"
00010575_002.png,Effusion,0.19549361796379067,0.0046196,"[128.6252288, 291.5001088, 178.12523520000002, 341.0001152]",datasets/chestxray8/val/images/00010575_002.png,Infiltration,"[116.4867724867725, 302.3238095238095, 233.51534391534398, 381.42645502645496]"
00010575_002.png,Mass,0.05684511480018354,0.00456238,"[29.374975999999997, 68.99968000000001, 154.1248, 438.49984]",datasets/chestxray8/val/images/00010575_002.png,Infiltration,"[116.4867724867725, 302.3238095238095, 233.51534391534398, 381.42645502645496]"
00010575_002.png,Infiltration,0.32936891156239356,0.00395584,"[316.250112, 296.749824, 424.25036800000004, 350.749952]",datasets/chestxray8/val/images/00010575_002.png,Cardiomegaly,"[347.8349206349205, 295.8222222222225, 471.906878306878, 383.05185185185195]"
00010575_002.png,Cardiomegaly,0.05378886386073075,0.003685,"[49.937664, 30.124799999999993, 170.00012800000002, 347.499776]",datasets/chestxray8/val/images/00010575_002.png,Infiltration,"[116.4867724867725, 302.3238095238095, 233.51534391534398, 381.42645502645496]"
00010575_002.png,Effusion,0.10435496599822673,0.0036335,"[130.7499264, 289.2500992, 171.7499136, 327.2501248]",datasets/chestxray8/val/images/00010575_002.png,Infiltration,"[116.4867724867725, 302.3238095238095, 233.51534391534398, 381.42645502645496]"
00010575_002.png,Atelectasis,0.14454239457702803,0.00288963,"[119.99974399999996, 222.24998399999998, 429.999872, 421.74976]",datasets/chestxray8/val/images/00010575_002.png,Infiltration,"[116.4867724867725, 302.3238095238095, 233.51534391534398, 381.42645502645496]"
00010575_002.png,Infiltration,0.20657992847877105,0.00279999,"[280.500224, 285.50016, 394.500096, 371.500288]",datasets/chestxray8/val/images/00010575_002.png,Cardiomegaly,"[347.8349206349205, 295.8222222222225, 471.906878306878, 383.05185185185195]"
00010575_002.png,Infiltration,0.30232511331657097,0.00278282,"[76.12518399999999, 312.75007999999997, 176.124928, 371.749888]",datasets/chestxray8/val/images/00010575_002.png,Infiltration,"[116.4867724867725, 302.3238095238095, 233.51534391534398, 381.42645502645496]"
00010575_002.png,Mass,0.06033773655465422,0.00264168,"[48.624896, 23.749888, 174.374656, 351.999744]",datasets/chestxray8/val/images/00010575_002.png,Infiltration,"[116.4867724867725, 302.3238095238095, 233.51534391534398, 381.42645502645496]"
00010575_002.png,Infiltration,0.46441610405856065,0.00263405,"[158.24998399999998, 301.00019199999997, 218.749952, 374.000128]",datasets/chestxray8/val/images/00010575_002.png,Infiltration,"[116.4867724867725, 302.3238095238095, 233.51534391534398, 381.42645502645496]"
00010575_002.png,Cardiomegaly,0.0902536820994322,0.00248146,"[42.437376, 88.62515200000001, 171.24992, 423.000064]",datasets/chestxray8/val/images/00010575_002.png,Infiltration,"[116.4867724867725, 302.3238095238095, 233.51534391534398, 381.42645502645496]"
00010575_002.png,Cardiomegaly,0.05186639095963143,0.0021019,"[45.468928, 140.12492799999998, 139.875072, 439.50003200000003]",datasets/chestxray8/val/images/00010575_002.png,Infiltration,"[116.4867724867725, 302.3238095238095, 233.51534391534398, 381.42645502645496]"
00010575_002.png,Cardiomegaly,0.0914153415123764,0.00173187,"[362.25003519999996, 272.9999104, 412.7500288, 317.4999296]",datasets/chestxray8/val/images/00010575_002.png,Cardiomegaly,"[347.8349206349205, 295.8222222222225, 471.906878306878, 383.05185185185195]"
00010575_002.png,Infiltration,0.2978313770117707,0.00160408,"[285.50016, 300.250112, 421.50016, 358.750208]",datasets/chestxray8/val/images/00010575_002.png,Cardiomegaly,"[347.8349206349205, 295.8222222222225, 471.906878306878, 383.05185185185195]"
00010575_002.png,Effusion,0.18022669964055354,0.00156975,"[126.125056, 282.749952, 184.875008, 334.24998400000004]",datasets/chestxray8/val/images/00010575_002.png,Infiltration,"[116.4867724867725, 302.3238095238095, 233.51534391534398, 381.42645502645496]"
00010575_002.png,Cardiomegaly,0.3541191109644858,0.00156212,"[311.749632, 298.500096, 432.249856, 352.0]",datasets/chestxray8/val/images/00010575_002.png,Cardiomegaly,"[347.8349206349205, 295.8222222222225, 471.906878306878, 383.05185185185195]"
00010575_002.png,Cardiomegaly,0.41082724628404893,0.00155354,"[378.25024, 285.50016000000005, 481.750016, 452.0]",datasets/chestxray8/val/images/00010575_002.png,Cardiomegaly,"[347.8349206349205, 295.8222222222225, 471.906878306878, 383.05185185185195]"
00010575_002.png,Infiltration,0.16852626406888754,0.00154591,"[348.250112, 279.25020159999997, 414.249984, 326.2502144]",datasets/chestxray8/val/images/00010575_002.png,Cardiomegaly,"[347.8349206349205, 295.8222222222225, 471.906878306878, 383.05185185185195]"
00010575_002.png,Cardiomegaly,0.14701503162890023,0.00152874,"[425.50016, 153.12512, 502.00012799999996, 424.49996799999997]",datasets/chestxray8/val/images/00010575_002.png,Cardiomegaly,"[347.8349206349205, 295.8222222222225, 471.906878306878, 383.05185185185195]"
00010575_002.png,Cardiomegaly,0.1500371640955706,0.0014925,"[393.750016, 56.37504000000001, 505.99987200000004, 425.499904]",datasets/chestxray8/val/images/00010575_002.png,Cardiomegaly,"[347.8349206349205, 295.8222222222225, 471.906878306878, 383.05185185185195]"
00010575_002.png,Infiltration,0.465158572950889,0.00136662,"[96.62489599999998, 303.24992000000003, 186.374912, 374.249984]",datasets/chestxray8/val/images/00010575_002.png,Infiltration,"[116.4867724867725, 302.3238095238095, 233.51534391534398, 381.42645502645496]"
00010575_002.png,Cardiomegaly,0.210576072352938,0.00132942,"[297.000192, 292.000256, 403.000064, 349.000192]",datasets/chestxray8/val/images/00010575_002.png,Cardiomegaly,"[347.8349206349205, 295.8222222222225, 471.906878306878, 383.05185185185195]"
00010575_002.png,Infiltration,0.16866323819235673,0.00132751,"[210.49984, 251.749888, 428.499712, 425.750016]",datasets/chestxray8/val/images/00010575_002.png,Cardiomegaly,"[347.8349206349205, 295.8222222222225, 471.906878306878, 383.05185185185195]"
00010575_002.png,Cardiomegaly,0.394532816939105,0.0012598,"[416.999936, 295.24992, 475.999744, 398.749696]",datasets/chestxray8/val/images/00010575_002.png,Cardiomegaly,"[347.8349206349205, 295.8222222222225, 471.906878306878, 383.05185185185195]"
00010575_002.png,Cardiomegaly,0.21053339217736622,0.0012331,"[266.25024, 282.99980800000003, 406.750208, 359.499776]",datasets/chestxray8/val/images/00010575_002.png,Cardiomegaly,"[347.8349206349205, 295.8222222222225, 471.906878306878, 383.05185185185195]"
00010575_002.png,Mass,0.09038358260209432,0.00120449,"[437.499904, 111.125248, 512.0, 368.000256]",datasets/chestxray8/val/images/00010575_002.png,Cardiomegaly,"[347.8349206349205, 295.8222222222225, 471.906878306878, 383.05185185185195]"
00010575_002.png,Cardiomegaly,0.30414282216033817,0.00118065,"[429.2501504, 294.500096, 469.7501696, 377.499904]",datasets/chestxray8/val/images/00010575_002.png,Cardiomegaly,"[347.8349206349205, 295.8222222222225, 471.906878306878, 383.05185185185195]"
00010575_002.png,Mass,0.28739047247796345,0.00111008,"[302.99980800000003, 200.250112, 461.999872, 412.75007999999997]",datasets/chestxray8/val/images/00010575_002.png,Cardiomegaly,"[347.8349206349205, 295.8222222222225, 471.906878306878, 383.05185185185195]"
00016587_069.png,Infiltration,0.22881973623223542,0.00317574,"[368.499712, 211.750144, 446.49984, 250.000128]",datasets/chestxray8/val/images/00016587_069.png,Effusion,"[377.6338624338625, 203.716402116402, 412.8507936507937, 232.97354497354488]"
00016587_069.png,Infiltration,0.07822350205812478,0.00287819,"[403.00032, 205.124992, 462.000128, 251.750016]",datasets/chestxray8/val/images/00016587_069.png,Effusion,"[377.6338624338625, 203.716402116402, 412.8507936507937, 232.97354497354488]"
00016587_069.png,Effusion,0.07822350205812478,0.00207901,"[403.00032, 205.124992, 462.000128, 251.750016]",datasets/chestxray8/val/images/00016587_069.png,Effusion,"[377.6338624338625, 203.716402116402, 412.8507936507937, 232.97354497354488]"
00016587_069.png,Effusion,0.12980227157952676,0.00144958,"[357.9998976, 205.8747392, 385.4998784, 235.8747648]",datasets/chestxray8/val/images/00016587_069.png,Effusion,"[377.6338624338625, 203.716402116402, 412.8507936507937, 232.97354497354488]"
00016587_069.png,Infiltration,0.1109181827665201,0.0011425,"[391.750144, 210.12480000000002, 463.24992, 263.24992000000003]",datasets/chestxray8/val/images/00016587_069.png,Effusion,"[377.6338624338625, 203.716402116402, 412.8507936507937, 232.97354497354488]"
00016587_069.png,Infiltration,0.11933248036820933,0.00100327,"[384.249856, 198.62528, 471.24992, 277.00019199999997]",datasets/chestxray8/val/images/00016587_069.png,Effusion,"[377.6338624338625, 203.716402116402, 412.8507936507937, 232.97354497354488]"
00002059_008.png,Infiltration,0.09308686765918583,0.0435791,"[293.75001599999996, 247.62470399999998, 385.250048, 298.999808]",datasets/chestxray8/val/images/00002059_008.png,Atelectasis,"[187.46243386243398, 232.97354497354502, 464.863492063492, 415.0179894179895]"
00002059_008.png,Infiltration,0.08161749596720766,0.0385132,"[306.749952, 239.6248832, 393.75001599999996, 286.9998848]",datasets/chestxray8/val/images/00002059_008.png,Atelectasis,"[187.46243386243398, 232.97354497354502, 464.863492063492, 415.0179894179895]"
00002059_008.png,Infiltration,0.1263381992247436,0.0294037,"[290.000384, 255.99999999999997, 406.00012799999996, 311.00006399999995]",datasets/chestxray8/val/images/00002059_008.png,Atelectasis,"[187.46243386243398, 232.97354497354502, 464.863492063492, 415.0179894179895]"
00002059_008.png,Infiltration,0.0932842340667851,0.0284424,"[278.000128, 230.875136, 361.999872, 289.250304]",datasets/chestxray8/val/images/00002059_008.png,Atelectasis,"[187.46243386243398, 232.97354497354502, 464.863492063492, 415.0179894179895]"
00002059_008.png,Infiltration,0.07984241352081299,0.0236206,"[322.25024, 235.50003199999998, 406.249984, 283.500032]",datasets/chestxray8/val/images/00002059_008.png,Atelectasis,"[187.46243386243398, 232.97354497354502, 464.863492063492, 415.0179894179895]"
00002059_008.png,Cardiomegaly,0.3069997348348367,0.0202789,"[365.50016000000005, 240.75008000000003, 494.500096, 420.749824]",datasets/chestxray8/val/images/00002059_008.png,Atelectasis,"[187.46243386243398, 232.97354497354502, 464.863492063492, 415.0179894179895]"
00002059_008.png,Infiltration,0.07964942665873272,0.018158,"[318.500096, 248.7500032, 404.99993600000005, 295.2499968]",datasets/chestxray8/val/images/00002059_008.png,Atelectasis,"[187.46243386243398, 232.97354497354502, 464.863492063492, 415.0179894179895]"
00002059_008.png,Infiltration,0.33134089642218056,0.0120468,"[310.749696, 281.49990399999996, 456.249856, 396.499712]",datasets/chestxray8/val/images/00002059_008.png,Atelectasis,"[187.46243386243398, 232.97354497354502, 464.863492063492, 415.0179894179895]"
00002059_008.png,Infiltration,0.10930821676254279,0.0105133,"[308.24985599999997, 264.0, 423.249664, 312.0]",datasets/chestxray8/val/images/00002059_008.png,Atelectasis,"[187.46243386243398, 232.97354497354502, 464.863492063492, 415.0179894179895]"
00002059_008.png,Infiltration,0.279523872335193,0.00996399,"[272.000256, 256.0, 431.500032, 344.500224]",datasets/chestxray8/val/images/00002059_008.png,Atelectasis,"[187.46243386243398, 232.97354497354502, 464.863492063492, 415.0179894179895]"
00002059_008.png,Infiltration,0.06861482125143313,0.00735092,"[336.250112, 251.0000128, 418.750208, 292.9999872]",datasets/chestxray8/val/images/00002059_008.png,Atelectasis,"[187.46243386243398, 232.97354497354502, 464.863492063492, 415.0179894179895]"
00002059_008.png,Infiltration,0.0634326129837378,0.00653076,"[319.500032, 228.7502336, 411.000064, 268.2502144]",datasets/chestxray8/val/images/00002059_008.png,Atelectasis,"[187.46243386243398, 232.97354497354502, 464.863492063492, 415.0179894179895]"
00002059_008.png,Infiltration,0.17481035769969172,0.00618744,"[274.000128, 238.87488000000002, 376.49996799999997, 324.999936]",datasets/chestxray8/val/images/00002059_008.png,Atelectasis,"[187.46243386243398, 232.97354497354502, 464.863492063492, 415.0179894179895]"
00002059_008.png,Infiltration,0.1026550878524781,0.00503922,"[328.0, 268.499968, 436.00025600000004, 316.499968]",datasets/chestxray8/val/images/00002059_008.png,Atelectasis,"[187.46243386243398, 232.97354497354502, 464.863492063492, 415.0179894179895]"
00002059_008.png,Infiltration,0.18820050773620609,0.00484085,"[293.99987200000004, 267.749888, 442.49984, 331.749888]",datasets/chestxray8/val/images/00002059_008.png,Atelectasis,"[187.46243386243398, 232.97354497354502, 464.863492063492, 415.0179894179895]"
00002059_008.png,Infiltration,0.35398502480588373,0.00461197,"[288.500224, 267.499776, 452.49996799999997, 376.49996799999997]",datasets/chestxray8/val/images/00002059_008.png,Atelectasis,"[187.46243386243398, 232.97354497354502, 464.863492063492, 415.0179894179895]"
00002059_008.png,Cardiomegaly,0.39366393079958295,0.0045166,"[337.50016, 255.50003199999998, 471.000064, 416.000256]",datasets/chestxray8/val/images/00002059_008.png,Atelectasis,"[187.46243386243398, 232.97354497354502, 464.863492063492, 415.0179894179895]"
00002059_008.png,Infiltration,0.08184946150192153,0.00445938,"[281.50016, 228.12482559999998, 388.499968, 271.99984639999997]",datasets/chestxray8/val/images/00002059_008.png,Atelectasis,"[187.46243386243398, 232.97354497354502, 464.863492063492, 415.0179894179895]"
00002059_008.png,Cardiomegaly,0.34535732000301234,0.0044136,"[356.250112, 210.125056, 473.750016, 406.99980800000003]",datasets/chestxray8/val/images/00002059_008.png,Atelectasis,"[187.46243386243398, 232.97354497354502, 464.863492063492, 415.0179894179895]"
00002059_008.png,Infiltration,0.13336675886505486,0.00327301,"[266.99980800000003, 228.374784, 353.999872, 310.99980800000003]",datasets/chestxray8/val/images/00002059_008.png,Atelectasis,"[187.46243386243398, 232.97354497354502, 464.863492063492, 415.0179894179895]"
00002059_008.png,Cardiomegaly,0.34944492705770885,0.00279808,"[316.999936, 239.99999999999997, 456.499968, 366.49983999999995]",datasets/chestxray8/val/images/00002059_008.png,Atelectasis,"[187.46243386243398, 232.97354497354502, 464.863492063492, 415.0179894179895]"
00002059_008.png,Cardiomegaly,0.20404138828900506,0.0027523,"[354.000128, 109.99987200000001, 506.000128, 370.749696]",datasets/chestxray8/val/images/00002059_008.png,Atelectasis,"[187.46243386243398, 232.97354497354502, 464.863492063492, 415.0179894179895]"
00002059_008.png,Atelectasis,0.269154556798722,0.00242805,"[53.87520000000001, 237.99987200000004, 326.000128, 370.49984]",datasets/chestxray8/val/images/00002059_008.png,Atelectasis,"[187.46243386243398, 232.97354497354502, 464.863492063492, 415.0179894179895]"
00002059_008.png,Cardiomegaly,0.18335360063671888,0.0023613,"[319.499776, 263.750144, 448.99993600000005, 335.24992]",datasets/chestxray8/val/images/00002059_008.png,Atelectasis,"[187.46243386243398, 232.97354497354502, 464.863492063492, 415.0179894179895]"
00002059_008.png,Infiltration,0.3207129421019425,0.00214005,"[326.749952, 292.749824, 466.24998400000004, 429.250048]",datasets/chestxray8/val/images/00002059_008.png,Atelectasis,"[187.46243386243398, 232.97354497354502, 464.863492063492, 415.0179894179895]"
00002059_008.png,Mass,0.05514924158271316,0.00207138,"[66.31270400000001, 121.25004799999999, 217.25030400000003, 393.750272]",datasets/chestxray8/val/images/00002059_008.png,Atelectasis,"[187.46243386243398, 232.97354497354502, 464.863492063492, 415.0179894179895]"
00002059_008.png,Cardiomegaly,0.1026550878524781,0.00184631,"[328.0, 268.499968, 436.00025600000004, 316.499968]",datasets/chestxray8/val/images/00002059_008.png,Atelectasis,"[187.46243386243398, 232.97354497354502, 464.863492063492, 415.0179894179895]"
00002059_008.png,Cardiomegaly,0.19614586220346775,0.0018158,"[392.499712, 259.500032, 493.49990399999996, 439.000064]",datasets/chestxray8/val/images/00002059_008.png,Atelectasis,"[187.46243386243398, 232.97354497354502, 464.863492063492, 415.0179894179895]"
00002059_008.png,Effusion,0.11565656520327912,0.00177193,"[104.06272000000001, 209.8752, 244.0, 365.50016]",datasets/chestxray8/val/images/00002059_008.png,Atelectasis,"[187.46243386243398, 232.97354497354502, 464.863492063492, 415.0179894179895]"
00002059_008.png,Infiltration,0.09311185585554818,0.00173664,"[330.25024, 211.000064, 428.250112, 283.000064]",datasets/chestxray8/val/images/00002059_008.png,Atelectasis,"[187.46243386243398, 232.97354497354502, 464.863492063492, 415.0179894179895]"
00002059_008.png,Infiltration,0.2539099284565561,0.00146389,"[349.750016, 289.999872, 475.24992000000003, 403.99974399999996]",datasets/chestxray8/val/images/00002059_008.png,Atelectasis,"[187.46243386243398, 232.97354497354502, 464.863492063492, 415.0179894179895]"
00002059_008.png,Cardiomegaly,0.2483614218368483,0.001441,"[360.499968, 130.00012800000002, 469.50016, 381.50016]",datasets/chestxray8/val/images/00002059_008.png,Atelectasis,"[187.46243386243398, 232.97354497354502, 464.863492063492, 415.0179894179895]"
00002059_008.png,Infiltration,0.39366393079958295,0.00136948,"[337.50016, 255.50003199999998, 471.000064, 416.000256]",datasets/chestxray8/val/images/00002059_008.png,Atelectasis,"[187.46243386243398, 232.97354497354502, 464.863492063492, 415.0179894179895]"
00002059_008.png,Infiltration,0.3184197763535026,0.00130653,"[78.49984, 226.875136, 366.49984, 348.250368]",datasets/chestxray8/val/images/00002059_008.png,Atelectasis,"[187.46243386243398, 232.97354497354502, 464.863492063492, 415.0179894179895]"
00002059_008.png,Cardiomegaly,0.2607733200425557,0.00118542,"[336.99968, 74.24998400000001, 465.499904, 377.74976000000004]",datasets/chestxray8/val/images/00002059_008.png,Atelectasis,"[187.46243386243398, 232.97354497354502, 464.863492063492, 415.0179894179895]"
00002059_008.png,Effusion,0.18056426842849096,0.00113583,"[73.750016, 241.624832, 297.50016, 343.50003200000003]",datasets/chestxray8/val/images/00002059_008.png,Atelectasis,"[187.46243386243398, 232.97354497354502, 464.863492063492, 415.0179894179895]"
00002059_008.png,Effusion,0.2643846203867303,0.00107193,"[85.75001599999999, 213.74976, 362.24998400000004, 332.749824]",datasets/chestxray8/val/images/00002059_008.png,Atelectasis,"[187.46243386243398, 232.97354497354502, 464.863492063492, 415.0179894179895]"
00002059_008.png,Infiltration,0.4748330649050806,0.00107098,"[111.25017600000001, 268.0, 405.250304, 434.49983999999995]",datasets/chestxray8/val/images/00002059_008.png,Atelectasis,"[187.46243386243398, 232.97354497354502, 464.863492063492, 415.0179894179895]"
00002059_008.png,Cardiomegaly,0.28657906066840233,0.00105762,"[330.49984, 283.749888, 464.499968, 391.75014400000003]",datasets/chestxray8/val/images/00002059_008.png,Atelectasis,"[187.46243386243398, 232.97354497354502, 464.863492063492, 415.0179894179895]"
00002059_008.png,Infiltration,0.3276389938201562,0.00105381,"[299.50003200000003, 289.50016, 438.000128, 433.50016]",datasets/chestxray8/val/images/00002059_008.png,Atelectasis,"[187.46243386243398, 232.97354497354502, 464.863492063492, 415.0179894179895]"
00002059_008.png,Cardiomegaly,0.11805758872789064,0.00105095,"[379.750144, 323.000064, 512.000256, 501.99987200000004]",datasets/chestxray8/val/images/00002059_008.png,Atelectasis,"[187.46243386243398, 232.97354497354502, 464.863492063492, 415.0179894179895]"
00002059_008.png,Infiltration,0.1263509615125377,0.00100613,"[244.250112, 210.999808, 368.75007999999997, 287.000064]",datasets/chestxray8/val/images/00002059_008.png,Atelectasis,"[187.46243386243398, 232.97354497354502, 464.863492063492, 415.0179894179895]"
00014004_038.png,Infiltration,0.05206621723615819,0.0205231,"[143.24992, 258.74969600000003, 235.500032, 325.249792]",datasets/chestxray8/val/images/00014004_038.png,Effusion,"[172.2920634920635, 198.8402116402115, 227.5555555555555, 267.648677248677]"
00014004_038.png,Cardiomegaly,0.05139264601521529,0.0140228,"[84.06272000000001, 37.87468799999999, 200.0, 341.499904]",datasets/chestxray8/val/images/00014004_038.png,Effusion,"[172.2920634920635, 198.8402116402115, 227.5555555555555, 267.648677248677]"
00014004_038.png,Atelectasis,0.08768197767422506,0.0137482,"[131.750144, 166.24998399999998, 340.250368, 374.249984]",datasets/chestxray8/val/images/00014004_038.png,Effusion,"[172.2920634920635, 198.8402116402115, 227.5555555555555, 267.648677248677]"
00014004_038.png,Cardiomegaly,0.07761631432820607,0.0123138,"[96.312576, 88.0, 214.500096, 397.000192]",datasets/chestxray8/val/images/00014004_038.png,Effusion,"[172.2920634920635, 198.8402116402115, 227.5555555555555, 267.648677248677]"
00014004_038.png,Mass,0.07731145858167984,0.00805664,"[94.81267199999999, 29.375231999999983, 223.00006399999998, 379.000064]",datasets/chestxray8/val/images/00014004_038.png,Effusion,"[172.2920634920635, 198.8402116402115, 227.5555555555555, 267.648677248677]"
00014004_038.png,Mass,0.12343013195545749,0.00656509,"[155.99974400000002, 38.875136, 255.499776, 348.499968]",datasets/chestxray8/val/images/00014004_038.png,Effusion,"[172.2920634920635, 198.8402116402115, 227.5555555555555, 267.648677248677]"
00014004_038.png,Mass,0.1131059679905706,0.00572586,"[101.874944, 23.187455999999997, 225.12512, 263.000064]",datasets/chestxray8/val/images/00014004_038.png,Effusion,"[172.2920634920635, 198.8402116402115, 227.5555555555555, 267.648677248677]"
00014004_038.png,Infiltration,0.1851774141707718,0.00546646,"[124.999936, 223.12473600000004, 236.24985600000002, 330.49984]",datasets/chestxray8/val/images/00014004_038.png,Effusion,"[172.2920634920635, 198.8402116402115, 227.5555555555555, 267.648677248677]"
00014004_038.png,Mass,0.1998075093410688,0.00498199,"[171.500032, 46.74995200000001, 244.000256, 309.249792]",datasets/chestxray8/val/images/00014004_038.png,Effusion,"[172.2920634920635, 198.8402116402115, 227.5555555555555, 267.648677248677]"
00014004_038.png,Effusion,0.09088889310068995,0.0038929,"[143.12499200000002, 110.749696, 218.1248, 220.74982400000002]",datasets/chestxray8/val/images/00014004_038.png,Effusion,"[172.2920634920635, 198.8402116402115, 227.5555555555555, 267.648677248677]"
00014004_038.png,Effusion,0.06670983897002304,0.00351524,"[150.3751168, 167.37505280000002, 195.87512320000002, 214.6250752]",datasets/chestxray8/val/images/00014004_038.png,Effusion,"[172.2920634920635, 198.8402116402115, 227.5555555555555, 267.648677248677]"
00014004_038.png,Effusion,0.1960516309109699,0.00272369,"[193.2502528, 189.9999744, 227.25022719999998, 222.4999936]",datasets/chestxray8/val/images/00014004_038.png,Effusion,"[172.2920634920635, 198.8402116402115, 227.5555555555555, 267.648677248677]"
00014004_038.png,Cardiomegaly,0.0908798824744292,0.00271606,"[101.81222399999999, 9.750015999999988, 218.999808, 306.500096]",datasets/chestxray8/val/images/00014004_038.png,Effusion,"[172.2920634920635, 198.8402116402115, 227.5555555555555, 267.648677248677]"
00014004_038.png,Mass,0.11383645770358379,0.00239372,"[120.0, 74.24972799999998, 232.0, 372.49996799999997]",datasets/chestxray8/val/images/00014004_038.png,Effusion,"[172.2920634920635, 198.8402116402115, 227.5555555555555, 267.648677248677]"
00014004_038.png,Mass,0.0739459047949589,0.00215721,"[124.499968, 0.3750399999999843, 259.250176, 381.999872]",datasets/chestxray8/val/images/00014004_038.png,Effusion,"[172.2920634920635, 198.8402116402115, 227.5555555555555, 267.648677248677]"
00014004_038.png,Mass,0.3223162325085355,0.00215149,"[155.62496, 151.37510400000002, 255.499776, 269.50016]",datasets/chestxray8/val/images/00014004_038.png,Effusion,"[172.2920634920635, 198.8402116402115, 227.5555555555555, 267.648677248677]"
00014004_038.png,Cardiomegaly,0.13531713603689283,0.00200272,"[106.1248, 165.249792, 212.37504, 347.24992000000003]",datasets/chestxray8/val/images/00014004_038.png,Effusion,"[172.2920634920635, 198.8402116402115, 227.5555555555555, 267.648677248677]"
00014004_038.png,Mass,0.07176746644305088,0.00198936,"[120.874752, 9.562624, 258.49984, 242.25024]",datasets/chestxray8/val/images/00014004_038.png,Effusion,"[172.2920634920635, 198.8402116402115, 227.5555555555555, 267.648677248677]"
00014004_038.png,Mass,0.07737667556808565,0.00186825,"[145.750272, 79.31263999999999, 226.750208, 218.750208]",datasets/chestxray8/val/images/00014004_038.png,Effusion,"[172.2920634920635, 198.8402116402115, 227.5555555555555, 267.648677248677]"
00014004_038.png,Cardiomegaly,0.1840204300167755,0.00157356,"[111.87507199999999, 191.500288, 237.8752, 355.500032]",datasets/chestxray8/val/images/00014004_038.png,Effusion,"[172.2920634920635, 198.8402116402115, 227.5555555555555, 267.648677248677]"
00014004_038.png,Mass,0.2004446073816889,0.00154781,"[180.375296, 119.25017599999998, 240.125184, 237.250304]",datasets/chestxray8/val/images/00014004_038.png,Effusion,"[172.2920634920635, 198.8402116402115, 227.5555555555555, 267.648677248677]"
00014004_038.png,Cardiomegaly,0.12954336059365093,0.00144291,"[96.999936, 189.124864, 217.75001600000002, 383.50003200000003]",datasets/chestxray8/val/images/00014004_038.png,Effusion,"[172.2920634920635, 198.8402116402115, 227.5555555555555, 267.648677248677]"
00014004_038.png,Effusion,0.07967949946495692,0.00136089,"[146.999808, 150.12505599999997, 201.750016, 217.625088]",datasets/chestxray8/val/images/00014004_038.png,Effusion,"[172.2920634920635, 198.8402116402115, 227.5555555555555, 267.648677248677]"
00014004_038.png,Effusion,0.05423517773255396,0.00105858,"[133.374976, 248.999936, 193.37523199999998, 312.999936]",datasets/chestxray8/val/images/00014004_038.png,Effusion,"[172.2920634920635, 198.8402116402115, 227.5555555555555, 267.648677248677]"
00014004_038.png,Infiltration,0.3341112204368622,0.00105667,"[139.75014399999998, 201.124864, 231.250176, 320.0]",datasets/chestxray8/val/images/00014004_038.png,Effusion,"[172.2920634920635, 198.8402116402115, 227.5555555555555, 267.648677248677]"
00014004_038.png,Mass,0.06046291113624377,0.00100517,"[89.874944, 11.749887999999999, 203.375104, 308.749824]",datasets/chestxray8/val/images/00014004_038.png,Effusion,"[172.2920634920635, 198.8402116402115, 227.5555555555555, 267.648677248677]"
00014738_000.png,Atelectasis,0.31405543562058325,0.434326,"[113.374976, 160.87526400000002, 331.499776, 318.500096]",datasets/chestxray8/val/images/00014738_000.png,Cardiomegaly,"[95.356613756614, 60.1396825396825, 220.5121693121695, 350.0021164021165]"
00014738_000.png,Effusion,0.06809955291964458,0.0882568,"[182.49984, 97.999872, 241.249792, 165.49990400000002]",datasets/chestxray8/val/images/00014738_000.png,Cardiomegaly,"[95.356613756614, 60.1396825396825, 220.5121693121695, 350.0021164021165]"
00014738_000.png,Cardiomegaly,0.4467992594504964,0.0571289,"[85.499904, 116.37504000000001, 190.24998399999998, 295.500288]",datasets/chestxray8/val/images/00014738_000.png,Cardiomegaly,"[95.356613756614, 60.1396825396825, 220.5121693121695, 350.0021164021165]"
00014738_000.png,Atelectasis,0.36559057507538417,0.0491028,"[101.49990400000002, 145.000192, 366.49984, 352.00025600000004]",datasets/chestxray8/val/images/00014738_000.png,Cardiomegaly,"[95.356613756614, 60.1396825396825, 220.5121693121695, 350.0021164021165]"
00014738_000.png,Cardiomegaly,0.2995902333229565,0.0203705,"[90.374912, 130.125056, 169.12511999999998, 280.49996799999997]",datasets/chestxray8/val/images/00014738_000.png,Cardiomegaly,"[95.356613756614, 60.1396825396825, 220.5121693121695, 350.0021164021165]"
00014738_000.png,Cardiomegaly,0.44494974169040635,0.0169678,"[78.125056, 131.62521600000002, 177.625088, 348.0]",datasets/chestxray8/val/images/00014738_000.png,Cardiomegaly,"[95.356613756614, 60.1396825396825, 220.5121693121695, 350.0021164021165]"
00014738_000.png,Effusion,0.09118947806181817,0.0115204,"[146.500096, 72.374784, 199.750144, 134.49984]",datasets/chestxray8/val/images/00014738_000.png,Cardiomegaly,"[95.356613756614, 60.1396825396825, 220.5121693121695, 350.0021164021165]"
00014738_000.png,Cardiomegaly,0.20546333846380502,0.00624084,"[94.687488, 179.000064, 161.74976, 291.500288]",datasets/chestxray8/val/images/00014738_000.png,Cardiomegaly,"[95.356613756614, 60.1396825396825, 220.5121693121695, 350.0021164021165]"
00014738_000.png,Infiltration,0.25514864858527053,0.00469208,"[133.999872, 162.625024, 246.500096, 278.49984]",datasets/chestxray8/val/images/00014738_000.png,Cardiomegaly,"[95.356613756614, 60.1396825396825, 220.5121693121695, 350.0021164021165]"
00014738_000.png,Cardiomegaly,0.42642613809430485,0.00365067,"[73.374976, 68.31232, 166.625024, 318.249728]",datasets/chestxray8/val/images/00014738_000.png,Cardiomegaly,"[95.356613756614, 60.1396825396825, 220.5121693121695, 350.0021164021165]"
00014738_000.png,Mass,0.3711767512331776,0.00334549,"[121.625088, 89.499904, 215.62521600000002, 232.749824]",datasets/chestxray8/val/images/00014738_000.png,Cardiomegaly,"[95.356613756614, 60.1396825396825, 220.5121693121695, 350.0021164021165]"
00014738_000.png,Cardiomegaly,0.16984332043680964,0.0032959,"[140.24985600000002, 163.624704, 212.0, 249.49990400000002]",datasets/chestxray8/val/images/00014738_000.png,Cardiomegaly,"[95.356613756614, 60.1396825396825, 220.5121693121695, 350.0021164021165]"
00014738_000.png,Infiltration,0.36378135364800435,0.0032692,"[110.87487999999999, 169.74975999999998, 240.124672, 298.49984]",datasets/chestxray8/val/images/00014738_000.png,Cardiomegaly,"[95.356613756614, 60.1396825396825, 220.5121693121695, 350.0021164021165]"
00014738_000.png,Atelectasis,0.13404939201460217,0.00321579,"[174.000128, 139.499776, 389.00019199999997, 342.749952]",datasets/chestxray8/val/images/00014738_000.png,Cardiomegaly,"[95.356613756614, 60.1396825396825, 220.5121693121695, 350.0021164021165]"
00014738_000.png,Mass,0.17440926017903696,0.00311852,"[146.249728, 52.50022400000001, 240.24985600000002, 151.250176]",datasets/chestxray8/val/images/00014738_000.png,Cardiomegaly,"[95.356613756614, 60.1396825396825, 220.5121693121695, 350.0021164021165]"
00014738_000.png,Cardiomegaly,0.35749198303082325,0.00287628,"[66.25023999999999, 108.75008, 168.0, 406.25023999999996]",datasets/chestxray8/val/images/00014738_000.png,Cardiomegaly,"[95.356613756614, 60.1396825396825, 220.5121693121695, 350.0021164021165]"
00014738_000.png,Cardiomegaly,0.4479566933170474,0.00271034,"[98.125056, 145.000192, 207.375104, 293.75001599999996]",datasets/chestxray8/val/images/00014738_000.png,Cardiomegaly,"[95.356613756614, 60.1396825396825, 220.5121693121695, 350.0021164021165]"
00014738_000.png,Effusion,0.1459442854668861,0.00244331,"[136.99968, 68.12492800000001, 199.749888, 152.499968]",datasets/chestxray8/val/images/00014738_000.png,Cardiomegaly,"[95.356613756614, 60.1396825396825, 220.5121693121695, 350.0021164021165]"
00014738_000.png,Infiltration,0.3468072777333544,0.0024128,"[109.43744000000001, 149.24979199999999, 335.24992, 325.75001599999996]",datasets/chestxray8/val/images/00014738_000.png,Cardiomegaly,"[95.356613756614, 60.1396825396825, 220.5121693121695, 350.0021164021165]"
00014738_000.png,Atelectasis,0.4227699342787821,0.00231171,"[96.81228800000001, 168.49996799999997, 298.249984, 363.499776]",datasets/chestxray8/val/images/00014738_000.png,Cardiomegaly,"[95.356613756614, 60.1396825396825, 220.5121693121695, 350.0021164021165]"
00014738_000.png,Cardiomegaly,0.1586054639428547,0.00208664,"[140.37504, 145.750272, 200.625152, 241.250048]",datasets/chestxray8/val/images/00014738_000.png,Cardiomegaly,"[95.356613756614, 60.1396825396825, 220.5121693121695, 350.0021164021165]"
00014738_000.png,Mass,0.15021314741236855,0.00208473,"[161.000192, 37.312512, 247.500032, 163.749888]",datasets/chestxray8/val/images/00014738_000.png,Cardiomegaly,"[95.356613756614, 60.1396825396825, 220.5121693121695, 350.0021164021165]"
00014738_000.png,Mass,0.10671853260587423,0.00205803,"[149.000192, 44.31232000000001, 241.750016, 118.31219200000001]",datasets/chestxray8/val/images/00014738_000.png,Cardiomegaly,"[95.356613756614, 60.1396825396825, 220.5121693121695, 350.0021164021165]"
00014738_000.png,Atelectasis,0.31451660814997273,0.00200462,"[78.49984, 157.250048, 338.249728, 405.750272]",datasets/chestxray8/val/images/00014738_000.png,Cardiomegaly,"[95.356613756614, 60.1396825396825, 220.5121693121695, 350.0021164021165]"
00014738_000.png,Cardiomegaly,0.21125380882656747,0.00192356,"[113.750016, 172.0, 193.99987199999998, 267.499776]",datasets/chestxray8/val/images/00014738_000.png,Cardiomegaly,"[95.356613756614, 60.1396825396825, 220.5121693121695, 350.0021164021165]"
00014738_000.png,Cardiomegaly,0.29054663373911815,0.00191212,"[124.124928, 155.50003199999998, 309.999872, 305.249792]",datasets/chestxray8/val/images/00014738_000.png,Cardiomegaly,"[95.356613756614, 60.1396825396825, 220.5121693121695, 350.0021164021165]"
00014738_000.png,Atelectasis,0.18836563120746616,0.00184822,"[70.125056, 199.75014399999998, 381.499904, 464.250368]",datasets/chestxray8/val/images/00014738_000.png,Cardiomegaly,"[95.356613756614, 60.1396825396825, 220.5121693121695, 350.0021164021165]"
00014738_000.png,Infiltration,0.16611070273417425,0.00184727,"[150.625024, 160.74982400000002, 220.625152, 246.999808]",datasets/chestxray8/val/images/00014738_000.png,Cardiomegaly,"[95.356613756614, 60.1396825396825, 220.5121693121695, 350.0021164021165]"
00014738_000.png,Effusion,0.14262971917298783,0.00180912,"[175.500032, 44.875007999999994, 254.500096, 193.250048]",datasets/chestxray8/val/images/00014738_000.png,Cardiomegaly,"[95.356613756614, 60.1396825396825, 220.5121693121695, 350.0021164021165]"
00014738_000.png,Mass,0.24003746648668176,0.00178719,"[151.75014399999998, 66.18751999999999, 247.500288, 205.99987199999998]",datasets/chestxray8/val/images/00014738_000.png,Cardiomegaly,"[95.356613756614, 60.1396825396825, 220.5121693121695, 350.0021164021165]"
00014738_000.png,Effusion,0.10260102537110871,0.00175381,"[138.875136, 60.93747200000001, 191.62496, 131.499776]",datasets/chestxray8/val/images/00014738_000.png,Cardiomegaly,"[95.356613756614, 60.1396825396825, 220.5121693121695, 350.0021164021165]"
00014738_000.png,Mass,0.20389528508107907,0.00174999,"[134.49983999999998, 120.124672, 200.249856, 232.624896]",datasets/chestxray8/val/images/00014738_000.png,Cardiomegaly,"[95.356613756614, 60.1396825396825, 220.5121693121695, 350.0021164021165]"
00014738_000.png,Effusion,0.053556118235328166,0.0016737,"[183.0001408, 94.687488, 230.7501312, 147.24992]",datasets/chestxray8/val/images/00014738_000.png,Cardiomegaly,"[95.356613756614, 60.1396825396825, 220.5121693121695, 350.0021164021165]"
00014738_000.png,Infiltration,0.34537281862645,0.00164413,"[119.56249600000001, 160.625152, 275.499776, 313.50016]",datasets/chestxray8/val/images/00014738_000.png,Cardiomegaly,"[95.356613756614, 60.1396825396825, 220.5121693121695, 350.0021164021165]"
00014738_000.png,Mass,0.08380294143071043,0.00154591,"[178.374912, 86.62476799999999, 236.37478399999998, 161.124864]",datasets/chestxray8/val/images/00014738_000.png,Cardiomegaly,"[95.356613756614, 60.1396825396825, 220.5121693121695, 350.0021164021165]"
00014738_000.png,Atelectasis,0.21690313672121891,0.0014677,"[127.12473599999998, 153.250048, 419.499776, 381.75001599999996]",datasets/chestxray8/val/images/00014738_000.png,Cardiomegaly,"[95.356613756614, 60.1396825396825, 220.5121693121695, 350.0021164021165]"
00014738_000.png,Cardiomegaly,0.4094128205196282,0.00139809,"[107.250176, 44.75008, 214.24998399999998, 205.250304]",datasets/chestxray8/val/images/00014738_000.png,Cardiomegaly,"[95.356613756614, 60.1396825396825, 220.5121693121695, 350.0021164021165]"
00014738_000.png,Cardiomegaly,0.277669734629795,0.00136375,"[119.56224, 169.12511999999998, 236.499968, 273.499904]",datasets/chestxray8/val/images/00014738_000.png,Cardiomegaly,"[95.356613756614, 60.1396825396825, 220.5121693121695, 350.0021164021165]"
00014738_000.png,Mass,0.11047013695868955,0.00125027,"[165.99987199999998, 59.375104, 244.999936, 137.625088]",datasets/chestxray8/val/images/00014738_000.png,Cardiomegaly,"[95.356613756614, 60.1396825396825, 220.5121693121695, 350.0021164021165]"
00014738_000.png,Effusion,0.08170964424000003,0.00122166,"[151.500032, 157.000192, 193.25004800000002, 228.000256]",datasets/chestxray8/val/images/00014738_000.png,Cardiomegaly,"[95.356613756614, 60.1396825396825, 220.5121693121695, 350.0021164021165]"
00014738_000.png,Mass,0.08022070507991592,0.00115585,"[159.24992, 37.65632, 230.249984, 110.375168]",datasets/chestxray8/val/images/00014738_000.png,Cardiomegaly,"[95.356613756614, 60.1396825396825, 220.5121693121695, 350.0021164021165]"
00014738_000.png,Mass,0.38725723332981343,0.00113201,"[122.374656, 21.937408000000005, 265.999872, 260.999936]",datasets/chestxray8/val/images/00014738_000.png,Cardiomegaly,"[95.356613756614, 60.1396825396825, 220.5121693121695, 350.0021164021165]"
00014738_000.png,Effusion,0.06297885795364487,0.00112438,"[164.62499839999998, 162.00012800000002, 201.6249856, 223.749888]",datasets/chestxray8/val/images/00014738_000.png,Cardiomegaly,"[95.356613756614, 60.1396825396825, 220.5121693121695, 350.0021164021165]"
00014738_000.png,Atelectasis,0.31834324495349287,0.00110435,"[128.24985600000002, 120.99993599999999, 314.500096, 306.249728]",datasets/chestxray8/val/images/00014738_000.png,Cardiomegaly,"[95.356613756614, 60.1396825396825, 220.5121693121695, 350.0021164021165]"
00014738_000.png,Mass,0.07006039911117899,0.00105286,"[164.37503999999998, 53.249792, 242.375168, 107.374848]",datasets/chestxray8/val/images/00014738_000.png,Cardiomegaly,"[95.356613756614, 60.1396825396825, 220.5121693121695, 350.0021164021165]"
00014738_000.png,Mass,0.13123655200593345,0.00100136,"[141.874944, 51.68716799999999, 210.624768, 130.49984]",datasets/chestxray8/val/images/00014738_000.png,Cardiomegaly,"[95.356613756614, 60.1396825396825, 220.5121693121695, 350.0021164021165]"
00012270_005.png,Effusion,0.40154552215552947,0.0834351,"[378.00002559999996, 137.2500992, 413.0000384, 173.5001088]",datasets/chestxray8/val/images/00012270_005.png,Effusion,"[371.674074074074, 117.57037037037048, 428.021164021164, 173.37566137566148]"
00012270_005.png,Effusion,0.1316992070654496,0.00206757,"[389.499904, 99.6251136, 421.499904, 132.8751104]",datasets/chestxray8/val/images/00012270_005.png,Effusion,"[371.674074074074, 117.57037037037048, 428.021164021164, 173.37566137566148]"
00012270_005.png,Effusion,0.23577251000102262,0.00102329,"[392.7499264, 104.8751872, 425.2499456, 143.3751808]",datasets/chestxray8/val/images/00012270_005.png,Effusion,"[371.674074074074, 117.57037037037048, 428.021164021164, 173.37566137566148]"
00020393_001.png,Effusion,0.06828376089922421,0.00231552,"[93.1249152, 127.7499904, 125.8748928, 160.2500096]",datasets/chestxray8/val/images/00020393_001.png,Effusion,"[118.6539682539685, 113.777777777778, 156.57989417989444, 148.99470899470919]"
00020393_001.png,Effusion,0.4462051851107229,0.00227547,"[114.9999616, 96.6872832, 162.4999424, 142.2498048]",datasets/chestxray8/val/images/00020393_001.png,Effusion,"[118.6539682539685, 113.777777777778, 156.57989417989444, 148.99470899470919]"
00020393_001.png,Mass,0.10732322524607729,0.0021553,"[101.43744, 71.24992, 193.75001600000002, 131.375104]",datasets/chestxray8/val/images/00020393_001.png,Effusion,"[118.6539682539685, 113.777777777778, 156.57989417989444, 148.99470899470919]"
00020393_001.png,Cardiomegaly,0.05494707622296832,0.00172043,"[39.156224, 90.43763200000001, 148.874752, 264.500224]",datasets/chestxray8/val/images/00020393_001.png,Effusion,"[118.6539682539685, 113.777777777778, 156.57989417989444, 148.99470899470919]"
00020393_001.png,Mass,0.19486858579719205,0.00123692,"[96.24985600000002, 76.624896, 188.250112, 151.124992]",datasets/chestxray8/val/images/00020393_001.png,Effusion,"[118.6539682539685, 113.777777777778, 156.57989417989444, 148.99470899470919]"
00006851_033.png,Cardiomegaly,0.08326416956956781,0.0587769,"[46.968832, 225.625088, 170.125312, 416.0]",datasets/chestxray8/val/images/00006851_033.png,Infiltration,"[94.64406779661002, 312.813559322034, 194.4406779661015, 339.38983050847474]"
00006851_033.png,Infiltration,0.255033888747674,0.0514221,"[99.74963199999999, 278.49984, 213.999872, 331.500032]",datasets/chestxray8/val/images/00006851_033.png,Infiltration,"[94.64406779661002, 312.813559322034, 194.4406779661015, 339.38983050847474]"
00006851_033.png,Infiltration,0.4706667705393203,0.0139313,"[97.37472, 288.2498048, 198.624768, 338.24977920000003]",datasets/chestxray8/val/images/00006851_033.png,Infiltration,"[94.64406779661002, 312.813559322034, 194.4406779661015, 339.38983050847474]"
00006851_033.png,Cardiomegaly,0.0823387771894115,0.0119095,"[81.12512, 331.749888, 215.125248, 386.74995199999995]",datasets/chestxray8/val/images/00006851_033.png,Infiltration,"[94.64406779661002, 312.813559322034, 194.4406779661015, 339.38983050847474]"
00006851_033.png,Cardiomegaly,0.15591694534232858,0.00766754,"[66.500096, 253.24979199999999, 187.00032, 382.249728]",datasets/chestxray8/val/images/00006851_033.png,Infiltration,"[94.64406779661002, 312.813559322034, 194.4406779661015, 339.38983050847474]"
00006851_033.png,Cardiomegaly,0.05383850853462276,0.00754929,"[13.250048000000007, 198.750208, 159.000064, 410.25024]",datasets/chestxray8/val/images/00006851_033.png,Infiltration,"[94.64406779661002, 312.813559322034, 194.4406779661015, 339.38983050847474]"
00006851_033.png,Cardiomegaly,0.0694318704978972,0.00707626,"[36.56268800000001, 258.000128, 156.500224, 447.00032]",datasets/chestxray8/val/images/00006851_033.png,Infiltration,"[94.64406779661002, 312.813559322034, 194.4406779661015, 339.38983050847474]"
00006851_033.png,Infiltration,0.13986027714242857,0.00678253,"[115.49977600000001, 270.749952, 228.24985600000002, 326.749952]",datasets/chestxray8/val/images/00006851_033.png,Infiltration,"[94.64406779661002, 312.813559322034, 194.4406779661015, 339.38983050847474]"
00006851_033.png,Infiltration,0.10759324171267264,0.00365829,"[139.37510400000002, 312.0, 297.50016, 390.49983999999995]",datasets/chestxray8/val/images/00006851_033.png,Infiltration,"[94.64406779661002, 312.813559322034, 194.4406779661015, 339.38983050847474]"
00006851_033.png,Infiltration,0.2739203953996433,0.00350761,"[79.18719999999999, 277.250048, 179.24992, 355.250176]",datasets/chestxray8/val/images/00006851_033.png,Infiltration,"[94.64406779661002, 312.813559322034, 194.4406779661015, 339.38983050847474]"
00006851_033.png,Infiltration,0.36387834271646036,0.00315857,"[87.499776, 310.749952, 209.99987199999998, 370.24998400000004]",datasets/chestxray8/val/images/00006851_033.png,Infiltration,"[94.64406779661002, 312.813559322034, 194.4406779661015, 339.38983050847474]"
00006851_033.png,Cardiomegaly,0.08120756531761675,0.00313187,"[87.187456, 146.49984, 177.75001600000002, 330.249984]",datasets/chestxray8/val/images/00006851_033.png,Infiltration,"[94.64406779661002, 312.813559322034, 194.4406779661015, 339.38983050847474]"
00006851_033.png,Cardiomegaly,0.17994714730647593,0.0029068,"[80.56243200000002, 252.24985600000002, 212.75008000000003, 363.749632]",datasets/chestxray8/val/images/00006851_033.png,Infiltration,"[94.64406779661002, 312.813559322034, 194.4406779661015, 339.38983050847474]"
00006851_033.png,Cardiomegaly,0.2278990993804988,0.00254822,"[70.937344, 295.999744, 180.49971200000002, 383.999744]",datasets/chestxray8/val/images/00006851_033.png,Infiltration,"[94.64406779661002, 312.813559322034, 194.4406779661015, 339.38983050847474]"
00006851_033.png,Infiltration,0.057949699643752656,0.00230789,"[68.499968, 328.499968, 242.999808, 427.000064]",datasets/chestxray8/val/images/00006851_033.png,Infiltration,"[94.64406779661002, 312.813559322034, 194.4406779661015, 339.38983050847474]"
00006851_033.png,Infiltration,0.11339535401798487,0.00208282,"[159.374848, 311.74963199999996, 244.874752, 387.749888]",datasets/chestxray8/val/images/00006851_033.png,Infiltration,"[94.64406779661002, 312.813559322034, 194.4406779661015, 339.38983050847474]"
00006851_033.png,Cardiomegaly,0.328697807471728,0.00206184,"[83.49977600000001, 314.249984, 213.75001600000002, 371.75014400000003]",datasets/chestxray8/val/images/00006851_033.png,Infiltration,"[94.64406779661002, 312.813559322034, 194.4406779661015, 339.38983050847474]"
00006851_033.png,Infiltration,0.14928935823058448,0.0020256,"[78.49984, 326.750208, 188.749824, 385.750016]",datasets/chestxray8/val/images/00006851_033.png,Infiltration,"[94.64406779661002, 312.813559322034, 194.4406779661015, 339.38983050847474]"
00006851_033.png,Effusion,0.11848054976620088,0.0020237,"[106.625024, 263.500288, 188.37504, 322.50009600000004]",datasets/chestxray8/val/images/00006851_033.png,Infiltration,"[94.64406779661002, 312.813559322034, 194.4406779661015, 339.38983050847474]"
00006851_033.png,Cardiomegaly,0.07780716205286804,0.0019989,"[104.06272, 320.24985599999997, 343.500032, 409.249792]",datasets/chestxray8/val/images/00006851_033.png,Infiltration,"[94.64406779661002, 312.813559322034, 194.4406779661015, 339.38983050847474]"
00006851_033.png,Cardiomegaly,0.09298003768271905,0.00199699,"[75.87507200000002, 133.624832, 208.624896, 348.49996799999997]",datasets/chestxray8/val/images/00006851_033.png,Infiltration,"[94.64406779661002, 312.813559322034, 194.4406779661015, 339.38983050847474]"
00006851_033.png,Infiltration,0.06495861340314843,0.00195885,"[152.49971200000002, 267.749888, 228.499968, 322.74995199999995]",datasets/chestxray8/val/images/00006851_033.png,Infiltration,"[94.64406779661002, 312.813559322034, 194.4406779661015, 339.38983050847474]"
00006851_033.png,Cardiomegaly,0.052407863509220685,0.00193405,"[19.312640000000002, 277.250048, 149.49990400000002, 481.75001599999996]",datasets/chestxray8/val/images/00006851_033.png,Infiltration,"[94.64406779661002, 312.813559322034, 194.4406779661015, 339.38983050847474]"
00006851_033.png,Infiltration,0.08989685974636019,0.0018301,"[104.25011199999999, 315.75014400000003, 339.750144, 414.25024]",datasets/chestxray8/val/images/00006851_033.png,Infiltration,"[94.64406779661002, 312.813559322034, 194.4406779661015, 339.38983050847474]"
00006851_033.png,Cardiomegaly,0.2739203953996433,0.00177383,"[79.18719999999999, 277.250048, 179.24992, 355.250176]",datasets/chestxray8/val/images/00006851_033.png,Infiltration,"[94.64406779661002, 312.813559322034, 194.4406779661015, 339.38983050847474]"
00006851_033.png,Infiltration,0.29767032759745243,0.00166798,"[83.437568, 302.000128, 172.499968, 373.499904]",datasets/chestxray8/val/images/00006851_033.png,Infiltration,"[94.64406779661002, 312.813559322034, 194.4406779661015, 339.38983050847474]"
00006851_033.png,Infiltration,0.15591694534232858,0.00164223,"[66.500096, 253.24979199999999, 187.00032, 382.249728]",datasets/chestxray8/val/images/00006851_033.png,Infiltration,"[94.64406779661002, 312.813559322034, 194.4406779661015, 339.38983050847474]"
00006851_033.png,Infiltration,0.11848054976620088,0.00142288,"[106.625024, 263.500288, 188.37504, 322.50009600000004]",datasets/chestxray8/val/images/00006851_033.png,Infiltration,"[94.64406779661002, 312.813559322034, 194.4406779661015, 339.38983050847474]"
00006851_033.png,Atelectasis,0.05383850853462276,0.0013113,"[13.250048000000007, 198.750208, 159.000064, 410.25024]",datasets/chestxray8/val/images/00006851_033.png,Infiltration,"[94.64406779661002, 312.813559322034, 194.4406779661015, 339.38983050847474]"
00006851_033.png,Atelectasis,0.05580245247016406,0.00127411,"[116.87500800000001, 293.50016, 364.99993600000005, 440.000256]",datasets/chestxray8/val/images/00006851_033.png,Infiltration,"[94.64406779661002, 312.813559322034, 194.4406779661015, 339.38983050847474]"
00006851_033.png,Cardiomegaly,0.3873266697084697,0.00127316,"[93.12512, 288.249856, 217.625088, 343.24992]",datasets/chestxray8/val/images/00006851_033.png,Infiltration,"[94.64406779661002, 312.813559322034, 194.4406779661015, 339.38983050847474]"
00006851_033.png,Cardiomegaly,0.15769413289280243,0.00126362,"[53.12512000000001, 299.749632, 202.625024, 412.249856]",datasets/chestxray8/val/images/00006851_033.png,Infiltration,"[94.64406779661002, 312.813559322034, 194.4406779661015, 339.38983050847474]"
00006851_033.png,Effusion,0.08120756531761675,0.00117016,"[87.187456, 146.49984, 177.75001600000002, 330.249984]",datasets/chestxray8/val/images/00006851_033.png,Infiltration,"[94.64406779661002, 312.813559322034, 194.4406779661015, 339.38983050847474]"
00006851_033.png,Infiltration,0.08538719692673746,0.00113297,"[151.12499200000002, 294.249984, 286.49984, 382.750208]",datasets/chestxray8/val/images/00006851_033.png,Infiltration,"[94.64406779661002, 312.813559322034, 194.4406779661015, 339.38983050847474]"
00006851_033.png,Infiltration,0.1295529327003205,0.00113297,"[140.749824, 320.999936, 231.000064, 386.999808]",datasets/chestxray8/val/images/00006851_033.png,Infiltration,"[94.64406779661002, 312.813559322034, 194.4406779661015, 339.38983050847474]"
00006851_033.png,Effusion,0.15807925038033152,0.00110054,"[94.249728, 248.500224, 171.499776, 328.500224]",datasets/chestxray8/val/images/00006851_033.png,Infiltration,"[94.64406779661002, 312.813559322034, 194.4406779661015, 339.38983050847474]"
00027213_044.png,Atelectasis,0.1480717065168095,0.0899048,"[99.62521600000001, 182.25023999999996, 349.50016, 353.750272]",datasets/chestxray8/val/images/00027213_044.png,Mass,"[285.297777777778, 83.21896701388903, 389.9733333333335, 489.4056336805555]"
00027213_044.png,Mass,0.12038753192328695,0.0656128,"[261.750272, 71.124736, 340.25011200000006, 183.62496]",datasets/chestxray8/val/images/00027213_044.png,Mass,"[285.297777777778, 83.21896701388903, 389.9733333333335, 489.4056336805555]"
00027213_044.png,Mass,0.2733397996953691,0.0273895,"[258.74995199999995, 63.125248, 379.749888, 224.125184]",datasets/chestxray8/val/images/00027213_044.png,Mass,"[285.297777777778, 83.21896701388903, 389.9733333333335, 489.4056336805555]"
00027213_044.png,Mass,0.26274277777310956,0.0270233,"[319.750144, 272.500224, 387.250176, 438.000128]",datasets/chestxray8/val/images/00027213_044.png,Mass,"[285.297777777778, 83.21896701388903, 389.9733333333335, 489.4056336805555]"
00027213_044.png,Mass,0.06872987282314433,0.0204468,"[269.750272, 77.25004799999999, 330.25023999999996, 150.374912]",datasets/chestxray8/val/images/00027213_044.png,Mass,"[285.297777777778, 83.21896701388903, 389.9733333333335, 489.4056336805555]"
00027213_044.png,Mass,0.18847987436693786,0.0185699,"[249.99987200000004, 75.124992, 358.49984, 206.1248]",datasets/chestxray8/val/images/00027213_044.png,Mass,"[285.297777777778, 83.21896701388903, 389.9733333333335, 489.4056336805555]"
00027213_044.png,Mass,0.3412361662164323,0.014679,"[314.249984, 113.937152, 388.24985599999997, 309.999872]",datasets/chestxray8/val/images/00027213_044.png,Mass,"[285.297777777778, 83.21896701388903, 389.9733333333335, 489.4056336805555]"
00027213_044.png,Mass,0.1984101476867922,0.00856018,"[333.750272, 294.999808, 389.250048, 446.999808]",datasets/chestxray8/val/images/00027213_044.png,Mass,"[285.297777777778, 83.21896701388903, 389.9733333333335, 489.4056336805555]"
00027213_044.png,Mass,0.21451969744017163,0.00748825,"[316.99968, 141.24979199999999, 382.49983999999995, 280.49996799999997]",datasets/chestxray8/val/images/00027213_044.png,Mass,"[285.297777777778, 83.21896701388903, 389.9733333333335, 489.4056336805555]"
00027213_044.png,Mass,0.14801605426565964,0.00722504,"[327.500032, 380.00025600000004, 406.999808, 512.0]",datasets/chestxray8/val/images/00027213_044.png,Mass,"[285.297777777778, 83.21896701388903, 389.9733333333335, 489.4056336805555]"
00027213_044.png,Mass,0.29146536232045206,0.00719452,"[243.25017599999998, 42.874880000000005, 396.25011199999994, 239.875072]",datasets/chestxray8/val/images/00027213_044.png,Mass,"[285.297777777778, 83.21896701388903, 389.9733333333335, 489.4056336805555]"
00027213_044.png,Mass,0.09765865298431002,0.00471497,"[331.250176, 414.49983999999995, 402.25023999999996, 512.0]",datasets/chestxray8/val/images/00027213_044.png,Mass,"[285.297777777778, 83.21896701388903, 389.9733333333335, 489.4056336805555]"
00027213_044.png,Mass,0.41960935016880063,0.00450134,"[302.749952, 240.75008, 406.749952, 463.24992]",datasets/chestxray8/val/images/00027213_044.png,Mass,"[285.297777777778, 83.21896701388903, 389.9733333333335, 489.4056336805555]"
00027213_044.png,Mass,0.13653111010084049,0.00370789,"[342.7501056, 317.499904, 385.7501184, 452.49996799999997]",datasets/chestxray8/val/images/00027213_044.png,Mass,"[285.297777777778, 83.21896701388903, 389.9733333333335, 489.4056336805555]"
00027213_044.png,Mass,0.10390131731550616,0.00303841,"[279.500032, 65.062656, 340.999936, 165.50016]",datasets/chestxray8/val/images/00027213_044.png,Mass,"[285.297777777778, 83.21896701388903, 389.9733333333335, 489.4056336805555]"
00027213_044.png,Mass,0.1572863253014249,0.0026226,"[305.750016, 89.50016000000001, 368.24985599999997, 196.49996800000002]",datasets/chestxray8/val/images/00027213_044.png,Mass,"[285.297777777778, 83.21896701388903, 389.9733333333335, 489.4056336805555]"
00027213_044.png,Mass,0.21515516564783835,0.00259399,"[336.250368, 188.0, 391.750144, 359.50003200000003]",datasets/chestxray8/val/images/00027213_044.png,Mass,"[285.297777777778, 83.21896701388903, 389.9733333333335, 489.4056336805555]"
00027213_044.png,Mass,0.249274534074547,0.00230598,"[296.99968, 67.687424, 377.499904, 218.74995199999998]",datasets/chestxray8/val/images/00027213_044.png,Mass,"[285.297777777778, 83.21896701388903, 389.9733333333335, 489.4056336805555]"
00027213_044.png,Mass,0.07763235352941175,0.00230026,"[344.4998144, 317.74976000000004, 384.9998336, 399.24992]",datasets/chestxray8/val/images/00027213_044.png,Mass,"[285.297777777778, 83.21896701388903, 389.9733333333335, 489.4056336805555]"
00027213_044.png,Atelectasis,0.21020020892588795,0.0020237,"[148.37504, 132.49996799999997, 361.999872, 319.000064]",datasets/chestxray8/val/images/00027213_044.png,Mass,"[285.297777777778, 83.21896701388903, 389.9733333333335, 489.4056336805555]"
00027213_044.png,Mass,0.05034630377870206,0.00191879,"[277.25012480000004, 79.00006400000001, 326.7501312, 135.625216]",datasets/chestxray8/val/images/00027213_044.png,Mass,"[285.297777777778, 83.21896701388903, 389.9733333333335, 489.4056336805555]"
00027213_044.png,Cardiomegaly,0.06337026560357688,0.00164795,"[259.249664, 460.749824, 411.749888, 512.0]",datasets/chestxray8/val/images/00027213_044.png,Mass,"[285.297777777778, 83.21896701388903, 389.9733333333335, 489.4056336805555]"
00027213_044.png,Mass,0.45613454444304596,0.00163651,"[311.000064, 176.250368, 417.50016, 468.25011200000006]",datasets/chestxray8/val/images/00027213_044.png,Mass,"[285.297777777778, 83.21896701388903, 389.9733333333335, 489.4056336805555]"
00027213_044.png,Infiltration,0.0784406040535167,0.0016222,"[244.250112, 453.499904, 400.75007999999997, 512.0]",datasets/chestxray8/val/images/00027213_044.png,Mass,"[285.297777777778, 83.21896701388903, 389.9733333333335, 489.4056336805555]"
00027213_044.png,Mass,0.4863055852654204,0.00140858,"[304.000256, 130.00012800000002, 401.000192, 386.500352]",datasets/chestxray8/val/images/00027213_044.png,Mass,"[285.297777777778, 83.21896701388903, 389.9733333333335, 489.4056336805555]"
00027213_044.png,Mass,0.2660127030978263,0.00124168,"[305.250048, 92.125184, 385.750272, 232.625152]",datasets/chestxray8/val/images/00027213_044.png,Mass,"[285.297777777778, 83.21896701388903, 389.9733333333335, 489.4056336805555]"
00027213_044.png,Infiltration,0.17882326859051267,0.00121498,"[115.56275199999999, 173.874944, 356.500224, 359.99974399999996]",datasets/chestxray8/val/images/00027213_044.png,Mass,"[285.297777777778, 83.21896701388903, 389.9733333333335, 489.4056336805555]"
00027213_044.png,Mass,0.23369881760410346,0.00116539,"[293.250048, 371.99974399999996, 417.75001599999996, 512.0]",datasets/chestxray8/val/images/00027213_044.png,Mass,"[285.297777777778, 83.21896701388903, 389.9733333333335, 489.4056336805555]"
00027213_044.png,Effusion,0.085729014264706,0.00115871,"[297.250048, 157.00019199999997, 351.250176, 224.500224]",datasets/chestxray8/val/images/00027213_044.png,Mass,"[285.297777777778, 83.21896701388903, 389.9733333333335, 489.4056336805555]"
00027213_044.png,Effusion,0.0601510496352074,0.001091,"[300.999808, 210.125056, 344.999808, 268.249856]",datasets/chestxray8/val/images/00027213_044.png,Mass,"[285.297777777778, 83.21896701388903, 389.9733333333335, 489.4056336805555]"
00027213_044.png,Mass,0.08596392680658586,0.00101185,"[352.5001728, 346.750208, 386.5001472, 454.25024]",datasets/chestxray8/val/images/00027213_044.png,Mass,"[285.297777777778, 83.21896701388903, 389.9733333333335, 489.4056336805555]"
00001534_005.png,Mass,0.09479014944245337,0.262939,"[384.0, 282.49984, 478.49983999999995, 366.999808]",datasets/chestxray8/val/images/00001534_005.png,Atelectasis,"[198.29841269841253, 171.20846560846553, 443.733333333333, 361.921693121693]"
00001534_005.png,Mass,0.0671777329095509,0.158691,"[142.125056, 261.249792, 241.874944, 340.24985599999997]",datasets/chestxray8/val/images/00001534_005.png,Atelectasis,"[198.29841269841253, 171.20846560846553, 443.733333333333, 361.921693121693]"
00001534_005.png,Mass,0.10688588103373041,0.0691528,"[128.75008000000003, 251.250176, 251.749888, 368.75008]",datasets/chestxray8/val/images/00001534_005.png,Atelectasis,"[198.29841269841253, 171.20846560846553, 443.733333333333, 361.921693121693]"
00001534_005.png,Infiltration,0.18143999978264952,0.0434265,"[331.750144, 246.749952, 437.250304, 327.250176]",datasets/chestxray8/val/images/00001534_005.png,Atelectasis,"[198.29841269841253, 171.20846560846553, 443.733333333333, 361.921693121693]"
00001534_005.png,Effusion,0.09500840364953686,0.0377502,"[363.000064, 247.874816, 429.99987200000004, 314.24998400000004]",datasets/chestxray8/val/images/00001534_005.png,Atelectasis,"[198.29841269841253, 171.20846560846553, 443.733333333333, 361.921693121693]"
00001534_005.png,Mass,0.1474101324740499,0.037262,"[357.999872, 265.999872, 493.999872, 392.49971200000005]",datasets/chestxray8/val/images/00001534_005.png,Atelectasis,"[198.29841269841253, 171.20846560846553, 443.733333333333, 361.921693121693]"
00001534_005.png,Infiltration,0.2608708798133255,0.0368958,"[317.249792, 238.999808, 417.74976, 360.49996799999997]",datasets/chestxray8/val/images/00001534_005.png,Atelectasis,"[198.29841269841253, 171.20846560846553, 443.733333333333, 361.921693121693]"
00001534_005.png,Mass,0.07934013197903014,0.0299683,"[393.75001599999996, 274.000128, 469.750272, 351.50003200000003]",datasets/chestxray8/val/images/00001534_005.png,Atelectasis,"[198.29841269841253, 171.20846560846553, 443.733333333333, 361.921693121693]"
00001534_005.png,Mass,0.06334361862062735,0.0232697,"[406.00012799999996, 276.25011199999994, 473.50016, 386.749952]",datasets/chestxray8/val/images/00001534_005.png,Atelectasis,"[198.29841269841253, 171.20846560846553, 443.733333333333, 361.921693121693]"
00001534_005.png,Infiltration,0.07890793671676583,0.0100632,"[352.0, 204.3748608, 440.99993600000005, 245.8748672]",datasets/chestxray8/val/images/00001534_005.png,Atelectasis,"[198.29841269841253, 171.20846560846553, 443.733333333333, 361.921693121693]"
00001534_005.png,Cardiomegaly,0.2715499068180397,0.00589371,"[357.999872, 134.749952, 472.99968, 349.249792]",datasets/chestxray8/val/images/00001534_005.png,Atelectasis,"[198.29841269841253, 171.20846560846553, 443.733333333333, 361.921693121693]"
00001534_005.png,Infiltration,0.05116874062198938,0.00579453,"[174.49984, 243.25017599999998, 233.249792, 314.25023999999996]",datasets/chestxray8/val/images/00001534_005.png,Atelectasis,"[198.29841269841253, 171.20846560846553, 443.733333333333, 361.921693121693]"
00001534_005.png,Effusion,0.18143999978264952,0.00565338,"[331.750144, 246.749952, 437.250304, 327.250176]",datasets/chestxray8/val/images/00001534_005.png,Atelectasis,"[198.29841269841253, 171.20846560846553, 443.733333333333, 361.921693121693]"
00001534_005.png,Infiltration,0.08887420575660383,0.00473404,"[364.999936, 249.75001600000002, 429.99987200000004, 313.750016]",datasets/chestxray8/val/images/00001534_005.png,Atelectasis,"[198.29841269841253, 171.20846560846553, 443.733333333333, 361.921693121693]"
00001534_005.png,Infiltration,0.09162226570292668,0.00411606,"[345.499904, 213.9998208, 445.999872, 257.7498112]",datasets/chestxray8/val/images/00001534_005.png,Atelectasis,"[198.29841269841253, 171.20846560846553, 443.733333333333, 361.921693121693]"
00001534_005.png,Mass,0.07091273791531288,0.0038414,"[188.499968, 244.750336, 243.25017599999998, 319.75014400000003]",datasets/chestxray8/val/images/00001534_005.png,Atelectasis,"[198.29841269841253, 171.20846560846553, 443.733333333333, 361.921693121693]"
00001534_005.png,Mass,0.07957595366759454,0.00361633,"[395.50003200000003, 268.000256, 493.499904, 417.50016]",datasets/chestxray8/val/images/00001534_005.png,Atelectasis,"[198.29841269841253, 171.20846560846553, 443.733333333333, 361.921693121693]"
00001534_005.png,Mass,0.1872996492150273,0.00325966,"[330.000128, 258.500096, 512.000256, 411.00032]",datasets/chestxray8/val/images/00001534_005.png,Atelectasis,"[198.29841269841253, 171.20846560846553, 443.733333333333, 361.921693121693]"
00001534_005.png,Effusion,0.09021673785719697,0.00289917,"[377.750016, 257.50016, 443.749888, 321.50016]",datasets/chestxray8/val/images/00001534_005.png,Atelectasis,"[198.29841269841253, 171.20846560846553, 443.733333333333, 361.921693121693]"
00001534_005.png,Infiltration,0.09539105386482233,0.00285339,"[191.24992, 230.750208, 249.999872, 318.249984]",datasets/chestxray8/val/images/00001534_005.png,Atelectasis,"[198.29841269841253, 171.20846560846553, 443.733333333333, 361.921693121693]"
00001534_005.png,Effusion,0.0644043751436578,0.00273705,"[188.37503999999998, 190.000128, 250.25024, 248.75008]",datasets/chestxray8/val/images/00001534_005.png,Atelectasis,"[198.29841269841253, 171.20846560846553, 443.733333333333, 361.921693121693]"
00001534_005.png,Cardiomegaly,0.2139181279109514,0.00272942,"[369.75001599999996, 89.12511999999998, 490.749952, 364.0]",datasets/chestxray8/val/images/00001534_005.png,Atelectasis,"[198.29841269841253, 171.20846560846553, 443.733333333333, 361.921693121693]"
00001534_005.png,Effusion,0.06510724604561453,0.00261116,"[366.74995199999995, 244.99968, 424.250112, 297.999872]",datasets/chestxray8/val/images/00001534_005.png,Atelectasis,"[198.29841269841253, 171.20846560846553, 443.733333333333, 361.921693121693]"
00001534_005.png,Infiltration,0.0589594285419132,0.00254059,"[374.500096, 193.6249088, 441.00019199999997, 235.1249152]",datasets/chestxray8/val/images/00001534_005.png,Atelectasis,"[198.29841269841253, 171.20846560846553, 443.733333333333, 361.921693121693]"
00001534_005.png,Cardiomegaly,0.07217122190760851,0.00246048,"[416.749824, 58.625023999999996, 509.999872, 357.499904]",datasets/chestxray8/val/images/00001534_005.png,Atelectasis,"[198.29841269841253, 171.20846560846553, 443.733333333333, 361.921693121693]"
00001534_005.png,Cardiomegaly,0.053825693053176214,0.0023632,"[103.500032, 156.999936, 219.750144, 330.74969600000003]",datasets/chestxray8/val/images/00001534_005.png,Atelectasis,"[198.29841269841253, 171.20846560846553, 443.733333333333, 361.921693121693]"
00001534_005.png,Mass,0.12360779213408178,0.00187969,"[85.99987199999998, 264.499712, 273.250048, 368.999936]",datasets/chestxray8/val/images/00001534_005.png,Atelectasis,"[198.29841269841253, 171.20846560846553, 443.733333333333, 361.921693121693]"
00001534_005.png,Cardiomegaly,0.06464163655398486,0.00179958,"[120.12518400000002, 194.24998399999998, 234.62528, 291.000064]",datasets/chestxray8/val/images/00001534_005.png,Atelectasis,"[198.29841269841253, 171.20846560846553, 443.733333333333, 361.921693121693]"
00001534_005.png,Cardiomegaly,0.06050754360960144,0.00153923,"[414.500096, 96.87500800000001, 484.99993600000005, 288.99993600000005]",datasets/chestxray8/val/images/00001534_005.png,Atelectasis,"[198.29841269841253, 171.20846560846553, 443.733333333333, 361.921693121693]"
00001534_005.png,Mass,0.08134867689924082,0.00148296,"[104.875008, 267.249664, 256.0, 343.24992000000003]",datasets/chestxray8/val/images/00001534_005.png,Atelectasis,"[198.29841269841253, 171.20846560846553, 443.733333333333, 361.921693121693]"
00001534_005.png,Infiltration,0.1360953754309114,0.00139046,"[203.99974400000002, 221.62483200000003, 271.499776, 315.999744]",datasets/chestxray8/val/images/00001534_005.png,Atelectasis,"[198.29841269841253, 171.20846560846553, 443.733333333333, 361.921693121693]"
00001534_005.png,Infiltration,0.32042584389390655,0.00132465,"[317.00019199999997, 227.24992, 454.000128, 348.75008]",datasets/chestxray8/val/images/00001534_005.png,Atelectasis,"[198.29841269841253, 171.20846560846553, 443.733333333333, 361.921693121693]"
00001534_005.png,Effusion,0.05860209494095794,0.00131035,"[420.749824, 187.499776, 477.250048, 317.999872]",datasets/chestxray8/val/images/00001534_005.png,Atelectasis,"[198.29841269841253, 171.20846560846553, 443.733333333333, 361.921693121693]"
00001534_005.png,Effusion,0.06497655276429869,0.00129509,"[203.124736, 182.24998399999998, 256.249856, 239.499776]",datasets/chestxray8/val/images/00001534_005.png,Atelectasis,"[198.29841269841253, 171.20846560846553, 443.733333333333, 361.921693121693]"
00001534_005.png,Infiltration,0.06679144317422517,0.0012455,"[189.37523199999998, 190.49984, 251.000064, 250.50009599999998]",datasets/chestxray8/val/images/00001534_005.png,Atelectasis,"[198.29841269841253, 171.20846560846553, 443.733333333333, 361.921693121693]"
00001534_005.png,Infiltration,0.17542180354545162,0.00118542,"[339.24992, 260.499968, 454.249728, 340.499968]",datasets/chestxray8/val/images/00001534_005.png,Atelectasis,"[198.29841269841253, 171.20846560846553, 443.733333333333, 361.921693121693]"
00001534_005.png,Infiltration,0.22023818370895365,0.00116825,"[328.49996799999997, 260.99993600000005, 430.99980800000003, 363.499776]",datasets/chestxray8/val/images/00001534_005.png,Atelectasis,"[198.29841269841253, 171.20846560846553, 443.733333333333, 361.921693121693]"
00001534_005.png,Infiltration,0.11273325508871744,0.00110722,"[191.24992, 213.874944, 256.999936, 305.00019199999997]",datasets/chestxray8/val/images/00001534_005.png,Atelectasis,"[198.29841269841253, 171.20846560846553, 443.733333333333, 361.921693121693]"
00001534_005.png,Mass,0.14745460624937706,0.00108433,"[373.00019199999997, 250.24998400000004, 494.000128, 359.250176]",datasets/chestxray8/val/images/00001534_005.png,Atelectasis,"[198.29841269841253, 171.20846560846553, 443.733333333333, 361.921693121693]"
00001534_005.png,Effusion,0.06050754360960144,0.00104904,"[414.500096, 96.87500800000001, 484.99993600000005, 288.99993600000005]",datasets/chestxray8/val/images/00001534_005.png,Atelectasis,"[198.29841269841253, 171.20846560846553, 443.733333333333, 361.921693121693]"
00017137_016.png,Atelectasis,0.11251417625785202,0.0277405,"[136.75008000000003, 213.999872, 400.249856, 420.99993600000005]",datasets/chestxray8/val/images/00017137_016.png,Mass,"[85.048888888889, 73.547855902778, 228.977777777778, 311.3434114583335]"
00017137_016.png,Effusion,0.11861364068204865,0.0250244,"[132.499712, 252.49996800000002, 202.49984, 318.49984]",datasets/chestxray8/val/images/00017137_016.png,Mass,"[85.048888888889, 73.547855902778, 228.977777777778, 311.3434114583335]"
00017137_016.png,Cardiomegaly,0.1439973838693637,0.0188446,"[60.562432000000015, 272.0, 232.75008000000003, 334.49983999999995]",datasets/chestxray8/val/images/00017137_016.png,Mass,"[85.048888888889, 73.547855902778, 228.977777777778, 311.3434114583335]"
00017137_016.png,Cardiomegaly,0.1428903088469205,0.0184174,"[107.12473600000001, 264.249856, 215.37484800000001, 324.749824]",datasets/chestxray8/val/images/00017137_016.png,Mass,"[85.048888888889, 73.547855902778, 228.977777777778, 311.3434114583335]"
00017137_016.png,Cardiomegaly,0.32610811930106703,0.0127106,"[64.500224, 112.124928, 151.50028799999998, 337.50016]",datasets/chestxray8/val/images/00017137_016.png,Mass,"[85.048888888889, 73.547855902778, 228.977777777778, 311.3434114583335]"
00017137_016.png,Cardiomegaly,0.3544508511258542,0.0109406,"[69.8752, 150.125056, 176.62515199999999, 358.000128]",datasets/chestxray8/val/images/00017137_016.png,Mass,"[85.048888888889, 73.547855902778, 228.977777777778, 311.3434114583335]"
00017137_016.png,Infiltration,0.11861364068204865,0.0105438,"[132.499712, 252.49996800000002, 202.49984, 318.49984]",datasets/chestxray8/val/images/00017137_016.png,Mass,"[85.048888888889, 73.547855902778, 228.977777777778, 311.3434114583335]"
00017137_016.png,Infiltration,0.15152898640299167,0.00997925,"[114.00012800000002, 262.999808, 227.000064, 327.500032]",datasets/chestxray8/val/images/00017137_016.png,Mass,"[85.048888888889, 73.547855902778, 228.977777777778, 311.3434114583335]"
00017137_016.png,Cardiomegaly,0.22013170708353708,0.00742722,"[51.031296000000005, 141.50016, 143.250176, 364.500224]",datasets/chestxray8/val/images/00017137_016.png,Mass,"[85.048888888889, 73.547855902778, 228.977777777778, 311.3434114583335]"
00017137_016.png,Cardiomegaly,0.23083869423586612,0.00704575,"[76.18739199999999, 175.000064, 151.500032, 361.99987200000004]",datasets/chestxray8/val/images/00017137_016.png,Mass,"[85.048888888889, 73.547855902778, 228.977777777778, 311.3434114583335]"
00017137_016.png,Effusion,0.1550153521389843,0.00669479,"[103.000064, 258.49984, 207.75014399999998, 325.49964800000004]",datasets/chestxray8/val/images/00017137_016.png,Mass,"[85.048888888889, 73.547855902778, 228.977777777778, 311.3434114583335]"
00017137_016.png,Infiltration,0.2223328399356998,0.00640869,"[117.12511999999998, 214.249984, 202.625024, 303.24992000000003]",datasets/chestxray8/val/images/00017137_016.png,Mass,"[85.048888888889, 73.547855902778, 228.977777777778, 311.3434114583335]"
00017137_016.png,Cardiomegaly,0.05792455687164441,0.00610352,"[63.124736000000006, 260.0, 127.749888, 349.999872]",datasets/chestxray8/val/images/00017137_016.png,Mass,"[85.048888888889, 73.547855902778, 228.977777777778, 311.3434114583335]"
00017137_016.png,Infiltration,0.21729979581386968,0.00598145,"[97.06240000000001, 188.75008000000003, 200.0, 260.999936]",datasets/chestxray8/val/images/00017137_016.png,Mass,"[85.048888888889, 73.547855902778, 228.977777777778, 311.3434114583335]"
00017137_016.png,Atelectasis,0.12952224895345416,0.00511932,"[62.00012799999999, 247.000064, 321.250304, 426.50009600000004]",datasets/chestxray8/val/images/00017137_016.png,Mass,"[85.048888888889, 73.547855902778, 228.977777777778, 311.3434114583335]"
00017137_016.png,Cardiomegaly,0.27203073378130316,0.00493622,"[73.250304, 132.625152, 141.250048, 320.000256]",datasets/chestxray8/val/images/00017137_016.png,Mass,"[85.048888888889, 73.547855902778, 228.977777777778, 311.3434114583335]"
00017137_016.png,Cardiomegaly,0.1368359142340395,0.00473404,"[36.406272, 182.999808, 133.000192, 357.999872]",datasets/chestxray8/val/images/00017137_016.png,Mass,"[85.048888888889, 73.547855902778, 228.977777777778, 311.3434114583335]"
00017137_016.png,Cardiomegaly,0.08490877537889216,0.00466156,"[51.281152, 242.875136, 138.249984, 384.49996799999997]",datasets/chestxray8/val/images/00017137_016.png,Mass,"[85.048888888889, 73.547855902778, 228.977777777778, 311.3434114583335]"
00017137_016.png,Cardiomegaly,0.4880194562084053,0.00383186,"[74.31219200000001, 81.374976, 176.999936, 274.000128]",datasets/chestxray8/val/images/00017137_016.png,Mass,"[85.048888888889, 73.547855902778, 228.977777777778, 311.3434114583335]"
00017137_016.png,Cardiomegaly,0.19138420625956662,0.00359726,"[71.87507200000002, 231.500288, 179.875328, 351.000064]",datasets/chestxray8/val/images/00017137_016.png,Mass,"[85.048888888889, 73.547855902778, 228.977777777778, 311.3434114583335]"
00017137_016.png,Infiltration,0.15397065258202994,0.00343513,"[102.74995200000001, 210.50009599999998, 201.250048, 264.0]",datasets/chestxray8/val/images/00017137_016.png,Mass,"[85.048888888889, 73.547855902778, 228.977777777778, 311.3434114583335]"
00017137_016.png,Mass,0.21768659569585674,0.00331306,"[119.00032, 61.937408, 207.250176, 160.499968]",datasets/chestxray8/val/images/00017137_016.png,Mass,"[85.048888888889, 73.547855902778, 228.977777777778, 311.3434114583335]"
00017137_016.png,Cardiomegaly,0.22007049262587458,0.00331116,"[88.0, 196.49996800000002, 157.74976, 342.49984]",datasets/chestxray8/val/images/00017137_016.png,Mass,"[85.048888888889, 73.547855902778, 228.977777777778, 311.3434114583335]"
00017137_016.png,Cardiomegaly,0.08247728315082037,0.00299454,"[44.718848, 210.749952, 119.62495999999999, 363.250176]",datasets/chestxray8/val/images/00017137_016.png,Mass,"[85.048888888889, 73.547855902778, 228.977777777778, 311.3434114583335]"
00017137_016.png,Cardiomegaly,0.06060149274848121,0.00293541,"[76.937472, 270.999808, 139.750144, 340.999936]",datasets/chestxray8/val/images/00017137_016.png,Mass,"[85.048888888889, 73.547855902778, 228.977777777778, 311.3434114583335]"
00017137_016.png,Cardiomegaly,0.08773078212315505,0.00290489,"[71.12499199999999, 277.49990399999996, 181.624832, 334.49984]",datasets/chestxray8/val/images/00017137_016.png,Mass,"[85.048888888889, 73.547855902778, 228.977777777778, 311.3434114583335]"
00017137_016.png,Atelectasis,0.0973097272904894,0.00288963,"[175.24991999999997, 190.24998399999998, 365.250048, 396.250112]",datasets/chestxray8/val/images/00017137_016.png,Mass,"[85.048888888889, 73.547855902778, 228.977777777778, 311.3434114583335]"
00017137_016.png,Effusion,0.2223328399356998,0.00286484,"[117.12511999999998, 214.249984, 202.625024, 303.24992000000003]",datasets/chestxray8/val/images/00017137_016.png,Mass,"[85.048888888889, 73.547855902778, 228.977777777778, 311.3434114583335]"
00017137_016.png,Infiltration,0.13641193652306255,0.00258255,"[143.250176, 250.50009599999998, 222.50009599999998, 325.499904]",datasets/chestxray8/val/images/00017137_016.png,Mass,"[85.048888888889, 73.547855902778, 228.977777777778, 311.3434114583335]"
00017137_016.png,Cardiomegaly,0.10868967309512148,0.00242233,"[43.812352000000004, 225.74975999999998, 146.999808, 418.249984]",datasets/chestxray8/val/images/00017137_016.png,Mass,"[85.048888888889, 73.547855902778, 228.977777777778, 311.3434114583335]"
00017137_016.png,Cardiomegaly,0.16685023014839825,0.00237465,"[82.43763200000001, 262.999808, 261.750272, 343.500032]",datasets/chestxray8/val/images/00017137_016.png,Mass,"[85.048888888889, 73.547855902778, 228.977777777778, 311.3434114583335]"
00017137_016.png,Effusion,0.05399458265172002,0.00213623,"[141.250048, 219.75006720000002, 189.250048, 258.2500608]",datasets/chestxray8/val/images/00017137_016.png,Mass,"[85.048888888889, 73.547855902778, 228.977777777778, 311.3434114583335]"
00017137_016.png,Infiltration,0.1567615348829522,0.00208092,"[121.499648, 252.500224, 259.749888, 342.500096]",datasets/chestxray8/val/images/00017137_016.png,Mass,"[85.048888888889, 73.547855902778, 228.977777777778, 311.3434114583335]"
00017137_016.png,Mass,0.40196370493342626,0.00206375,"[105.75001600000002, 61.437696, 223.000064, 195.75014399999998]",datasets/chestxray8/val/images/00017137_016.png,Mass,"[85.048888888889, 73.547855902778, 228.977777777778, 311.3434114583335]"
00017137_016.png,Infiltration,0.18932203754316607,0.00197601,"[99.500032, 177.8752, 193.750016, 246.625024]",datasets/chestxray8/val/images/00017137_016.png,Mass,"[85.048888888889, 73.547855902778, 228.977777777778, 311.3434114583335]"
00017137_016.png,Cardiomegaly,0.16167838166939014,0.0018692,"[59.999744, 164.00025599999998, 129.249792, 345.50016]",datasets/chestxray8/val/images/00017137_016.png,Mass,"[85.048888888889, 73.547855902778, 228.977777777778, 311.3434114583335]"
00017137_016.png,Effusion,0.08400891027970561,0.00175381,"[144.87526400000002, 252.99968, 199.125248, 305.999872]",datasets/chestxray8/val/images/00017137_016.png,Mass,"[85.048888888889, 73.547855902778, 228.977777777778, 311.3434114583335]"
00017137_016.png,Mass,0.19501794910263442,0.00164223,"[134.62527999999998, 75.62496, 221.8752, 152.124928]",datasets/chestxray8/val/images/00017137_016.png,Mass,"[85.048888888889, 73.547855902778, 228.977777777778, 311.3434114583335]"
00017137_016.png,Mass,0.19755345585736706,0.00160789,"[98.062336, 74.75020799999999, 161.999872, 180.500224]",datasets/chestxray8/val/images/00017137_016.png,Mass,"[85.048888888889, 73.547855902778, 228.977777777778, 311.3434114583335]"
00017137_016.png,Infiltration,0.4077917956194617,0.00152874,"[91.62470400000001, 196.0, 213.124864, 312.499968]",datasets/chestxray8/val/images/00017137_016.png,Mass,"[85.048888888889, 73.547855902778, 228.977777777778, 311.3434114583335]"
00017137_016.png,Effusion,0.34625224731182663,0.00152779,"[82.24972799999999, 214.24998399999998, 218.99980799999997, 333.74976]",datasets/chestxray8/val/images/00017137_016.png,Mass,"[85.048888888889, 73.547855902778, 228.977777777778, 311.3434114583335]"
00017137_016.png,Infiltration,0.34755427544622425,0.0014782,"[90.56255999999999, 135.749888, 193.999872, 250.74969600000003]",datasets/chestxray8/val/images/00017137_016.png,Mass,"[85.048888888889, 73.547855902778, 228.977777777778, 311.3434114583335]"
00017137_016.png,Cardiomegaly,0.36398961205609215,0.00145149,"[85.750272, 117.99987200000001, 169.50016, 266.749696]",datasets/chestxray8/val/images/00017137_016.png,Mass,"[85.048888888889, 73.547855902778, 228.977777777778, 311.3434114583335]"
00017137_016.png,Mass,0.2773951977536546,0.0014143,"[127.374848, 79.37484799999999, 228.37504, 173.374976]",datasets/chestxray8/val/images/00017137_016.png,Mass,"[85.048888888889, 73.547855902778, 228.977777777778, 311.3434114583335]"
00017137_016.png,Mass,0.08679538579565779,0.00140953,"[177.1252224, 86.249728, 225.6252416, 147.499776]",datasets/chestxray8/val/images/00017137_016.png,Mass,"[85.048888888889, 73.547855902778, 228.977777777778, 311.3434114583335]"
00017137_016.png,Cardiomegaly,0.1534101610750626,0.00132751,"[47.31238400000001, 254.500096, 203.749888, 360.00025600000004]",datasets/chestxray8/val/images/00017137_016.png,Mass,"[85.048888888889, 73.547855902778, 228.977777777778, 311.3434114583335]"
00017137_016.png,Mass,0.14978596484275142,0.00121212,"[113.12512, 64.125184, 174.125312, 159.00032]",datasets/chestxray8/val/images/00017137_016.png,Mass,"[85.048888888889, 73.547855902778, 228.977777777778, 311.3434114583335]"
00017137_016.png,Infiltration,0.11301125046855903,0.00120544,"[115.874816, 168.8748544, 195.62496, 217.3748736]",datasets/chestxray8/val/images/00017137_016.png,Mass,"[85.048888888889, 73.547855902778, 228.977777777778, 311.3434114583335]"
00017137_016.png,Infiltration,0.1803559359809215,0.00119114,"[91.00032000000002, 245.499904, 358.000128, 339.99974399999996]",datasets/chestxray8/val/images/00017137_016.png,Mass,"[85.048888888889, 73.547855902778, 228.977777777778, 311.3434114583335]"
00017137_016.png,Infiltration,0.19481793607239425,0.00118828,"[99.24992, 157.74976, 188.75008, 232.249856]",datasets/chestxray8/val/images/00017137_016.png,Mass,"[85.048888888889, 73.547855902778, 228.977777777778, 311.3434114583335]"
00017137_016.png,Atelectasis,0.3451347521504337,0.00115967,"[73.12486400000002, 197.624832, 307.999744, 323.50003200000003]",datasets/chestxray8/val/images/00017137_016.png,Mass,"[85.048888888889, 73.547855902778, 228.977777777778, 311.3434114583335]"
00017137_016.png,Effusion,0.1493210862243252,0.00113964,"[97.499904, 211.24992, 149.999872, 329.74976000000004]",datasets/chestxray8/val/images/00017137_016.png,Mass,"[85.048888888889, 73.547855902778, 228.977777777778, 311.3434114583335]"
00017137_016.png,Cardiomegaly,0.2810080412773841,0.00113392,"[80.062464, 230.99980799999997, 236.74982400000002, 348.999936]",datasets/chestxray8/val/images/00017137_016.png,Mass,"[85.048888888889, 73.547855902778, 228.977777777778, 311.3434114583335]"
00017137_016.png,Effusion,0.08014390775705876,0.00103188,"[152.000256, 244.25011199999997, 204.75008, 296.24985599999997]",datasets/chestxray8/val/images/00017137_016.png,Mass,"[85.048888888889, 73.547855902778, 228.977777777778, 311.3434114583335]"
00017137_016.png,Mass,0.17812962103825855,0.00103092,"[87.625216, 92.312576, 149.8752, 190.249984]",datasets/chestxray8/val/images/00017137_016.png,Mass,"[85.048888888889, 73.547855902778, 228.977777777778, 311.3434114583335]"
00017137_016.png,Cardiomegaly,0.11623741861589783,0.00101089,"[125.87468799999999, 258.24998400000004, 202.1248, 319.250176]",datasets/chestxray8/val/images/00017137_016.png,Mass,"[85.048888888889, 73.547855902778, 228.977777777778, 311.3434114583335]"
00013635_002.png,Effusion,0.059074802012139466,0.144409,"[298.99980800000003, 148.87500799999998, 353.999872, 212.124928]",datasets/chestxray8/val/images/00013635_002.png,Atelectasis,"[181.50264550264552, 165.2486772486775, 412.8507936507935, 350.0021164021165]"
00013635_002.png,Mass,0.059902794522411595,0.0495605,"[380.250112, 253.75001600000002, 451.25017599999995, 338.249984]",datasets/chestxray8/val/images/00013635_002.png,Atelectasis,"[181.50264550264552, 165.2486772486775, 412.8507936507935, 350.0021164021165]"
00013635_002.png,Mass,0.08454819808590847,0.0110092,"[271.24992, 51.37510400000001, 410.249728, 200.87500799999998]",datasets/chestxray8/val/images/00013635_002.png,Atelectasis,"[181.50264550264552, 165.2486772486775, 412.8507936507935, 350.0021164021165]"
00013635_002.png,Infiltration,0.22410742236057957,0.0109329,"[287.50003200000003, 233.75027200000002, 444.500224, 314.75020800000004]",datasets/chestxray8/val/images/00013635_002.png,Atelectasis,"[181.50264550264552, 165.2486772486775, 412.8507936507935, 350.0021164021165]"
00013635_002.png,Effusion,0.10032172086077613,0.00638962,"[315.749888, 220.999936, 379.749888, 287.999744]",datasets/chestxray8/val/images/00013635_002.png,Atelectasis,"[181.50264550264552, 165.2486772486775, 412.8507936507935, 350.0021164021165]"
00013635_002.png,Infiltration,0.1086478339243609,0.0052948,"[178.62528, 239.749888, 242.125056, 316.75007999999997]",datasets/chestxray8/val/images/00013635_002.png,Atelectasis,"[181.50264550264552, 165.2486772486775, 412.8507936507935, 350.0021164021165]"
00013635_002.png,Mass,0.09988968957892547,0.00496674,"[353.499904, 250.49984, 455.50003200000003, 327.999744]",datasets/chestxray8/val/images/00013635_002.png,Atelectasis,"[181.50264550264552, 165.2486772486775, 412.8507936507935, 350.0021164021165]"
00013635_002.png,Mass,0.15717125216574895,0.00470352,"[269.250048, 32.812287999999995, 370.749952, 252.249856]",datasets/chestxray8/val/images/00013635_002.png,Atelectasis,"[181.50264550264552, 165.2486772486775, 412.8507936507935, 350.0021164021165]"
00013635_002.png,Infiltration,0.21015766093849533,0.00414276,"[292.000256, 251.24966400000002, 425.50016, 327.24992000000003]",datasets/chestxray8/val/images/00013635_002.png,Atelectasis,"[181.50264550264552, 165.2486772486775, 412.8507936507935, 350.0021164021165]"
00013635_002.png,Infiltration,0.141695917689309,0.00374794,"[311.74988800000006, 244.625152, 449.250048, 307.75014400000003]",datasets/chestxray8/val/images/00013635_002.png,Atelectasis,"[181.50264550264552, 165.2486772486775, 412.8507936507935, 350.0021164021165]"
00013635_002.png,Effusion,0.0912972736905486,0.00363541,"[309.000192, 215.999744, 369.50016, 280.49996799999997]",datasets/chestxray8/val/images/00013635_002.png,Atelectasis,"[181.50264550264552, 165.2486772486775, 412.8507936507935, 350.0021164021165]"
00013635_002.png,Infiltration,0.23417457225283056,0.00354958,"[282.500096, 220.74982400000002, 424.99993600000005, 299.24966400000005]",datasets/chestxray8/val/images/00013635_002.png,Atelectasis,"[181.50264550264552, 165.2486772486775, 412.8507936507935, 350.0021164021165]"
00013635_002.png,Mass,0.05864719057565246,0.0033741,"[270.249728, 54.06259200000001, 349.24979199999996, 203.50003200000003]",datasets/chestxray8/val/images/00013635_002.png,Atelectasis,"[181.50264550264552, 165.2486772486775, 412.8507936507935, 350.0021164021165]"
00013635_002.png,Atelectasis,0.4299454085518684,0.00295639,"[253.99987199999998, 199.499776, 416.99968, 316.49996799999997]",datasets/chestxray8/val/images/00013635_002.png,Atelectasis,"[181.50264550264552, 165.2486772486775, 412.8507936507935, 350.0021164021165]"
00013635_002.png,Effusion,0.0587648907055353,0.00265312,"[314.2498816, 212.7499776, 365.2498944, 261.9999744]",datasets/chestxray8/val/images/00013635_002.png,Atelectasis,"[181.50264550264552, 165.2486772486775, 412.8507936507935, 350.0021164021165]"
00013635_002.png,Atelectasis,0.19104517132387053,0.00256157,"[109.624832, 272.0, 367.499776, 456.99993600000005]",datasets/chestxray8/val/images/00013635_002.png,Atelectasis,"[181.50264550264552, 165.2486772486775, 412.8507936507935, 350.0021164021165]"
00013635_002.png,Infiltration,0.0729501693473067,0.00245667,"[355.500032, 245.8752, 447.500288, 302.750208]",datasets/chestxray8/val/images/00013635_002.png,Atelectasis,"[181.50264550264552, 165.2486772486775, 412.8507936507935, 350.0021164021165]"
00013635_002.png,Infiltration,0.4060952162328176,0.00243568,"[271.749888, 204.999936, 404.24985599999997, 335.999744]",datasets/chestxray8/val/images/00013635_002.png,Atelectasis,"[181.50264550264552, 165.2486772486775, 412.8507936507935, 350.0021164021165]"
00013635_002.png,Effusion,0.0687841708894705,0.00236511,"[327.50003200000003, 219.24992, 380.0, 275.24992]",datasets/chestxray8/val/images/00013635_002.png,Atelectasis,"[181.50264550264552, 165.2486772486775, 412.8507936507935, 350.0021164021165]"
00013635_002.png,Mass,0.10292516857041549,0.0021553,"[80.37504000000001, 249.24979199999996, 236.124928, 348.749824]",datasets/chestxray8/val/images/00013635_002.png,Atelectasis,"[181.50264550264552, 165.2486772486775, 412.8507936507935, 350.0021164021165]"
00013635_002.png,Infiltration,0.2197104263210212,0.00188255,"[289.999872, 207.37536, 416.0, 284.250112]",datasets/chestxray8/val/images/00013635_002.png,Atelectasis,"[181.50264550264552, 165.2486772486775, 412.8507936507935, 350.0021164021165]"
00013635_002.png,Cardiomegaly,0.06311309960246674,0.00166512,"[391.75014400000003, 114.18751999999999, 482.25024, 367.500032]",datasets/chestxray8/val/images/00013635_002.png,Atelectasis,"[181.50264550264552, 165.2486772486775, 412.8507936507935, 350.0021164021165]"
00013635_002.png,Cardiomegaly,0.06305164982488279,0.00157166,"[359.249664, 273.999872, 468.24985599999997, 512.0]",datasets/chestxray8/val/images/00013635_002.png,Atelectasis,"[181.50264550264552, 165.2486772486775, 412.8507936507935, 350.0021164021165]"
00013635_002.png,Effusion,0.07296421996923436,0.00154686,"[289.999872, 162.500096, 352.0, 215.750144]",datasets/chestxray8/val/images/00013635_002.png,Atelectasis,"[181.50264550264552, 165.2486772486775, 412.8507936507935, 350.0021164021165]"
00013635_002.png,Infiltration,0.06715791577866155,0.00154495,"[166.750208, 244.0, 223.500288, 314.000128]",datasets/chestxray8/val/images/00013635_002.png,Atelectasis,"[181.50264550264552, 165.2486772486775, 412.8507936507935, 350.0021164021165]"
00013635_002.png,Infiltration,0.30532065283309806,0.00153828,"[289.49990399999996, 187.37510400000002, 436.499712, 299.749888]",datasets/chestxray8/val/images/00013635_002.png,Atelectasis,"[181.50264550264552, 165.2486772486775, 412.8507936507935, 350.0021164021165]"
00013635_002.png,Cardiomegaly,0.2981659142314951,0.00149918,"[315.250176, 89.37472, 445.250048, 364.49996799999997]",datasets/chestxray8/val/images/00013635_002.png,Atelectasis,"[181.50264550264552, 165.2486772486775, 412.8507936507935, 350.0021164021165]"
00013635_002.png,Effusion,0.06346284141657382,0.00141716,"[297.999872, 227.87507200000002, 353.499648, 276.75008]",datasets/chestxray8/val/images/00013635_002.png,Atelectasis,"[181.50264550264552, 165.2486772486775, 412.8507936507935, 350.0021164021165]"
00013635_002.png,Mass,0.06715791577866155,0.00135326,"[166.750208, 244.0, 223.500288, 314.000128]",datasets/chestxray8/val/images/00013635_002.png,Atelectasis,"[181.50264550264552, 165.2486772486775, 412.8507936507935, 350.0021164021165]"
00013635_002.png,Effusion,0.06329290860221914,0.00134182,"[177.8752512, 233.49990400000002, 228.3752448, 291.499776]",datasets/chestxray8/val/images/00013635_002.png,Atelectasis,"[181.50264550264552, 165.2486772486775, 412.8507936507935, 350.0021164021165]"
00013635_002.png,Mass,0.061794379188616536,0.00132179,"[128.99993600000002, 259.500032, 219.500032, 335.500288]",datasets/chestxray8/val/images/00013635_002.png,Atelectasis,"[181.50264550264552, 165.2486772486775, 412.8507936507935, 350.0021164021165]"
00013635_002.png,Infiltration,0.23249876680128886,0.00128365,"[287.499776, 239.12499200000002, 386.99980800000003, 338.99980800000003]",datasets/chestxray8/val/images/00013635_002.png,Atelectasis,"[181.50264550264552, 165.2486772486775, 412.8507936507935, 350.0021164021165]"
00013635_002.png,Cardiomegaly,0.28559199118670703,0.00128174,"[295.750144, 203.250176, 441.250304, 315.250176]",datasets/chestxray8/val/images/00013635_002.png,Atelectasis,"[181.50264550264552, 165.2486772486775, 412.8507936507935, 350.0021164021165]"
00013635_002.png,Infiltration,0.12653268100158788,0.00120068,"[323.00006399999995, 232.499968, 444.500224, 295.500032]",datasets/chestxray8/val/images/00013635_002.png,Atelectasis,"[181.50264550264552, 165.2486772486775, 412.8507936507935, 350.0021164021165]"
00013635_002.png,Effusion,0.0745596726432821,0.00118065,"[178.249728, 247.12499200000002, 231.24991999999997, 311.499776]",datasets/chestxray8/val/images/00013635_002.png,Atelectasis,"[181.50264550264552, 165.2486772486775, 412.8507936507935, 350.0021164021165]"
00013635_002.png,Mass,0.09037108766793091,0.00111103,"[351.250176, 242.24998399999998, 451.750144, 308.75007999999997]",datasets/chestxray8/val/images/00013635_002.png,Atelectasis,"[181.50264550264552, 165.2486772486775, 412.8507936507935, 350.0021164021165]"
00013635_002.png,Mass,0.08737012351396832,0.00107765,"[370.000128, 251.50028799999998, 465.499904, 354.000128]",datasets/chestxray8/val/images/00013635_002.png,Atelectasis,"[181.50264550264552, 165.2486772486775, 412.8507936507935, 350.0021164021165]"
00013635_002.png,Mass,0.2538682388029825,0.0010519,"[278.75020800000004, 58.687231999999995, 389.250048, 290.49984]",datasets/chestxray8/val/images/00013635_002.png,Atelectasis,"[181.50264550264552, 165.2486772486775, 412.8507936507935, 350.0021164021165]"
00018419_001.png,Mass,0.22313390480750755,0.0164948,"[368.0, 293.00019199999997, 439.499776, 387.50003200000003]",datasets/chestxray8/val/images/00018419_001.png,Infiltration,"[373.299470899471, 321.2867724867725, 431.2719576719579, 347.29312169312175]"
00018419_001.png,Infiltration,0.06301276818648217,0.00886536,"[289.250048, 260.49996799999997, 401.750272, 344.0]",datasets/chestxray8/val/images/00018419_001.png,Infiltration,"[373.299470899471, 321.2867724867725, 431.2719576719579, 347.29312169312175]"
00018419_001.png,Mass,0.21606598630249452,0.00836182,"[386.000128, 300.49996799999997, 438.500096, 398.000128]",datasets/chestxray8/val/images/00018419_001.png,Infiltration,"[373.299470899471, 321.2867724867725, 431.2719576719579, 347.29312169312175]"
00018419_001.png,Mass,0.3410995239188629,0.00241852,"[365.250048, 292.500224, 433.24979199999996, 357.50016000000005]",datasets/chestxray8/val/images/00018419_001.png,Infiltration,"[373.299470899471, 321.2867724867725, 431.2719576719579, 347.29312169312175]"
00018419_001.png,Infiltration,0.15631301902345546,0.00222778,"[367.50003200000003, 284.9999616, 428.500224, 331.99997440000004]",datasets/chestxray8/val/images/00018419_001.png,Infiltration,"[373.299470899471, 321.2867724867725, 431.2719576719579, 347.29312169312175]"
00018419_001.png,Infiltration,0.3802394639184834,0.00191307,"[366.500096, 294.99980800000003, 431.50003200000003, 356.0]",datasets/chestxray8/val/images/00018419_001.png,Infiltration,"[373.299470899471, 321.2867724867725, 431.2719576719579, 347.29312169312175]"
00018419_001.png,Infiltration,0.15865106788304864,0.00183201,"[349.49990399999996, 281.75027200000005, 424.499712, 336.250112]",datasets/chestxray8/val/images/00018419_001.png,Infiltration,"[373.299470899471, 321.2867724867725, 431.2719576719579, 347.29312169312175]"
00018419_001.png,Infiltration,0.2784937055802417,0.00165081,"[382.24998400000004, 283.000064, 437.250048, 362.00012799999996]",datasets/chestxray8/val/images/00018419_001.png,Infiltration,"[373.299470899471, 321.2867724867725, 431.2719576719579, 347.29312169312175]"
00018419_001.png,Infiltration,0.15077351173791378,0.00136948,"[306.749952, 269.49964800000004, 430.75020800000004, 346.49984]",datasets/chestxray8/val/images/00018419_001.png,Infiltration,"[373.299470899471, 321.2867724867725, 431.2719576719579, 347.29312169312175]"
00018419_001.png,Infiltration,0.17414086069838708,0.00134468,"[379.24992000000003, 265.499904, 445.750016, 380.0]",datasets/chestxray8/val/images/00018419_001.png,Infiltration,"[373.299470899471, 321.2867724867725, 431.2719576719579, 347.29312169312175]"
00018419_001.png,Infiltration,0.3194093285632195,0.00122547,"[350.000128, 292.499968, 426.500096, 347.500032]",datasets/chestxray8/val/images/00018419_001.png,Infiltration,"[373.299470899471, 321.2867724867725, 431.2719576719579, 347.29312169312175]"
00018419_001.png,Cardiomegaly,0.1066206121012,0.00121117,"[376.499968, 222.249984, 455.999744, 389.250048]",datasets/chestxray8/val/images/00018419_001.png,Infiltration,"[373.299470899471, 321.2867724867725, 431.2719576719579, 347.29312169312175]"
00018419_001.png,Cardiomegaly,0.11675259187905275,0.00107002,"[391.24992000000003, 272.0, 457.249792, 400.0]",datasets/chestxray8/val/images/00018419_001.png,Infiltration,"[373.299470899471, 321.2867724867725, 431.2719576719579, 347.29312169312175]"
00018419_001.png,Cardiomegaly,0.15786160947675118,0.00102806,"[397.2498176, 297.499904, 444.2498304, 403.499776]",datasets/chestxray8/val/images/00018419_001.png,Infiltration,"[373.299470899471, 321.2867724867725, 431.2719576719579, 347.29312169312175]"
00012973_005.png,Cardiomegaly,0.2719388665930843,0.0916748,"[34.18777600000001, 243.62521600000002, 157.250048, 428.0]",datasets/chestxray8/val/images/00012973_005.png,Cardiomegaly,"[61.2232804232805, 31.424338624338645, 201.0074074074075, 412.85079365079366]"
00012973_005.png,Cardiomegaly,0.2087264484377285,0.0393066,"[47.56224, 264.75008, 143.24992, 442.749952]",datasets/chestxray8/val/images/00012973_005.png,Cardiomegaly,"[61.2232804232805, 31.424338624338645, 201.0074074074075, 412.85079365079366]"
00012973_005.png,Cardiomegaly,0.3443454804308104,0.0206909,"[53.156096, 212.249856, 160.124672, 403.24992]",datasets/chestxray8/val/images/00012973_005.png,Cardiomegaly,"[61.2232804232805, 31.424338624338645, 201.0074074074075, 412.85079365079366]"
00012973_005.png,Atelectasis,0.055548219359476875,0.02034,"[162.249984, 255.000064, 445.75001599999996, 477.000192]",datasets/chestxray8/val/images/00012973_005.png,Cardiomegaly,"[61.2232804232805, 31.424338624338645, 201.0074074074075, 412.85079365079366]"
00012973_005.png,Cardiomegaly,0.20247514514980944,0.0193024,"[33.187584, 233.50016, 133.75001600000002, 471.500288]",datasets/chestxray8/val/images/00012973_005.png,Cardiomegaly,"[61.2232804232805, 31.424338624338645, 201.0074074074075, 412.85079365079366]"
00012973_005.png,Effusion,0.05995309382690199,0.0147781,"[157.000192, 169.250048, 226.500096, 244.500224]",datasets/chestxray8/val/images/00012973_005.png,Cardiomegaly,"[61.2232804232805, 31.424338624338645, 201.0074074074075, 412.85079365079366]"
00012973_005.png,Infiltration,0.2870800318194069,0.0142975,"[75.375104, 268.500224, 231.625216, 399.50003200000003]",datasets/chestxray8/val/images/00012973_005.png,Cardiomegaly,"[61.2232804232805, 31.424338624338645, 201.0074074074075, 412.85079365079366]"
00012973_005.png,Effusion,0.05434635328392282,0.0138855,"[120.3749376, 24.343808000000003, 171.3749504, 88.624896]",datasets/chestxray8/val/images/00012973_005.png,Cardiomegaly,"[61.2232804232805, 31.424338624338645, 201.0074074074075, 412.85079365079366]"
00012973_005.png,Atelectasis,0.08565043214250091,0.0101471,"[161.75001600000002, 127.749888, 390.750208, 326.249728]",datasets/chestxray8/val/images/00012973_005.png,Cardiomegaly,"[61.2232804232805, 31.424338624338645, 201.0074074074075, 412.85079365079366]"
00012973_005.png,Atelectasis,0.07443173263012696,0.00998688,"[164.37504, 207.374848, 413.499904, 429.49990399999996]",datasets/chestxray8/val/images/00012973_005.png,Cardiomegaly,"[61.2232804232805, 31.424338624338645, 201.0074074074075, 412.85079365079366]"
00012973_005.png,Effusion,0.05003068341439962,0.00984955,"[115.12473599999998, 182.5001984, 170.1248, 231.00021759999998]",datasets/chestxray8/val/images/00012973_005.png,Cardiomegaly,"[61.2232804232805, 31.424338624338645, 201.0074074074075, 412.85079365079366]"
00012973_005.png,Cardiomegaly,0.34425738851711885,0.00923157,"[21.437439999999995, 173.375232, 156.749824, 439.50003200000003]",datasets/chestxray8/val/images/00012973_005.png,Cardiomegaly,"[61.2232804232805, 31.424338624338645, 201.0074074074075, 412.85079365079366]"
00012973_005.png,Cardiomegaly,0.16405186454648887,0.00872803,"[47.062528, 252.999936, 118.312448, 413.50016]",datasets/chestxray8/val/images/00012973_005.png,Cardiomegaly,"[61.2232804232805, 31.424338624338645, 201.0074074074075, 412.85079365079366]"
00012973_005.png,Effusion,0.07777365728512324,0.00727463,"[107.56249600000001, 178.625024, 178.749952, 236.87526400000002]",datasets/chestxray8/val/images/00012973_005.png,Cardiomegaly,"[61.2232804232805, 31.424338624338645, 201.0074074074075, 412.85079365079366]"
00012973_005.png,Atelectasis,0.19700919814930948,0.00641251,"[119.49977599999998, 164.749824, 325.74976, 349.250048]",datasets/chestxray8/val/images/00012973_005.png,Cardiomegaly,"[61.2232804232805, 31.424338624338645, 201.0074074074075, 412.85079365079366]"
00012973_005.png,Effusion,0.05497607852200101,0.0056076,"[124.00025600000001, 189.6247552, 184.75008, 237.8747648]",datasets/chestxray8/val/images/00012973_005.png,Cardiomegaly,"[61.2232804232805, 31.424338624338645, 201.0074074074075, 412.85079365079366]"
00012973_005.png,Cardiomegaly,0.18449300330359325,0.00499725,"[20.187391999999996, 196.24985600000002, 122.49984, 508.0]",datasets/chestxray8/val/images/00012973_005.png,Cardiomegaly,"[61.2232804232805, 31.424338624338645, 201.0074074074075, 412.85079365079366]"
00012973_005.png,Cardiomegaly,0.09649462750595558,0.0049324,"[56.499737599999996, 287.750144, 104.37475839999999, 408.250368]",datasets/chestxray8/val/images/00012973_005.png,Cardiomegaly,"[61.2232804232805, 31.424338624338645, 201.0074074074075, 412.85079365079366]"
00012973_005.png,Cardiomegaly,0.40480766308797844,0.00346756,"[49.687552, 235.000064, 195.250176, 436.999936]",datasets/chestxray8/val/images/00012973_005.png,Cardiomegaly,"[61.2232804232805, 31.424338624338645, 201.0074074074075, 412.85079365079366]"
00012973_005.png,Mass,0.07122905778715596,0.00345612,"[-0.0002559999999931506, -5.120000000147229e-05, 146.24998399999998, 82.5625088]",datasets/chestxray8/val/images/00012973_005.png,Cardiomegaly,"[61.2232804232805, 31.424338624338645, 201.0074074074075, 412.85079365079366]"
00012973_005.png,Effusion,0.09147796375703711,0.00316238,"[108.624896, 19.937792, 193.874944, 89.687552]",datasets/chestxray8/val/images/00012973_005.png,Cardiomegaly,"[61.2232804232805, 31.424338624338645, 201.0074074074075, 412.85079365079366]"
00012973_005.png,Mass,0.05834999135498517,0.00315666,"[137.75001600000002, 24.812288000000002, 230.49984, 82.56230400000001]",datasets/chestxray8/val/images/00012973_005.png,Cardiomegaly,"[61.2232804232805, 31.424338624338645, 201.0074074074075, 412.85079365079366]"
00012973_005.png,Cardiomegaly,0.2556319472013999,0.00271606,"[48.5312, 198.37491200000002, 137.49990400000002, 384.99993600000005]",datasets/chestxray8/val/images/00012973_005.png,Cardiomegaly,"[61.2232804232805, 31.424338624338645, 201.0074074074075, 412.85079365079366]"
00012973_005.png,Effusion,0.05697966382961147,0.00260353,"[107.62496, 171.99997439999999, 169.625088, 220.9999616]",datasets/chestxray8/val/images/00012973_005.png,Cardiomegaly,"[61.2232804232805, 31.424338624338645, 201.0074074074075, 412.85079365079366]"
00012973_005.png,Atelectasis,0.147414949981449,0.00258636,"[134.12480000000002, 161.250048, 413.999872, 382.749952]",datasets/chestxray8/val/images/00012973_005.png,Cardiomegaly,"[61.2232804232805, 31.424338624338645, 201.0074074074075, 412.85079365079366]"
00012973_005.png,Cardiomegaly,0.36759449139439365,0.00251961,"[78.74995200000001, 9.06265599999999, 213.249792, 207.250176]",datasets/chestxray8/val/images/00012973_005.png,Cardiomegaly,"[61.2232804232805, 31.424338624338645, 201.0074074074075, 412.85079365079366]"
00012973_005.png,Cardiomegaly,0.3373128173504467,0.00231743,"[73.12512000000001, 262.000128, 219.87507200000002, 409.999872]",datasets/chestxray8/val/images/00012973_005.png,Cardiomegaly,"[61.2232804232805, 31.424338624338645, 201.0074074074075, 412.85079365079366]"
00012973_005.png,Infiltration,0.10132818264263793,0.00231361,"[107.00031999999999, 162.125056, 201.50016, 219.625216]",datasets/chestxray8/val/images/00012973_005.png,Cardiomegaly,"[61.2232804232805, 31.424338624338645, 201.0074074074075, 412.85079365079366]"
00012973_005.png,Infiltration,0.05697966382961147,0.00227547,"[107.62496, 171.99997439999999, 169.625088, 220.9999616]",datasets/chestxray8/val/images/00012973_005.png,Cardiomegaly,"[61.2232804232805, 31.424338624338645, 201.0074074074075, 412.85079365079366]"
00012973_005.png,Effusion,0.05089801316062099,0.00211143,"[157.000192, 186.749696, 239.00006399999998, 251.24992]",datasets/chestxray8/val/images/00012973_005.png,Cardiomegaly,"[61.2232804232805, 31.424338624338645, 201.0074074074075, 412.85079365079366]"
00012973_005.png,Cardiomegaly,0.0724407921541487,0.00196457,"[48.968447999999995, 322.00012799999996, 105.624832, 435.000064]",datasets/chestxray8/val/images/00012973_005.png,Cardiomegaly,"[61.2232804232805, 31.424338624338645, 201.0074074074075, 412.85079365079366]"
00012973_005.png,Cardiomegaly,0.14341587346441523,0.00175953,"[29.968639999999994, 273.50016000000005, 130.875136, 512.0]",datasets/chestxray8/val/images/00012973_005.png,Cardiomegaly,"[61.2232804232805, 31.424338624338645, 201.0074074074075, 412.85079365079366]"
00012973_005.png,Infiltration,0.06627040523533036,0.00173187,"[161.999872, 268.499968, 394.99980800000003, 428.499968]",datasets/chestxray8/val/images/00012973_005.png,Cardiomegaly,"[61.2232804232805, 31.424338624338645, 201.0074074074075, 412.85079365079366]"
00012973_005.png,Mass,0.08090263184805442,0.00172043,"[20.937727999999993, 0.0, 168.500224, 76.499968]",datasets/chestxray8/val/images/00012973_005.png,Cardiomegaly,"[61.2232804232805, 31.424338624338645, 201.0074074074075, 412.85079365079366]"
00012973_005.png,Effusion,0.07672679790140963,0.00172043,"[119.37510400000002, 0.00010239999999583915, 233.8752, 86.62487039999999]",datasets/chestxray8/val/images/00012973_005.png,Cardiomegaly,"[61.2232804232805, 31.424338624338645, 201.0074074074075, 412.85079365079366]"
00012973_005.png,Effusion,0.0519340915412493,0.00171185,"[120.75008, 277.000192, 174.000128, 328.999936]",datasets/chestxray8/val/images/00012973_005.png,Cardiomegaly,"[61.2232804232805, 31.424338624338645, 201.0074074074075, 412.85079365079366]"
00012973_005.png,Infiltration,0.07969792875164512,0.0014925,"[138.74995199999998, 161.499904, 220.499968, 231.500032]",datasets/chestxray8/val/images/00012973_005.png,Cardiomegaly,"[61.2232804232805, 31.424338624338645, 201.0074074074075, 412.85079365079366]"
00012973_005.png,Effusion,0.07969792875164512,0.00144386,"[138.74995199999998, 161.499904, 220.499968, 231.500032]",datasets/chestxray8/val/images/00012973_005.png,Cardiomegaly,"[61.2232804232805, 31.424338624338645, 201.0074074074075, 412.85079365079366]"
00012973_005.png,Mass,0.07672679790140963,0.00142097,"[119.37510400000002, 0.00010239999999583915, 233.8752, 86.62487039999999]",datasets/chestxray8/val/images/00012973_005.png,Cardiomegaly,"[61.2232804232805, 31.424338624338645, 201.0074074074075, 412.85079365079366]"
00012973_005.png,Infiltration,0.12665366559031363,0.00139713,"[94.12531200000001, 208.874752, 219.875072, 273.499904]",datasets/chestxray8/val/images/00012973_005.png,Cardiomegaly,"[61.2232804232805, 31.424338624338645, 201.0074074074075, 412.85079365079366]"
00012973_005.png,Effusion,0.2690312855027869,0.00139332,"[76.56217600000001, 263.99974399999996, 224.749824, 385.499904]",datasets/chestxray8/val/images/00012973_005.png,Cardiomegaly,"[61.2232804232805, 31.424338624338645, 201.0074074074075, 412.85079365079366]"
00012973_005.png,Infiltration,0.058950376949921945,0.00138664,"[152.0, 181.8752, 224.500224, 247.875072]",datasets/chestxray8/val/images/00012973_005.png,Cardiomegaly,"[61.2232804232805, 31.424338624338645, 201.0074074074075, 412.85079365079366]"
00012973_005.png,Cardiomegaly,0.05577263641271714,0.00137711,"[168.749824, 273.999872, 379.24992, 423.499776]",datasets/chestxray8/val/images/00012973_005.png,Cardiomegaly,"[61.2232804232805, 31.424338624338645, 201.0074074074075, 412.85079365079366]"
00012973_005.png,Infiltration,0.10086233403358054,0.00133514,"[100.062208, 161.49964799999998, 177.99987199999998, 230.49984]",datasets/chestxray8/val/images/00012973_005.png,Cardiomegaly,"[61.2232804232805, 31.424338624338645, 201.0074074074075, 412.85079365079366]"
00012973_005.png,Infiltration,0.10104357688542032,0.00127316,"[119.37484800000001, 188.75008, 233.37472, 257.499904]",datasets/chestxray8/val/images/00012973_005.png,Cardiomegaly,"[61.2232804232805, 31.424338624338645, 201.0074074074075, 412.85079365079366]"
00012973_005.png,Cardiomegaly,0.22207951484463462,0.00122738,"[35.312383999999994, 283.750144, 172.999936, 473.250048]",datasets/chestxray8/val/images/00012973_005.png,Cardiomegaly,"[61.2232804232805, 31.424338624338645, 201.0074074074075, 412.85079365079366]"
00012973_005.png,Infiltration,0.15156939942679815,0.00107765,"[103.56249600000001, 194.49984, 239.749888, 282.749696]",datasets/chestxray8/val/images/00012973_005.png,Cardiomegaly,"[61.2232804232805, 31.424338624338645, 201.0074074074075, 412.85079365079366]"
00012973_005.png,Cardiomegaly,0.47088500612057593,0.00104332,"[64.499968, 76.874752, 159.375104, 341.499904]",datasets/chestxray8/val/images/00012973_005.png,Cardiomegaly,"[61.2232804232805, 31.424338624338645, 201.0074074074075, 412.85079365079366]"
00012973_005.png,Cardiomegaly,0.22944905952880965,0.00100994,"[87.37510400000001, 81.99987200000001, 163.12499200000002, 243.500032]",datasets/chestxray8/val/images/00012973_005.png,Cardiomegaly,"[61.2232804232805, 31.424338624338645, 201.0074074074075, 412.85079365079366]"
00012973_005.png,Infiltration,0.26370844245704056,0.00100613,"[73.812224, 282.49984, 239.749888, 439.999744]",datasets/chestxray8/val/images/00012973_005.png,Cardiomegaly,"[61.2232804232805, 31.424338624338645, 201.0074074074075, 412.85079365079366]"
00018762_002.png,Atelectasis,0.10186826492874573,0.139771,"[192.0, 171.749888, 442.99980800000003, 376.24985599999997]",datasets/chestxray8/val/images/00018762_002.png,Infiltration,"[301.8305084745765, 308.3932236493645, 430.37288135593246, 349.07118975105936]"
00018762_002.png,Infiltration,0.10439131264375089,0.0414429,"[353.499904, 266.749952, 436.0, 320.249856]",datasets/chestxray8/val/images/00018762_002.png,Infiltration,"[301.8305084745765, 308.3932236493645, 430.37288135593246, 349.07118975105936]"
00018762_002.png,Infiltration,0.14262274819820914,0.0403442,"[384.49996799999997, 266.000384, 445.999872, 334.00012799999996]",datasets/chestxray8/val/images/00018762_002.png,Infiltration,"[301.8305084745765, 308.3932236493645, 430.37288135593246, 349.07118975105936]"
00018762_002.png,Infiltration,0.23825030244272954,0.0377808,"[267.499776, 228.499712, 412.0, 353.49990399999996]",datasets/chestxray8/val/images/00018762_002.png,Infiltration,"[301.8305084745765, 308.3932236493645, 430.37288135593246, 349.07118975105936]"
00018762_002.png,Infiltration,0.3949131504905144,0.0177612,"[292.99968, 259.500032, 438.49983999999995, 350.49984]",datasets/chestxray8/val/images/00018762_002.png,Infiltration,"[301.8305084745765, 308.3932236493645, 430.37288135593246, 349.07118975105936]"
00018762_002.png,Cardiomegaly,0.15744610610226856,0.0118866,"[378.50009600000004, 270.75020800000004, 446.49984, 333.250048]",datasets/chestxray8/val/images/00018762_002.png,Infiltration,"[301.8305084745765, 308.3932236493645, 430.37288135593246, 349.07118975105936]"
00018762_002.png,Infiltration,0.24758509399681766,0.0104904,"[331.499776, 263.500032, 435.499776, 333.50016]",datasets/chestxray8/val/images/00018762_002.png,Infiltration,"[301.8305084745765, 308.3932236493645, 430.37288135593246, 349.07118975105936]"
00018762_002.png,Cardiomegaly,0.08408949103681407,0.00970459,"[405.2498688, 265.250304, 446.74987519999996, 333.250048]",datasets/chestxray8/val/images/00018762_002.png,Infiltration,"[301.8305084745765, 308.3932236493645, 430.37288135593246, 349.07118975105936]"
00018762_002.png,Cardiomegaly,0.06266017148505287,0.00735474,"[399.50003200000003, 259.250176, 453.999872, 325.250048]",datasets/chestxray8/val/images/00018762_002.png,Infiltration,"[301.8305084745765, 308.3932236493645, 430.37288135593246, 349.07118975105936]"
00018762_002.png,Cardiomegaly,0.21592933435789305,0.00694656,"[380.0, 267.00006399999995, 450.49983999999995, 356.500224]",datasets/chestxray8/val/images/00018762_002.png,Infiltration,"[301.8305084745765, 308.3932236493645, 430.37288135593246, 349.07118975105936]"
00018762_002.png,Cardiomegaly,0.22845735206932954,0.0057106,"[348.49996799999997, 255.500032, 455.499776, 373.999872]",datasets/chestxray8/val/images/00018762_002.png,Infiltration,"[301.8305084745765, 308.3932236493645, 430.37288135593246, 349.07118975105936]"
00018762_002.png,Atelectasis,0.09083332589698807,0.00553894,"[204.00025599999998, 154.749952, 407.000064, 342.750208]",datasets/chestxray8/val/images/00018762_002.png,Infiltration,"[301.8305084745765, 308.3932236493645, 430.37288135593246, 349.07118975105936]"
00018762_002.png,Cardiomegaly,0.15230265593240666,0.00416565,"[371.75014400000003, 225.625088, 466.750208, 360.500224]",datasets/chestxray8/val/images/00018762_002.png,Infiltration,"[301.8305084745765, 308.3932236493645, 430.37288135593246, 349.07118975105936]"
00018762_002.png,Cardiomegaly,0.0702120598125687,0.00362015,"[400.249856, 219.50003199999998, 460.749824, 335.000064]",datasets/chestxray8/val/images/00018762_002.png,Infiltration,"[301.8305084745765, 308.3932236493645, 430.37288135593246, 349.07118975105936]"
00018762_002.png,Cardiomegaly,0.15514531063410963,0.00322533,"[358.750208, 266.74969600000003, 442.25024, 327.749888]",datasets/chestxray8/val/images/00018762_002.png,Infiltration,"[301.8305084745765, 308.3932236493645, 430.37288135593246, 349.07118975105936]"
00018762_002.png,Infiltration,0.23282227155503266,0.0032196,"[252.0, 251.00006399999998, 421.999872, 372.500224]",datasets/chestxray8/val/images/00018762_002.png,Infiltration,"[301.8305084745765, 308.3932236493645, 430.37288135593246, 349.07118975105936]"
00018762_002.png,Cardiomegaly,0.10021415668198003,0.00316429,"[362.25023999999996, 165.49990400000002, 472.75008, 393.499648]",datasets/chestxray8/val/images/00018762_002.png,Infiltration,"[301.8305084745765, 308.3932236493645, 430.37288135593246, 349.07118975105936]"
00018762_002.png,Infiltration,0.08408949103681407,0.00300789,"[405.2498688, 265.250304, 446.74987519999996, 333.250048]",datasets/chestxray8/val/images/00018762_002.png,Infiltration,"[301.8305084745765, 308.3932236493645, 430.37288135593246, 349.07118975105936]"
00018762_002.png,Infiltration,0.08357224410553492,0.00289154,"[295.500288, 246.75020800000001, 441.50016, 317.750272]",datasets/chestxray8/val/images/00018762_002.png,Infiltration,"[301.8305084745765, 308.3932236493645, 430.37288135593246, 349.07118975105936]"
00018762_002.png,Cardiomegaly,0.15401616173364124,0.00226402,"[384.999936, 255.24992, 468.499968, 358.249984]",datasets/chestxray8/val/images/00018762_002.png,Infiltration,"[301.8305084745765, 308.3932236493645, 430.37288135593246, 349.07118975105936]"
00018762_002.png,Atelectasis,0.08281308372264871,0.00205231,"[164.99968, 178.75020800000004, 386.99980800000003, 359.250176]",datasets/chestxray8/val/images/00018762_002.png,Infiltration,"[301.8305084745765, 308.3932236493645, 430.37288135593246, 349.07118975105936]"
00018762_002.png,Infiltration,0.21592933435789305,0.0019207,"[380.0, 267.00006399999995, 450.49983999999995, 356.500224]",datasets/chestxray8/val/images/00018762_002.png,Infiltration,"[301.8305084745765, 308.3932236493645, 430.37288135593246, 349.07118975105936]"
00018762_002.png,Cardiomegaly,0.41682138866925184,0.00156116,"[304.25036800000004, 259.250176, 436.250112, 351.750144]",datasets/chestxray8/val/images/00018762_002.png,Infiltration,"[301.8305084745765, 308.3932236493645, 430.37288135593246, 349.07118975105936]"
00018762_002.png,Cardiomegaly,0.1558470438957066,0.00140762,"[400.4999936, 271.749888, 447.5000064, 352.250112]",datasets/chestxray8/val/images/00018762_002.png,Infiltration,"[301.8305084745765, 308.3932236493645, 430.37288135593246, 349.07118975105936]"
00018762_002.png,Atelectasis,0.14425304762559518,0.00134945,"[199.374848, 238.249984, 448.499712, 383.750144]",datasets/chestxray8/val/images/00018762_002.png,Infiltration,"[301.8305084745765, 308.3932236493645, 430.37288135593246, 349.07118975105936]"
00018762_002.png,Cardiomegaly,0.1704891602136063,0.00131416,"[326.999808, 313.24979199999996, 439.500032, 492.749824]",datasets/chestxray8/val/images/00018762_002.png,Infiltration,"[301.8305084745765, 308.3932236493645, 430.37288135593246, 349.07118975105936]"
00018762_002.png,Infiltration,0.06266017148505287,0.00131321,"[399.50003200000003, 259.250176, 453.999872, 325.250048]",datasets/chestxray8/val/images/00018762_002.png,Infiltration,"[301.8305084745765, 308.3932236493645, 430.37288135593246, 349.07118975105936]"
00018762_002.png,Infiltration,0.11811789719196443,0.00120926,"[197.74975999999998, 170.24998399999998, 435.749888, 356.24985599999997]",datasets/chestxray8/val/images/00018762_002.png,Infiltration,"[301.8305084745765, 308.3932236493645, 430.37288135593246, 349.07118975105936]"
00018762_002.png,Infiltration,0.1699946853938241,0.001091,"[346.999808, 225.99987199999998, 451.999744, 337.999872]",datasets/chestxray8/val/images/00018762_002.png,Infiltration,"[301.8305084745765, 308.3932236493645, 430.37288135593246, 349.07118975105936]"
00018762_002.png,Cardiomegaly,0.08277294255449047,0.00108337,"[347.50003200000003, 98.00012799999999, 480.500224, 390.25023999999996]",datasets/chestxray8/val/images/00018762_002.png,Infiltration,"[301.8305084745765, 308.3932236493645, 430.37288135593246, 349.07118975105936]"
00029502_006.png,Atelectasis,0.08306028646897039,0.0386353,"[183.250176, 300.500224, 426.24998400000004, 492.0]",datasets/chestxray8/val/images/00029502_006.png,Infiltration,"[110.526984126984, 294.7386243386245, 236.2243386243385, 384.13544973545004]"
00029502_006.png,Cardiomegaly,0.4207746437250547,0.0310059,"[61.250048, 157.74975999999998, 168.0, 381.74976]",datasets/chestxray8/val/images/00029502_006.png,Cardiomegaly,"[74.22645502645501, 226.4719576719575, 202.632804232804, 423.1449735449735]"
00029502_006.png,Cardiomegaly,0.42102219273888253,0.0131607,"[74.187776, 223.24992, 142.00012800000002, 384.75008]",datasets/chestxray8/val/images/00029502_006.png,Cardiomegaly,"[74.22645502645501, 226.4719576719575, 202.632804232804, 423.1449735449735]"
00029502_006.png,Cardiomegaly,0.3463553109392461,0.0112991,"[72.87500800000001, 176.00025599999998, 145.750016, 367.500032]",datasets/chestxray8/val/images/00029502_006.png,Cardiomegaly,"[74.22645502645501, 226.4719576719575, 202.632804232804, 423.1449735449735]"
00029502_006.png,Atelectasis,0.08184724219123955,0.00961304,"[198.249984, 287.500288, 415.24992, 442.50009600000004]",datasets/chestxray8/val/images/00029502_006.png,Infiltration,"[110.526984126984, 294.7386243386245, 236.2243386243385, 384.13544973545004]"
00029502_006.png,Infiltration,0.31100337601027406,0.0089798,"[109.374976, 267.750144, 235.62496, 331.24992]",datasets/chestxray8/val/images/00029502_006.png,Infiltration,"[110.526984126984, 294.7386243386245, 236.2243386243385, 384.13544973545004]"
00029502_006.png,Infiltration,0.1779684831710262,0.00652695,"[116.43750400000002, 246.87488, 237.000192, 302.999808]",datasets/chestxray8/val/images/00029502_006.png,Cardiomegaly,"[74.22645502645501, 226.4719576719575, 202.632804232804, 423.1449735449735]"
00029502_006.png,Cardiomegaly,0.43834339057104077,0.00630951,"[59.375104, 178.49983999999998, 148.624896, 433.499904]",datasets/chestxray8/val/images/00029502_006.png,Cardiomegaly,"[74.22645502645501, 226.4719576719575, 202.632804232804, 423.1449735449735]"
00029502_006.png,Infiltration,0.08177783445464766,0.0060997,"[134.62528, 212.2499584, 220.37503999999998, 258.9999616]",datasets/chestxray8/val/images/00029502_006.png,Cardiomegaly,"[74.22645502645501, 226.4719576719575, 202.632804232804, 423.1449735449735]"
00029502_006.png,Cardiomegaly,0.2619838771156504,0.00561142,"[78.125312, 294.24998400000004, 138.000128, 404.749824]",datasets/chestxray8/val/images/00029502_006.png,Cardiomegaly,"[74.22645502645501, 226.4719576719575, 202.632804232804, 423.1449735449735]"
00029502_006.png,Atelectasis,0.056459038608297984,0.00494385,"[197.375232, 268.500224, 461.50016000000005, 472.00025600000004]",datasets/chestxray8/val/images/00029502_006.png,Infiltration,"[110.526984126984, 294.7386243386245, 236.2243386243385, 384.13544973545004]"
00029502_006.png,Cardiomegaly,0.35611043915221136,0.00490189,"[66.25023999999999, 292.250112, 148.250112, 434.25024]",datasets/chestxray8/val/images/00029502_006.png,Cardiomegaly,"[74.22645502645501, 226.4719576719575, 202.632804232804, 423.1449735449735]"
00029502_006.png,Atelectasis,0.06554044364909031,0.00476074,"[203.99974399999996, 232.75008, 408.0, 407.24992]",datasets/chestxray8/val/images/00029502_006.png,Infiltration,"[110.526984126984, 294.7386243386245, 236.2243386243385, 384.13544973545004]"
00029502_006.png,Cardiomegaly,0.2885317126972895,0.00450897,"[83.499776, 80.812544, 205.249792, 331.250176]",datasets/chestxray8/val/images/00029502_006.png,Cardiomegaly,"[74.22645502645501, 226.4719576719575, 202.632804232804, 423.1449735449735]"
00029502_006.png,Cardiomegaly,0.07652317006993122,0.00322914,"[-0.0002559999999931506, 48.187392, 128.749824, 302.000128]",datasets/chestxray8/val/images/00029502_006.png,Cardiomegaly,"[74.22645502645501, 226.4719576719575, 202.632804232804, 423.1449735449735]"
00029502_006.png,Infiltration,0.21812253347634353,0.00315666,"[117.37497599999999, 224.99967999999998, 240.37478399999998, 298.49983999999995]",datasets/chestxray8/val/images/00029502_006.png,Cardiomegaly,"[74.22645502645501, 226.4719576719575, 202.632804232804, 423.1449735449735]"
00029502_006.png,Cardiomegaly,0.2543141733379697,0.00296593,"[32.781312, 91.99974399999999, 135.374848, 424.0]",datasets/chestxray8/val/images/00029502_006.png,Cardiomegaly,"[74.22645502645501, 226.4719576719575, 202.632804232804, 423.1449735449735]"
00029502_006.png,Cardiomegaly,0.09855181059261442,0.00257492,"[9.718528, 69.625088, 114.374912, 348.0]",datasets/chestxray8/val/images/00029502_006.png,Cardiomegaly,"[74.22645502645501, 226.4719576719575, 202.632804232804, 423.1449735449735]"
00029502_006.png,Infiltration,0.08256478033086789,0.00212479,"[125.25004799999999, 199.250176, 228.250112, 257.250048]",datasets/chestxray8/val/images/00029502_006.png,Cardiomegaly,"[74.22645502645501, 226.4719576719575, 202.632804232804, 423.1449735449735]"
00029502_006.png,Cardiomegaly,0.3573753880315342,0.00199318,"[60.499967999999996, 255.749888, 143.625216, 482.74969600000003]",datasets/chestxray8/val/images/00029502_006.png,Cardiomegaly,"[74.22645502645501, 226.4719576719575, 202.632804232804, 423.1449735449735]"
00029502_006.png,Cardiomegaly,0.4992133394347569,0.00179958,"[79.87481600000001, 132.0, 194.62476800000002, 383.50003200000003]",datasets/chestxray8/val/images/00029502_006.png,Cardiomegaly,"[74.22645502645501, 226.4719576719575, 202.632804232804, 423.1449735449735]"
00029502_006.png,Infiltration,0.1434867866587716,0.00179482,"[138.875136, 229.12512, 232.125184, 289.999872]",datasets/chestxray8/val/images/00029502_006.png,Cardiomegaly,"[74.22645502645501, 226.4719576719575, 202.632804232804, 423.1449735449735]"
00029502_006.png,Effusion,0.062275012339759586,0.00178719,"[135.00003840000002, 222.62476800000002, 177.7500416, 263.499776]",datasets/chestxray8/val/images/00029502_006.png,Cardiomegaly,"[74.22645502645501, 226.4719576719575, 202.632804232804, 423.1449735449735]"
00029502_006.png,Infiltration,0.4335659125101248,0.00177193,"[95.12524799999998, 228.25011199999997, 238.37516799999997, 347.25017599999995]",datasets/chestxray8/val/images/00029502_006.png,Cardiomegaly,"[74.22645502645501, 226.4719576719575, 202.632804232804, 423.1449735449735]"
00029502_006.png,Infiltration,0.1613374081590407,0.00176334,"[158.74995199999998, 293.499904, 429.75001599999996, 435.99974399999996]",datasets/chestxray8/val/images/00029502_006.png,Infiltration,"[110.526984126984, 294.7386243386245, 236.2243386243385, 384.13544973545004]"
00029502_006.png,Infiltration,0.1992990137215161,0.00157356,"[125.625088, 257.499904, 249.49990400000002, 324.0]",datasets/chestxray8/val/images/00029502_006.png,Infiltration,"[110.526984126984, 294.7386243386245, 236.2243386243385, 384.13544973545004]"
00029502_006.png,Cardiomegaly,0.05219552779565519,0.00129223,"[25.093888, 60.99968, 132.124928, 266.999808]",datasets/chestxray8/val/images/00029502_006.png,Cardiomegaly,"[74.22645502645501, 226.4719576719575, 202.632804232804, 423.1449735449735]"
00029502_006.png,Cardiomegaly,0.37285741895332525,0.00121117,"[94.50009600000001, 154.99980800000003, 189.250304, 352.499712]",datasets/chestxray8/val/images/00029502_006.png,Cardiomegaly,"[74.22645502645501, 226.4719576719575, 202.632804232804, 423.1449735449735]"
00014716_007.png,Effusion,0.20901965049732982,0.111572,"[348.750336, 98.37465599999999, 404.250112, 153.124864]",datasets/chestxray8/val/images/00014716_007.png,Infiltration,"[343.050847457627, 65.7717492055085, 435.7966101694915, 222.51751191737299]"
00014716_007.png,Effusion,0.06648503389601167,0.100647,"[399.000064, 191.00006399999998, 457.50016, 260.49996799999997]",datasets/chestxray8/val/images/00014716_007.png,Infiltration,"[343.050847457627, 65.7717492055085, 435.7966101694915, 222.51751191737299]"
00014716_007.png,Effusion,0.2772408531137841,0.0379639,"[339.999744, 82.68774400000001, 398.49984, 156.500224]",datasets/chestxray8/val/images/00014716_007.png,Infiltration,"[343.050847457627, 65.7717492055085, 435.7966101694915, 222.51751191737299]"
00014716_007.png,Effusion,0.25004319503026673,0.0234375,"[316.999936, 47.406336, 397.99987200000004, 148.500224]",datasets/chestxray8/val/images/00014716_007.png,Infiltration,"[343.050847457627, 65.7717492055085, 435.7966101694915, 222.51751191737299]"
00014716_007.png,Mass,0.2795083688539536,0.0136871,"[321.499904, 45.5936, 402.000128, 151.124992]",datasets/chestxray8/val/images/00014716_007.png,Infiltration,"[343.050847457627, 65.7717492055085, 435.7966101694915, 222.51751191737299]"
00014716_007.png,Effusion,0.07940174864199254,0.0123062,"[381.499904, 196.125184, 450.99980800000003, 267.250176]",datasets/chestxray8/val/images/00014716_007.png,Infiltration,"[343.050847457627, 65.7717492055085, 435.7966101694915, 222.51751191737299]"
00014716_007.png,Infiltration,0.07940174864199254,0.0102615,"[381.499904, 196.125184, 450.99980800000003, 267.250176]",datasets/chestxray8/val/images/00014716_007.png,Infiltration,"[343.050847457627, 65.7717492055085, 435.7966101694915, 222.51751191737299]"
00014716_007.png,Effusion,0.2187178467567318,0.00905609,"[323.250176, 76.499968, 394.749952, 143.625216]",datasets/chestxray8/val/images/00014716_007.png,Infiltration,"[343.050847457627, 65.7717492055085, 435.7966101694915, 222.51751191737299]"
00014716_007.png,Mass,0.06461179368369158,0.00704956,"[322.249984, 32.812544, 394.249984, 87.68768]",datasets/chestxray8/val/images/00014716_007.png,Infiltration,"[343.050847457627, 65.7717492055085, 435.7966101694915, 222.51751191737299]"
00014716_007.png,Effusion,0.17398970475800643,0.00574493,"[352.7502336, 157.12512, 400.2502144, 210.375168]",datasets/chestxray8/val/images/00014716_007.png,Infiltration,"[343.050847457627, 65.7717492055085, 435.7966101694915, 222.51751191737299]"
00014716_007.png,Effusion,0.07034520991862062,0.00519943,"[314.7501824, 167.375104, 363.7501696, 225.12512]",datasets/chestxray8/val/images/00014716_007.png,Infiltration,"[343.050847457627, 65.7717492055085, 435.7966101694915, 222.51751191737299]"
00014716_007.png,Effusion,0.1549335146457663,0.00512314,"[331.749888, 98.625024, 388.74982400000005, 149.8752]",datasets/chestxray8/val/images/00014716_007.png,Infiltration,"[343.050847457627, 65.7717492055085, 435.7966101694915, 222.51751191737299]"
00014716_007.png,Mass,0.35458545932750113,0.00509262,"[337.499904, 49.531392, 416.49996799999997, 144.25036799999998]",datasets/chestxray8/val/images/00014716_007.png,Infiltration,"[343.050847457627, 65.7717492055085, 435.7966101694915, 222.51751191737299]"
00014716_007.png,Atelectasis,0.07262863723906453,0.00481796,"[177.87468800000002, 165.49964799999998, 460.99993600000005, 389.999872]",datasets/chestxray8/val/images/00014716_007.png,Infiltration,"[343.050847457627, 65.7717492055085, 435.7966101694915, 222.51751191737299]"
00014716_007.png,Mass,0.413352378074751,0.00476837,"[335.50003200000003, 25.750271999999995, 466.000128, 295.250176]",datasets/chestxray8/val/images/00014716_007.png,Infiltration,"[343.050847457627, 65.7717492055085, 435.7966101694915, 222.51751191737299]"
00014716_007.png,Effusion,0.1638976545692731,0.00465393,"[324.999936, 45.437439999999995, 389.50016, 125.499904]",datasets/chestxray8/val/images/00014716_007.png,Infiltration,"[343.050847457627, 65.7717492055085, 435.7966101694915, 222.51751191737299]"
00014716_007.png,Mass,0.2772408531137841,0.0038662,"[339.999744, 82.68774400000001, 398.49984, 156.500224]",datasets/chestxray8/val/images/00014716_007.png,Infiltration,"[343.050847457627, 65.7717492055085, 435.7966101694915, 222.51751191737299]"
00014716_007.png,Effusion,0.3088211463288841,0.00362587,"[351.749888, 94.49984, 413.249792, 167.499776]",datasets/chestxray8/val/images/00014716_007.png,Infiltration,"[343.050847457627, 65.7717492055085, 435.7966101694915, 222.51751191737299]"
00014716_007.png,Effusion,0.10326946662402287,0.00317192,"[320.499968, 170.625024, 374.999808, 228.87526400000002]",datasets/chestxray8/val/images/00014716_007.png,Infiltration,"[343.050847457627, 65.7717492055085, 435.7966101694915, 222.51751191737299]"
00014716_007.png,Mass,0.3730819378658366,0.00273132,"[304.0, 6.187519999999992, 428.00025600000004, 182.00012800000002]",datasets/chestxray8/val/images/00014716_007.png,Infiltration,"[343.050847457627, 65.7717492055085, 435.7966101694915, 222.51751191737299]"
00014716_007.png,Cardiomegaly,0.38220112648221766,0.00260353,"[332.25011199999994, 20.0, 467.250176, 301.750016]",datasets/chestxray8/val/images/00014716_007.png,Infiltration,"[343.050847457627, 65.7717492055085, 435.7966101694915, 222.51751191737299]"
00014716_007.png,Infiltration,0.19162310595599436,0.00243568,"[342.749952, 171.24992, 398.749952, 228.75008]",datasets/chestxray8/val/images/00014716_007.png,Infiltration,"[343.050847457627, 65.7717492055085, 435.7966101694915, 222.51751191737299]"
00014716_007.png,Effusion,0.10019233769763304,0.00233269,"[389.25004800000005, 186.999808, 444.250112, 252.74982400000002]",datasets/chestxray8/val/images/00014716_007.png,Infiltration,"[343.050847457627, 65.7717492055085, 435.7966101694915, 222.51751191737299]"
00014716_007.png,Mass,0.2223917940582124,0.00219917,"[351.75014400000003, 92.875008, 404.750336, 153.8752]",datasets/chestxray8/val/images/00014716_007.png,Infiltration,"[343.050847457627, 65.7717492055085, 435.7966101694915, 222.51751191737299]"
00014716_007.png,Mass,0.2187178467567318,0.00212669,"[323.250176, 76.499968, 394.749952, 143.625216]",datasets/chestxray8/val/images/00014716_007.png,Infiltration,"[343.050847457627, 65.7717492055085, 435.7966101694915, 222.51751191737299]"
00014716_007.png,Atelectasis,0.10061564294693764,0.00194836,"[187.24991999999997, 118.74995200000001, 394.749696, 331.499776]",datasets/chestxray8/val/images/00014716_007.png,Infiltration,"[343.050847457627, 65.7717492055085, 435.7966101694915, 222.51751191737299]"
00014716_007.png,Mass,0.12252440176478985,0.00182915,"[309.499648, 189.00019200000003, 437.999872, 297.50016]",datasets/chestxray8/val/images/00014716_007.png,Infiltration,"[343.050847457627, 65.7717492055085, 435.7966101694915, 222.51751191737299]"
00014716_007.png,Mass,0.1638976545692731,0.0018158,"[324.999936, 45.437439999999995, 389.50016, 125.499904]",datasets/chestxray8/val/images/00014716_007.png,Infiltration,"[343.050847457627, 65.7717492055085, 435.7966101694915, 222.51751191737299]"
00014716_007.png,Effusion,0.22087592540461776,0.00174999,"[368.249856, 105.000192, 490.749952, 344.49996799999997]",datasets/chestxray8/val/images/00014716_007.png,Infiltration,"[343.050847457627, 65.7717492055085, 435.7966101694915, 222.51751191737299]"
00014716_007.png,Effusion,0.16514190081807678,0.00172806,"[356.4998144, 149.7498368, 404.9998336, 199.24984320000002]",datasets/chestxray8/val/images/00014716_007.png,Infiltration,"[343.050847457627, 65.7717492055085, 435.7966101694915, 222.51751191737299]"
00014716_007.png,Effusion,0.14939243862003534,0.00165176,"[315.500288, 60.31257600000001, 377.000192, 140.250112]",datasets/chestxray8/val/images/00014716_007.png,Infiltration,"[343.050847457627, 65.7717492055085, 435.7966101694915, 222.51751191737299]"
00014716_007.png,Effusion,0.10462588945547244,0.0015173,"[368.749952, 160.75020800000001, 404.749952, 203.000192]",datasets/chestxray8/val/images/00014716_007.png,Infiltration,"[343.050847457627, 65.7717492055085, 435.7966101694915, 222.51751191737299]"
00014716_007.png,Mass,0.3970075450438955,0.00146675,"[358.249728, 74.875136, 417.74976000000004, 171.875072]",datasets/chestxray8/val/images/00014716_007.png,Infiltration,"[343.050847457627, 65.7717492055085, 435.7966101694915, 222.51751191737299]"
00014716_007.png,Effusion,0.19595849069783808,0.00144005,"[348.499968, 166.50035200000002, 401.50016, 220.250112]",datasets/chestxray8/val/images/00014716_007.png,Infiltration,"[343.050847457627, 65.7717492055085, 435.7966101694915, 222.51751191737299]"
00014716_007.png,Effusion,0.32986928145154426,0.00136662,"[287.24992, 2.7499520000000075, 424.249856, 187.500032]",datasets/chestxray8/val/images/00014716_007.png,Infiltration,"[343.050847457627, 65.7717492055085, 435.7966101694915, 222.51751191737299]"
00014716_007.png,Mass,0.24155627573183264,0.00117397,"[316.99993600000005, 145.75001600000002, 428.0, 316.749824]",datasets/chestxray8/val/images/00014716_007.png,Infiltration,"[343.050847457627, 65.7717492055085, 435.7966101694915, 222.51751191737299]"
00014716_007.png,Effusion,0.07042129709654926,0.00111294,"[396.2499584, 170.5002496, 428.7499776, 202.0002304]",datasets/chestxray8/val/images/00014716_007.png,Infiltration,"[343.050847457627, 65.7717492055085, 435.7966101694915, 222.51751191737299]"
00014716_007.png,Effusion,0.07648491351449666,0.00107574,"[313.9999232, 145.12511999999998, 359.99994879999997, 220.625152]",datasets/chestxray8/val/images/00014716_007.png,Infiltration,"[343.050847457627, 65.7717492055085, 435.7966101694915, 222.51751191737299]"
00014716_007.png,Mass,0.17584350897150455,0.00105286,"[281.250048, 0.0, 425.750272, 124.624896]",datasets/chestxray8/val/images/00014716_007.png,Infiltration,"[343.050847457627, 65.7717492055085, 435.7966101694915, 222.51751191737299]"
00014716_007.png,Effusion,0.07570073650099991,0.00101757,"[390.24975359999996, 139.1247616, 421.2497664, 174.6247424]",datasets/chestxray8/val/images/00014716_007.png,Infiltration,"[343.050847457627, 65.7717492055085, 435.7966101694915, 222.51751191737299]"
00029843_001.png,Effusion,0.12404486409625427,0.0168152,"[174.500096, 228.75008000000003, 241.000192, 305.750272]",datasets/chestxray8/val/images/00029843_001.png,Infiltration,"[128.406349206349, 224.304761904762, 193.42222222222202, 279.568253968254]"
00029843_001.png,Infiltration,0.11679418722243202,0.00678253,"[156.125184, 249.249792, 250.50009599999998, 325.74976]",datasets/chestxray8/val/images/00029843_001.png,Infiltration,"[128.406349206349, 224.304761904762, 193.42222222222202, 279.568253968254]"
00029843_001.png,Infiltration,0.08183379420841878,0.00601196,"[139.625216, 256.749824, 263.500032, 358.749952]",datasets/chestxray8/val/images/00029843_001.png,Infiltration,"[128.406349206349, 224.304761904762, 193.42222222222202, 279.568253968254]"
00029843_001.png,Infiltration,0.12404486409625427,0.00531769,"[174.500096, 228.75008000000003, 241.000192, 305.750272]",datasets/chestxray8/val/images/00029843_001.png,Infiltration,"[128.406349206349, 224.304761904762, 193.42222222222202, 279.568253968254]"
00029843_001.png,Effusion,0.11631195637256142,0.00476074,"[177.375232, 202.249984, 228.875264, 297.74976000000004]",datasets/chestxray8/val/images/00029843_001.png,Infiltration,"[128.406349206349, 224.304761904762, 193.42222222222202, 279.568253968254]"
00029843_001.png,Effusion,0.20404414656900877,0.00424194,"[172.499968, 224.99993600000002, 220.499968, 290.500096]",datasets/chestxray8/val/images/00029843_001.png,Infiltration,"[128.406349206349, 224.304761904762, 193.42222222222202, 279.568253968254]"
00029843_001.png,Cardiomegaly,0.059979750798482126,0.00409317,"[161.37472, 237.50016, 285.499904, 400.499968]",datasets/chestxray8/val/images/00029843_001.png,Infiltration,"[128.406349206349, 224.304761904762, 193.42222222222202, 279.568253968254]"
00029843_001.png,Cardiomegaly,0.1264732152375796,0.0039444,"[106.74995200000001, 82.50009600000001, 218.749952, 265.999872]",datasets/chestxray8/val/images/00029843_001.png,Infiltration,"[128.406349206349, 224.304761904762, 193.42222222222202, 279.568253968254]"
00029843_001.png,Effusion,0.17627859897148615,0.00375366,"[155.375104, 233.50016000000002, 269.499904, 304.500224]",datasets/chestxray8/val/images/00029843_001.png,Infiltration,"[128.406349206349, 224.304761904762, 193.42222222222202, 279.568253968254]"
00029843_001.png,Infiltration,0.20836086964939995,0.00287247,"[155.500032, 240.250112, 231.50028799999998, 306.750208]",datasets/chestxray8/val/images/00029843_001.png,Infiltration,"[128.406349206349, 224.304761904762, 193.42222222222202, 279.568253968254]"
00029843_001.png,Atelectasis,0.07933899304344288,0.00255203,"[9.500159999999994, 183.125248, 220.750336, 397.50016]",datasets/chestxray8/val/images/00029843_001.png,Infiltration,"[128.406349206349, 224.304761904762, 193.42222222222202, 279.568253968254]"
00029843_001.png,Infiltration,0.35972088397140783,0.00250435,"[132.125184, 240.375296, 217.37523199999998, 304.75007999999997]",datasets/chestxray8/val/images/00029843_001.png,Infiltration,"[128.406349206349, 224.304761904762, 193.42222222222202, 279.568253968254]"
00029843_001.png,Infiltration,0.08294688004093512,0.00248337,"[145.124864, 241.499904, 273.499648, 400.49996799999997]",datasets/chestxray8/val/images/00029843_001.png,Infiltration,"[128.406349206349, 224.304761904762, 193.42222222222202, 279.568253968254]"
00029843_001.png,Infiltration,0.20088267519169226,0.00245667,"[125.000192, 253.00019199999997, 224.75008, 320.500224]",datasets/chestxray8/val/images/00029843_001.png,Infiltration,"[128.406349206349, 224.304761904762, 193.42222222222202, 279.568253968254]"
00029843_001.png,Infiltration,0.058488199713668365,0.002285,"[150.49984, 246.50035200000002, 402.999808, 334.000128]",datasets/chestxray8/val/images/00029843_001.png,Infiltration,"[128.406349206349, 224.304761904762, 193.42222222222202, 279.568253968254]"
00029843_001.png,Cardiomegaly,0.10084461163276415,0.00214195,"[137.74975999999998, 183.49977599999997, 277.249792, 398.49983999999995]",datasets/chestxray8/val/images/00029843_001.png,Infiltration,"[128.406349206349, 224.304761904762, 193.42222222222202, 279.568253968254]"
00029843_001.png,Cardiomegaly,0.06100669224454661,0.0020752,"[132.49996800000002, 110.31270400000001, 212.250112, 237.25030400000003]",datasets/chestxray8/val/images/00029843_001.png,Infiltration,"[128.406349206349, 224.304761904762, 193.42222222222202, 279.568253968254]"
00029843_001.png,Infiltration,0.1903269988909825,0.00198555,"[147.875072, 236.25011199999997, 276.500224, 304.24985599999997]",datasets/chestxray8/val/images/00029843_001.png,Infiltration,"[128.406349206349, 224.304761904762, 193.42222222222202, 279.568253968254]"
00029843_001.png,Effusion,0.0621048466415879,0.00187397,"[184.75008, 217.74996480000001, 216.75008, 256.9999872]",datasets/chestxray8/val/images/00029843_001.png,Infiltration,"[128.406349206349, 224.304761904762, 193.42222222222202, 279.568253968254]"
00029843_001.png,Cardiomegaly,0.12373318724020958,0.00169086,"[126.000128, 212.12492799999998, 319.750144, 362.000128]",datasets/chestxray8/val/images/00029843_001.png,Infiltration,"[128.406349206349, 224.304761904762, 193.42222222222202, 279.568253968254]"
00029843_001.png,Mass,0.1025833840509147,0.00167084,"[134.625024, 87.750144, 246.1248, 368.75008]",datasets/chestxray8/val/images/00029843_001.png,Infiltration,"[128.406349206349, 224.304761904762, 193.42222222222202, 279.568253968254]"
00029843_001.png,Mass,0.060334884863946885,0.00162792,"[153.74976, 51.25017600000001, 264.749824, 366.000128]",datasets/chestxray8/val/images/00029843_001.png,Infiltration,"[128.406349206349, 224.304761904762, 193.42222222222202, 279.568253968254]"
00029843_001.png,Infiltration,0.24108826503359232,0.00153065,"[112.99993599999999, 243.50003200000003, 212.749824, 328.500224]",datasets/chestxray8/val/images/00029843_001.png,Infiltration,"[128.406349206349, 224.304761904762, 193.42222222222202, 279.568253968254]"
00029843_001.png,Mass,0.23714194370559008,0.00139332,"[159.75014399999998, 198.375168, 221.750272, 297.00019199999997]",datasets/chestxray8/val/images/00029843_001.png,Infiltration,"[128.406349206349, 224.304761904762, 193.42222222222202, 279.568253968254]"
00029843_001.png,Cardiomegaly,0.08209950649662454,0.00129318,"[13.937663999999998, 148.24985600000002, 209.75001600000002, 371.749632]",datasets/chestxray8/val/images/00029843_001.png,Infiltration,"[128.406349206349, 224.304761904762, 193.42222222222202, 279.568253968254]"
00029843_001.png,Cardiomegaly,0.1712330862847576,0.00124168,"[119.687424, 181.75001600000002, 232.499968, 367.749888]",datasets/chestxray8/val/images/00029843_001.png,Infiltration,"[128.406349206349, 224.304761904762, 193.42222222222202, 279.568253968254]"
00029843_001.png,Effusion,0.08656500397807246,0.00120449,"[182.6251264, 226.1250048, 215.1251456, 260.9999872]",datasets/chestxray8/val/images/00029843_001.png,Infiltration,"[128.406349206349, 224.304761904762, 193.42222222222202, 279.568253968254]"
00029843_001.png,Effusion,0.11679418722243202,0.00110722,"[156.125184, 249.249792, 250.50009599999998, 325.74976]",datasets/chestxray8/val/images/00029843_001.png,Infiltration,"[128.406349206349, 224.304761904762, 193.42222222222202, 279.568253968254]"
00029843_001.png,Atelectasis,0.0626517398859148,0.00107861,"[5.7500160000000164, 214.99980800000003, 285.50016, 420.0]",datasets/chestxray8/val/images/00029843_001.png,Infiltration,"[128.406349206349, 224.304761904762, 193.42222222222202, 279.568253968254]"
00029843_001.png,Effusion,0.10332371589163336,0.00105667,"[143.62496000000002, 171.99974400000002, 270.99980800000003, 374.49984]",datasets/chestxray8/val/images/00029843_001.png,Infiltration,"[128.406349206349, 224.304761904762, 193.42222222222202, 279.568253968254]"
00029843_001.png,Cardiomegaly,0.11119237787462966,0.00105667,"[130.00012800000002, 242.74969600000003, 255.749888, 399.749888]",datasets/chestxray8/val/images/00029843_001.png,Infiltration,"[128.406349206349, 224.304761904762, 193.42222222222202, 279.568253968254]"
00029843_001.png,Mass,0.06100669224454661,0.00103664,"[132.49996800000002, 110.31270400000001, 212.250112, 237.25030400000003]",datasets/chestxray8/val/images/00029843_001.png,Infiltration,"[128.406349206349, 224.304761904762, 193.42222222222202, 279.568253968254]"
00009705_000.png,Infiltration,0.23606746168320594,0.0537109,"[300.0, 238.12480000000002, 427.499776, 331.24992000000003]",datasets/chestxray8/val/images/00009705_000.png,Atelectasis,"[169.04126984127004, 154.4126984126985, 440.48253968254005, 339.7079365079365]"
00009705_000.png,Infiltration,0.19185784913628331,0.0393066,"[310.000128, 244.87500799999998, 455.50028799999995, 320.49996799999997]",datasets/chestxray8/val/images/00009705_000.png,Atelectasis,"[169.04126984127004, 154.4126984126985, 440.48253968254005, 339.7079365079365]"
00009705_000.png,Infiltration,0.07108091416802902,0.0150146,"[69.999872, 234.50009599999998, 223.749888, 309.499904]",datasets/chestxray8/val/images/00009705_000.png,Atelectasis,"[169.04126984127004, 154.4126984126985, 440.48253968254005, 339.7079365079365]"
00009705_000.png,Atelectasis,0.38147622971281475,0.0149612,"[265.000192, 195.749888, 401.000192, 347.249664]",datasets/chestxray8/val/images/00009705_000.png,Atelectasis,"[169.04126984127004, 154.4126984126985, 440.48253968254005, 339.7079365079365]"
00009705_000.png,Infiltration,0.38147622971281475,0.0136108,"[265.000192, 195.749888, 401.000192, 347.249664]",datasets/chestxray8/val/images/00009705_000.png,Atelectasis,"[169.04126984127004, 154.4126984126985, 440.48253968254005, 339.7079365079365]"
00009705_000.png,Infiltration,0.06510310344955873,0.0109482,"[191.000064, 223.000064, 246.49984, 281.999872]",datasets/chestxray8/val/images/00009705_000.png,Atelectasis,"[169.04126984127004, 154.4126984126985, 440.48253968254005, 339.7079365079365]"
00009705_000.png,Effusion,0.06992770529101792,0.0103989,"[315.749888, 162.375168, 372.250112, 224.62515199999999]",datasets/chestxray8/val/images/00009705_000.png,Atelectasis,"[169.04126984127004, 154.4126984126985, 440.48253968254005, 339.7079365079365]"
00009705_000.png,Infiltration,0.09199723837505965,0.00998688,"[339.50003200000003, 233.7499392, 456.500224, 280.2499328]",datasets/chestxray8/val/images/00009705_000.png,Atelectasis,"[169.04126984127004, 154.4126984126985, 440.48253968254005, 339.7079365079365]"
00009705_000.png,Infiltration,0.06057711771871016,0.00662231,"[81.250304, 224.12518400000002, 216.75008, 296.00025600000004]",datasets/chestxray8/val/images/00009705_000.png,Atelectasis,"[169.04126984127004, 154.4126984126985, 440.48253968254005, 339.7079365079365]"
00009705_000.png,Infiltration,0.06820547305143841,0.00626755,"[347.500288, 224.24988159999998, 453.50016, 261.4998784]",datasets/chestxray8/val/images/00009705_000.png,Atelectasis,"[169.04126984127004, 154.4126984126985, 440.48253968254005, 339.7079365079365]"
00009705_000.png,Infiltration,0.051008208604249976,0.0058136,"[372.49996799999997, 220.1249536, 454.000128, 258.24995839999997]",datasets/chestxray8/val/images/00009705_000.png,Atelectasis,"[169.04126984127004, 154.4126984126985, 440.48253968254005, 339.7079365079365]"
00009705_000.png,Effusion,0.0625211761732215,0.00432968,"[171.62521600000002, 144.49996800000002, 229.625088, 209.250048]",datasets/chestxray8/val/images/00009705_000.png,Atelectasis,"[169.04126984127004, 154.4126984126985, 440.48253968254005, 339.7079365079365]"
00009705_000.png,Infiltration,0.09831009260938324,0.00408554,"[358.750208, 222.875136, 462.249984, 285.000192]",datasets/chestxray8/val/images/00009705_000.png,Atelectasis,"[169.04126984127004, 154.4126984126985, 440.48253968254005, 339.7079365079365]"
00009705_000.png,Effusion,0.07455489057768673,0.00403214,"[173.62534399999998, 174.624768, 230.875136, 240.12492799999998]",datasets/chestxray8/val/images/00009705_000.png,Atelectasis,"[169.04126984127004, 154.4126984126985, 440.48253968254005, 339.7079365079365]"
00009705_000.png,Cardiomegaly,0.07891743371932022,0.00390434,"[67.00031999999999, 236.49996800000002, 225.50016, 318.49984]",datasets/chestxray8/val/images/00009705_000.png,Atelectasis,"[169.04126984127004, 154.4126984126985, 440.48253968254005, 339.7079365079365]"
00009705_000.png,Effusion,0.06761406683990301,0.00366783,"[189.50016000000002, 220.75008000000003, 245.250304, 281.750272]",datasets/chestxray8/val/images/00009705_000.png,Atelectasis,"[169.04126984127004, 154.4126984126985, 440.48253968254005, 339.7079365079365]"
00009705_000.png,Infiltration,0.14949029125655236,0.00344276,"[312.249856, 232.37504, 458.249728, 292.249856]",datasets/chestxray8/val/images/00009705_000.png,Atelectasis,"[169.04126984127004, 154.4126984126985, 440.48253968254005, 339.7079365079365]"
00009705_000.png,Infiltration,0.1041546313909036,0.00235176,"[354.749952, 244.75008, 465.24979199999996, 307.750144]",datasets/chestxray8/val/images/00009705_000.png,Atelectasis,"[169.04126984127004, 154.4126984126985, 440.48253968254005, 339.7079365079365]"
00009705_000.png,Effusion,0.059496753666939836,0.00205612,"[358.750208, 237.24979199999999, 415.75014400000003, 289.74976]",datasets/chestxray8/val/images/00009705_000.png,Atelectasis,"[169.04126984127004, 154.4126984126985, 440.48253968254005, 339.7079365079365]"
00009705_000.png,Infiltration,0.1301137561969902,0.00204468,"[177.499648, 223.37536, 281.999872, 286.000128]",datasets/chestxray8/val/images/00009705_000.png,Atelectasis,"[169.04126984127004, 154.4126984126985, 440.48253968254005, 339.7079365079365]"
00009705_000.png,Atelectasis,0.1392085119868013,0.00204277,"[49.12512000000001, 254.750208, 329.499904, 473.25030399999997]",datasets/chestxray8/val/images/00009705_000.png,Atelectasis,"[169.04126984127004, 154.4126984126985, 440.48253968254005, 339.7079365079365]"
00009705_000.png,Effusion,0.08232099895605144,0.00201416,"[336.49996799999997, 286.249728, 422.500096, 404.249856]",datasets/chestxray8/val/images/00009705_000.png,Atelectasis,"[169.04126984127004, 154.4126984126985, 440.48253968254005, 339.7079365079365]"
00009705_000.png,Effusion,0.07021714245827292,0.00200462,"[364.00025600000004, 241.625088, 424.500224, 300.00025600000004]",datasets/chestxray8/val/images/00009705_000.png,Atelectasis,"[169.04126984127004, 154.4126984126985, 440.48253968254005, 339.7079365079365]"
00009705_000.png,Cardiomegaly,0.17980098326847718,0.00198364,"[321.99987200000004, 248.25011200000003, 478.49984, 329.25004800000005]",datasets/chestxray8/val/images/00009705_000.png,Atelectasis,"[169.04126984127004, 154.4126984126985, 440.48253968254005, 339.7079365079365]"
00009705_000.png,Cardiomegaly,0.05423638579813085,0.00195503,"[62.06259200000001, 128.749824, 191.500288, 328.99968]",datasets/chestxray8/val/images/00009705_000.png,Atelectasis,"[169.04126984127004, 154.4126984126985, 440.48253968254005, 339.7079365079365]"
00009705_000.png,Infiltration,0.25930097367281574,0.00190926,"[285.999872, 234.49983999999998, 416.99968, 361.49990399999996]",datasets/chestxray8/val/images/00009705_000.png,Atelectasis,"[169.04126984127004, 154.4126984126985, 440.48253968254005, 339.7079365079365]"
00009705_000.png,Cardiomegaly,0.1573699107533659,0.00172806,"[308.00025600000004, 256.250112, 464.500224, 317.750016]",datasets/chestxray8/val/images/00009705_000.png,Atelectasis,"[169.04126984127004, 154.4126984126985, 440.48253968254005, 339.7079365079365]"
00009705_000.png,Infiltration,0.06824381434978108,0.00172424,"[372.249856, 190.6249984, 449.250048, 241.3750016]",datasets/chestxray8/val/images/00009705_000.png,Atelectasis,"[169.04126984127004, 154.4126984126985, 440.48253968254005, 339.7079365079365]"
00009705_000.png,Infiltration,0.05701768173241006,0.00169182,"[136.875008, 237.12511999999998, 218.375168, 297.50016]",datasets/chestxray8/val/images/00009705_000.png,Atelectasis,"[169.04126984127004, 154.4126984126985, 440.48253968254005, 339.7079365079365]"
00009705_000.png,Infiltration,0.09886862159080885,0.00156689,"[327.749888, 284.499968, 429.750016, 405.000192]",datasets/chestxray8/val/images/00009705_000.png,Atelectasis,"[169.04126984127004, 154.4126984126985, 440.48253968254005, 339.7079365079365]"
00009705_000.png,Atelectasis,0.31135339806026247,0.00156212,"[200.75033600000003, 236.00025599999998, 491.750144, 423.000064]",datasets/chestxray8/val/images/00009705_000.png,Atelectasis,"[169.04126984127004, 154.4126984126985, 440.48253968254005, 339.7079365079365]"
00009705_000.png,Infiltration,0.41059293707107825,0.00145912,"[127.49977600000003, 196.375296, 424.49971200000005, 283.000064]",datasets/chestxray8/val/images/00009705_000.png,Atelectasis,"[169.04126984127004, 154.4126984126985, 440.48253968254005, 339.7079365079365]"
00009705_000.png,Effusion,0.06442178348230176,0.0013504,"[319.2500736, 143.875072, 370.25008640000004, 218.625024]",datasets/chestxray8/val/images/00009705_000.png,Atelectasis,"[169.04126984127004, 154.4126984126985, 440.48253968254005, 339.7079365079365]"
00009705_000.png,Cardiomegaly,0.19029224368419825,0.00133228,"[366.00012799999996, 106.25024000000002, 497.50016, 380.250112]",datasets/chestxray8/val/images/00009705_000.png,Atelectasis,"[169.04126984127004, 154.4126984126985, 440.48253968254005, 339.7079365079365]"
00009705_000.png,Atelectasis,0.264109779482322,0.00131512,"[113.687296, 224.24985599999997, 336.749824, 414.249984]",datasets/chestxray8/val/images/00009705_000.png,Atelectasis,"[169.04126984127004, 154.4126984126985, 440.48253968254005, 339.7079365079365]"
00009705_000.png,Infiltration,0.1506809837306342,0.0011692,"[307.750144, 214.750208, 465.250048, 273.50016]",datasets/chestxray8/val/images/00009705_000.png,Atelectasis,"[169.04126984127004, 154.4126984126985, 440.48253968254005, 339.7079365079365]"
00009705_000.png,Effusion,0.05249322846020568,0.00103664,"[309.250048, 181.4998272, 368.249856, 226.24980480000002]",datasets/chestxray8/val/images/00009705_000.png,Atelectasis,"[169.04126984127004, 154.4126984126985, 440.48253968254005, 339.7079365079365]"
00009705_000.png,Cardiomegaly,0.057088689714651315,0.00102329,"[53.25004799999999, 175.500032, 197.000192, 309.999872]",datasets/chestxray8/val/images/00009705_000.png,Atelectasis,"[169.04126984127004, 154.4126984126985, 440.48253968254005, 339.7079365079365]"
00009705_000.png,Effusion,0.05921304884629772,0.00101662,"[201.249792, 142.375168, 258.249728, 207.375104]",datasets/chestxray8/val/images/00009705_000.png,Atelectasis,"[169.04126984127004, 154.4126984126985, 440.48253968254005, 339.7079365079365]"
00025252_032.png,Mass,0.43335170546669705,0.102051,"[378.749952, 356.249856, 453.74976000000004, 426.749696]",datasets/chestxray8/val/images/00025252_032.png,Mass,"[378.0266666666665, 340.9256336805555, 478.71999999999997, 462.098967013889]"
00025252_032.png,Atelectasis,0.09737216400754001,0.0744019,"[199.500288, 203.250176, 445.000192, 431.24992]",datasets/chestxray8/val/images/00025252_032.png,Mass,"[378.0266666666665, 340.9256336805555, 478.71999999999997, 462.098967013889]"
00025252_032.png,Atelectasis,0.2554488035934456,0.0562439,"[262.500096, 369.75001599999996, 498.000128, 512.0]",datasets/chestxray8/val/images/00025252_032.png,Mass,"[378.0266666666665, 340.9256336805555, 478.71999999999997, 462.098967013889]"
00025252_032.png,Mass,0.495502508192558,0.0322876,"[332.249856, 341.00019199999997, 505.499904, 483.00032]",datasets/chestxray8/val/images/00025252_032.png,Mass,"[378.0266666666665, 340.9256336805555, 478.71999999999997, 462.098967013889]"
00025252_032.png,Mass,0.49159377685435407,0.0225525,"[361.499904, 320.00025600000004, 497.499904, 502.500096]",datasets/chestxray8/val/images/00025252_032.png,Mass,"[378.0266666666665, 340.9256336805555, 478.71999999999997, 462.098967013889]"
00025252_032.png,Effusion,0.1669487467874907,0.0206146,"[426.0000768, 384.2502144, 468.00005120000003, 432.7502336]",datasets/chestxray8/val/images/00025252_032.png,Mass,"[378.0266666666665, 340.9256336805555, 478.71999999999997, 462.098967013889]"
00025252_032.png,Mass,0.27130463104030883,0.0111618,"[423.499776, 377.750272, 496.0, 510.500096]",datasets/chestxray8/val/images/00025252_032.png,Mass,"[378.0266666666665, 340.9256336805555, 478.71999999999997, 462.098967013889]"
00025252_032.png,Mass,0.3951425951157781,0.0105209,"[380.0, 341.74976, 446.500096, 414.249984]",datasets/chestxray8/val/images/00025252_032.png,Mass,"[378.0266666666665, 340.9256336805555, 478.71999999999997, 462.098967013889]"
00025252_032.png,Effusion,0.3319300024526126,0.0103607,"[423.9998464, 367.749888, 468.9998336, 457.74976]",datasets/chestxray8/val/images/00025252_032.png,Mass,"[378.0266666666665, 340.9256336805555, 478.71999999999997, 462.098967013889]"
00025252_032.png,Cardiomegaly,0.11482351852202234,0.0094223,"[359.000064, 92.249856, 478.00012799999996, 389.999872]",datasets/chestxray8/val/images/00025252_032.png,Mass,"[378.0266666666665, 340.9256336805555, 478.71999999999997, 462.098967013889]"
00025252_032.png,Effusion,0.10621778206314123,0.00836945,"[432.749952, 389.750144, 468.749952, 425.750144]",datasets/chestxray8/val/images/00025252_032.png,Mass,"[378.0266666666665, 340.9256336805555, 478.71999999999997, 462.098967013889]"
00025252_032.png,Mass,0.458660884775096,0.00836182,"[419.000064, 359.000064, 475.000064, 469.000192]",datasets/chestxray8/val/images/00025252_032.png,Mass,"[378.0266666666665, 340.9256336805555, 478.71999999999997, 462.098967013889]"
00025252_032.png,Infiltration,0.19018646376033646,0.0071907,"[356.499968, 324.500224, 422.49984, 403.50028799999995]",datasets/chestxray8/val/images/00025252_032.png,Mass,"[378.0266666666665, 340.9256336805555, 478.71999999999997, 462.098967013889]"
00025252_032.png,Infiltration,0.2666477170307549,0.00697327,"[369.49990399999996, 335.50003200000003, 428.999936, 409.499904]",datasets/chestxray8/val/images/00025252_032.png,Mass,"[378.0266666666665, 340.9256336805555, 478.71999999999997, 462.098967013889]"
00025252_032.png,Mass,0.24079285847696255,0.00694656,"[382.000128, 356.250112, 438.500352, 408.24985599999997]",datasets/chestxray8/val/images/00025252_032.png,Mass,"[378.0266666666665, 340.9256336805555, 478.71999999999997, 462.098967013889]"
00025252_032.png,Mass,0.4770290336474123,0.0044136,"[391.750144, 330.249984, 464.75008, 425.74976]",datasets/chestxray8/val/images/00025252_032.png,Mass,"[378.0266666666665, 340.9256336805555, 478.71999999999997, 462.098967013889]"
00025252_032.png,Effusion,0.2523699397469553,0.00370789,"[383.749888, 402.500096, 438.24972799999995, 459.00032]",datasets/chestxray8/val/images/00025252_032.png,Mass,"[378.0266666666665, 340.9256336805555, 478.71999999999997, 462.098967013889]"
00025252_032.png,Effusion,0.19018646376033646,0.0029335,"[356.499968, 324.500224, 422.49984, 403.50028799999995]",datasets/chestxray8/val/images/00025252_032.png,Mass,"[378.0266666666665, 340.9256336805555, 478.71999999999997, 462.098967013889]"
00025252_032.png,Effusion,0.19872745936285474,0.00283241,"[437.0001152, 373.50016, 467.5001088, 452.999936]",datasets/chestxray8/val/images/00025252_032.png,Mass,"[378.0266666666665, 340.9256336805555, 478.71999999999997, 462.098967013889]"
00025252_032.png,Infiltration,0.3488144545237516,0.00255585,"[381.74976, 345.499904, 445.74976, 412.0]",datasets/chestxray8/val/images/00025252_032.png,Mass,"[378.0266666666665, 340.9256336805555, 478.71999999999997, 462.098967013889]"
00025252_032.png,Infiltration,0.16148297640887907,0.0025177,"[326.749696, 306.500096, 415.24992, 425.999872]",datasets/chestxray8/val/images/00025252_032.png,Mass,"[378.0266666666665, 340.9256336805555, 478.71999999999997, 462.098967013889]"
00025252_032.png,Cardiomegaly,0.27449832204389485,0.00228119,"[364.49996799999997, 147.24966399999997, 499.50003200000003, 456.249856]",datasets/chestxray8/val/images/00025252_032.png,Mass,"[378.0266666666665, 340.9256336805555, 478.71999999999997, 462.098967013889]"
00025252_032.png,Effusion,0.08785916984960573,0.0022316,"[395.5001088, 402.25024, 429.0001152, 434.25024]",datasets/chestxray8/val/images/00025252_032.png,Mass,"[378.0266666666665, 340.9256336805555, 478.71999999999997, 462.098967013889]"
00025252_032.png,Mass,0.4215497232392804,0.00207138,"[378.000128, 295.999744, 512.000256, 511.999744]",datasets/chestxray8/val/images/00025252_032.png,Mass,"[378.0266666666665, 340.9256336805555, 478.71999999999997, 462.098967013889]"
00025252_032.png,Effusion,0.39055671624130006,0.00203896,"[432.2500608, 353.499904, 477.7500672, 471.99974399999996]",datasets/chestxray8/val/images/00025252_032.png,Mass,"[378.0266666666665, 340.9256336805555, 478.71999999999997, 462.098967013889]"
00025252_032.png,Effusion,0.12334712041117198,0.00186157,"[396.7502336, 394.2498816, 439.75024640000004, 429.2498944]",datasets/chestxray8/val/images/00025252_032.png,Mass,"[378.0266666666665, 340.9256336805555, 478.71999999999997, 462.098967013889]"
00025252_032.png,Infiltration,0.18296164236035226,0.00178432,"[403.00032, 320.499712, 462.000128, 382.49984]",datasets/chestxray8/val/images/00025252_032.png,Mass,"[378.0266666666665, 340.9256336805555, 478.71999999999997, 462.098967013889]"
00025252_032.png,Mass,0.20374880639770765,0.00166321,"[425.000064, 380.250112, 469.000064, 436.750336]",datasets/chestxray8/val/images/00025252_032.png,Mass,"[378.0266666666665, 340.9256336805555, 478.71999999999997, 462.098967013889]"
00025252_032.png,Effusion,0.07687677361840502,0.00160599,"[441.24992, 395.9998208, 469.24992, 429.49982719999997]",datasets/chestxray8/val/images/00025252_032.png,Mass,"[378.0266666666665, 340.9256336805555, 478.71999999999997, 462.098967013889]"
00025252_032.png,Cardiomegaly,0.05382744727654927,0.00157166,"[338.25023999999996, 116.06246399999999, 459.250176, 367.749888]",datasets/chestxray8/val/images/00025252_032.png,Mass,"[378.0266666666665, 340.9256336805555, 478.71999999999997, 462.098967013889]"
00025252_032.png,Effusion,0.2666477170307549,0.00156879,"[369.49990399999996, 335.50003200000003, 428.999936, 409.499904]",datasets/chestxray8/val/images/00025252_032.png,Mass,"[378.0266666666665, 340.9256336805555, 478.71999999999997, 462.098967013889]"
00025252_032.png,Cardiomegaly,0.3896679703831989,0.00152397,"[411.00032, 343.00006399999995, 509.00019199999997, 512.0]",datasets/chestxray8/val/images/00025252_032.png,Mass,"[378.0266666666665, 340.9256336805555, 478.71999999999997, 462.098967013889]"
00025252_032.png,Infiltration,0.2189654999572434,0.0014143,"[393.50016, 304.49996799999997, 466.50009600000004, 385.499904]",datasets/chestxray8/val/images/00025252_032.png,Mass,"[378.0266666666665, 340.9256336805555, 478.71999999999997, 462.098967013889]"
00025252_032.png,Atelectasis,0.10914167473297509,0.00141048,"[268.99993600000005, 432.749824, 493.999872, 511.99974399999996]",datasets/chestxray8/val/images/00025252_032.png,Mass,"[378.0266666666665, 340.9256336805555, 478.71999999999997, 462.098967013889]"
00025252_032.png,Infiltration,0.11705559940513392,0.00126743,"[290.750208, 321.75001599999996, 405.750016, 437.250048]",datasets/chestxray8/val/images/00025252_032.png,Mass,"[378.0266666666665, 340.9256336805555, 478.71999999999997, 462.098967013889]"
00025252_032.png,Effusion,0.08523654213416063,0.00126362,"[388.749824, 403.2500224, 420.749824, 435.7500416]",datasets/chestxray8/val/images/00025252_032.png,Mass,"[378.0266666666665, 340.9256336805555, 478.71999999999997, 462.098967013889]"
00025252_032.png,Cardiomegaly,0.21302430372001951,0.00116634,"[259.250176, 394.000128, 486.75020800000004, 512.000256]",datasets/chestxray8/val/images/00025252_032.png,Mass,"[378.0266666666665, 340.9256336805555, 478.71999999999997, 462.098967013889]"
00025252_032.png,Cardiomegaly,0.35831764479988737,0.00112629,"[404.499968, 375.499776, 496.999936, 506.99980800000003]",datasets/chestxray8/val/images/00025252_032.png,Mass,"[378.0266666666665, 340.9256336805555, 478.71999999999997, 462.098967013889]"
00025252_032.png,Effusion,0.15763708058128453,0.00105572,"[372.2499584, 403.5000832, 420.7499776, 449.50010879999996]",datasets/chestxray8/val/images/00025252_032.png,Mass,"[378.0266666666665, 340.9256336805555, 478.71999999999997, 462.098967013889]"
00025252_032.png,Mass,0.2666477170307549,0.0010376,"[369.49990399999996, 335.50003200000003, 428.999936, 409.499904]",datasets/chestxray8/val/images/00025252_032.png,Mass,"[378.0266666666665, 340.9256336805555, 478.71999999999997, 462.098967013889]"
00025252_032.png,Mass,0.4871024188313903,0.00103283,"[401.00019199999997, 266.24998400000004, 478.500096, 478.749952]",datasets/chestxray8/val/images/00025252_032.png,Mass,"[378.0266666666665, 340.9256336805555, 478.71999999999997, 462.098967013889]"
00025252_032.png,Infiltration,0.2719361683448582,0.0010252,"[261.250048, 358.75020800000004, 499.250176, 512.0]",datasets/chestxray8/val/images/00025252_032.png,Mass,"[378.0266666666665, 340.9256336805555, 478.71999999999997, 462.098967013889]"
00025252_032.png,Infiltration,0.26643077484582656,0.00102043,"[315.00032, 394.000128, 473.50016000000005, 512.000256]",datasets/chestxray8/val/images/00025252_032.png,Mass,"[378.0266666666665, 340.9256336805555, 478.71999999999997, 462.098967013889]"
00011322_002.png,Infiltration,0.09076116519667952,0.0472107,"[339.250176, 291.000064, 423.24992, 357.50016]",datasets/chestxray8/val/images/00011322_002.png,Atelectasis,"[173.37566137566148, 178.25185185185197, 426.9375661375665, 420.977777777778]"
00011322_002.png,Infiltration,0.12124210793094936,0.0225525,"[328.500224, 283.00032, 410.500096, 374.000128]",datasets/chestxray8/val/images/00011322_002.png,Atelectasis,"[173.37566137566148, 178.25185185185197, 426.9375661375665, 420.977777777778]"
00011322_002.png,Infiltration,0.06982818492193471,0.0194244,"[350.750208, 297.24979199999996, 438.249984, 354.249728]",datasets/chestxray8/val/images/00011322_002.png,Atelectasis,"[173.37566137566148, 178.25185185185197, 426.9375661375665, 420.977777777778]"
00011322_002.png,Cardiomegaly,0.07037257600284892,0.0166016,"[69.43744, 48.87526399999999, 206.00012800000002, 398.500096]",datasets/chestxray8/val/images/00011322_002.png,Atelectasis,"[173.37566137566148, 178.25185185185197, 426.9375661375665, 420.977777777778]"
00011322_002.png,Mass,0.07470676274571188,0.00904083,"[157.75001600000002, 322.25024, 224.250112, 414.750208]",datasets/chestxray8/val/images/00011322_002.png,Atelectasis,"[173.37566137566148, 178.25185185185197, 426.9375661375665, 420.977777777778]"
00011322_002.png,Infiltration,0.24959381365614458,0.0085907,"[297.999872, 258.750208, 402.500096, 405.750016]",datasets/chestxray8/val/images/00011322_002.png,Atelectasis,"[173.37566137566148, 178.25185185185197, 426.9375661375665, 420.977777777778]"
00011322_002.png,Mass,0.050729066942509574,0.00572205,"[159.875072, 315.249664, 217.124864, 387.749888]",datasets/chestxray8/val/images/00011322_002.png,Atelectasis,"[173.37566137566148, 178.25185185185197, 426.9375661375665, 420.977777777778]"
00011322_002.png,Effusion,0.054065244057511876,0.00534058,"[349.750272, 289.750016, 410.25023999999996, 344.75007999999997]",datasets/chestxray8/val/images/00011322_002.png,Atelectasis,"[173.37566137566148, 178.25185185185197, 426.9375661375665, 420.977777777778]"
00011322_002.png,Cardiomegaly,0.08007585806505976,0.00463867,"[398.249728, 89.00019200000003, 494.749952, 424.499968]",datasets/chestxray8/val/images/00011322_002.png,Atelectasis,"[173.37566137566148, 178.25185185185197, 426.9375661375665, 420.977777777778]"
00011322_002.png,Infiltration,0.10918030574780534,0.00326729,"[347.500288, 266.24998400000004, 443.000064, 352.749824]",datasets/chestxray8/val/images/00011322_002.png,Atelectasis,"[173.37566137566148, 178.25185185185197, 426.9375661375665, 420.977777777778]"
00011322_002.png,Cardiomegaly,0.05130278412577882,0.00308037,"[56.06220800000001, 163.749888, 193.49990400000002, 444.250112]",datasets/chestxray8/val/images/00011322_002.png,Atelectasis,"[173.37566137566148, 178.25185185185197, 426.9375661375665, 420.977777777778]"
00011322_002.png,Infiltration,0.08705686314956432,0.00287819,"[331.749888, 277.999872, 407.75014400000003, 348.49971200000005]",datasets/chestxray8/val/images/00011322_002.png,Atelectasis,"[173.37566137566148, 178.25185185185197, 426.9375661375665, 420.977777777778]"
00011322_002.png,Effusion,0.06448384521386705,0.00245094,"[340.0, 280.249856, 403.499776, 342.749696]",datasets/chestxray8/val/images/00011322_002.png,Atelectasis,"[173.37566137566148, 178.25185185185197, 426.9375661375665, 420.977777777778]"
00011322_002.png,Infiltration,0.1776106225360951,0.00233841,"[284.0, 278.500096, 363.499776, 416.00025600000004]",datasets/chestxray8/val/images/00011322_002.png,Atelectasis,"[173.37566137566148, 178.25185185185197, 426.9375661375665, 420.977777777778]"
00011322_002.png,Mass,0.0985287903282818,0.0021019,"[157.8752, 310.00012799999996, 230.875136, 441.50016]",datasets/chestxray8/val/images/00011322_002.png,Atelectasis,"[173.37566137566148, 178.25185185185197, 426.9375661375665, 420.977777777778]"
00011322_002.png,Cardiomegaly,0.07653047627529654,0.00193119,"[401.750272, 160.124928, 486.25023999999996, 449.50016]",datasets/chestxray8/val/images/00011322_002.png,Atelectasis,"[173.37566137566148, 178.25185185185197, 426.9375661375665, 420.977777777778]"
00011322_002.png,Cardiomegaly,0.07447600913669611,0.0018177,"[395.250176, 95.24992, 469.750272, 355.24966400000005]",datasets/chestxray8/val/images/00011322_002.png,Atelectasis,"[173.37566137566148, 178.25185185185197, 426.9375661375665, 420.977777777778]"
00011322_002.png,Cardiomegaly,0.08603242690972018,0.0016861,"[388.249856, 50.74995200000001, 483.24992, 365.499904]",datasets/chestxray8/val/images/00011322_002.png,Atelectasis,"[173.37566137566148, 178.25185185185197, 426.9375661375665, 420.977777777778]"
00011322_002.png,Effusion,0.09070494920818795,0.00167084,"[336.499968, 285.250048, 413.50016, 357.750272]",datasets/chestxray8/val/images/00011322_002.png,Atelectasis,"[173.37566137566148, 178.25185185185197, 426.9375661375665, 420.977777777778]"
00011322_002.png,Cardiomegaly,0.07985868009394903,0.00118446,"[391.000064, 247.24966400000002, 476.000256, 400.749824]",datasets/chestxray8/val/images/00011322_002.png,Atelectasis,"[173.37566137566148, 178.25185185185197, 426.9375661375665, 420.977777777778]"
00011322_002.png,Cardiomegaly,0.1580101609497833,0.00113583,"[365.750272, 68.12518399999999, 465.75001599999996, 386.500096]",datasets/chestxray8/val/images/00011322_002.png,Atelectasis,"[173.37566137566148, 178.25185185185197, 426.9375661375665, 420.977777777778]"
00011322_002.png,Infiltration,0.05966142645253431,0.00112343,"[364.75007999999997, 240.37529600000002, 458.249984, 301.250048]",datasets/chestxray8/val/images/00011322_002.png,Atelectasis,"[173.37566137566148, 178.25185185185197, 426.9375661375665, 420.977777777778]"
00011322_002.png,Cardiomegaly,0.06285359019044968,0.00103855,"[404.49996799999997, 217.750272, 479.499776, 425.250048]",datasets/chestxray8/val/images/00011322_002.png,Atelectasis,"[173.37566137566148, 178.25185185185197, 426.9375661375665, 420.977777777778]"
00011322_002.png,Infiltration,0.15793073800893917,0.00101376,"[307.250176, 283.750144, 387.250176, 405.250304]",datasets/chestxray8/val/images/00011322_002.png,Atelectasis,"[173.37566137566148, 178.25185185185197, 426.9375661375665, 420.977777777778]"
00017511_006.png,Infiltration,0.33450698741369334,0.00418854,"[214.749952, 237.00019200000003, 295.250176, 391.500288]",datasets/chestxray8/val/images/00017511_006.png,Atelectasis,"[169.49152542372897, 211.93220338983048, 368.0, 378.9830508474575]"
00017511_006.png,Infiltration,0.058508974393144696,0.00299263,"[322.249728, 248.50012160000003, 378.749952, 291.50013440000004]",datasets/chestxray8/val/images/00017511_006.png,Atelectasis,"[169.49152542372897, 211.93220338983048, 368.0, 378.9830508474575]"
00017511_006.png,Mass,0.06296993016959612,0.00283241,"[83.749888, 289.750016, 199.74963200000002, 373.74976]",datasets/chestxray8/val/images/00017511_006.png,Atelectasis,"[169.49152542372897, 211.93220338983048, 368.0, 378.9830508474575]"
00017511_006.png,Infiltration,0.05157747099807232,0.00254822,"[311.75014400000003, 185.50016, 382.750208, 244.49996800000002]",datasets/chestxray8/val/images/00017511_006.png,Atelectasis,"[169.49152542372897, 211.93220338983048, 368.0, 378.9830508474575]"
00017511_006.png,Infiltration,0.07131294333594465,0.00251961,"[147.25004800000002, 261.75001599999996, 197.500032, 351.250176]",datasets/chestxray8/val/images/00017511_006.png,Atelectasis,"[169.49152542372897, 211.93220338983048, 368.0, 378.9830508474575]"
00017511_006.png,Infiltration,0.0661946107622888,0.00224495,"[313.999872, 240.625152, 372.49996799999997, 281.50016]",datasets/chestxray8/val/images/00017511_006.png,Atelectasis,"[169.49152542372897, 211.93220338983048, 368.0, 378.9830508474575]"
00017511_006.png,Cardiomegaly,0.08876141072283412,0.00171185,"[322.25024, 32.49971200000002, 418.25024, 320.249856]",datasets/chestxray8/val/images/00017511_006.png,Atelectasis,"[169.49152542372897, 211.93220338983048, 368.0, 378.9830508474575]"
00017511_006.png,Mass,0.05143555978647927,0.00154591,"[119.37484800000001, 291.50003200000003, 192.374784, 375.499776]",datasets/chestxray8/val/images/00017511_006.png,Atelectasis,"[169.49152542372897, 211.93220338983048, 368.0, 378.9830508474575]"
00017511_006.png,Infiltration,0.3126483880814501,0.00142288,"[179.999744, 261.750272, 268.49996799999997, 379.250176]",datasets/chestxray8/val/images/00017511_006.png,Atelectasis,"[169.49152542372897, 211.93220338983048, 368.0, 378.9830508474575]"
00017511_006.png,Effusion,0.0798602237328552,0.00124168,"[288.500224, 252.25018880000002, 342.000128, 301.7501952]",datasets/chestxray8/val/images/00017511_006.png,Atelectasis,"[169.49152542372897, 211.93220338983048, 368.0, 378.9830508474575]"
00017511_006.png,Infiltration,0.20637960618926685,0.0012331,"[286.24998400000004, 282.000128, 380.749824, 368.49996799999997]",datasets/chestxray8/val/images/00017511_006.png,Atelectasis,"[169.49152542372897, 211.93220338983048, 368.0, 378.9830508474575]"
00017511_006.png,Infiltration,0.06296993016959612,0.00114346,"[83.749888, 289.750016, 199.74963200000002, 373.74976]",datasets/chestxray8/val/images/00017511_006.png,Atelectasis,"[169.49152542372897, 211.93220338983048, 368.0, 378.9830508474575]"
00017511_006.png,Infiltration,0.09248280173283263,0.00106335,"[290.750208, 168.499712, 380.75007999999997, 256.999936]",datasets/chestxray8/val/images/00017511_006.png,Atelectasis,"[169.49152542372897, 211.93220338983048, 368.0, 378.9830508474575]"
00017511_006.png,Cardiomegaly,0.10213780917081905,0.0010128,"[293.499904, 26.749952000000008, 410.500096, 291.749888]",datasets/chestxray8/val/images/00017511_006.png,Atelectasis,"[169.49152542372897, 211.93220338983048, 368.0, 378.9830508474575]"
00013249_052.png,Infiltration,0.08013605786726538,0.0318298,"[358.999808, 195.12478720000001, 436.499712, 239.3747968]",datasets/chestxray8/val/images/00013249_052.png,Atelectasis,"[167.41587301587302, 191.25502645502647, 428.56296296296307, 336.9989417989419]"
00013249_052.png,Mass,0.052844451631681395,0.0305176,"[107.750144, 217.37523199999998, 188.75008, 328.0]",datasets/chestxray8/val/images/00013249_052.png,Atelectasis,"[167.41587301587302, 191.25502645502647, 428.56296296296307, 336.9989417989419]"
00013249_052.png,Infiltration,0.09160825243276839,0.0220642,"[353.999872, 180.250112, 448.49971200000005, 240.500224]",datasets/chestxray8/val/images/00013249_052.png,Atelectasis,"[167.41587301587302, 191.25502645502647, 428.56296296296307, 336.9989417989419]"
00013249_052.png,Infiltration,0.07687774889218568,0.0082016,"[351.499776, 157.50016, 447.499776, 233.250048]",datasets/chestxray8/val/images/00013249_052.png,Atelectasis,"[167.41587301587302, 191.25502645502647, 428.56296296296307, 336.9989417989419]"
00013249_052.png,Mass,0.06557452027733293,0.00803375,"[390.000128, 267.99974399999996, 452.00025600000004, 351.499776]",datasets/chestxray8/val/images/00013249_052.png,Atelectasis,"[167.41587301587302, 191.25502645502647, 428.56296296296307, 336.9989417989419]"
00013249_052.png,Mass,0.08647171884317693,0.00747299,"[109.24979199999999, 156.0, 198.999808, 325.50016]",datasets/chestxray8/val/images/00013249_052.png,Atelectasis,"[167.41587301587302, 191.25502645502647, 428.56296296296307, 336.9989417989419]"
00013249_052.png,Infiltration,0.11958573181417054,0.00712967,"[340.75008, 194.1248, 444.75008, 247.12499200000002]",datasets/chestxray8/val/images/00013249_052.png,Atelectasis,"[167.41587301587302, 191.25502645502647, 428.56296296296307, 336.9989417989419]"
00013249_052.png,Cardiomegaly,0.1963415006410818,0.0044136,"[356.749824, 133.50016, 477.74976000000004, 346.000128]",datasets/chestxray8/val/images/00013249_052.png,Atelectasis,"[167.41587301587302, 191.25502645502647, 428.56296296296307, 336.9989417989419]"
00013249_052.png,Mass,0.06820772133377254,0.00428009,"[88.99968, 161.250304, 192.749824, 351.750144]",datasets/chestxray8/val/images/00013249_052.png,Atelectasis,"[167.41587301587302, 191.25502645502647, 428.56296296296307, 336.9989417989419]"
00013249_052.png,Effusion,0.11653532144696119,0.00419998,"[171.500288, 229.37472000000002, 234.750208, 299.499776]",datasets/chestxray8/val/images/00013249_052.png,Atelectasis,"[167.41587301587302, 191.25502645502647, 428.56296296296307, 336.9989417989419]"
00013249_052.png,Cardiomegaly,0.07746865597755037,0.00378036,"[105.999872, 117.00019199999998, 221.49990400000002, 264.500224]",datasets/chestxray8/val/images/00013249_052.png,Atelectasis,"[167.41587301587302, 191.25502645502647, 428.56296296296307, 336.9989417989419]"
00013249_052.png,Infiltration,0.1478361403278976,0.00369072,"[325.499904, 163.00032, 458.99980800000003, 254.00012800000002]",datasets/chestxray8/val/images/00013249_052.png,Atelectasis,"[167.41587301587302, 191.25502645502647, 428.56296296296307, 336.9989417989419]"
00013249_052.png,Cardiomegaly,0.051897304481755946,0.00325203,"[93.25004799999999, 112.25011199999999, 193.249792, 299.750144]",datasets/chestxray8/val/images/00013249_052.png,Atelectasis,"[167.41587301587302, 191.25502645502647, 428.56296296296307, 336.9989417989419]"
00013249_052.png,Cardiomegaly,0.16144324476087382,0.0031395,"[356.250112, 140.75008000000003, 462.750208, 296.250112]",datasets/chestxray8/val/images/00013249_052.png,Atelectasis,"[167.41587301587302, 191.25502645502647, 428.56296296296307, 336.9989417989419]"
00013249_052.png,Cardiomegaly,0.12253396928372687,0.0026226,"[341.250048, 131.499776, 463.750144, 258.249984]",datasets/chestxray8/val/images/00013249_052.png,Atelectasis,"[167.41587301587302, 191.25502645502647, 428.56296296296307, 336.9989417989419]"
00013249_052.png,Cardiomegaly,0.05025562764442667,0.00243187,"[70.81241600000001, 87.24992, 190.500096, 330.500096]",datasets/chestxray8/val/images/00013249_052.png,Atelectasis,"[167.41587301587302, 191.25502645502647, 428.56296296296307, 336.9989417989419]"
00013249_052.png,Cardiomegaly,0.07285216204635242,0.0019989,"[117.625088, 128.87526400000002, 205.625088, 283.000064]",datasets/chestxray8/val/images/00013249_052.png,Atelectasis,"[167.41587301587302, 191.25502645502647, 428.56296296296307, 336.9989417989419]"
00013249_052.png,Infiltration,0.21528793735985588,0.00195885,"[342.749952, 157.50016, 460.75008, 306.000128]",datasets/chestxray8/val/images/00013249_052.png,Atelectasis,"[167.41587301587302, 191.25502645502647, 428.56296296296307, 336.9989417989419]"
00013249_052.png,Cardiomegaly,0.08351893414324725,0.0019474,"[349.000192, 156.37504, 452.499968, 236.125184]",datasets/chestxray8/val/images/00013249_052.png,Atelectasis,"[167.41587301587302, 191.25502645502647, 428.56296296296307, 336.9989417989419]"
00013249_052.png,Infiltration,0.156965006474273,0.00193501,"[352.999936, 188.624896, 447.000064, 273.999872]",datasets/chestxray8/val/images/00013249_052.png,Atelectasis,"[167.41587301587302, 191.25502645502647, 428.56296296296307, 336.9989417989419]"
00013249_052.png,Infiltration,0.10643088720709727,0.00180054,"[370.749952, 172.125184, 445.250048, 266.25024]",datasets/chestxray8/val/images/00013249_052.png,Atelectasis,"[167.41587301587302, 191.25502645502647, 428.56296296296307, 336.9989417989419]"
00013249_052.png,Cardiomegaly,0.31795365506259976,0.00173283,"[325.49990399999996, 150.374912, 449.50016, 333.499904]",datasets/chestxray8/val/images/00013249_052.png,Atelectasis,"[167.41587301587302, 191.25502645502647, 428.56296296296307, 336.9989417989419]"
00013249_052.png,Mass,0.07285216204635242,0.00171185,"[117.625088, 128.87526400000002, 205.625088, 283.000064]",datasets/chestxray8/val/images/00013249_052.png,Atelectasis,"[167.41587301587302, 191.25502645502647, 428.56296296296307, 336.9989417989419]"
00013249_052.png,Infiltration,0.08886520665272084,0.00139236,"[359.999744, 142.625024, 456.499968, 248.749824]",datasets/chestxray8/val/images/00013249_052.png,Atelectasis,"[167.41587301587302, 191.25502645502647, 428.56296296296307, 336.9989417989419]"
00013249_052.png,Mass,0.08322845906014355,0.00139236,"[85.062656, 217.249792, 202.25024000000002, 355.749888]",datasets/chestxray8/val/images/00013249_052.png,Atelectasis,"[167.41587301587302, 191.25502645502647, 428.56296296296307, 336.9989417989419]"
00013249_052.png,Mass,0.14423947318724542,0.00138283,"[94.49984, 201.75027200000002, 218.749952, 336.25011200000006]",datasets/chestxray8/val/images/00013249_052.png,Atelectasis,"[167.41587301587302, 191.25502645502647, 428.56296296296307, 336.9989417989419]"
00013249_052.png,Infiltration,0.12943637774009709,0.0012188,"[163.874816, 228.24985599999997, 233.124864, 303.749888]",datasets/chestxray8/val/images/00013249_052.png,Atelectasis,"[167.41587301587302, 191.25502645502647, 428.56296296296307, 336.9989417989419]"
00013249_052.png,Cardiomegaly,0.11478683522447658,0.0011673,"[104.812544, 130.249728, 215.000064, 318.49984]",datasets/chestxray8/val/images/00013249_052.png,Atelectasis,"[167.41587301587302, 191.25502645502647, 428.56296296296307, 336.9989417989419]"
00013249_052.png,Effusion,0.4526014434489305,0.00116253,"[149.750016, 183.749888, 399.250176, 271.999744]",datasets/chestxray8/val/images/00013249_052.png,Atelectasis,"[167.41587301587302, 191.25502645502647, 428.56296296296307, 336.9989417989419]"
00013249_052.png,Infiltration,0.24295450364253934,0.00115585,"[328.0, 184.0, 443.50003200000003, 288.75008]",datasets/chestxray8/val/images/00013249_052.png,Atelectasis,"[167.41587301587302, 191.25502645502647, 428.56296296296307, 336.9989417989419]"
00013249_052.png,Mass,0.08683608384189995,0.00104904,"[114.56256000000002, 125.249792, 235.749888, 253.99987199999998]",datasets/chestxray8/val/images/00013249_052.png,Atelectasis,"[167.41587301587302, 191.25502645502647, 428.56296296296307, 336.9989417989419]"
00013249_052.png,Mass,0.059114141893121065,0.0010376,"[123.125248, 166.999808, 196.125184, 281.499904]",datasets/chestxray8/val/images/00013249_052.png,Atelectasis,"[167.41587301587302, 191.25502645502647, 428.56296296296307, 336.9989417989419]"
00016964_011.png,Infiltration,0.09803236507852713,0.101135,"[265.000192, 249.750016, 403.000064, 331.250176]",datasets/chestxray8/val/images/00016964_011.png,Cardiomegaly,"[364.942222222222, 276.641189236111, 411.022222222222, 306.2234114583332]"
00016964_011.png,Cardiomegaly,0.07757728660215948,0.0733032,"[329.250048, 222.50009599999998, 442.24998400000004, 378.000128]",datasets/chestxray8/val/images/00016964_011.png,Cardiomegaly,"[364.942222222222, 276.641189236111, 411.022222222222, 306.2234114583332]"
00016964_011.png,Infiltration,0.08771850202264034,0.0596313,"[279.24992, 262.50009600000004, 419.250176, 373.50016]",datasets/chestxray8/val/images/00016964_011.png,Cardiomegaly,"[364.942222222222, 276.641189236111, 411.022222222222, 306.2234114583332]"
00016964_011.png,Cardiomegaly,0.1264127195124784,0.0526733,"[334.249984, 235.874816, 433.750016, 344.249856]",datasets/chestxray8/val/images/00016964_011.png,Cardiomegaly,"[364.942222222222, 276.641189236111, 411.022222222222, 306.2234114583332]"
00016964_011.png,Cardiomegaly,0.19929098399923345,0.0292206,"[360.0, 232.875008, 424.0, 339.749888]",datasets/chestxray8/val/images/00016964_011.png,Cardiomegaly,"[364.942222222222, 276.641189236111, 411.022222222222, 306.2234114583332]"
00016964_011.png,Cardiomegaly,0.1459241926109273,0.0159149,"[309.499904, 253.000192, 428.49996799999997, 331.50003200000003]",datasets/chestxray8/val/images/00016964_011.png,Cardiomegaly,"[364.942222222222, 276.641189236111, 411.022222222222, 306.2234114583332]"
00016964_011.png,Cardiomegaly,0.09102207285266677,0.0137787,"[305.249792, 243.249664, 433.249792, 360.24985599999997]",datasets/chestxray8/val/images/00016964_011.png,Cardiomegaly,"[364.942222222222, 276.641189236111, 411.022222222222, 306.2234114583332]"
00016964_011.png,Cardiomegaly,0.2548931282109921,0.0115509,"[372.000256, 229.50016, 420.000256, 319.500032]",datasets/chestxray8/val/images/00016964_011.png,Cardiomegaly,"[364.942222222222, 276.641189236111, 411.022222222222, 306.2234114583332]"
00016964_011.png,Cardiomegaly,0.08277730293672794,0.0110626,"[348.24985599999997, 187.375104, 441.74976, 363.50003200000003]",datasets/chestxray8/val/images/00016964_011.png,Cardiomegaly,"[364.942222222222, 276.641189236111, 411.022222222222, 306.2234114583332]"
00016964_011.png,Infiltration,0.16407615354535032,0.00971222,"[284.24985599999997, 250.749952, 418.249984, 312.75008]",datasets/chestxray8/val/images/00016964_011.png,Cardiomegaly,"[364.942222222222, 276.641189236111, 411.022222222222, 306.2234114583332]"
00016964_011.png,Infiltration,0.22086839157668273,0.00884247,"[315.750144, 261.000192, 421.250304, 319.500288]",datasets/chestxray8/val/images/00016964_011.png,Cardiomegaly,"[364.942222222222, 276.641189236111, 411.022222222222, 306.2234114583332]"
00016964_011.png,Cardiomegaly,0.050840039383473104,0.00862885,"[302.99980800000003, 180.0, 440.49996799999997, 374.99980800000003]",datasets/chestxray8/val/images/00016964_011.png,Cardiomegaly,"[364.942222222222, 276.641189236111, 411.022222222222, 306.2234114583332]"
00016964_011.png,Infiltration,0.053806593139580854,0.00803375,"[246.875136, 244.999936, 403.00032, 377.49990399999996]",datasets/chestxray8/val/images/00016964_011.png,Cardiomegaly,"[364.942222222222, 276.641189236111, 411.022222222222, 306.2234114583332]"
00016964_011.png,Infiltration,0.1322804071616259,0.0075264,"[307.499776, 272.499968, 421.999872, 362.49984]",datasets/chestxray8/val/images/00016964_011.png,Cardiomegaly,"[364.942222222222, 276.641189236111, 411.022222222222, 306.2234114583332]"
00016964_011.png,Cardiomegaly,0.09596938495887408,0.00613022,"[289.499904, 265.250048, 423.50003200000003, 371.24992]",datasets/chestxray8/val/images/00016964_011.png,Cardiomegaly,"[364.942222222222, 276.641189236111, 411.022222222222, 306.2234114583332]"
00016964_011.png,Cardiomegaly,0.13897250275676795,0.00579834,"[277.250048, 249.74975999999998, 424.75008, 316.24985599999997]",datasets/chestxray8/val/images/00016964_011.png,Cardiomegaly,"[364.942222222222, 276.641189236111, 411.022222222222, 306.2234114583332]"
00016964_011.png,Cardiomegaly,0.06957137375891072,0.00548553,"[278.49984, 212.749824, 427.500032, 344.249856]",datasets/chestxray8/val/images/00016964_011.png,Cardiomegaly,"[364.942222222222, 276.641189236111, 411.022222222222, 306.2234114583332]"
00016964_011.png,Cardiomegaly,0.22085900793816884,0.00482178,"[345.250304, 238.875136, 423.750144, 317.499904]",datasets/chestxray8/val/images/00016964_011.png,Cardiomegaly,"[364.942222222222, 276.641189236111, 411.022222222222, 306.2234114583332]"
00016964_011.png,Cardiomegaly,0.057281218957875406,0.00317955,"[284.00025600000004, 249.750016, 426.500096, 416.75008]",datasets/chestxray8/val/images/00016964_011.png,Cardiomegaly,"[364.942222222222, 276.641189236111, 411.022222222222, 306.2234114583332]"
00016964_011.png,Infiltration,0.08986448289569343,0.00270462,"[288.24985599999997, 234.1248, 421.74976, 347.749888]",datasets/chestxray8/val/images/00016964_011.png,Cardiomegaly,"[364.942222222222, 276.641189236111, 411.022222222222, 306.2234114583332]"
00016964_011.png,Infiltration,0.06277238939694896,0.00250816,"[297.999872, 232.74982400000002, 404.99968, 287.249664]",datasets/chestxray8/val/images/00016964_011.png,Cardiomegaly,"[364.942222222222, 276.641189236111, 411.022222222222, 306.2234114583332]"
00016964_011.png,Cardiomegaly,0.06986560714513941,0.00196838,"[337.499904, 241.250048, 446.500096, 420.249856]",datasets/chestxray8/val/images/00016964_011.png,Cardiomegaly,"[364.942222222222, 276.641189236111, 411.022222222222, 306.2234114583332]"
00016964_011.png,Cardiomegaly,0.057806637699257576,0.00175381,"[363.749888, 119.749888, 451.249664, 389.249792]",datasets/chestxray8/val/images/00016964_011.png,Cardiomegaly,"[364.942222222222, 276.641189236111, 411.022222222222, 306.2234114583332]"
00016964_011.png,Cardiomegaly,0.25320984510843375,0.00165558,"[320.000256, 252.750336, 417.000192, 308.250112]",datasets/chestxray8/val/images/00016964_011.png,Cardiomegaly,"[364.942222222222, 276.641189236111, 411.022222222222, 306.2234114583332]"
00016964_011.png,Cardiomegaly,0.1327066214334781,0.00157261,"[272.49971200000005, 268.250112, 407.499776, 337.750016]",datasets/chestxray8/val/images/00016964_011.png,Cardiomegaly,"[364.942222222222, 276.641189236111, 411.022222222222, 306.2234114583332]"
00016964_011.png,Infiltration,0.11346076419034573,0.00155067,"[309.74976000000004, 232.749824, 434.249728, 329.250048]",datasets/chestxray8/val/images/00016964_011.png,Cardiomegaly,"[364.942222222222, 276.641189236111, 411.022222222222, 306.2234114583332]"
00016964_011.png,Cardiomegaly,0.10140878954995419,0.00147438,"[375.499776, 188.750336, 435.50003200000003, 356.250112]",datasets/chestxray8/val/images/00016964_011.png,Cardiomegaly,"[364.942222222222, 276.641189236111, 411.022222222222, 306.2234114583332]"
00016964_011.png,Cardiomegaly,0.059096440939012077,0.00132084,"[251.749888, 245.12512, 390.74969600000003, 333.750272]",datasets/chestxray8/val/images/00016964_011.png,Cardiomegaly,"[364.942222222222, 276.641189236111, 411.022222222222, 306.2234114583332]"
00016964_011.png,Infiltration,0.057281218957875406,0.00113869,"[284.00025600000004, 249.750016, 426.500096, 416.75008]",datasets/chestxray8/val/images/00016964_011.png,Cardiomegaly,"[364.942222222222, 276.641189236111, 411.022222222222, 306.2234114583332]"
00016964_011.png,Atelectasis,0.05980297034626988,0.00112915,"[244.875008, 249.50016, 398.99980800000003, 356.499968]",datasets/chestxray8/val/images/00016964_011.png,Cardiomegaly,"[364.942222222222, 276.641189236111, 411.022222222222, 306.2234114583332]"
00001320_003.png,Cardiomegaly,0.053283656716702016,0.00915527,"[61.437695999999995, 259.50003200000003, 135.500032, 376.500224]",datasets/chestxray8/val/images/00001320_003.png,Infiltration,"[104.0213368055555, 272.592595486111, 140.4302256944444, 287.38370659722216]"
00001320_003.png,Cardiomegaly,0.05365068538514776,0.00208855,"[93.000192, 152.62489599999998, 149.750272, 329.499904]",datasets/chestxray8/val/images/00001320_003.png,Infiltration,"[104.0213368055555, 272.592595486111, 140.4302256944444, 287.38370659722216]"
00001320_003.png,Cardiomegaly,0.09286780457261137,0.00165176,"[82.062592, 275.500032, 155.500288, 337.50016]",datasets/chestxray8/val/images/00001320_003.png,Infiltration,"[104.0213368055555, 272.592595486111, 140.4302256944444, 287.38370659722216]"
00001320_003.png,Infiltration,0.06851934765452229,0.0011158,"[114.125056, 262.49983999999995, 211.124992, 319.499776]",datasets/chestxray8/val/images/00001320_003.png,Infiltration,"[104.0213368055555, 272.592595486111, 140.4302256944444, 287.38370659722216]"
00014976_003.png,Atelectasis,0.12598756430232552,0.237671,"[208.249856, 205.249792, 425.24979199999996, 381.750016]",datasets/chestxray8/val/images/00014976_003.png,Cardiomegaly,"[303.502222222222, 340.9256336805555, 424.6755555555555, 380.7478559027777]"
00014976_003.png,Cardiomegaly,0.19135991961455076,0.0124893,"[360.24985599999997, 282.500096, 443.749888, 416.0]",datasets/chestxray8/val/images/00014976_003.png,Cardiomegaly,"[303.502222222222, 340.9256336805555, 424.6755555555555, 380.7478559027777]"
00014976_003.png,Infiltration,0.3017473232097371,0.0124435,"[293.750272, 286.49983999999995, 381.250048, 384.0]",datasets/chestxray8/val/images/00014976_003.png,Cardiomegaly,"[303.502222222222, 340.9256336805555, 424.6755555555555, 380.7478559027777]"
00014976_003.png,Infiltration,0.33051297634908317,0.0118561,"[284.49996799999997, 285.249792, 419.50003200000003, 387.24992000000003]",datasets/chestxray8/val/images/00014976_003.png,Cardiomegaly,"[303.502222222222, 340.9256336805555, 424.6755555555555, 380.7478559027777]"
00014976_003.png,Cardiomegaly,0.18893966763432837,0.00797272,"[380.999936, 288.24985599999997, 442.49984, 387.749888]",datasets/chestxray8/val/images/00014976_003.png,Cardiomegaly,"[303.502222222222, 340.9256336805555, 424.6755555555555, 380.7478559027777]"
00014976_003.png,Cardiomegaly,0.1542785216454897,0.00519562,"[349.499904, 279.000064, 456.0, 444.000256]",datasets/chestxray8/val/images/00014976_003.png,Cardiomegaly,"[303.502222222222, 340.9256336805555, 424.6755555555555, 380.7478559027777]"
00014976_003.png,Infiltration,0.12299273934363922,0.00421906,"[219.500288, 213.87494399999997, 441.000192, 390.999808]",datasets/chestxray8/val/images/00014976_003.png,Cardiomegaly,"[303.502222222222, 340.9256336805555, 424.6755555555555, 380.7478559027777]"
00014976_003.png,Infiltration,0.15358096438655833,0.00421524,"[362.999808, 293.250048, 430.49984, 361.24979199999996]",datasets/chestxray8/val/images/00014976_003.png,Cardiomegaly,"[303.502222222222, 340.9256336805555, 424.6755555555555, 380.7478559027777]"
00014976_003.png,Cardiomegaly,0.1763243044625938,0.00402069,"[375.50003200000003, 299.500032, 452.500224, 406.49984]",datasets/chestxray8/val/images/00014976_003.png,Cardiomegaly,"[303.502222222222, 340.9256336805555, 424.6755555555555, 380.7478559027777]"
00014976_003.png,Infiltration,0.13072695691694136,0.00379181,"[336.000256, 285.750016, 429.50016, 355.75014400000003]",datasets/chestxray8/val/images/00014976_003.png,Cardiomegaly,"[303.502222222222, 340.9256336805555, 424.6755555555555, 380.7478559027777]"
00014976_003.png,Infiltration,0.1673224514517951,0.00284195,"[274.49983999999995, 254.749696, 435.499776, 368.249856]",datasets/chestxray8/val/images/00014976_003.png,Cardiomegaly,"[303.502222222222, 340.9256336805555, 424.6755555555555, 380.7478559027777]"
00014976_003.png,Cardiomegaly,0.12846889173072545,0.00204849,"[374.00012799999996, 247.75014400000003, 457.50016, 402.25024]",datasets/chestxray8/val/images/00014976_003.png,Cardiomegaly,"[303.502222222222, 340.9256336805555, 424.6755555555555, 380.7478559027777]"
00014976_003.png,Cardiomegaly,0.07615704934856064,0.00194454,"[366.500096, 153.625088, 470.500096, 422.000128]",datasets/chestxray8/val/images/00014976_003.png,Cardiomegaly,"[303.502222222222, 340.9256336805555, 424.6755555555555, 380.7478559027777]"
00014976_003.png,Cardiomegaly,0.2845617050389211,0.00169086,"[306.000128, 287.50028799999995, 436.500224, 414.000128]",datasets/chestxray8/val/images/00014976_003.png,Cardiomegaly,"[303.502222222222, 340.9256336805555, 424.6755555555555, 380.7478559027777]"
00014976_003.png,Atelectasis,0.13574233293003107,0.001688,"[239.24991999999997, 224.75008, 407.750144, 402.25023999999996]",datasets/chestxray8/val/images/00014976_003.png,Cardiomegaly,"[303.502222222222, 340.9256336805555, 424.6755555555555, 380.7478559027777]"
00014976_003.png,Infiltration,0.18893966763432837,0.00165462,"[380.999936, 288.24985599999997, 442.49984, 387.749888]",datasets/chestxray8/val/images/00014976_003.png,Cardiomegaly,"[303.502222222222, 340.9256336805555, 424.6755555555555, 380.7478559027777]"
00014976_003.png,Cardiomegaly,0.3115231205792197,0.00144196,"[332.250112, 290.49983999999995, 442.25024, 387.499776]",datasets/chestxray8/val/images/00014976_003.png,Cardiomegaly,"[303.502222222222, 340.9256336805555, 424.6755555555555, 380.7478559027777]"
00014976_003.png,Mass,0.19135991961455076,0.00123596,"[360.24985599999997, 282.500096, 443.749888, 416.0]",datasets/chestxray8/val/images/00014976_003.png,Cardiomegaly,"[303.502222222222, 340.9256336805555, 424.6755555555555, 380.7478559027777]"
00014976_003.png,Cardiomegaly,0.425520619559801,0.0012064,"[297.999872, 305.750016, 432.99993600000005, 389.74976]",datasets/chestxray8/val/images/00014976_003.png,Cardiomegaly,"[303.502222222222, 340.9256336805555, 424.6755555555555, 380.7478559027777]"
00014976_003.png,Cardiomegaly,0.11963745314603158,0.00116539,"[397.25012480000004, 293.99987200000004, 446.7501312, 403.000064]",datasets/chestxray8/val/images/00014976_003.png,Cardiomegaly,"[303.502222222222, 340.9256336805555, 424.6755555555555, 380.7478559027777]"
00014976_003.png,Infiltration,0.09378566323429463,0.00104618,"[189.999616, 223.62496, 393.99987200000004, 405.999872]",datasets/chestxray8/val/images/00014976_003.png,Cardiomegaly,"[303.502222222222, 340.9256336805555, 424.6755555555555, 380.7478559027777]"
00018865_008.png,Mass,0.06643312412497888,0.002388,"[164.500224, 53.5625216, 225.750272, 95.6875264]",datasets/chestxray8/val/images/00018865_008.png,Mass,"[104.96000000000001, 66.721189236111, 177.208888888889, 112.80118923611099]"
00018865_008.png,Mass,0.17820414995903233,0.00226784,"[151.499776, 53.687808000000004, 227.50003199999998, 112.687616]",datasets/chestxray8/val/images/00018865_008.png,Mass,"[104.96000000000001, 66.721189236111, 177.208888888889, 112.80118923611099]"
00018865_008.png,Mass,0.3029072607063697,0.00180912,"[119.25017599999998, 48.874752, 230.25024, 122.374912]",datasets/chestxray8/val/images/00018865_008.png,Mass,"[104.96000000000001, 66.721189236111, 177.208888888889, 112.80118923611099]"
00018865_008.png,Mass,0.28352837397771247,0.00125217,"[87.24992, 63.625216, 147.874816, 156.37504]",datasets/chestxray8/val/images/00018865_008.png,Mass,"[104.96000000000001, 66.721189236111, 177.208888888889, 112.80118923611099]"
00018865_008.png,Mass,0.061559901113417324,0.00116825,"[168.124928, 59.124992000000006, 228.874752, 106.249984]",datasets/chestxray8/val/images/00018865_008.png,Mass,"[104.96000000000001, 66.721189236111, 177.208888888889, 112.80118923611099]"
00018865_008.png,Cardiomegaly,0.20276861962821682,0.00103474,"[82.87513600000001, 71.43756800000001, 179.62521600000002, 220.24985600000002]",datasets/chestxray8/val/images/00018865_008.png,Mass,"[104.96000000000001, 66.721189236111, 177.208888888889, 112.80118923611099]"
00012299_002.png,Infiltration,0.21369175829337597,0.135864,"[337.499904, 272.99988479999996, 425.499904, 322.9998592]",datasets/chestxray8/val/images/00012299_002.png,Infiltration,"[97.76355902777803, 287.952595486111, 427.15022569444454, 327.7748177083332]"
00012299_002.png,Infiltration,0.3205372975196582,0.118225,"[309.50016, 279.0001408, 424.000256, 328.50014719999996]",datasets/chestxray8/val/images/00012299_002.png,Infiltration,"[97.76355902777803, 287.952595486111, 427.15022569444454, 327.7748177083332]"
00012299_002.png,Infiltration,0.32224618344827366,0.0726929,"[293.250048, 280.99993600000005, 423.24992, 343.499776]",datasets/chestxray8/val/images/00012299_002.png,Infiltration,"[97.76355902777803, 287.952595486111, 427.15022569444454, 327.7748177083332]"
00012299_002.png,Infiltration,0.2228275870890213,0.0477295,"[290.50035199999996, 269.250048, 373.50016, 329.75001599999996]",datasets/chestxray8/val/images/00012299_002.png,Infiltration,"[97.76355902777803, 287.952595486111, 427.15022569444454, 327.7748177083332]"
00012299_002.png,Atelectasis,0.18481832601355783,0.0243988,"[192.49971200000002, 177.624832, 391.499776, 366.99980800000003]",datasets/chestxray8/val/images/00012299_002.png,Infiltration,"[97.76355902777803, 287.952595486111, 427.15022569444454, 327.7748177083332]"
00012299_002.png,Infiltration,0.29371576238034963,0.0226898,"[289.250304, 267.999744, 421.250048, 322.999808]",datasets/chestxray8/val/images/00012299_002.png,Infiltration,"[97.76355902777803, 287.952595486111, 427.15022569444454, 327.7748177083332]"
00012299_002.png,Cardiomegaly,0.06424097334563693,0.0174255,"[65.25004799999999, 178.37516799999997, 142.999808, 393.50016]",datasets/chestxray8/val/images/00012299_002.png,Infiltration,"[97.76355902777803, 287.952595486111, 427.15022569444454, 327.7748177083332]"
00012299_002.png,Infiltration,0.2473113742568228,0.0120544,"[331.50003200000003, 277.25004800000005, 429.00019199999997, 339.749888]",datasets/chestxray8/val/images/00012299_002.png,Infiltration,"[97.76355902777803, 287.952595486111, 427.15022569444454, 327.7748177083332]"
00012299_002.png,Infiltration,0.3021939486478261,0.0102921,"[97.75027200000001, 268.250112, 218.00012800000002, 330.74995199999995]",datasets/chestxray8/val/images/00012299_002.png,Infiltration,"[97.76355902777803, 287.952595486111, 427.15022569444454, 327.7748177083332]"
00012299_002.png,Cardiomegaly,0.05267497162951252,0.0102844,"[54.437631999999994, 234.24998399999998, 130.24998399999998, 402.249984]",datasets/chestxray8/val/images/00012299_002.png,Infiltration,"[97.76355902777803, 287.952595486111, 427.15022569444454, 327.7748177083332]"
00012299_002.png,Atelectasis,0.23065157768702366,0.00730133,"[210.87487999999996, 203.00032, 425.999872, 354.500096]",datasets/chestxray8/val/images/00012299_002.png,Infiltration,"[97.76355902777803, 287.952595486111, 427.15022569444454, 327.7748177083332]"
00012299_002.png,Infiltration,0.2513646453157765,0.00650787,"[83.62496, 275.500032, 227.37510400000002, 362.999808]",datasets/chestxray8/val/images/00012299_002.png,Infiltration,"[97.76355902777803, 287.952595486111, 427.15022569444454, 327.7748177083332]"
00012299_002.png,Infiltration,0.10881261435939045,0.0062027,"[338.000128, 262.2498304, 424.49996799999997, 307.2498176]",datasets/chestxray8/val/images/00012299_002.png,Infiltration,"[97.76355902777803, 287.952595486111, 427.15022569444454, 327.7748177083332]"
00012299_002.png,Cardiomegaly,0.08054500005259656,0.00585938,"[72.562432, 101.99987200000001, 176.499968, 380.49971200000005]",datasets/chestxray8/val/images/00012299_002.png,Infiltration,"[97.76355902777803, 287.952595486111, 427.15022569444454, 327.7748177083332]"
00012299_002.png,Cardiomegaly,0.2758536595452226,0.00499344,"[295.499776, 280.999936, 440.99993600000005, 357.49990399999996]",datasets/chestxray8/val/images/00012299_002.png,Infiltration,"[97.76355902777803, 287.952595486111, 427.15022569444454, 327.7748177083332]"
00012299_002.png,Infiltration,0.20503867974319298,0.004776,"[265.00019199999997, 246.50009600000004, 410.000128, 315.000064]",datasets/chestxray8/val/images/00012299_002.png,Infiltration,"[97.76355902777803, 287.952595486111, 427.15022569444454, 327.7748177083332]"
00012299_002.png,Cardiomegaly,0.06588076301221932,0.00468063,"[73.374976, 201.250048, 134.87488, 376.749824]",datasets/chestxray8/val/images/00012299_002.png,Infiltration,"[97.76355902777803, 287.952595486111, 427.15022569444454, 327.7748177083332]"
00012299_002.png,Effusion,0.07068827146695511,0.00442886,"[154.500096, 250.99980799999997, 209.250304, 307.500032]",datasets/chestxray8/val/images/00012299_002.png,Infiltration,"[97.76355902777803, 287.952595486111, 427.15022569444454, 327.7748177083332]"
00012299_002.png,Cardiomegaly,0.13134995878332548,0.00434494,"[341.75001599999996, 251.50003199999998, 460.249856, 388.000256]",datasets/chestxray8/val/images/00012299_002.png,Infiltration,"[97.76355902777803, 287.952595486111, 427.15022569444454, 327.7748177083332]"
00012299_002.png,Infiltration,0.17265721134196502,0.00390434,"[308.250112, 253.50016000000002, 427.749888, 313.000192]",datasets/chestxray8/val/images/00012299_002.png,Infiltration,"[97.76355902777803, 287.952595486111, 427.15022569444454, 327.7748177083332]"
00012299_002.png,Cardiomegaly,0.21190466237346395,0.00350189,"[325.00019199999997, 264.499968, 448.0, 347.000064]",datasets/chestxray8/val/images/00012299_002.png,Infiltration,"[97.76355902777803, 287.952595486111, 427.15022569444454, 327.7748177083332]"
00012299_002.png,Infiltration,0.16608904568321992,0.00326157,"[351.749888, 264.249856, 439.749888, 354.749952]",datasets/chestxray8/val/images/00012299_002.png,Infiltration,"[97.76355902777803, 287.952595486111, 427.15022569444454, 327.7748177083332]"
00012299_002.png,Infiltration,0.15239793829624212,0.00321007,"[342.500096, 253.999872, 452.0, 366.99980800000003]",datasets/chestxray8/val/images/00012299_002.png,Infiltration,"[97.76355902777803, 287.952595486111, 427.15022569444454, 327.7748177083332]"
00012299_002.png,Infiltration,0.12306278037132695,0.00298309,"[108.499968, 249.75001600000002, 211.999744, 308.250112]",datasets/chestxray8/val/images/00012299_002.png,Infiltration,"[97.76355902777803, 287.952595486111, 427.15022569444454, 327.7748177083332]"
00012299_002.png,Cardiomegaly,0.11063449000094211,0.00264931,"[370.749952, 244.62515199999999, 450.749952, 362.500352]",datasets/chestxray8/val/images/00012299_002.png,Infiltration,"[97.76355902777803, 287.952595486111, 427.15022569444454, 327.7748177083332]"
00012299_002.png,Infiltration,0.08399101793661715,0.00246429,"[149.374976, 255.75014399999998, 202.87488000000002, 311.24992]",datasets/chestxray8/val/images/00012299_002.png,Infiltration,"[97.76355902777803, 287.952595486111, 427.15022569444454, 327.7748177083332]"
00012299_002.png,Infiltration,0.2722561438812355,0.00209808,"[282.999808, 280.499968, 426.999808, 375.500032]",datasets/chestxray8/val/images/00012299_002.png,Infiltration,"[97.76355902777803, 287.952595486111, 427.15022569444454, 327.7748177083332]"
00012299_002.png,Cardiomegaly,0.18963781108344785,0.00208282,"[66.12505599999999, 292.49971200000005, 239.874816, 397.999872]",datasets/chestxray8/val/images/00012299_002.png,Infiltration,"[97.76355902777803, 287.952595486111, 427.15022569444454, 327.7748177083332]"
00012299_002.png,Cardiomegaly,0.08614339205017828,0.00207901,"[373.999616, 232.0, 465.99987200000004, 379.50003200000003]",datasets/chestxray8/val/images/00012299_002.png,Infiltration,"[97.76355902777803, 287.952595486111, 427.15022569444454, 327.7748177083332]"
00012299_002.png,Infiltration,0.11705732083042382,0.00153255,"[379.749888, 264.500224, 443.749888, 341.00019199999997]",datasets/chestxray8/val/images/00012299_002.png,Infiltration,"[97.76355902777803, 287.952595486111, 427.15022569444454, 327.7748177083332]"
00012299_002.png,Cardiomegaly,0.31176563781038,0.00148964,"[281.999872, 268.999936, 427.50003200000003, 346.00012799999996]",datasets/chestxray8/val/images/00012299_002.png,Infiltration,"[97.76355902777803, 287.952595486111, 427.15022569444454, 327.7748177083332]"
00012299_002.png,Cardiomegaly,0.07070699071560979,0.00132942,"[368.999936, 219.24992, 463.000064, 452.75008]",datasets/chestxray8/val/images/00012299_002.png,Infiltration,"[97.76355902777803, 287.952595486111, 427.15022569444454, 327.7748177083332]"
00012299_002.png,Effusion,0.14215417111041848,0.00130177,"[301.999872, 264.250112, 359.50003200000003, 323.75014400000003]",datasets/chestxray8/val/images/00012299_002.png,Infiltration,"[97.76355902777803, 287.952595486111, 427.15022569444454, 327.7748177083332]"
00012299_002.png,Infiltration,0.21387466566065771,0.00127125,"[80.562432, 248.24985600000002, 220.499712, 352.75008]",datasets/chestxray8/val/images/00012299_002.png,Infiltration,"[97.76355902777803, 287.952595486111, 427.15022569444454, 327.7748177083332]"
00012299_002.png,Effusion,0.19884025390935986,0.00121593,"[287.50028799999995, 260.49996799999997, 366.000128, 333.499904]",datasets/chestxray8/val/images/00012299_002.png,Infiltration,"[97.76355902777803, 287.952595486111, 427.15022569444454, 327.7748177083332]"
00012299_002.png,Cardiomegaly,0.07441380452931372,0.00121498,"[70.25023999999999, 255.000064, 135.500032, 386.50009600000004]",datasets/chestxray8/val/images/00012299_002.png,Infiltration,"[97.76355902777803, 287.952595486111, 427.15022569444454, 327.7748177083332]"
00012299_002.png,Cardiomegaly,0.11705732083042382,0.00115204,"[379.749888, 264.500224, 443.749888, 341.00019199999997]",datasets/chestxray8/val/images/00012299_002.png,Infiltration,"[97.76355902777803, 287.952595486111, 427.15022569444454, 327.7748177083332]"
00012299_002.png,Infiltration,0.13113717497820188,0.0011282,"[179.8747648, 258.25024, 229.8747392, 326.249984]",datasets/chestxray8/val/images/00012299_002.png,Infiltration,"[97.76355902777803, 287.952595486111, 427.15022569444454, 327.7748177083332]"
00012299_002.png,Cardiomegaly,0.33058099584417044,0.00109291,"[302.25024, 281.750016, 427.75014400000003, 336.75007999999997]",datasets/chestxray8/val/images/00012299_002.png,Infiltration,"[97.76355902777803, 287.952595486111, 427.15022569444454, 327.7748177083332]"
00012299_002.png,Effusion,0.23529415045397825,0.00100803,"[81.37472, 291.000064, 228.624896, 373.50016]",datasets/chestxray8/val/images/00012299_002.png,Infiltration,"[97.76355902777803, 287.952595486111, 427.15022569444454, 327.7748177083332]"
00004968_003.png,Infiltration,0.316838237912119,0.055603,"[390.249984, 331.749888, 461.74976, 383.24992000000003]",datasets/chestxray8/val/images/00004968_003.png,Infiltration,"[320.271186440678, 342.390964314089, 453.69491525423746, 395.5435066869705]"
00004968_003.png,Atelectasis,0.08306648285917002,0.0291595,"[154.750208, 216.37503999999998, 420.75007999999997, 451.50028799999995]",datasets/chestxray8/val/images/00004968_003.png,Infiltration,"[320.271186440678, 342.390964314089, 453.69491525423746, 395.5435066869705]"
00004968_003.png,Infiltration,0.2313505754625048,0.0174866,"[287.749888, 307.24966400000005, 416.250112, 372.749824]",datasets/chestxray8/val/images/00004968_003.png,Infiltration,"[320.271186440678, 342.390964314089, 453.69491525423746, 395.5435066869705]"
00004968_003.png,Infiltration,0.49603352622169194,0.0139236,"[345.249792, 327.250176, 457.249792, 383.250176]",datasets/chestxray8/val/images/00004968_003.png,Infiltration,"[320.271186440678, 342.390964314089, 453.69491525423746, 395.5435066869705]"
00004968_003.png,Infiltration,0.21676365248603952,0.0132599,"[274.750208, 298.74969600000003, 400.250112, 381.249792]",datasets/chestxray8/val/images/00004968_003.png,Infiltration,"[320.271186440678, 342.390964314089, 453.69491525423746, 395.5435066869705]"
00004968_003.png,Infiltration,0.09057620018886403,0.0100708,"[277.499904, 299.75014400000003, 426.99980800000003, 354.249984]",datasets/chestxray8/val/images/00004968_003.png,Infiltration,"[320.271186440678, 342.390964314089, 453.69491525423746, 395.5435066869705]"
00004968_003.png,Infiltration,0.20918850090048494,0.00914001,"[345.249792, 306.749696, 448.24985599999997, 364.249856]",datasets/chestxray8/val/images/00004968_003.png,Infiltration,"[320.271186440678, 342.390964314089, 453.69491525423746, 395.5435066869705]"
00004968_003.png,Infiltration,0.33165322713016365,0.00759888,"[313.499904, 311.24992000000003, 451.00006399999995, 371.749888]",datasets/chestxray8/val/images/00004968_003.png,Infiltration,"[320.271186440678, 342.390964314089, 453.69491525423746, 395.5435066869705]"
00004968_003.png,Infiltration,0.1630871540175022,0.00714111,"[265.49964800000004, 281.74976000000004, 382.49984, 422.749952]",datasets/chestxray8/val/images/00004968_003.png,Infiltration,"[320.271186440678, 342.390964314089, 453.69491525423746, 395.5435066869705]"
00004968_003.png,Cardiomegaly,0.32762634758232323,0.00703812,"[380.499712, 351.000064, 482.49984, 411.00032000000004]",datasets/chestxray8/val/images/00004968_003.png,Infiltration,"[320.271186440678, 342.390964314089, 453.69491525423746, 395.5435066869705]"
00004968_003.png,Cardiomegaly,0.31069308467895707,0.00478745,"[372.750336, 346.74969600000003, 488.75007999999997, 429.249792]",datasets/chestxray8/val/images/00004968_003.png,Infiltration,"[320.271186440678, 342.390964314089, 453.69491525423746, 395.5435066869705]"
00004968_003.png,Infiltration,0.26852002942170267,0.00417328,"[368.0, 317.000192, 456.99993600000005, 372.000256]",datasets/chestxray8/val/images/00004968_003.png,Infiltration,"[320.271186440678, 342.390964314089, 453.69491525423746, 395.5435066869705]"
00004968_003.png,Cardiomegaly,0.22989960822162325,0.00377464,"[374.749952, 302.249984, 487.250176, 438.750208]",datasets/chestxray8/val/images/00004968_003.png,Infiltration,"[320.271186440678, 342.390964314089, 453.69491525423746, 395.5435066869705]"
00004968_003.png,Cardiomegaly,0.22604046181454882,0.00316238,"[406.000128, 304.99968, 475.00032, 401.499904]",datasets/chestxray8/val/images/00004968_003.png,Infiltration,"[320.271186440678, 342.390964314089, 453.69491525423746, 395.5435066869705]"
00004968_003.png,Infiltration,0.4492670433698837,0.0030632,"[362.49984, 351.4999296, 477.49964800000004, 402.4999424]",datasets/chestxray8/val/images/00004968_003.png,Infiltration,"[320.271186440678, 342.390964314089, 453.69491525423746, 395.5435066869705]"
00004968_003.png,Cardiomegaly,0.18739629380678613,0.00259018,"[417.0000896, 353.499648, 464.5000704, 409.999872]",datasets/chestxray8/val/images/00004968_003.png,Infiltration,"[320.271186440678, 342.390964314089, 453.69491525423746, 395.5435066869705]"
00004968_003.png,Cardiomegaly,0.22272548134598916,0.00223732,"[407.000064, 350.49984, 474.50009600000004, 416.499712]",datasets/chestxray8/val/images/00004968_003.png,Infiltration,"[320.271186440678, 342.390964314089, 453.69491525423746, 395.5435066869705]"
00004968_003.png,Atelectasis,0.0819421506070138,0.00218391,"[141.999872, 256.0, 432.99968, 503.499776]",datasets/chestxray8/val/images/00004968_003.png,Infiltration,"[320.271186440678, 342.390964314089, 453.69491525423746, 395.5435066869705]"
00004968_003.png,Cardiomegaly,0.24589658313527213,0.00196648,"[416.2500096, 333.99987200000004, 463.7499904, 396.999936]",datasets/chestxray8/val/images/00004968_003.png,Infiltration,"[320.271186440678, 342.390964314089, 453.69491525423746, 395.5435066869705]"
00004968_003.png,Cardiomegaly,0.3466259206056759,0.00186634,"[387.99974399999996, 336.5000704, 465.999872, 385.0000896]",datasets/chestxray8/val/images/00004968_003.png,Infiltration,"[320.271186440678, 342.390964314089, 453.69491525423746, 395.5435066869705]"
00004968_003.png,Cardiomegaly,0.14010523616703102,0.00175095,"[393.499904, 257.99987200000004, 493.999872, 446.49984]",datasets/chestxray8/val/images/00004968_003.png,Infiltration,"[320.271186440678, 342.390964314089, 453.69491525423746, 395.5435066869705]"
00004968_003.png,Infiltration,0.3318628829079495,0.00148201,"[294.99980800000003, 306.24998400000004, 416.99968, 417.250048]",datasets/chestxray8/val/images/00004968_003.png,Infiltration,"[320.271186440678, 342.390964314089, 453.69491525423746, 395.5435066869705]"
00004968_003.png,Cardiomegaly,0.22669148737560105,0.00146198,"[377.75001599999996, 332.49996799999997, 488.249856, 465.999872]",datasets/chestxray8/val/images/00004968_003.png,Infiltration,"[320.271186440678, 342.390964314089, 453.69491525423746, 395.5435066869705]"
00004968_003.png,Infiltration,0.1739029644568242,0.00146008,"[418.9997824, 324.000256, 459.9997696, 383.000064]",datasets/chestxray8/val/images/00004968_003.png,Infiltration,"[320.271186440678, 342.390964314089, 453.69491525423746, 395.5435066869705]"
00004968_003.png,Infiltration,0.24589658313527213,0.00143719,"[416.2500096, 333.99987200000004, 463.7499904, 396.999936]",datasets/chestxray8/val/images/00004968_003.png,Infiltration,"[320.271186440678, 342.390964314089, 453.69491525423746, 395.5435066869705]"
00004968_003.png,Cardiomegaly,0.1739029644568242,0.0014143,"[418.9997824, 324.000256, 459.9997696, 383.000064]",datasets/chestxray8/val/images/00004968_003.png,Infiltration,"[320.271186440678, 342.390964314089, 453.69491525423746, 395.5435066869705]"
00004968_003.png,Cardiomegaly,0.2127296721171769,0.00136185,"[400.75008, 348.24985599999997, 479.24992, 439.749888]",datasets/chestxray8/val/images/00004968_003.png,Infiltration,"[320.271186440678, 342.390964314089, 453.69491525423746, 395.5435066869705]"
00004968_003.png,Cardiomegaly,0.07907923923015965,0.00110722,"[406.00012799999996, 119.24992, 495.000064, 428.25011200000006]",datasets/chestxray8/val/images/00004968_003.png,Infiltration,"[320.271186440678, 342.390964314089, 453.69491525423746, 395.5435066869705]"
00004968_003.png,Infiltration,0.12546668439376718,0.00102139,"[249.75001600000002, 269.750272, 390.249984, 456.75008]",datasets/chestxray8/val/images/00004968_003.png,Infiltration,"[320.271186440678, 342.390964314089, 453.69491525423746, 395.5435066869705]"
00019373_058.png,Effusion,0.1680640906603393,0.00663376,"[114.687488, 112.37504, 265.75001599999996, 303.500032]",datasets/chestxray8/val/images/00019373_058.png,Effusion,"[162.5396825396825, 165.2486772486775, 224.304761904762, 243.80952380952397]"
00019373_058.png,Atelectasis,0.0598226447794037,0.00551224,"[-0.0002559999999931506, 11.187712000000005, 217.74975999999998, 215.750144]",datasets/chestxray8/val/images/00019373_058.png,Effusion,"[162.5396825396825, 165.2486772486775, 224.304761904762, 243.80952380952397]"
00019373_058.png,Mass,0.1680640906603393,0.00482559,"[114.687488, 112.37504, 265.75001599999996, 303.500032]",datasets/chestxray8/val/images/00019373_058.png,Effusion,"[162.5396825396825, 165.2486772486775, 224.304761904762, 243.80952380952397]"
00019373_058.png,Effusion,0.09873959628818514,0.00363922,"[92.249856, 92.875264, 285.24979199999996, 347.500032]",datasets/chestxray8/val/images/00019373_058.png,Effusion,"[162.5396825396825, 165.2486772486775, 224.304761904762, 243.80952380952397]"
00019373_058.png,Mass,0.13455098454972564,0.0024128,"[127.375104, 113.374976, 254.74995199999998, 396.500224]",datasets/chestxray8/val/images/00019373_058.png,Effusion,"[162.5396825396825, 165.2486772486775, 224.304761904762, 243.80952380952397]"
00019373_058.png,Mass,0.09873959628818514,0.00239754,"[92.249856, 92.875264, 285.24979199999996, 347.500032]",datasets/chestxray8/val/images/00019373_058.png,Effusion,"[162.5396825396825, 165.2486772486775, 224.304761904762, 243.80952380952397]"
00019373_058.png,Effusion,0.46342514187927125,0.0023613,"[168.625024, 169.9997952, 218.87500799999998, 214.74977280000002]",datasets/chestxray8/val/images/00019373_058.png,Effusion,"[162.5396825396825, 165.2486772486775, 224.304761904762, 243.80952380952397]"
00019373_058.png,Mass,0.2880050427383126,0.00220108,"[148.499712, 91.749888, 236.24985600000002, 283.749888]",datasets/chestxray8/val/images/00019373_058.png,Effusion,"[162.5396825396825, 165.2486772486775, 224.304761904762, 243.80952380952397]"
00019373_058.png,Mass,0.24620629065706215,0.00218582,"[139.374848, 165.249792, 243.374848, 354.74969600000003]",datasets/chestxray8/val/images/00019373_058.png,Effusion,"[162.5396825396825, 165.2486772486775, 224.304761904762, 243.80952380952397]"
00019373_058.png,Effusion,0.245953668869915,0.00195885,"[149.499904, 98.000128, 257.75001599999996, 280.250112]",datasets/chestxray8/val/images/00019373_058.png,Effusion,"[162.5396825396825, 165.2486772486775, 224.304761904762, 243.80952380952397]"
00019373_058.png,Mass,0.1414316474678871,0.00183487,"[130.49984, 37.12512000000001, 255.99974400000002, 310.500352]",datasets/chestxray8/val/images/00019373_058.png,Effusion,"[162.5396825396825, 165.2486772486775, 224.304761904762, 243.80952380952397]"
00019373_058.png,Effusion,0.418670759841052,0.00163746,"[155.500032, 195.250176, 228.499968, 268.000256]",datasets/chestxray8/val/images/00019373_058.png,Effusion,"[162.5396825396825, 165.2486772486775, 224.304761904762, 243.80952380952397]"
00019373_058.png,Cardiomegaly,0.05861117688748863,0.00162029,"[55.125248, 111.00032000000002, 198.625024, 434.000128]",datasets/chestxray8/val/images/00019373_058.png,Effusion,"[162.5396825396825, 165.2486772486775, 224.304761904762, 243.80952380952397]"
00019373_058.png,Effusion,0.37883324729635215,0.0013895,"[146.24998399999998, 167.499776, 241.250048, 296.999936]",datasets/chestxray8/val/images/00019373_058.png,Effusion,"[162.5396825396825, 165.2486772486775, 224.304761904762, 243.80952380952397]"
00019373_058.png,Effusion,0.43750918541962913,0.00129795,"[144.75008, 168.124928, 276.49996799999997, 247.875072]",datasets/chestxray8/val/images/00019373_058.png,Effusion,"[162.5396825396825, 165.2486772486775, 224.304761904762, 243.80952380952397]"
00019373_058.png,Effusion,0.3864917780517361,0.00119019,"[157.124864, 112.187392, 243.374848, 257.750016]",datasets/chestxray8/val/images/00019373_058.png,Effusion,"[162.5396825396825, 165.2486772486775, 224.304761904762, 243.80952380952397]"
00019373_058.png,Effusion,0.07919045767240801,0.00110817,"[124.37504, 223.37510400000002, 193.37523199999998, 277.50016]",datasets/chestxray8/val/images/00019373_058.png,Effusion,"[162.5396825396825, 165.2486772486775, 224.304761904762, 243.80952380952397]"
00019373_058.png,Atelectasis,0.1680640906603393,0.00103092,"[114.687488, 112.37504, 265.75001599999996, 303.500032]",datasets/chestxray8/val/images/00019373_058.png,Effusion,"[162.5396825396825, 165.2486772486775, 224.304761904762, 243.80952380952397]"
00014795_002.png,Infiltration,0.4601887002023684,0.0597534,"[113.62534400000001, 272.25013759999996, 207.375104, 319.2501504]",datasets/chestxray8/val/images/00014795_002.png,Infiltration,"[144.66031746031746, 270.899470899471, 218.8867724867725, 337.54074074074106]"
00014795_002.png,Cardiomegaly,0.09240528567083273,0.0357361,"[57.12512000000001, 140.75008, 198.625024, 406.25023999999996]",datasets/chestxray8/val/images/00014795_002.png,Infiltration,"[144.66031746031746, 270.899470899471, 218.8867724867725, 337.54074074074106]"
00014795_002.png,Infiltration,0.400208573440686,0.018692,"[95.62495999999999, 272.249856, 198.1248, 330.749952]",datasets/chestxray8/val/images/00014795_002.png,Infiltration,"[144.66031746031746, 270.899470899471, 218.8867724867725, 337.54074074074106]"
00014795_002.png,Mass,0.16914625762161484,0.0114136,"[61.562368000000006, 281.999872, 235.99974400000002, 416.99993600000005]",datasets/chestxray8/val/images/00014795_002.png,Infiltration,"[144.66031746031746, 270.899470899471, 218.8867724867725, 337.54074074074106]"
00014795_002.png,Infiltration,0.2050701013236108,0.00932312,"[120.12518399999999, 261.50013440000004, 199.125248, 294.5001216]",datasets/chestxray8/val/images/00014795_002.png,Infiltration,"[144.66031746031746, 270.899470899471, 218.8867724867725, 337.54074074074106]"
00014795_002.png,Infiltration,0.3522293990527567,0.00922394,"[122.25024000000002, 257.7499392, 220.250112, 304.2499328]",datasets/chestxray8/val/images/00014795_002.png,Infiltration,"[144.66031746031746, 270.899470899471, 218.8867724867725, 337.54074074074106]"
00014795_002.png,Cardiomegaly,0.09516379151487042,0.00887299,"[72.24985600000001, 73.25004800000002, 203.749888, 380.249856]",datasets/chestxray8/val/images/00014795_002.png,Infiltration,"[144.66031746031746, 270.899470899471, 218.8867724867725, 337.54074074074106]"
00014795_002.png,Mass,0.23252596966674696,0.00683212,"[87.375104, 295.249664, 232.624896, 375.749888]",datasets/chestxray8/val/images/00014795_002.png,Infiltration,"[144.66031746031746, 270.899470899471, 218.8867724867725, 337.54074074074106]"
00014795_002.png,Infiltration,0.07722711487744661,0.00630951,"[96.68735999999998, 226.74995199999998, 191.500032, 287.24992]",datasets/chestxray8/val/images/00014795_002.png,Infiltration,"[144.66031746031746, 270.899470899471, 218.8867724867725, 337.54074074074106]"
00014795_002.png,Infiltration,0.0660699135694434,0.00600815,"[123.12499199999999, 238.24975360000002, 189.375232, 281.7497344]",datasets/chestxray8/val/images/00014795_002.png,Infiltration,"[144.66031746031746, 270.899470899471, 218.8867724867725, 337.54074074074106]"
00014795_002.png,Cardiomegaly,0.1517052077843091,0.00590134,"[71.62470400000001, 179.000064, 206.374912, 373.99987200000004]",datasets/chestxray8/val/images/00014795_002.png,Infiltration,"[144.66031746031746, 270.899470899471, 218.8867724867725, 337.54074074074106]"
00014795_002.png,Infiltration,0.4312856643486438,0.00418854,"[105.81248, 288.749824, 221.74975999999998, 349.75001599999996]",datasets/chestxray8/val/images/00014795_002.png,Infiltration,"[144.66031746031746, 270.899470899471, 218.8867724867725, 337.54074074074106]"
00014795_002.png,Infiltration,0.24133418050606512,0.00383186,"[84.500224, 259.25017599999995, 185.250048, 348.250112]",datasets/chestxray8/val/images/00014795_002.png,Infiltration,"[144.66031746031746, 270.899470899471, 218.8867724867725, 337.54074074074106]"
00014795_002.png,Infiltration,0.37242524402839566,0.00368309,"[163.625216, 295.499776, 223.375104, 355.99974399999996]",datasets/chestxray8/val/images/00014795_002.png,Infiltration,"[144.66031746031746, 270.899470899471, 218.8867724867725, 337.54074074074106]"
00014795_002.png,Mass,0.424725569288247,0.00290298,"[134.24998399999998, 296.24985599999997, 217.75001600000002, 358.249984]",datasets/chestxray8/val/images/00014795_002.png,Infiltration,"[144.66031746031746, 270.899470899471, 218.8867724867725, 337.54074074074106]"
00014795_002.png,Cardiomegaly,0.1437645252151709,0.00271034,"[69.000192, 232.124928, 186.25024, 377.99987200000004]",datasets/chestxray8/val/images/00014795_002.png,Infiltration,"[144.66031746031746, 270.899470899471, 218.8867724867725, 337.54074074074106]"
00014795_002.png,Infiltration,0.1020986225888535,0.00267792,"[86.37465599999999, 198.000128, 200.624896, 297.999872]",datasets/chestxray8/val/images/00014795_002.png,Infiltration,"[144.66031746031746, 270.899470899471, 218.8867724867725, 337.54074074074106]"
00014795_002.png,Infiltration,0.12513597278588295,0.00200653,"[131.125248, 239.99992319999998, 204.125184, 286.4999168]",datasets/chestxray8/val/images/00014795_002.png,Infiltration,"[144.66031746031746, 270.899470899471, 218.8867724867725, 337.54074074074106]"
00014795_002.png,Infiltration,0.09823432231394462,0.00152397,"[171.125248, 230.24998399999998, 233.37523199999998, 286.750208]",datasets/chestxray8/val/images/00014795_002.png,Infiltration,"[144.66031746031746, 270.899470899471, 218.8867724867725, 337.54074074074106]"
00014795_002.png,Infiltration,0.18796128948124521,0.00146294,"[92.874752, 228.62464, 190.62476800000002, 317.999872]",datasets/chestxray8/val/images/00014795_002.png,Infiltration,"[144.66031746031746, 270.899470899471, 218.8867724867725, 337.54074074074106]"
00014795_002.png,Infiltration,0.3684384008035088,0.00145626,"[81.87494399999999, 279.000064, 213.374976, 355.00032000000004]",datasets/chestxray8/val/images/00014795_002.png,Infiltration,"[144.66031746031746, 270.899470899471, 218.8867724867725, 337.54074074074106]"
00014795_002.png,Cardiomegaly,0.2208904504434402,0.00135326,"[79.437568, 255.50003199999998, 187.000064, 354.49984]",datasets/chestxray8/val/images/00014795_002.png,Infiltration,"[144.66031746031746, 270.899470899471, 218.8867724867725, 337.54074074074106]"
00014795_002.png,Atelectasis,0.055953281720803986,0.00129509,"[169.00019200000003, 215.62521599999997, 413.50016, 452.000256]",datasets/chestxray8/val/images/00014795_002.png,Infiltration,"[144.66031746031746, 270.899470899471, 218.8867724867725, 337.54074074074106]"
00014795_002.png,Mass,0.0624307208040508,0.00127888,"[71.25017600000001, -0.00025600000000736145, 189.75001600000002, 327.99974399999996]",datasets/chestxray8/val/images/00014795_002.png,Infiltration,"[144.66031746031746, 270.899470899471, 218.8867724867725, 337.54074074074106]"
00014795_002.png,Infiltration,0.16511945937011083,0.00115204,"[158.00012800000002, 235.12499200000002, 227.250176, 291.499776]",datasets/chestxray8/val/images/00014795_002.png,Infiltration,"[144.66031746031746, 270.899470899471, 218.8867724867725, 337.54074074074106]"
00014795_002.png,Effusion,0.39146626516630545,0.0010891,"[165.625088, 259.499776, 223.37510400000002, 313.499904]",datasets/chestxray8/val/images/00014795_002.png,Infiltration,"[144.66031746031746, 270.899470899471, 218.8867724867725, 337.54074074074106]"
00014795_002.png,Mass,0.4312856643486438,0.00103569,"[105.81248, 288.749824, 221.74975999999998, 349.75001599999996]",datasets/chestxray8/val/images/00014795_002.png,Infiltration,"[144.66031746031746, 270.899470899471, 218.8867724867725, 337.54074074074106]"
00005827_000.png,Effusion,0.05393852022449513,0.373047,"[308.250112, 168.75008, 363.749888, 220.499968]",datasets/chestxray8/val/images/00005827_000.png,Atelectasis,"[196.673015873016, 153.87089947089947, 422.60317460317503, 389.553439153439]"
00005827_000.png,Mass,0.08283248500123598,0.303223,"[364.0, 306.99980800000003, 466.000128, 404.99968]",datasets/chestxray8/val/images/00005827_000.png,Atelectasis,"[196.673015873016, 153.87089947089947, 422.60317460317503, 389.553439153439]"
00005827_000.png,Effusion,0.07436651325463978,0.02388,"[315.000064, 151.00006399999998, 376.000256, 218.999808]",datasets/chestxray8/val/images/00005827_000.png,Atelectasis,"[196.673015873016, 153.87089947089947, 422.60317460317503, 389.553439153439]"
00005827_000.png,Effusion,0.0675661852768965,0.0193176,"[353.499904, 283.250176, 414.99980800000003, 341.750272]",datasets/chestxray8/val/images/00005827_000.png,Atelectasis,"[196.673015873016, 153.87089947089947, 422.60317460317503, 389.553439153439]"
00005827_000.png,Infiltration,0.16918942384062766,0.0120468,"[305.50016, 274.00012799999996, 396.499968, 372.999936]",datasets/chestxray8/val/images/00005827_000.png,Atelectasis,"[196.673015873016, 153.87089947089947, 422.60317460317503, 389.553439153439]"
00005827_000.png,Infiltration,0.1242724729904116,0.0112,"[325.250304, 281.99987200000004, 411.750144, 358.49984]",datasets/chestxray8/val/images/00005827_000.png,Atelectasis,"[196.673015873016, 153.87089947089947, 422.60317460317503, 389.553439153439]"
00005827_000.png,Mass,0.16644739771718584,0.00723267,"[327.000064, 284.749824, 476.499968, 398.24998400000004]",datasets/chestxray8/val/images/00005827_000.png,Atelectasis,"[196.673015873016, 153.87089947089947, 422.60317460317503, 389.553439153439]"
00005827_000.png,Effusion,0.06814334045929299,0.00591278,"[342.749952, 272.75007999999997, 404.249856, 331.749888]",datasets/chestxray8/val/images/00005827_000.png,Atelectasis,"[196.673015873016, 153.87089947089947, 422.60317460317503, 389.553439153439]"
00005827_000.png,Effusion,0.06592491734702306,0.00544357,"[303.500288, 154.374912, 359.000064, 217.62483200000003]",datasets/chestxray8/val/images/00005827_000.png,Atelectasis,"[196.673015873016, 153.87089947089947, 422.60317460317503, 389.553439153439]"
00005827_000.png,Infiltration,0.07873585267115978,0.0050087,"[349.249792, 278.74995199999995, 413.750016, 343.749888]",datasets/chestxray8/val/images/00005827_000.png,Atelectasis,"[196.673015873016, 153.87089947089947, 422.60317460317503, 389.553439153439]"
00005827_000.png,Effusion,0.05732615429839237,0.00380707,"[312.0, 227.00032, 367.00006399999995, 282.500096]",datasets/chestxray8/val/images/00005827_000.png,Atelectasis,"[196.673015873016, 153.87089947089947, 422.60317460317503, 389.553439153439]"
00005827_000.png,Infiltration,0.06001460637820209,0.00268936,"[357.250048, 189.499904, 441.24979199999996, 239.24992]",datasets/chestxray8/val/images/00005827_000.png,Atelectasis,"[196.673015873016, 153.87089947089947, 422.60317460317503, 389.553439153439]"
00005827_000.png,Mass,0.10855748482052223,0.00239944,"[307.500288, 78.187264, 365.50016, 261.75001599999996]",datasets/chestxray8/val/images/00005827_000.png,Atelectasis,"[196.673015873016, 153.87089947089947, 422.60317460317503, 389.553439153439]"
00005827_000.png,Infiltration,0.14366749678713947,0.00238609,"[314.50009600000004, 296.0, 414.49984, 372.49996799999997]",datasets/chestxray8/val/images/00005827_000.png,Atelectasis,"[196.673015873016, 153.87089947089947, 422.60317460317503, 389.553439153439]"
00005827_000.png,Infiltration,0.06534631225560723,0.00226974,"[359.24992000000003, 261.249792, 441.249792, 317.249792]",datasets/chestxray8/val/images/00005827_000.png,Atelectasis,"[196.673015873016, 153.87089947089947, 422.60317460317503, 389.553439153439]"
00005827_000.png,Infiltration,0.24604236326371107,0.00226974,"[298.249984, 252.00025599999998, 409.74976, 369.50016]",datasets/chestxray8/val/images/00005827_000.png,Atelectasis,"[196.673015873016, 153.87089947089947, 422.60317460317503, 389.553439153439]"
00005827_000.png,Mass,0.09524931655668523,0.0021801,"[352.250112, 303.749888, 484.75007999999997, 425.74976]",datasets/chestxray8/val/images/00005827_000.png,Atelectasis,"[196.673015873016, 153.87089947089947, 422.60317460317503, 389.553439153439]"
00005827_000.png,Infiltration,0.05684747334330382,0.00194645,"[362.249984, 201.625216, 442.750208, 252.75020800000001]",datasets/chestxray8/val/images/00005827_000.png,Atelectasis,"[196.673015873016, 153.87089947089947, 422.60317460317503, 389.553439153439]"
00005827_000.png,Mass,0.14218896873214779,0.00186539,"[353.00019199999997, 259.75014400000003, 478.500096, 413.750016]",datasets/chestxray8/val/images/00005827_000.png,Atelectasis,"[196.673015873016, 153.87089947089947, 422.60317460317503, 389.553439153439]"
00005827_000.png,Effusion,0.07098923189913667,0.00171185,"[316.49996799999997, 230.74995199999998, 376.500224, 293.75001599999996]",datasets/chestxray8/val/images/00005827_000.png,Atelectasis,"[196.673015873016, 153.87089947089947, 422.60317460317503, 389.553439153439]"
00005827_000.png,Atelectasis,0.05393852022449513,0.00164795,"[308.250112, 168.75008, 363.749888, 220.499968]",datasets/chestxray8/val/images/00005827_000.png,Atelectasis,"[196.673015873016, 153.87089947089947, 422.60317460317503, 389.553439153439]"
00005827_000.png,Infiltration,0.10303692738268207,0.00158787,"[338.000128, 262.25023999999996, 424.49996799999997, 327.250176]",datasets/chestxray8/val/images/00005827_000.png,Atelectasis,"[196.673015873016, 153.87089947089947, 422.60317460317503, 389.553439153439]"
00005827_000.png,Infiltration,0.12883714266557575,0.00127125,"[307.74988799999994, 137.999872, 418.249728, 217.999872]",datasets/chestxray8/val/images/00005827_000.png,Atelectasis,"[196.673015873016, 153.87089947089947, 422.60317460317503, 389.553439153439]"
00005827_000.png,Mass,0.32243880960252,0.00126171,"[267.500032, 84.56217600000001, 404.000256, 301.999872]",datasets/chestxray8/val/images/00005827_000.png,Atelectasis,"[196.673015873016, 153.87089947089947, 422.60317460317503, 389.553439153439]"
00005827_000.png,Mass,0.062437575272423856,0.00120735,"[310.000128, 122.75020800000001, 361.999872, 219.750144]",datasets/chestxray8/val/images/00005827_000.png,Atelectasis,"[196.673015873016, 153.87089947089947, 422.60317460317503, 389.553439153439]"
00005827_000.png,Mass,0.14230609108472728,0.00120449,"[306.249984, 97.12512, 404.75007999999997, 238.87488000000002]",datasets/chestxray8/val/images/00005827_000.png,Atelectasis,"[196.673015873016, 153.87089947089947, 422.60317460317503, 389.553439153439]"
00005827_000.png,Infiltration,0.05421180443890344,0.0011797,"[83.24992, 304.75007999999997, 240.499968, 425.750016]",datasets/chestxray8/val/images/00005827_000.png,Atelectasis,"[196.673015873016, 153.87089947089947, 422.60317460317503, 389.553439153439]"
00005827_000.png,Cardiomegaly,0.11185214370963949,0.00112343,"[389.249792, 160.999936, 477.249792, 416.999936]",datasets/chestxray8/val/images/00005827_000.png,Atelectasis,"[196.673015873016, 153.87089947089947, 422.60317460317503, 389.553439153439]"
00005827_000.png,Infiltration,0.06388907088945454,0.00109673,"[356.75007999999997, 175.124736, 434.249984, 227.37484800000001]",datasets/chestxray8/val/images/00005827_000.png,Atelectasis,"[196.673015873016, 153.87089947089947, 422.60317460317503, 389.553439153439]"
00005827_000.png,Atelectasis,0.11567184864548923,0.00109577,"[61.374976000000004, 312.75007999999997, 344.0, 510.49984]",datasets/chestxray8/val/images/00005827_000.png,Atelectasis,"[196.673015873016, 153.87089947089947, 422.60317460317503, 389.553439153439]"
00005827_000.png,Effusion,0.058171199641644716,0.00105953,"[336.0, 267.499776, 394.99980800000003, 319.99974399999996]",datasets/chestxray8/val/images/00005827_000.png,Atelectasis,"[196.673015873016, 153.87089947089947, 422.60317460317503, 389.553439153439]"
00005827_000.png,Mass,0.3928704286146683,0.00105,"[288.0, 107.50003199999999, 446.49983999999995, 344.0]",datasets/chestxray8/val/images/00005827_000.png,Atelectasis,"[196.673015873016, 153.87089947089947, 422.60317460317503, 389.553439153439]"
00005827_000.png,Mass,0.16244627489457536,0.00100899,"[290.000128, 26.93759999999999, 383.00032, 267.500288]",datasets/chestxray8/val/images/00005827_000.png,Atelectasis,"[196.673015873016, 153.87089947089947, 422.60317460317503, 389.553439153439]"
00018102_001.png,Cardiomegaly,0.0683054274346232,0.00120068,"[26.062336, 243.74988799999997, 89.687552, 362.74995199999995]",datasets/chestxray8/val/images/00018102_001.png,Cardiomegaly,"[53.76, 294.2767447916665, 73.1022222222222, 321.01452256944424]"
00019861_010.png,Infiltration,0.059716403048534115,0.0242157,"[334.000128, 286.49984, 437.499904, 334.49984]",datasets/chestxray8/val/images/00019861_010.png,Atelectasis,"[134.9079365079365, 178.79365079365104, 402.01481481481505, 377.0920634920635]"
00019861_010.png,Infiltration,0.23709144864683437,0.021698,"[265.999872, 231.87507200000002, 377.999872, 344.0]",datasets/chestxray8/val/images/00019861_010.png,Atelectasis,"[134.9079365079365, 178.79365079365104, 402.01481481481505, 377.0920634920635]"
00019861_010.png,Cardiomegaly,0.09137554954476192,0.0184021,"[356.250112, 238.87488000000002, 480.25036800000004, 420.999936]",datasets/chestxray8/val/images/00019861_010.png,Atelectasis,"[134.9079365079365, 178.79365079365104, 402.01481481481505, 377.0920634920635]"
00019861_010.png,Infiltration,0.10308378570050561,0.0140762,"[301.99987200000004, 280.999936, 443.000064, 337.99987200000004]",datasets/chestxray8/val/images/00019861_010.png,Atelectasis,"[134.9079365079365, 178.79365079365104, 402.01481481481505, 377.0920634920635]"
00019861_010.png,Infiltration,0.21597460907839092,0.0139771,"[264.99993600000005, 237.74975999999998, 401.999872, 321.249792]",datasets/chestxray8/val/images/00019861_010.png,Atelectasis,"[134.9079365079365, 178.79365079365104, 402.01481481481505, 377.0920634920635]"
00019861_010.png,Cardiomegaly,0.07664122546077315,0.01017,"[363.25017599999995, 255.499776, 468.250112, 376.0]",datasets/chestxray8/val/images/00019861_010.png,Atelectasis,"[134.9079365079365, 178.79365079365104, 402.01481481481505, 377.0920634920635]"
00019861_010.png,Infiltration,0.1625886388979091,0.00870514,"[304.49996799999997, 283.000064, 435.499776, 379.500288]",datasets/chestxray8/val/images/00019861_010.png,Atelectasis,"[134.9079365079365, 178.79365079365104, 402.01481481481505, 377.0920634920635]"
00019861_010.png,Infiltration,0.2786876978931741,0.00611115,"[258.99980800000003, 247.00032, 415.499776, 353.00019199999997]",datasets/chestxray8/val/images/00019861_010.png,Atelectasis,"[134.9079365079365, 178.79365079365104, 402.01481481481505, 377.0920634920635]"
00019861_010.png,Infiltration,0.08261597559861422,0.00555038,"[329.75001599999996, 299.250176, 429.250048, 361.75001599999996]",datasets/chestxray8/val/images/00019861_010.png,Atelectasis,"[134.9079365079365, 178.79365079365104, 402.01481481481505, 377.0920634920635]"
00019861_010.png,Infiltration,0.1690942110393352,0.00523758,"[278.500096, 255.000064, 421.50016000000005, 329.50016]",datasets/chestxray8/val/images/00019861_010.png,Atelectasis,"[134.9079365079365, 178.79365079365104, 402.01481481481505, 377.0920634920635]"
00019861_010.png,Infiltration,0.19529053872459312,0.00509262,"[266.749952, 264.249856, 444.749824, 345.75001599999996]",datasets/chestxray8/val/images/00019861_010.png,Atelectasis,"[134.9079365079365, 178.79365079365104, 402.01481481481505, 377.0920634920635]"
00019861_010.png,Effusion,0.050418147475063374,0.00489044,"[300.99993600000005, 190.12477439999998, 355.499776, 239.1247616]",datasets/chestxray8/val/images/00019861_010.png,Atelectasis,"[134.9079365079365, 178.79365079365104, 402.01481481481505, 377.0920634920635]"
00019861_010.png,Infiltration,0.07451652361194905,0.00375175,"[345.999872, 274.500096, 447.499776, 349.499904]",datasets/chestxray8/val/images/00019861_010.png,Atelectasis,"[134.9079365079365, 178.79365079365104, 402.01481481481505, 377.0920634920635]"
00019861_010.png,Cardiomegaly,0.08973831233503116,0.00369453,"[367.500288, 104.99993599999999, 469.000192, 401.999872]",datasets/chestxray8/val/images/00019861_010.png,Atelectasis,"[134.9079365079365, 178.79365079365104, 402.01481481481505, 377.0920634920635]"
00019861_010.png,Infiltration,0.24192971418353662,0.00359154,"[274.749696, 261.499904, 435.24992, 401.999872]",datasets/chestxray8/val/images/00019861_010.png,Atelectasis,"[134.9079365079365, 178.79365079365104, 402.01481481481505, 377.0920634920635]"
00019861_010.png,Cardiomegaly,0.051340569174908875,0.00301552,"[344.99993600000005, 284.74990080000003, 442.500096, 334.2499072]",datasets/chestxray8/val/images/00019861_010.png,Atelectasis,"[134.9079365079365, 178.79365079365104, 402.01481481481505, 377.0920634920635]"
00019861_010.png,Cardiomegaly,0.07451652361194905,0.00271416,"[345.999872, 274.500096, 447.499776, 349.499904]",datasets/chestxray8/val/images/00019861_010.png,Atelectasis,"[134.9079365079365, 178.79365079365104, 402.01481481481505, 377.0920634920635]"
00019861_010.png,Cardiomegaly,0.1402948339705164,0.00257301,"[322.750208, 258.24998400000004, 450.249984, 360.749824]",datasets/chestxray8/val/images/00019861_010.png,Atelectasis,"[134.9079365079365, 178.79365079365104, 402.01481481481505, 377.0920634920635]"
00019861_010.png,Cardiomegaly,0.10029984957446854,0.00255585,"[300.249856, 283.000064, 444.75008, 337.49990399999996]",datasets/chestxray8/val/images/00019861_010.png,Atelectasis,"[134.9079365079365, 178.79365079365104, 402.01481481481505, 377.0920634920635]"
00019861_010.png,Cardiomegaly,0.21114775435323355,0.00226402,"[261.499904, 264.500224, 448.0, 350.000128]",datasets/chestxray8/val/images/00019861_010.png,Atelectasis,"[134.9079365079365, 178.79365079365104, 402.01481481481505, 377.0920634920635]"
00019861_010.png,Effusion,0.06212317240347682,0.00204659,"[127.750144, 224.0, 188.000256, 286.49984]",datasets/chestxray8/val/images/00019861_010.png,Atelectasis,"[134.9079365079365, 178.79365079365104, 402.01481481481505, 377.0920634920635]"
00019861_010.png,Infiltration,0.08373657480713237,0.00203514,"[309.750016, 229.1250944, 403.24992000000003, 277.2500736]",datasets/chestxray8/val/images/00019861_010.png,Atelectasis,"[134.9079365079365, 178.79365079365104, 402.01481481481505, 377.0920634920635]"
00019861_010.png,Infiltration,0.07713483876710929,0.00183487,"[326.99980800000003, 267.50003200000003, 411.499776, 322.500096]",datasets/chestxray8/val/images/00019861_010.png,Atelectasis,"[134.9079365079365, 178.79365079365104, 402.01481481481505, 377.0920634920635]"
00019861_010.png,Cardiomegaly,0.1541370160301365,0.00163174,"[339.500032, 78.00012799999999, 460.000256, 408.75008]",datasets/chestxray8/val/images/00019861_010.png,Atelectasis,"[134.9079365079365, 178.79365079365104, 402.01481481481505, 377.0920634920635]"
00019861_010.png,Cardiomegaly,0.19458067380730074,0.00158119,"[325.24979199999996, 47.62521600000002, 438.249728, 368.0]",datasets/chestxray8/val/images/00019861_010.png,Atelectasis,"[134.9079365079365, 178.79365079365104, 402.01481481481505, 377.0920634920635]"
00019861_010.png,Infiltration,0.14749750103774842,0.00152397,"[134.00012800000002, 266.249984, 216.0, 362.750208]",datasets/chestxray8/val/images/00019861_010.png,Atelectasis,"[134.9079365079365, 178.79365079365104, 402.01481481481505, 377.0920634920635]"
00019861_010.png,Cardiomegaly,0.22075126879230594,0.00129795,"[296.500224, 253.000192, 440.500224, 388.00025600000004]",datasets/chestxray8/val/images/00019861_010.png,Atelectasis,"[134.9079365079365, 178.79365079365104, 402.01481481481505, 377.0920634920635]"
00019861_010.png,Infiltration,0.05343012968948222,0.00123787,"[337.750272, 325.0000384, 427.750144, 370.00002559999996]",datasets/chestxray8/val/images/00019861_010.png,Atelectasis,"[134.9079365079365, 178.79365079365104, 402.01481481481505, 377.0920634920635]"
00019861_010.png,Infiltration,0.08511890880676398,0.00122643,"[127.75014399999999, 268.999936, 186.749952, 356.999936]",datasets/chestxray8/val/images/00019861_010.png,Atelectasis,"[134.9079365079365, 178.79365079365104, 402.01481481481505, 377.0920634920635]"
00019861_010.png,Mass,0.1255837815184221,0.00120068,"[350.749696, 54.25023999999999, 444.749824, 355.750144]",datasets/chestxray8/val/images/00019861_010.png,Atelectasis,"[134.9079365079365, 178.79365079365104, 402.01481481481505, 377.0920634920635]"
00019861_010.png,Cardiomegaly,0.14325172237586853,0.00115681,"[335.00006399999995, 220.0, 470.000128, 450.000128]",datasets/chestxray8/val/images/00019861_010.png,Atelectasis,"[134.9079365079365, 178.79365079365104, 402.01481481481505, 377.0920634920635]"
00019861_010.png,Infiltration,0.12191576510601497,0.00105858,"[145.374976, 253.250304, 208.37504, 355.750144]",datasets/chestxray8/val/images/00019861_010.png,Atelectasis,"[134.9079365079365, 178.79365079365104, 402.01481481481505, 377.0920634920635]"
00019861_010.png,Effusion,0.09151009785888091,0.00105095,"[140.749824, 218.75020800000001, 206.24998399999998, 292.75008]",datasets/chestxray8/val/images/00019861_010.png,Atelectasis,"[134.9079365079365, 178.79365079365104, 402.01481481481505, 377.0920634920635]"
00013977_005.png,Cardiomegaly,0.13738136110007837,0.0051918,"[354.500096, 169.37497599999998, 477.499904, 502.99980800000003]",datasets/chestxray8/val/images/00013977_005.png,Cardiomegaly,"[390.637037037037, 392.262433862434, 452.9439153439155, 482.7428571428575]"
00013977_005.png,Mass,0.07747198363734203,0.00266838,"[299.499776, 190.999808, 465.499904, 447.99974399999996]",datasets/chestxray8/val/images/00013977_005.png,Cardiomegaly,"[390.637037037037, 392.262433862434, 452.9439153439155, 482.7428571428575]"
00013977_005.png,Effusion,0.07747198363734203,0.00214767,"[299.499776, 190.999808, 465.499904, 447.99974399999996]",datasets/chestxray8/val/images/00013977_005.png,Cardiomegaly,"[390.637037037037, 392.262433862434, 452.9439153439155, 482.7428571428575]"
00013977_005.png,Cardiomegaly,0.06884882237045113,0.00118828,"[367.00006399999995, 147.24991999999997, 461.499904, 425.250048]",datasets/chestxray8/val/images/00013977_005.png,Cardiomegaly,"[390.637037037037, 392.262433862434, 452.9439153439155, 482.7428571428575]"
00013977_005.png,Cardiomegaly,0.07747198363734203,0.00103474,"[299.499776, 190.999808, 465.499904, 447.99974399999996]",datasets/chestxray8/val/images/00013977_005.png,Cardiomegaly,"[390.637037037037, 392.262433862434, 452.9439153439155, 482.7428571428575]"
00017199_005.png,Infiltration,0.4018785236322955,0.0327454,"[372.500224, 337.7502208, 444.500224, 383.2502272]",datasets/chestxray8/val/images/00017199_005.png,Effusion,"[386.8444444444445, 341.3333333333335, 422.06137566137573, 378.71746031746045]"
00017199_005.png,Infiltration,0.3174574256913554,0.00380135,"[384.24985599999997, 341.9999744, 467.749888, 390.4999936]",datasets/chestxray8/val/images/00017199_005.png,Effusion,"[386.8444444444445, 341.3333333333335, 422.06137566137573, 378.71746031746045]"
00017199_005.png,Effusion,0.44061379704490833,0.00309372,"[372.500224, 339.49985280000004, 444.500224, 380.9998592]",datasets/chestxray8/val/images/00017199_005.png,Effusion,"[386.8444444444445, 341.3333333333335, 422.06137566137573, 378.71746031746045]"
00017199_005.png,Infiltration,0.30883265400471915,0.00292206,"[381.25004800000005, 330.2499584, 468.250112, 379.2499456]",datasets/chestxray8/val/images/00017199_005.png,Effusion,"[386.8444444444445, 341.3333333333335, 422.06137566137573, 378.71746031746045]"
00017199_005.png,Infiltration,0.11659436561501724,0.00267792,"[361.49995520000004, 354.9997824, 399.4999808, 395.9997696]",datasets/chestxray8/val/images/00017199_005.png,Effusion,"[386.8444444444445, 341.3333333333335, 422.06137566137573, 378.71746031746045]"
00017199_005.png,Infiltration,0.20728977659440712,0.0026474,"[371.500288, 320.5001984, 451.000064, 365.0002176]",datasets/chestxray8/val/images/00017199_005.png,Effusion,"[386.8444444444445, 341.3333333333335, 422.06137566137573, 378.71746031746045]"
00017199_005.png,Infiltration,0.1545250049123222,0.00189972,"[360.499712, 338.749952, 466.999808, 418.749952]",datasets/chestxray8/val/images/00017199_005.png,Effusion,"[386.8444444444445, 341.3333333333335, 422.06137566137573, 378.71746031746045]"
00017199_005.png,Effusion,0.06178275413342667,0.00147915,"[364.9999616, 363.74996480000004, 395.99997440000004, 397.2499712]",datasets/chestxray8/val/images/00017199_005.png,Effusion,"[386.8444444444445, 341.3333333333335, 422.06137566137573, 378.71746031746045]"
00017199_005.png,Infiltration,0.16295211638790316,0.00119305,"[384.250112, 352.0, 475.75014400000003, 410.99980800000003]",datasets/chestxray8/val/images/00017199_005.png,Effusion,"[386.8444444444445, 341.3333333333335, 422.06137566137573, 378.71746031746045]"
00028620_000.png,Infiltration,0.3584893614394351,0.0278778,"[358.249728, 343.9998464, 470.749952, 392.4998656]",datasets/chestxray8/val/images/00028620_000.png,Infiltration,"[399.30582010582, 334.289947089947, 476.2412698412695, 376.00846560846554]"
00028620_000.png,Infiltration,0.2196831178268123,0.0177002,"[306.500352, 335.24992000000003, 466.000128, 409.750016]",datasets/chestxray8/val/images/00028620_000.png,Infiltration,"[399.30582010582, 334.289947089947, 476.2412698412695, 376.00846560846554]"
00028620_000.png,Infiltration,0.3749333368137021,0.0148163,"[327.50003200000003, 336.49986559999996, 472.49996799999997, 387.4998784]",datasets/chestxray8/val/images/00028620_000.png,Infiltration,"[399.30582010582, 334.289947089947, 476.2412698412695, 376.00846560846554]"
00028620_000.png,Infiltration,0.16340343798387363,0.00413513,"[282.749952, 316.249856, 460.749824, 400.749824]",datasets/chestxray8/val/images/00028620_000.png,Infiltration,"[399.30582010582, 334.289947089947, 476.2412698412695, 376.00846560846554]"
00028620_000.png,Infiltration,0.26972741748809276,0.0038147,"[331.50003200000003, 319.2497664, 464.500224, 364.24975359999996]",datasets/chestxray8/val/images/00028620_000.png,Infiltration,"[399.30582010582, 334.289947089947, 476.2412698412695, 376.00846560846554]"
00028620_000.png,Infiltration,0.05921227641860706,0.00257874,"[370.249984, 287.99974399999996, 456.250112, 341.999872]",datasets/chestxray8/val/images/00028620_000.png,Infiltration,"[399.30582010582, 334.289947089947, 476.2412698412695, 376.00846560846554]"
00028620_000.png,Infiltration,0.2279067120553459,0.00245094,"[414.249728, 353.250048, 475.24992, 423.250176]",datasets/chestxray8/val/images/00028620_000.png,Infiltration,"[399.30582010582, 334.289947089947, 476.2412698412695, 376.00846560846554]"
00028620_000.png,Infiltration,0.09069263041130038,0.00159168,"[252.99993600000002, 294.500096, 454.500096, 416.00025600000004]",datasets/chestxray8/val/images/00028620_000.png,Infiltration,"[399.30582010582, 334.289947089947, 476.2412698412695, 376.00846560846554]"
00028620_000.png,Infiltration,0.35731329330172334,0.0015564,"[356.499712, 312.749824, 470.999808, 370.24998400000004]",datasets/chestxray8/val/images/00028620_000.png,Infiltration,"[399.30582010582, 334.289947089947, 476.2412698412695, 376.00846560846554]"
00028620_000.png,Infiltration,0.3406085467961215,0.00147724,"[384.749824, 347.500288, 478.249728, 405.50016]",datasets/chestxray8/val/images/00028620_000.png,Infiltration,"[399.30582010582, 334.289947089947, 476.2412698412695, 376.00846560846554]"
00028620_000.png,Cardiomegaly,0.08194765795082207,0.00134468,"[366.000128, 173.87519999999998, 501.00019199999997, 464.0]",datasets/chestxray8/val/images/00028620_000.png,Infiltration,"[399.30582010582, 334.289947089947, 476.2412698412695, 376.00846560846554]"
00028620_000.png,Infiltration,0.19056750928083702,0.00115395,"[280.499712, 310.49984, 461.49990399999996, 370.50009600000004]",datasets/chestxray8/val/images/00028620_000.png,Infiltration,"[399.30582010582, 334.289947089947, 476.2412698412695, 376.00846560846554]"
00028620_000.png,Infiltration,0.06207092273550612,0.00102806,"[205.75001600000002, 268.0, 461.249792, 428.500224]",datasets/chestxray8/val/images/00028620_000.png,Infiltration,"[399.30582010582, 334.289947089947, 476.2412698412695, 376.00846560846554]"
00027866_002.png,Cardiomegaly,0.21522235114679444,0.0652466,"[51.124736, 328.999936, 200.124928, 385.50016]",datasets/chestxray8/val/images/00027866_002.png,Infiltration,"[72.406779661017, 308.763845670021, 373.4237288135595, 416.15367617849546]"
00027866_002.png,Infiltration,0.18553728955166146,0.030014,"[57.812735999999994, 325.74976000000004, 174.25024, 386.249728]",datasets/chestxray8/val/images/00027866_002.png,Infiltration,"[72.406779661017, 308.763845670021, 373.4237288135595, 416.15367617849546]"
00027866_002.png,Cardiomegaly,0.1950012551798108,0.0238495,"[51.250175999999996, 146.62502400000002, 175.500288, 432.500224]",datasets/chestxray8/val/images/00027866_002.png,Infiltration,"[72.406779661017, 308.763845670021, 373.4237288135595, 416.15367617849546]"
00027866_002.png,Infiltration,0.2553603231876385,0.0232239,"[260.75008, 332.749824, 380.75008, 407.24992]",datasets/chestxray8/val/images/00027866_002.png,Infiltration,"[72.406779661017, 308.763845670021, 373.4237288135595, 416.15367617849546]"
00027866_002.png,Cardiomegaly,0.11732781744027636,0.0225983,"[32.781056, 275.249664, 116.49971199999999, 427.749888]",datasets/chestxray8/val/images/00027866_002.png,Infiltration,"[72.406779661017, 308.763845670021, 373.4237288135595, 416.15367617849546]"
00027866_002.png,Infiltration,0.14462021232918615,0.0188599,"[288.0, 326.24998400000004, 373.00019199999997, 381.250048]",datasets/chestxray8/val/images/00027866_002.png,Infiltration,"[72.406779661017, 308.763845670021, 373.4237288135595, 416.15367617849546]"
00027866_002.png,Cardiomegaly,0.1529186203489357,0.0159302,"[299.500288, 214.62476800000002, 411.000064, 461.499904]",datasets/chestxray8/val/images/00027866_002.png,Infiltration,"[72.406779661017, 308.763845670021, 373.4237288135595, 416.15367617849546]"
00027866_002.png,Cardiomegaly,0.09381397895631315,0.0140076,"[42.312704, 291.24992, 104.812544, 414.749952]",datasets/chestxray8/val/images/00027866_002.png,Infiltration,"[72.406779661017, 308.763845670021, 373.4237288135595, 416.15367617849546]"
00027866_002.png,Cardiomegaly,0.11422225639594051,0.0138397,"[28.281087999999997, 204.250112, 124.124928, 432.24985599999997]",datasets/chestxray8/val/images/00027866_002.png,Infiltration,"[72.406779661017, 308.763845670021, 373.4237288135595, 416.15367617849546]"
00027866_002.png,Infiltration,0.15062979346423502,0.0123596,"[61.375232000000004, 319.000064, 160.250112, 375.500288]",datasets/chestxray8/val/images/00027866_002.png,Infiltration,"[72.406779661017, 308.763845670021, 373.4237288135595, 416.15367617849546]"
00027866_002.png,Cardiomegaly,0.19375727862195066,0.0113297,"[37.437696, 270.25024, 150.25024000000002, 440.250112]",datasets/chestxray8/val/images/00027866_002.png,Infiltration,"[72.406779661017, 308.763845670021, 373.4237288135595, 416.15367617849546]"
00027866_002.png,Cardiomegaly,0.21159158109998508,0.0101547,"[44.062464000000006, 304.0, 151.749888, 403.50003200000003]",datasets/chestxray8/val/images/00027866_002.png,Infiltration,"[72.406779661017, 308.763845670021, 373.4237288135595, 416.15367617849546]"
00027866_002.png,Cardiomegaly,0.3526192659417478,0.0100479,"[46.37491200000001, 315.499776, 225.87494400000003, 394.49983999999995]",datasets/chestxray8/val/images/00027866_002.png,Infiltration,"[72.406779661017, 308.763845670021, 373.4237288135595, 416.15367617849546]"
00027866_002.png,Effusion,0.05730904572564838,0.00785065,"[305.74976, 244.999936, 361.74976, 345.49990399999996]",datasets/chestxray8/val/images/00027866_002.png,Infiltration,"[72.406779661017, 308.763845670021, 373.4237288135595, 416.15367617849546]"
00027866_002.png,Cardiomegaly,0.27362874270800686,0.00718689,"[36.62489600000001, 324.499968, 187.500032, 408.499712]",datasets/chestxray8/val/images/00027866_002.png,Infiltration,"[72.406779661017, 308.763845670021, 373.4237288135595, 416.15367617849546]"
00027866_002.png,Infiltration,0.1400493711989241,0.00697708,"[285.999872, 312.0, 375.99974399999996, 363.99974399999996]",datasets/chestxray8/val/images/00027866_002.png,Infiltration,"[72.406779661017, 308.763845670021, 373.4237288135595, 416.15367617849546]"
00027866_002.png,Infiltration,0.24489435737288434,0.00682068,"[50.875136, 315.749888, 201.374976, 379.749888]",datasets/chestxray8/val/images/00027866_002.png,Infiltration,"[72.406779661017, 308.763845670021, 373.4237288135595, 416.15367617849546]"
00027866_002.png,Infiltration,0.1765971548313342,0.00649261,"[257.999872, 318.75015679999996, 380.49996799999997, 368.7501312]",datasets/chestxray8/val/images/00027866_002.png,Infiltration,"[72.406779661017, 308.763845670021, 373.4237288135595, 416.15367617849546]"
00027866_002.png,Infiltration,0.37694750614772193,0.00629044,"[233.74976000000004, 324.999936, 382.249728, 420.499712]",datasets/chestxray8/val/images/00027866_002.png,Infiltration,"[72.406779661017, 308.763845670021, 373.4237288135595, 416.15367617849546]"
00027866_002.png,Cardiomegaly,0.14873244613678413,0.00533295,"[32.531200000000005, 176.49996800000002, 151.999744, 458.49984]",datasets/chestxray8/val/images/00027866_002.png,Infiltration,"[72.406779661017, 308.763845670021, 373.4237288135595, 416.15367617849546]"
00027866_002.png,Effusion,0.10287603210874952,0.00528717,"[131.24992, 284.0, 203.24992, 357.50016000000005]",datasets/chestxray8/val/images/00027866_002.png,Infiltration,"[72.406779661017, 308.763845670021, 373.4237288135595, 416.15367617849546]"
00027866_002.png,Cardiomegaly,0.13583109912864066,0.00490952,"[56.24985600000001, 321.499904, 143.74963200000002, 384.99968]",datasets/chestxray8/val/images/00027866_002.png,Infiltration,"[72.406779661017, 308.763845670021, 373.4237288135595, 416.15367617849546]"
00027866_002.png,Cardiomegaly,0.10532702526071962,0.00488281,"[42.90636800000001, 139.50028800000004, 122.875136, 446.500096]",datasets/chestxray8/val/images/00027866_002.png,Infiltration,"[72.406779661017, 308.763845670021, 373.4237288135595, 416.15367617849546]"
00027866_002.png,Mass,0.1950012551798108,0.00450134,"[51.250175999999996, 146.62502400000002, 175.500288, 432.500224]",datasets/chestxray8/val/images/00027866_002.png,Infiltration,"[72.406779661017, 308.763845670021, 373.4237288135595, 416.15367617849546]"
00027866_002.png,Atelectasis,0.31756301717583607,0.00419235,"[29.874944, 332.999936, 313.00019199999997, 511.999744]",datasets/chestxray8/val/images/00027866_002.png,Infiltration,"[72.406779661017, 308.763845670021, 373.4237288135595, 416.15367617849546]"
00027866_002.png,Infiltration,0.34684424075016645,0.00413132,"[64.25011199999999, 303.000064, 219.75014399999998, 388.499968]",datasets/chestxray8/val/images/00027866_002.png,Infiltration,"[72.406779661017, 308.763845670021, 373.4237288135595, 416.15367617849546]"
00027866_002.png,Cardiomegaly,0.09418466251618048,0.00393295,"[37.281024, 230.50009599999998, 110.249728, 412.500224]",datasets/chestxray8/val/images/00027866_002.png,Infiltration,"[72.406779661017, 308.763845670021, 373.4237288135595, 416.15367617849546]"
00027866_002.png,Effusion,0.08528177175021809,0.00391769,"[307.50003200000003, 280.499712, 373.499904, 352.999936]",datasets/chestxray8/val/images/00027866_002.png,Infiltration,"[72.406779661017, 308.763845670021, 373.4237288135595, 416.15367617849546]"
00027866_002.png,Infiltration,0.25004677151308113,0.00351715,"[237.75001599999996, 323.249664, 377.250048, 383.24992000000003]",datasets/chestxray8/val/images/00027866_002.png,Infiltration,"[72.406779661017, 308.763845670021, 373.4237288135595, 416.15367617849546]"
00027866_002.png,Cardiomegaly,0.2407197762505961,0.00298309,"[274.249984, 266.24998400000004, 401.74976, 443.24992]",datasets/chestxray8/val/images/00027866_002.png,Infiltration,"[72.406779661017, 308.763845670021, 373.4237288135595, 416.15367617849546]"
00027866_002.png,Atelectasis,0.37556206391721647,0.00280571,"[35.312383999999994, 330.49984, 285.499648, 468.499712]",datasets/chestxray8/val/images/00027866_002.png,Infiltration,"[72.406779661017, 308.763845670021, 373.4237288135595, 416.15367617849546]"
00027866_002.png,Infiltration,0.07457459154845734,0.00272369,"[295.50003200000003, 301.50010879999996, 365.999872, 343.5000832]",datasets/chestxray8/val/images/00027866_002.png,Infiltration,"[72.406779661017, 308.763845670021, 373.4237288135595, 416.15367617849546]"
00027866_002.png,Infiltration,0.3057260422151601,0.00261307,"[50.187776, 328.250112, 196.250112, 425.25004800000005]",datasets/chestxray8/val/images/00027866_002.png,Infiltration,"[72.406779661017, 308.763845670021, 373.4237288135595, 416.15367617849546]"
00027866_002.png,Cardiomegaly,0.06878919003674046,0.0025959,"[31.750144000000006, 132.75008, 129.250304, 371.750144]",datasets/chestxray8/val/images/00027866_002.png,Infiltration,"[72.406779661017, 308.763845670021, 373.4237288135595, 416.15367617849546]"
00027866_002.png,Atelectasis,0.38994161413052414,0.0025959,"[135.374848, 322.49983999999995, 341.499904, 499.499776]",datasets/chestxray8/val/images/00027866_002.png,Infiltration,"[72.406779661017, 308.763845670021, 373.4237288135595, 416.15367617849546]"
00027866_002.png,Infiltration,0.21159158109998508,0.00247765,"[44.062464000000006, 304.0, 151.749888, 403.50003200000003]",datasets/chestxray8/val/images/00027866_002.png,Infiltration,"[72.406779661017, 308.763845670021, 373.4237288135595, 416.15367617849546]"
00027866_002.png,Infiltration,0.21060400590487655,0.00225258,"[300.49996799999997, 315.75014400000003, 391.499776, 414.25024]",datasets/chestxray8/val/images/00027866_002.png,Infiltration,"[72.406779661017, 308.763845670021, 373.4237288135595, 416.15367617849546]"
00027866_002.png,Cardiomegaly,0.052266720917058224,0.00203896,"[47.4373376, 294.000128, 91.81232639999999, 404.00025600000004]",datasets/chestxray8/val/images/00027866_002.png,Infiltration,"[72.406779661017, 308.763845670021, 373.4237288135595, 416.15367617849546]"
00027866_002.png,Cardiomegaly,0.12585461758786406,0.00192547,"[316.749824, 255.500288, 417.75001599999996, 474.50009600000004]",datasets/chestxray8/val/images/00027866_002.png,Infiltration,"[72.406779661017, 308.763845670021, 373.4237288135595, 416.15367617849546]"
00027866_002.png,Cardiomegaly,0.08258727094773896,0.00169373,"[24.406271999999994, 313.000192, 104.12518399999999, 445.50016]",datasets/chestxray8/val/images/00027866_002.png,Infiltration,"[72.406779661017, 308.763845670021, 373.4237288135595, 416.15367617849546]"
00027866_002.png,Infiltration,0.15639755854097603,0.00162506,"[246.000128, 312.24985599999997, 340.49996799999997, 365.74976]",datasets/chestxray8/val/images/00027866_002.png,Infiltration,"[72.406779661017, 308.763845670021, 373.4237288135595, 416.15367617849546]"
00027866_002.png,Cardiomegaly,0.21170431082721075,0.00161743,"[300.0, 286.24998400000004, 396.99993600000005, 418.249728]",datasets/chestxray8/val/images/00027866_002.png,Infiltration,"[72.406779661017, 308.763845670021, 373.4237288135595, 416.15367617849546]"
00027866_002.png,Infiltration,0.20860872086662863,0.00158882,"[291.50028799999995, 281.50016, 404.500224, 446.50035199999996]",datasets/chestxray8/val/images/00027866_002.png,Infiltration,"[72.406779661017, 308.763845670021, 373.4237288135595, 416.15367617849546]"
00027866_002.png,Cardiomegaly,0.05227708243121339,0.00158405,"[53.999872, 135.749888, 138.374912, 346.49984]",datasets/chestxray8/val/images/00027866_002.png,Infiltration,"[72.406779661017, 308.763845670021, 373.4237288135595, 416.15367617849546]"
00027866_002.png,Infiltration,0.1452537259618117,0.00156593,"[126.87488, 291.250176, 198.625024, 376.75008]",datasets/chestxray8/val/images/00027866_002.png,Infiltration,"[72.406779661017, 308.763845670021, 373.4237288135595, 416.15367617849546]"
00027866_002.png,Effusion,0.3069973051870796,0.00153732,"[129.874688, 250.999808, 357.999872, 369.999872]",datasets/chestxray8/val/images/00027866_002.png,Infiltration,"[72.406779661017, 308.763845670021, 373.4237288135595, 416.15367617849546]"
00027866_002.png,Effusion,0.07457459154845734,0.00152206,"[295.50003200000003, 301.50010879999996, 365.999872, 343.5000832]",datasets/chestxray8/val/images/00027866_002.png,Infiltration,"[72.406779661017, 308.763845670021, 373.4237288135595, 416.15367617849546]"
00027866_002.png,Cardiomegaly,0.138780520636111,0.0015173,"[185.62483200000003, 65.124864, 295.249664, 383.499776]",datasets/chestxray8/val/images/00027866_002.png,Infiltration,"[72.406779661017, 308.763845670021, 373.4237288135595, 416.15367617849546]"
00027866_002.png,Infiltration,0.4383669054218606,0.00145054,"[207.000064, 307.50003200000003, 379.00032000000004, 460.49996799999997]",datasets/chestxray8/val/images/00027866_002.png,Infiltration,"[72.406779661017, 308.763845670021, 373.4237288135595, 416.15367617849546]"
00027866_002.png,Atelectasis,0.35526294586294793,0.00136662,"[130.375168, 269.50016, 356.49996799999997, 373.50016]",datasets/chestxray8/val/images/00027866_002.png,Infiltration,"[72.406779661017, 308.763845670021, 373.4237288135595, 416.15367617849546]"
00027866_002.png,Cardiomegaly,0.1110180758201766,0.00135994,"[62.875136000000005, 204.00025600000004, 139.62496000000002, 376.500224]",datasets/chestxray8/val/images/00027866_002.png,Infiltration,"[72.406779661017, 308.763845670021, 373.4237288135595, 416.15367617849546]"
00027866_002.png,Cardiomegaly,0.1372014177995616,0.00135231,"[301.250304, 130.62502400000002, 403.750144, 441.999872]",datasets/chestxray8/val/images/00027866_002.png,Infiltration,"[72.406779661017, 308.763845670021, 373.4237288135595, 416.15367617849546]"
00027866_002.png,Cardiomegaly,0.08175055914735102,0.00130367,"[332.749824, 199.62470399999998, 425.24979199999996, 474.99980800000003]",datasets/chestxray8/val/images/00027866_002.png,Infiltration,"[72.406779661017, 308.763845670021, 373.4237288135595, 416.15367617849546]"
00027866_002.png,Infiltration,0.33279239840591035,0.0012846,"[260.249856, 302.500096, 382.249728, 436.500224]",datasets/chestxray8/val/images/00027866_002.png,Infiltration,"[72.406779661017, 308.763845670021, 373.4237288135595, 416.15367617849546]"
00027866_002.png,Cardiomegaly,0.12341328912085019,0.00128269,"[327.749888, 270.500096, 405.249792, 429.50016000000005]",datasets/chestxray8/val/images/00027866_002.png,Infiltration,"[72.406779661017, 308.763845670021, 373.4237288135595, 416.15367617849546]"
00027866_002.png,Mass,0.13236970760156797,0.00127888,"[72.374784, 101.75001599999999, 182.624768, 374.99980800000003]",datasets/chestxray8/val/images/00027866_002.png,Infiltration,"[72.406779661017, 308.763845670021, 373.4237288135595, 416.15367617849546]"
00027866_002.png,Cardiomegaly,0.08528177175021809,0.00127125,"[307.50003200000003, 280.499712, 373.499904, 352.999936]",datasets/chestxray8/val/images/00027866_002.png,Infiltration,"[72.406779661017, 308.763845670021, 373.4237288135595, 416.15367617849546]"
00027866_002.png,Infiltration,0.24905310447186055,0.00126648,"[244.24985600000002, 342.49984, 388.75008, 448.999936]",datasets/chestxray8/val/images/00027866_002.png,Infiltration,"[72.406779661017, 308.763845670021, 373.4237288135595, 416.15367617849546]"
00027866_002.png,Cardiomegaly,0.06443322798096633,0.00124454,"[71.875072, 188.75008000000003, 132.499968, 351.250176]",datasets/chestxray8/val/images/00027866_002.png,Infiltration,"[72.406779661017, 308.763845670021, 373.4237288135595, 416.15367617849546]"
00027866_002.png,Infiltration,0.0992025570204147,0.00108242,"[62.687488, 317.74991359999996, 136.250112, 368.7499264]",datasets/chestxray8/val/images/00027866_002.png,Infiltration,"[72.406779661017, 308.763845670021, 373.4237288135595, 416.15367617849546]"
00027866_002.png,Cardiomegaly,0.1816188097356643,0.00105381,"[299.750144, 289.50016, 405.250304, 471.000064]",datasets/chestxray8/val/images/00027866_002.png,Infiltration,"[72.406779661017, 308.763845670021, 373.4237288135595, 416.15367617849546]"
00017514_008.png,Effusion,0.07826374165557567,0.0484314,"[152.62515199999999, 228.49996800000002, 223.625216, 301.000192]",datasets/chestxray8/val/images/00017514_008.png,Atelectasis,"[173.3756613756615, 222.67936507936503, 441.5661375661375, 390.63703703703703]"
00017514_008.png,Infiltration,0.18686968813393556,0.0122757,"[318.750208, 296.0, 409.750016, 388.49996799999997]",datasets/chestxray8/val/images/00017514_008.png,Atelectasis,"[173.3756613756615, 222.67936507936503, 441.5661375661375, 390.63703703703703]"
00017514_008.png,Infiltration,0.23022489874489824,0.00687027,"[289.249792, 280.0, 383.24992000000003, 392.0]",datasets/chestxray8/val/images/00017514_008.png,Atelectasis,"[173.3756613756615, 222.67936507936503, 441.5661375661375, 390.63703703703703]"
00017514_008.png,Infiltration,0.05418072391705805,0.00614929,"[384.0, 280.5001216, 456.500224, 323.50013440000004]",datasets/chestxray8/val/images/00017514_008.png,Atelectasis,"[173.3756613756615, 222.67936507936503, 441.5661375661375, 390.63703703703703]"
00017514_008.png,Infiltration,0.14349106275178594,0.00441742,"[304.24985599999997, 296.250112, 373.74976, 389.25030399999997]",datasets/chestxray8/val/images/00017514_008.png,Atelectasis,"[173.3756613756615, 222.67936507936503, 441.5661375661375, 390.63703703703703]"
00017514_008.png,Infiltration,0.055229213721859315,0.00358009,"[154.249728, 295.50003200000003, 210.749952, 364.0]",datasets/chestxray8/val/images/00017514_008.png,Atelectasis,"[173.3756613756615, 222.67936507936503, 441.5661375661375, 390.63703703703703]"
00017514_008.png,Infiltration,0.11871572963228447,0.00316238,"[328.499712, 305.499904, 397.49990399999996, 382.99980800000003]",datasets/chestxray8/val/images/00017514_008.png,Atelectasis,"[173.3756613756615, 222.67936507936503, 441.5661375661375, 390.63703703703703]"
00017514_008.png,Infiltration,0.054523590378153845,0.002388,"[372.24985599999997, 210.5001728, 439.249664, 260.0001792]",datasets/chestxray8/val/images/00017514_008.png,Atelectasis,"[173.3756613756615, 222.67936507936503, 441.5661375661375, 390.63703703703703]"
00017514_008.png,Effusion,0.06138578810069739,0.00231171,"[162.249728, 246.000128, 227.749888, 297.50016]",datasets/chestxray8/val/images/00017514_008.png,Atelectasis,"[173.3756613756615, 222.67936507936503, 441.5661375661375, 390.63703703703703]"
00017514_008.png,Effusion,0.06526853548845306,0.00216293,"[351.749888, 283.499776, 407.749888, 335.99974399999996]",datasets/chestxray8/val/images/00017514_008.png,Atelectasis,"[173.3756613756615, 222.67936507936503, 441.5661375661375, 390.63703703703703]"
00017514_008.png,Effusion,0.061251591646498724,0.00216103,"[160.249856, 219.875072, 215.00006399999998, 290.49984]",datasets/chestxray8/val/images/00017514_008.png,Atelectasis,"[173.3756613756615, 222.67936507936503, 441.5661375661375, 390.63703703703703]"
00017514_008.png,Atelectasis,0.1350551130674279,0.00213623,"[45.499904000000015, 317.499904, 336.999936, 507.99974399999996]",datasets/chestxray8/val/images/00017514_008.png,Atelectasis,"[173.3756613756615, 222.67936507936503, 441.5661375661375, 390.63703703703703]"
00017514_008.png,Infiltration,0.30533969002196204,0.0021019,"[307.500288, 283.00032000000004, 451.000064, 399.000064]",datasets/chestxray8/val/images/00017514_008.png,Atelectasis,"[173.3756613756615, 222.67936507936503, 441.5661375661375, 390.63703703703703]"
00017514_008.png,Infiltration,0.06400208022626762,0.00203514,"[383.250176, 292.2499072, 460.75008, 342.74990080000003]",datasets/chestxray8/val/images/00017514_008.png,Atelectasis,"[173.3756613756615, 222.67936507936503, 441.5661375661375, 390.63703703703703]"
00017514_008.png,Infiltration,0.060990986896747174,0.00160885,"[382.00012799999996, 256.2497792, 449.50016, 302.7497728]",datasets/chestxray8/val/images/00017514_008.png,Atelectasis,"[173.3756613756615, 222.67936507936503, 441.5661375661375, 390.63703703703703]"
00017514_008.png,Effusion,0.053535973330599354,0.00142002,"[346.50009600000004, 278.74990080000003, 399.500288, 324.2499072]",datasets/chestxray8/val/images/00017514_008.png,Atelectasis,"[173.3756613756615, 222.67936507936503, 441.5661375661375, 390.63703703703703]"
00017514_008.png,Cardiomegaly,0.09673270103910675,0.0013876,"[75.250176, 220.999936, 213.750272, 364.499712]",datasets/chestxray8/val/images/00017514_008.png,Atelectasis,"[173.3756613756615, 222.67936507936503, 441.5661375661375, 390.63703703703703]"
00017514_008.png,Infiltration,0.08116469148419343,0.00125885,"[155.874816, 226.375168, 223.624704, 301.250048]",datasets/chestxray8/val/images/00017514_008.png,Atelectasis,"[173.3756613756615, 222.67936507936503, 441.5661375661375, 390.63703703703703]"
00017514_008.png,Mass,0.061384767772423895,0.00113773,"[39.562495999999996, 300.0, 214.749952, 412.99993600000005]",datasets/chestxray8/val/images/00017514_008.png,Atelectasis,"[173.3756613756615, 222.67936507936503, 441.5661375661375, 390.63703703703703]"
00017514_008.png,Atelectasis,0.1727475998256286,0.00112915,"[75.000064, 297.499904, 305.00019199999997, 463.50003200000003]",datasets/chestxray8/val/images/00017514_008.png,Atelectasis,"[173.3756613756615, 222.67936507936503, 441.5661375661375, 390.63703703703703]"
00025228_005.png,Infiltration,0.19316683459717873,0.0925903,"[370.500096, 283.500032, 448.99993600000005, 331.500032]",datasets/chestxray8/val/images/00025228_005.png,Infiltration,"[295.864406779661, 229.03503211069904, 443.3898305084745, 349.984184653072]"
00025228_005.png,Infiltration,0.2439968882849606,0.0827637,"[376.999936, 279.50003200000003, 455.000064, 348.0]",datasets/chestxray8/val/images/00025228_005.png,Infiltration,"[295.864406779661, 229.03503211069904, 443.3898305084745, 349.984184653072]"
00025228_005.png,Infiltration,0.144671199217143,0.0492249,"[403.500032, 281.499904, 456.999936, 351.99974399999996]",datasets/chestxray8/val/images/00025228_005.png,Infiltration,"[295.864406779661, 229.03503211069904, 443.3898305084745, 349.984184653072]"
00025228_005.png,Cardiomegaly,0.2600269053090791,0.0283203,"[369.499904, 267.00032, 466.000128, 390.000128]",datasets/chestxray8/val/images/00025228_005.png,Infiltration,"[295.864406779661, 229.03503211069904, 443.3898305084745, 349.984184653072]"
00025228_005.png,Cardiomegaly,0.16544516851685068,0.0271301,"[393.750016, 286.49984, 459.749888, 352.499712]",datasets/chestxray8/val/images/00025228_005.png,Infiltration,"[295.864406779661, 229.03503211069904, 443.3898305084745, 349.984184653072]"
00025228_005.png,Cardiomegaly,0.1604723963202159,0.0253754,"[395.750144, 276.500224, 466.24998400000004, 382.500096]",datasets/chestxray8/val/images/00025228_005.png,Infiltration,"[295.864406779661, 229.03503211069904, 443.3898305084745, 349.984184653072]"
00025228_005.png,Atelectasis,0.2655590511295376,0.017334,"[152.875008, 216.74982400000002, 451.50003200000003, 441.74976000000004]",datasets/chestxray8/val/images/00025228_005.png,Infiltration,"[295.864406779661, 229.03503211069904, 443.3898305084745, 349.984184653072]"
00025228_005.png,Atelectasis,0.145291551158201,0.0163422,"[95.62495999999999, 239.250176, 377.499904, 428.75008]",datasets/chestxray8/val/images/00025228_005.png,Infiltration,"[295.864406779661, 229.03503211069904, 443.3898305084745, 349.984184653072]"
00025228_005.png,Infiltration,0.2065505867598399,0.0156021,"[358.74995199999995, 277.2502528, 439.749888, 322.75025919999996]",datasets/chestxray8/val/images/00025228_005.png,Infiltration,"[295.864406779661, 229.03503211069904, 443.3898305084745, 349.984184653072]"
00025228_005.png,Infiltration,0.4655813991118125,0.0154114,"[290.49984, 255.99999999999997, 387.000064, 350.49983999999995]",datasets/chestxray8/val/images/00025228_005.png,Infiltration,"[295.864406779661, 229.03503211069904, 443.3898305084745, 349.984184653072]"
00025228_005.png,Infiltration,0.3030587536356545,0.0151367,"[338.50009600000004, 281.74976000000004, 441.50016, 334.249728]",datasets/chestxray8/val/images/00025228_005.png,Infiltration,"[295.864406779661, 229.03503211069904, 443.3898305084745, 349.984184653072]"
00025228_005.png,Infiltration,0.398910463809468,0.0146866,"[290.750208, 259.50003200000003, 405.750016, 325.499904]",datasets/chestxray8/val/images/00025228_005.png,Infiltration,"[295.864406779661, 229.03503211069904, 443.3898305084745, 349.984184653072]"
00025228_005.png,Cardiomegaly,0.25001647812568684,0.0134506,"[366.999808, 281.50016000000005, 468.999936, 363.00032]",datasets/chestxray8/val/images/00025228_005.png,Infiltration,"[295.864406779661, 229.03503211069904, 443.3898305084745, 349.984184653072]"
00025228_005.png,Cardiomegaly,0.23898433598158472,0.0106201,"[372.75007999999997, 283.75014400000003, 455.749888, 346.750208]",datasets/chestxray8/val/images/00025228_005.png,Infiltration,"[295.864406779661, 229.03503211069904, 443.3898305084745, 349.984184653072]"
00025228_005.png,Effusion,0.06553050919458182,0.0099411,"[388.4997632, 222.2497792, 426.4997888, 260.2498048]",datasets/chestxray8/val/images/00025228_005.png,Infiltration,"[295.864406779661, 229.03503211069904, 443.3898305084745, 349.984184653072]"
00025228_005.png,Atelectasis,0.3222051779931942,0.0088501,"[172.00025599999998, 177.499904, 433.50016, 370.49983999999995]",datasets/chestxray8/val/images/00025228_005.png,Infiltration,"[295.864406779661, 229.03503211069904, 443.3898305084745, 349.984184653072]"
00025228_005.png,Infiltration,0.4435357565723198,0.00883484,"[323.50003200000003, 282.75020800000004, 446.000128, 351.250176]",datasets/chestxray8/val/images/00025228_005.png,Infiltration,"[295.864406779661, 229.03503211069904, 443.3898305084745, 349.984184653072]"
00025228_005.png,Cardiomegaly,0.19482941646405783,0.00814819,"[394.25024, 181.75001600000002, 478.249984, 403.24992000000003]",datasets/chestxray8/val/images/00025228_005.png,Infiltration,"[295.864406779661, 229.03503211069904, 443.3898305084745, 349.984184653072]"
00025228_005.png,Infiltration,0.15653144611957842,0.00765991,"[353.74976, 274.0000768, 420.24985599999997, 316.00005120000003]",datasets/chestxray8/val/images/00025228_005.png,Infiltration,"[295.864406779661, 229.03503211069904, 443.3898305084745, 349.984184653072]"
00025228_005.png,Cardiomegaly,0.2565554283645506,0.00699234,"[387.75014400000003, 233.99987200000004, 480.750336, 381.999616]",datasets/chestxray8/val/images/00025228_005.png,Infiltration,"[295.864406779661, 229.03503211069904, 443.3898305084745, 349.984184653072]"
00025228_005.png,Infiltration,0.4128592630299358,0.00671768,"[282.500096, 258.50009600000004, 396.00025600000004, 377.50016]",datasets/chestxray8/val/images/00025228_005.png,Infiltration,"[295.864406779661, 229.03503211069904, 443.3898305084745, 349.984184653072]"
00025228_005.png,Infiltration,0.2600269053090791,0.00614548,"[369.499904, 267.00032, 466.000128, 390.000128]",datasets/chestxray8/val/images/00025228_005.png,Infiltration,"[295.864406779661, 229.03503211069904, 443.3898305084745, 349.984184653072]"
00025228_005.png,Cardiomegaly,0.1595475436673178,0.00606537,"[386.000128, 278.999808, 472.49996799999997, 414.999808]",datasets/chestxray8/val/images/00025228_005.png,Infiltration,"[295.864406779661, 229.03503211069904, 443.3898305084745, 349.984184653072]"
00025228_005.png,Cardiomegaly,0.09782721465382763,0.00569534,"[417.49982719999997, 278.49984, 455.9998208, 354.50009600000004]",datasets/chestxray8/val/images/00025228_005.png,Infiltration,"[295.864406779661, 229.03503211069904, 443.3898305084745, 349.984184653072]"
00025228_005.png,Infiltration,0.1604723963202159,0.00564194,"[395.750144, 276.500224, 466.24998400000004, 382.500096]",datasets/chestxray8/val/images/00025228_005.png,Infiltration,"[295.864406779661, 229.03503211069904, 443.3898305084745, 349.984184653072]"
00025228_005.png,Infiltration,0.06496768714496791,0.00528717,"[382.9998336, 212.6249984, 426.4998144, 256.7499776]",datasets/chestxray8/val/images/00025228_005.png,Infiltration,"[295.864406779661, 229.03503211069904, 443.3898305084745, 349.984184653072]"
00025228_005.png,Cardiomegaly,0.12762423693996428,0.00514603,"[407.99974399999996, 277.750016, 465.499904, 360.250112]",datasets/chestxray8/val/images/00025228_005.png,Infiltration,"[295.864406779661, 229.03503211069904, 443.3898305084745, 349.984184653072]"
00025228_005.png,Atelectasis,0.30084590307594294,0.00506973,"[160.875008, 237.37472, 416.99993600000005, 397.999872]",datasets/chestxray8/val/images/00025228_005.png,Infiltration,"[295.864406779661, 229.03503211069904, 443.3898305084745, 349.984184653072]"
00025228_005.png,Cardiomegaly,0.08182789573394883,0.00502014,"[420.7500544, 272.000256, 453.7500416, 339.000064]",datasets/chestxray8/val/images/00025228_005.png,Infiltration,"[295.864406779661, 229.03503211069904, 443.3898305084745, 349.984184653072]"
00025228_005.png,Infiltration,0.42617380720900866,0.00456619,"[283.499776, 265.50016, 426.49983999999995, 399.000064]",datasets/chestxray8/val/images/00025228_005.png,Infiltration,"[295.864406779661, 229.03503211069904, 443.3898305084745, 349.984184653072]"
00025228_005.png,Infiltration,0.4364213550323933,0.00404739,"[133.00019200000003, 223.500288, 447.500288, 353.50016]",datasets/chestxray8/val/images/00025228_005.png,Infiltration,"[295.864406779661, 229.03503211069904, 443.3898305084745, 349.984184653072]"
00025228_005.png,Infiltration,0.4174239747359668,0.0039978,"[223.37510400000002, 208.124928, 421.50016, 378.50009600000004]",datasets/chestxray8/val/images/00025228_005.png,Infiltration,"[295.864406779661, 229.03503211069904, 443.3898305084745, 349.984184653072]"
00025228_005.png,Infiltration,0.08497878045799681,0.00393295,"[385.75006720000005, 223.1249152, 431.7500928, 262.4999168]",datasets/chestxray8/val/images/00025228_005.png,Infiltration,"[295.864406779661, 229.03503211069904, 443.3898305084745, 349.984184653072]"
00025228_005.png,Infiltration,0.26555972264673816,0.00377846,"[371.000064, 264.499968, 455.500032, 332.999936]",datasets/chestxray8/val/images/00025228_005.png,Infiltration,"[295.864406779661, 229.03503211069904, 443.3898305084745, 349.984184653072]"
00025228_005.png,Atelectasis,0.1005767402226665,0.00356674,"[101.687296, 254.750208, 343.499776, 386.25024]",datasets/chestxray8/val/images/00025228_005.png,Infiltration,"[295.864406779661, 229.03503211069904, 443.3898305084745, 349.984184653072]"
00025228_005.png,Cardiomegaly,0.12246763771281656,0.00353432,"[404.0, 103.24992, 486.500096, 416.249856]",datasets/chestxray8/val/images/00025228_005.png,Infiltration,"[295.864406779661, 229.03503211069904, 443.3898305084745, 349.984184653072]"
00025228_005.png,Infiltration,0.328279296201977,0.00313187,"[300.249856, 246.249984, 382.749952, 317.250048]",datasets/chestxray8/val/images/00025228_005.png,Infiltration,"[295.864406779661, 229.03503211069904, 443.3898305084745, 349.984184653072]"
00025228_005.png,Infiltration,0.37158493709052487,0.00292778,"[316.999936, 284.500224, 447.999744, 381.50016000000005]",datasets/chestxray8/val/images/00025228_005.png,Infiltration,"[295.864406779661, 229.03503211069904, 443.3898305084745, 349.984184653072]"
00025228_005.png,Atelectasis,0.4174239747359668,0.00269508,"[223.37510400000002, 208.124928, 421.50016, 378.50009600000004]",datasets/chestxray8/val/images/00025228_005.png,Infiltration,"[295.864406779661, 229.03503211069904, 443.3898305084745, 349.984184653072]"
00025228_005.png,Infiltration,0.13285727429903724,0.00241852,"[127.499776, 242.999808, 344.0, 335.000064]",datasets/chestxray8/val/images/00025228_005.png,Infiltration,"[295.864406779661, 229.03503211069904, 443.3898305084745, 349.984184653072]"
00025228_005.png,Infiltration,0.40306948127783887,0.00235939,"[302.00012799999996, 251.000064, 426.000384, 308.999936]",datasets/chestxray8/val/images/00025228_005.png,Infiltration,"[295.864406779661, 229.03503211069904, 443.3898305084745, 349.984184653072]"
00025228_005.png,Infiltration,0.25001647812568684,0.00225449,"[366.999808, 281.50016000000005, 468.999936, 363.00032]",datasets/chestxray8/val/images/00025228_005.png,Infiltration,"[295.864406779661, 229.03503211069904, 443.3898305084745, 349.984184653072]"
00025228_005.png,Cardiomegaly,0.4480137712486723,0.00213623,"[323.749888, 270.999808, 448.24985599999997, 372.999936]",datasets/chestxray8/val/images/00025228_005.png,Infiltration,"[295.864406779661, 229.03503211069904, 443.3898305084745, 349.984184653072]"
00025228_005.png,Cardiomegaly,0.12585917194558602,0.00206375,"[402.75025919999996, 280.75007999999997, 453.2502528, 337.750016]",datasets/chestxray8/val/images/00025228_005.png,Infiltration,"[295.864406779661, 229.03503211069904, 443.3898305084745, 349.984184653072]"
00025228_005.png,Cardiomegaly,0.2130899761490007,0.0019989,"[405.49990399999996, 232.87526400000002, 465.50016, 356.500224]",datasets/chestxray8/val/images/00025228_005.png,Infiltration,"[295.864406779661, 229.03503211069904, 443.3898305084745, 349.984184653072]"
00025228_005.png,Cardiomegaly,0.4500589526222842,0.00198936,"[343.250176, 255.749888, 461.75001599999996, 361.74976]",datasets/chestxray8/val/images/00025228_005.png,Infiltration,"[295.864406779661, 229.03503211069904, 443.3898305084745, 349.984184653072]"
00025228_005.png,Infiltration,0.3595055447436601,0.00188637,"[91.87507199999999, 256.499968, 451.500288, 346.49984]",datasets/chestxray8/val/images/00025228_005.png,Infiltration,"[295.864406779661, 229.03503211069904, 443.3898305084745, 349.984184653072]"
00025228_005.png,Cardiomegaly,0.40991405904543665,0.00153732,"[123.37484799999999, 235.250176, 454.999808, 336.75008]",datasets/chestxray8/val/images/00025228_005.png,Infiltration,"[295.864406779661, 229.03503211069904, 443.3898305084745, 349.984184653072]"
00025228_005.png,Infiltration,0.1202704424093339,0.00149632,"[355.500288, 261.2501504, 413.50016, 298.25013759999996]",datasets/chestxray8/val/images/00025228_005.png,Infiltration,"[295.864406779661, 229.03503211069904, 443.3898305084745, 349.984184653072]"
00025228_005.png,Infiltration,0.3993103833823585,0.00149632,"[235.75014399999998, 235.250176, 435.750144, 427.250176]",datasets/chestxray8/val/images/00025228_005.png,Infiltration,"[295.864406779661, 229.03503211069904, 443.3898305084745, 349.984184653072]"
00025228_005.png,Cardiomegaly,0.11496789172716704,0.00145626,"[420.000128, 244.500224, 456.000128, 338.000128]",datasets/chestxray8/val/images/00025228_005.png,Infiltration,"[295.864406779661, 229.03503211069904, 443.3898305084745, 349.984184653072]"
00025228_005.png,Atelectasis,0.06498071856173138,0.00135612,"[62.500095999999985, 266.999808, 349.50016, 458.999808]",datasets/chestxray8/val/images/00025228_005.png,Infiltration,"[295.864406779661, 229.03503211069904, 443.3898305084745, 349.984184653072]"
00025228_005.png,Cardiomegaly,0.13300666151276613,0.00133419,"[398.249728, 266.99980800000003, 480.749824, 437.499904]",datasets/chestxray8/val/images/00025228_005.png,Infiltration,"[295.864406779661, 229.03503211069904, 443.3898305084745, 349.984184653072]"
00025228_005.png,Cardiomegaly,0.10246620479456023,0.00121593,"[408.749824, 281.750016, 464.749824, 417.249792]",datasets/chestxray8/val/images/00025228_005.png,Infiltration,"[295.864406779661, 229.03503211069904, 443.3898305084745, 349.984184653072]"
00025228_005.png,Effusion,0.18631882161475047,0.00114155,"[326.749952, 242.75020800000001, 387.750144, 297.250048]",datasets/chestxray8/val/images/00025228_005.png,Infiltration,"[295.864406779661, 229.03503211069904, 443.3898305084745, 349.984184653072]"
00025228_005.png,Cardiomegaly,0.4909963219836361,0.00108528,"[301.499904, 280.75008, 438.49983999999995, 360.75008]",datasets/chestxray8/val/images/00025228_005.png,Infiltration,"[295.864406779661, 229.03503211069904, 443.3898305084745, 349.984184653072]"
00025228_005.png,Infiltration,0.339015455227701,0.00101852,"[190.750208, 204.250112, 448.75007999999997, 408.25036800000004]",datasets/chestxray8/val/images/00025228_005.png,Infiltration,"[295.864406779661, 229.03503211069904, 443.3898305084745, 349.984184653072]"
00027464_033.png,Mass,0.07203565779111683,0.0184326,"[254.99980800000003, 263.00032, 332.0, 333.50016000000005]",datasets/chestxray8/val/images/00027464_033.png,Atelectasis,"[147.911111111111, 114.86137566137552, 407.974603174603, 312.6179894179895]"
00027464_033.png,Cardiomegaly,0.14708054278513355,0.0129471,"[308.249856, 53.937408000000005, 437.24979199999996, 206.249728]",datasets/chestxray8/val/images/00027464_033.png,Atelectasis,"[147.911111111111, 114.86137566137552, 407.974603174603, 312.6179894179895]"
00027464_033.png,Mass,0.07438499418830673,0.0126724,"[261.25030399999997, 255.249664, 328.250112, 316.24985599999997]",datasets/chestxray8/val/images/00027464_033.png,Atelectasis,"[147.911111111111, 114.86137566137552, 407.974603174603, 312.6179894179895]"
00027464_033.png,Infiltration,0.14450890013384995,0.00912476,"[295.999744, 97.625088, 415.999744, 184.625152]",datasets/chestxray8/val/images/00027464_033.png,Atelectasis,"[147.911111111111, 114.86137566137552, 407.974603174603, 312.6179894179895]"
00027464_033.png,Infiltration,0.18781589669022022,0.00774384,"[274.000128, 232.00025599999998, 395.50028799999995, 311.500032]",datasets/chestxray8/val/images/00027464_033.png,Atelectasis,"[147.911111111111, 114.86137566137552, 407.974603174603, 312.6179894179895]"
00027464_033.png,Effusion,0.06642152189239073,0.00772476,"[324.75008, 219.750144, 385.750272, 275.750144]",datasets/chestxray8/val/images/00027464_033.png,Atelectasis,"[147.911111111111, 114.86137566137552, 407.974603174603, 312.6179894179895]"
00027464_033.png,Effusion,0.064700544121428,0.00618744,"[333.000192, 225.50016, 393.50016, 280.500224]",datasets/chestxray8/val/images/00027464_033.png,Atelectasis,"[147.911111111111, 114.86137566137552, 407.974603174603, 312.6179894179895]"
00027464_033.png,Atelectasis,0.1855260329562124,0.00612259,"[51.87481599999998, 217.249792, 362.99980800000003, 473.249792]",datasets/chestxray8/val/images/00027464_033.png,Atelectasis,"[147.911111111111, 114.86137566137552, 407.974603174603, 312.6179894179895]"
00027464_033.png,Infiltration,0.10262841215136467,0.00528336,"[279.000064, 238.87488000000002, 353.99987200000004, 309.249792]",datasets/chestxray8/val/images/00027464_033.png,Atelectasis,"[147.911111111111, 114.86137566137552, 407.974603174603, 312.6179894179895]"
00027464_033.png,Infiltration,0.08594285959813869,0.00485611,"[268.999936, 243.500032, 333.99987200000004, 311.499776]",datasets/chestxray8/val/images/00027464_033.png,Atelectasis,"[147.911111111111, 114.86137566137552, 407.974603174603, 312.6179894179895]"
00027464_033.png,Atelectasis,0.47798584077614126,0.00482559,"[192.875008, 174.500352, 379.50003200000003, 326.000128]",datasets/chestxray8/val/images/00027464_033.png,Atelectasis,"[147.911111111111, 114.86137566137552, 407.974603174603, 312.6179894179895]"
00027464_033.png,Cardiomegaly,0.10532903903352654,0.00464249,"[371.00032, 106.75020800000001, 465.50016000000005, 374.500096]",datasets/chestxray8/val/images/00027464_033.png,Atelectasis,"[147.911111111111, 114.86137566137552, 407.974603174603, 312.6179894179895]"
00027464_033.png,Effusion,0.06104190686872267,0.00396347,"[137.37523199999998, 126.12505599999999, 205.374976, 181.374976]",datasets/chestxray8/val/images/00027464_033.png,Atelectasis,"[147.911111111111, 114.86137566137552, 407.974603174603, 312.6179894179895]"
00027464_033.png,Effusion,0.06820085957599961,0.0032177,"[272.749824, 158.625024, 330.24998400000004, 219.62521600000002]",datasets/chestxray8/val/images/00027464_033.png,Atelectasis,"[147.911111111111, 114.86137566137552, 407.974603174603, 312.6179894179895]"
00027464_033.png,Infiltration,0.12203563391839713,0.00319862,"[304.49996799999997, 222.624768, 397.999872, 289.75001599999996]",datasets/chestxray8/val/images/00027464_033.png,Atelectasis,"[147.911111111111, 114.86137566137552, 407.974603174603, 312.6179894179895]"
00027464_033.png,Effusion,0.09723048256682093,0.00305748,"[280.00025600000004, 142.00012800000002, 348.500224, 215.000064]",datasets/chestxray8/val/images/00027464_033.png,Atelectasis,"[147.911111111111, 114.86137566137552, 407.974603174603, 312.6179894179895]"
00027464_033.png,Infiltration,0.05441442351173201,0.00276947,"[303.250176, 124.49989120000001, 361.250048, 172.7499008]",datasets/chestxray8/val/images/00027464_033.png,Atelectasis,"[147.911111111111, 114.86137566137552, 407.974603174603, 312.6179894179895]"
00027464_033.png,Infiltration,0.15453376871214503,0.00263596,"[307.999744, 77.624832, 428.499968, 204.124672]",datasets/chestxray8/val/images/00027464_033.png,Atelectasis,"[147.911111111111, 114.86137566137552, 407.974603174603, 312.6179894179895]"
00027464_033.png,Cardiomegaly,0.1837547683696608,0.00256729,"[323.75014400000003, 31.374847999999986, 434.750208, 255.499776]",datasets/chestxray8/val/images/00027464_033.png,Atelectasis,"[147.911111111111, 114.86137566137552, 407.974603174603, 312.6179894179895]"
00027464_033.png,Effusion,0.11656021189578597,0.00256538,"[306.25023999999996, 223.875072, 397.250048, 289.750016]",datasets/chestxray8/val/images/00027464_033.png,Atelectasis,"[147.911111111111, 114.86137566137552, 407.974603174603, 312.6179894179895]"
00027464_033.png,Effusion,0.06053111460186739,0.00230408,"[136.62489599999998, 129.50016, 194.374912, 197.49990400000002]",datasets/chestxray8/val/images/00027464_033.png,Atelectasis,"[147.911111111111, 114.86137566137552, 407.974603174603, 312.6179894179895]"
00027464_033.png,Cardiomegaly,0.13169770584442103,0.00227737,"[311.24992, 93.49990399999999, 421.74976000000004, 189.499904]",datasets/chestxray8/val/images/00027464_033.png,Atelectasis,"[147.911111111111, 114.86137566137552, 407.974603174603, 312.6179894179895]"
00027464_033.png,Effusion,0.1373635650930409,0.00227356,"[261.000192, 117.87519999999999, 332.000256, 217.37523199999998]",datasets/chestxray8/val/images/00027464_033.png,Atelectasis,"[147.911111111111, 114.86137566137552, 407.974603174603, 312.6179894179895]"
00027464_033.png,Infiltration,0.06737390583088096,0.00213814,"[300.749824, 131.00006399999998, 366.749696, 183.500032]",datasets/chestxray8/val/images/00027464_033.png,Atelectasis,"[147.911111111111, 114.86137566137552, 407.974603174603, 312.6179894179895]"
00027464_033.png,Mass,0.0957014300178748,0.00187492,"[247.000064, 249.24979199999999, 332.499968, 373.250048]",datasets/chestxray8/val/images/00027464_033.png,Atelectasis,"[147.911111111111, 114.86137566137552, 407.974603174603, 312.6179894179895]"
00027464_033.png,Infiltration,0.25359706438360324,0.00183201,"[269.49990399999996, 195.374848, 424.499712, 292.499712]",datasets/chestxray8/val/images/00027464_033.png,Atelectasis,"[147.911111111111, 114.86137566137552, 407.974603174603, 312.6179894179895]"
00027464_033.png,Infiltration,0.06403857941616439,0.00179863,"[137.8752, 123.87532800000001, 204.375296, 182.875136]",datasets/chestxray8/val/images/00027464_033.png,Atelectasis,"[147.911111111111, 114.86137566137552, 407.974603174603, 312.6179894179895]"
00027464_033.png,Infiltration,0.3032144267571169,0.00172997,"[252.0, 200.24985600000002, 393.499904, 319.749632]",datasets/chestxray8/val/images/00027464_033.png,Atelectasis,"[147.911111111111, 114.86137566137552, 407.974603174603, 312.6179894179895]"
00027464_033.png,Effusion,0.05512434234308088,0.001688,"[343.250176, 232.25011199999997, 397.250304, 284.75007999999997]",datasets/chestxray8/val/images/00027464_033.png,Atelectasis,"[147.911111111111, 114.86137566137552, 407.974603174603, 312.6179894179895]"
00027464_033.png,Infiltration,0.16914784133912247,0.00153732,"[297.75001599999996, 117.24979199999999, 420.749824, 197.750016]",datasets/chestxray8/val/images/00027464_033.png,Atelectasis,"[147.911111111111, 114.86137566137552, 407.974603174603, 312.6179894179895]"
00027464_033.png,Infiltration,0.41782138965366306,0.00142193,"[252.499712, 169.75001600000002, 418.49984, 313.999872]",datasets/chestxray8/val/images/00027464_033.png,Atelectasis,"[147.911111111111, 114.86137566137552, 407.974603174603, 312.6179894179895]"
00027464_033.png,Infiltration,0.06614900174802017,0.00129128,"[318.500096, 153.3749248, 399.50003200000003, 195.3748992]",datasets/chestxray8/val/images/00027464_033.png,Atelectasis,"[147.911111111111, 114.86137566137552, 407.974603174603, 312.6179894179895]"
00027464_033.png,Effusion,0.11515991155598725,0.00128841,"[241.250048, 249.99987199999998, 368.749824, 452.99968]",datasets/chestxray8/val/images/00027464_033.png,Atelectasis,"[147.911111111111, 114.86137566137552, 407.974603174603, 312.6179894179895]"
00027464_033.png,Mass,0.05077800387653785,0.00128651,"[56.562432, 220.875264, 194.249984, 283.500032]",datasets/chestxray8/val/images/00027464_033.png,Atelectasis,"[147.911111111111, 114.86137566137552, 407.974603174603, 312.6179894179895]"
00027464_033.png,Effusion,0.06095788949713873,0.00120926,"[318.249984, 213.24979199999999, 378.25024, 265.499904]",datasets/chestxray8/val/images/00027464_033.png,Atelectasis,"[147.911111111111, 114.86137566137552, 407.974603174603, 312.6179894179895]"
00027464_033.png,Effusion,0.07826638190104943,0.00117207,"[265.249792, 113.50016, 325.74976, 181.49990400000002]",datasets/chestxray8/val/images/00027464_033.png,Atelectasis,"[147.911111111111, 114.86137566137552, 407.974603174603, 312.6179894179895]"
00027464_033.png,Infiltration,0.14498117055622767,0.00103855,"[63.74988800000001, 136.499712, 210.74969600000003, 283.749888]",datasets/chestxray8/val/images/00027464_033.png,Atelectasis,"[147.911111111111, 114.86137566137552, 407.974603174603, 312.6179894179895]"
00027464_033.png,Mass,0.09977183060188743,0.00101852,"[266.249728, 29.687551999999997, 436.749824, 162.24998399999998]",datasets/chestxray8/val/images/00027464_033.png,Atelectasis,"[147.911111111111, 114.86137566137552, 407.974603174603, 312.6179894179895]"
00008005_004.png,Infiltration,0.07271081249661449,0.057312,"[351.75014400000003, 308.999936, 436.750336, 366.50009600000004]",datasets/chestxray8/val/images/00008005_004.png,Infiltration,"[318.1016949152545, 295.204523636123, 362.033898305085, 382.526557534428]"
00008005_004.png,Infiltration,0.13201543699867224,0.0514526,"[342.500096, 297.9999488, 432.49996799999997, 347.4999552]",datasets/chestxray8/val/images/00008005_004.png,Infiltration,"[318.1016949152545, 295.204523636123, 362.033898305085, 382.526557534428]"
00008005_004.png,Infiltration,0.11147202445965236,0.0466919,"[338.749952, 282.749952, 430.75020800000004, 330.749952]",datasets/chestxray8/val/images/00008005_004.png,Infiltration,"[318.1016949152545, 295.204523636123, 362.033898305085, 382.526557534428]"
00008005_004.png,Atelectasis,0.0753313730631375,0.0345154,"[184.49996800000002, 197.750272, 427.000064, 407.750144]",datasets/chestxray8/val/images/00008005_004.png,Infiltration,"[318.1016949152545, 295.204523636123, 362.033898305085, 382.526557534428]"
00008005_004.png,Infiltration,0.06660449770065444,0.0193939,"[338.25024, 271.0000384, 425.750016, 315.5000576]",datasets/chestxray8/val/images/00008005_004.png,Infiltration,"[318.1016949152545, 295.204523636123, 362.033898305085, 382.526557534428]"
00008005_004.png,Infiltration,0.20163660578629253,0.014328,"[335.500288, 314.500096, 435.500032, 380.49996799999997]",datasets/chestxray8/val/images/00008005_004.png,Infiltration,"[318.1016949152545, 295.204523636123, 362.033898305085, 382.526557534428]"
00008005_004.png,Infiltration,0.3532454221221685,0.00369453,"[314.49984, 295.000064, 434.49984, 385.50016]",datasets/chestxray8/val/images/00008005_004.png,Infiltration,"[318.1016949152545, 295.204523636123, 362.033898305085, 382.526557534428]"
00008005_004.png,Infiltration,0.3757727707106263,0.00369263,"[298.00012799999996, 294.249984, 380.999936, 417.249792]",datasets/chestxray8/val/images/00008005_004.png,Infiltration,"[318.1016949152545, 295.204523636123, 362.033898305085, 382.526557534428]"
00008005_004.png,Infiltration,0.26728110206909417,0.00294113,"[314.49984, 278.000128, 437.99987200000004, 365.499904]",datasets/chestxray8/val/images/00008005_004.png,Infiltration,"[318.1016949152545, 295.204523636123, 362.033898305085, 382.526557534428]"
00008005_004.png,Infiltration,0.1925952177598264,0.00269508,"[327.25017599999995, 333.50016, 440.250112, 393.000192]",datasets/chestxray8/val/images/00008005_004.png,Infiltration,"[318.1016949152545, 295.204523636123, 362.033898305085, 382.526557534428]"
00008005_004.png,Cardiomegaly,0.10167032966641569,0.00206947,"[347.24992, 292.250112, 458.749696, 380.750336]",datasets/chestxray8/val/images/00008005_004.png,Infiltration,"[318.1016949152545, 295.204523636123, 362.033898305085, 382.526557534428]"
00008005_004.png,Atelectasis,0.06389632159267286,0.00190639,"[97.750272, 290.25023999999996, 353.250048, 475.250176]",datasets/chestxray8/val/images/00008005_004.png,Infiltration,"[318.1016949152545, 295.204523636123, 362.033898305085, 382.526557534428]"
00008005_004.png,Atelectasis,0.07594125543102226,0.00171757,"[143.00006399999998, 246.249728, 434.99980800000003, 419.24992]",datasets/chestxray8/val/images/00008005_004.png,Infiltration,"[318.1016949152545, 295.204523636123, 362.033898305085, 382.526557534428]"
00008005_004.png,Infiltration,0.07594125543102226,0.00170422,"[143.00006399999998, 246.249728, 434.99980800000003, 419.24992]",datasets/chestxray8/val/images/00008005_004.png,Infiltration,"[318.1016949152545, 295.204523636123, 362.033898305085, 382.526557534428]"
00008005_004.png,Infiltration,0.19416856750540362,0.00162411,"[301.750272, 326.750208, 438.75020800000004, 408.75007999999997]",datasets/chestxray8/val/images/00008005_004.png,Infiltration,"[318.1016949152545, 295.204523636123, 362.033898305085, 382.526557534428]"
00008005_004.png,Cardiomegaly,0.23309479786006626,0.00136566,"[320.99993600000005, 268.49996799999997, 450.500096, 378.500096]",datasets/chestxray8/val/images/00008005_004.png,Infiltration,"[318.1016949152545, 295.204523636123, 362.033898305085, 382.526557534428]"
00008005_004.png,Infiltration,0.11195819781963964,0.00108528,"[131.749888, 291.250176, 443.249664, 401.250304]",datasets/chestxray8/val/images/00008005_004.png,Infiltration,"[318.1016949152545, 295.204523636123, 362.033898305085, 382.526557534428]"
00008005_004.png,Infiltration,0.21292678822480196,0.00100517,"[287.999744, 302.49984, 416.499968, 428.499968]",datasets/chestxray8/val/images/00008005_004.png,Infiltration,"[318.1016949152545, 295.204523636123, 362.033898305085, 382.526557534428]"
00014198_000.png,Atelectasis,0.11660884795488681,0.0690918,"[221.87519999999998, 164.0, 416.0, 337.499904]",datasets/chestxray8/val/images/00014198_000.png,Infiltration,"[338.1694915254235, 256.1536761784955, 387.5254237288134, 352.6960490598515]"
00014198_000.png,Effusion,0.27628271639584945,0.0150909,"[324.499968, 231.75014400000003, 395.999744, 297.750016]",datasets/chestxray8/val/images/00014198_000.png,Infiltration,"[338.1694915254235, 256.1536761784955, 387.5254237288134, 352.6960490598515]"
00014198_000.png,Infiltration,0.27502371580194684,0.0141907,"[317.999872, 231.75014399999998, 393.499904, 299.250176]",datasets/chestxray8/val/images/00014198_000.png,Infiltration,"[338.1694915254235, 256.1536761784955, 387.5254237288134, 352.6960490598515]"
00014198_000.png,Effusion,0.17754001463257027,0.0086441,"[314.00012799999996, 223.875072, 379.000064, 289.50016]",datasets/chestxray8/val/images/00014198_000.png,Infiltration,"[338.1694915254235, 256.1536761784955, 387.5254237288134, 352.6960490598515]"
00014198_000.png,Effusion,0.20450780089654572,0.00620651,"[295.000064, 216.625152, 385.99987200000004, 300.000256]",datasets/chestxray8/val/images/00014198_000.png,Infiltration,"[338.1694915254235, 256.1536761784955, 387.5254237288134, 352.6960490598515]"
00014198_000.png,Effusion,0.09265664336961753,0.00591278,"[308.250112, 219.000064, 370.25024, 278.500096]",datasets/chestxray8/val/images/00014198_000.png,Infiltration,"[338.1694915254235, 256.1536761784955, 387.5254237288134, 352.6960490598515]"
00014198_000.png,Effusion,0.29037830031896383,0.00422668,"[329.250304, 240.74982399999996, 384.75008, 293.24979199999996]",datasets/chestxray8/val/images/00014198_000.png,Infiltration,"[338.1694915254235, 256.1536761784955, 387.5254237288134, 352.6960490598515]"
00014198_000.png,Infiltration,0.4151334607232536,0.00325966,"[315.500288, 254.00012800000002, 393.000192, 310.500352]",datasets/chestxray8/val/images/00014198_000.png,Infiltration,"[338.1694915254235, 256.1536761784955, 387.5254237288134, 352.6960490598515]"
00014198_000.png,Infiltration,0.2710426844495409,0.00318336,"[303.499776, 230.62528, 383.499776, 307.50003200000003]",datasets/chestxray8/val/images/00014198_000.png,Infiltration,"[338.1694915254235, 256.1536761784955, 387.5254237288134, 352.6960490598515]"
00014198_000.png,Effusion,0.21752132686863665,0.00260544,"[332.75008, 227.875072, 390.749952, 285.50016]",datasets/chestxray8/val/images/00014198_000.png,Infiltration,"[338.1694915254235, 256.1536761784955, 387.5254237288134, 352.6960490598515]"
00014198_000.png,Effusion,0.10000949581096555,0.0025177,"[222.00012800000002, 134.62527999999998, 400.0, 328.500224]",datasets/chestxray8/val/images/00014198_000.png,Infiltration,"[338.1694915254235, 256.1536761784955, 387.5254237288134, 352.6960490598515]"
00014198_000.png,Infiltration,0.08843671251693533,0.00160122,"[249.250048, 185.99987199999998, 358.25023999999996, 345.999872]",datasets/chestxray8/val/images/00014198_000.png,Infiltration,"[338.1694915254235, 256.1536761784955, 387.5254237288134, 352.6960490598515]"
00014198_000.png,Effusion,0.2646864638765144,0.00159264,"[341.499904, 237.250048, 403.50003200000003, 293.750272]",datasets/chestxray8/val/images/00014198_000.png,Infiltration,"[338.1694915254235, 256.1536761784955, 387.5254237288134, 352.6960490598515]"
00014198_000.png,Infiltration,0.09988041874036982,0.00144863,"[309.74976, 213.12511999999998, 414.249984, 277.250048]",datasets/chestxray8/val/images/00014198_000.png,Infiltration,"[338.1694915254235, 256.1536761784955, 387.5254237288134, 352.6960490598515]"
00014198_000.png,Infiltration,0.3141024281056986,0.00124168,"[334.249984, 246.24998400000004, 412.250112, 299.250176]",datasets/chestxray8/val/images/00014198_000.png,Infiltration,"[338.1694915254235, 256.1536761784955, 387.5254237288134, 352.6960490598515]"
00014198_000.png,Atelectasis,0.20450780089654572,0.00118065,"[295.000064, 216.625152, 385.99987200000004, 300.000256]",datasets/chestxray8/val/images/00014198_000.png,Infiltration,"[338.1694915254235, 256.1536761784955, 387.5254237288134, 352.6960490598515]"
00014198_000.png,Effusion,0.3141024281056986,0.00112724,"[334.249984, 246.24998400000004, 412.250112, 299.250176]",datasets/chestxray8/val/images/00014198_000.png,Infiltration,"[338.1694915254235, 256.1536761784955, 387.5254237288134, 352.6960490598515]"
00014198_000.png,Infiltration,0.16246654684235853,0.00107574,"[272.75007999999997, 276.000256, 427.749888, 420.000256]",datasets/chestxray8/val/images/00014198_000.png,Infiltration,"[338.1694915254235, 256.1536761784955, 387.5254237288134, 352.6960490598515]"
00014198_000.png,Infiltration,0.12930807899910945,0.0010643,"[217.50016, 150.625024, 399.000064, 352.000256]",datasets/chestxray8/val/images/00014198_000.png,Infiltration,"[338.1694915254235, 256.1536761784955, 387.5254237288134, 352.6960490598515]"
00014198_000.png,Infiltration,0.2646864638765144,0.00104046,"[341.499904, 237.250048, 403.50003200000003, 293.750272]",datasets/chestxray8/val/images/00014198_000.png,Infiltration,"[338.1694915254235, 256.1536761784955, 387.5254237288134, 352.6960490598515]"
00023176_017.png,Effusion,0.10984006537888431,0.101501,"[342.99980800000003, 255.50003199999998, 416.49996799999997, 343.500032]",datasets/chestxray8/val/images/00023176_017.png,Atelectasis,"[161.45608465608453, 127.8645502645505, 428.56296296296307, 340.79153439153447]"
00023176_017.png,Atelectasis,0.12289447823079251,0.0543213,"[0.0, 230.125312, 266.25024, 414.500096]",datasets/chestxray8/val/images/00023176_017.png,Atelectasis,"[161.45608465608453, 127.8645502645505, 428.56296296296307, 340.79153439153447]"
00023176_017.png,Effusion,0.17544886170947524,0.0414734,"[330.249984, 236.999936, 426.750208, 342.999808]",datasets/chestxray8/val/images/00023176_017.png,Atelectasis,"[161.45608465608453, 127.8645502645505, 428.56296296296307, 340.79153439153447]"
00023176_017.png,Cardiomegaly,0.19496804522899436,0.0377197,"[359.000064, 69.250304, 478.49984, 353.00019199999997]",datasets/chestxray8/val/images/00023176_017.png,Atelectasis,"[161.45608465608453, 127.8645502645505, 428.56296296296307, 340.79153439153447]"
00023176_017.png,Cardiomegaly,0.18051017028181596,0.0361328,"[362.75020800000004, 154.75020800000001, 473.750272, 363.750144]",datasets/chestxray8/val/images/00023176_017.png,Atelectasis,"[161.45608465608453, 127.8645502645505, 428.56296296296307, 340.79153439153447]"
00023176_017.png,Effusion,0.07294377283175997,0.0173035,"[333.49990399999996, 278.749952, 400.999936, 348.75008]",datasets/chestxray8/val/images/00023176_017.png,Atelectasis,"[161.45608465608453, 127.8645502645505, 428.56296296296307, 340.79153439153447]"
00023176_017.png,Cardiomegaly,0.2242621403165659,0.0162201,"[339.500288, 152.124928, 467.000064, 425.50016]",datasets/chestxray8/val/images/00023176_017.png,Atelectasis,"[161.45608465608453, 127.8645502645505, 428.56296296296307, 340.79153439153447]"
00023176_017.png,Effusion,0.11946785477323078,0.0137482,"[353.750016, 248.250368, 433.750016, 348.250112]",datasets/chestxray8/val/images/00023176_017.png,Atelectasis,"[161.45608465608453, 127.8645502645505, 428.56296296296307, 340.79153439153447]"
00023176_017.png,Cardiomegaly,0.17967577354574563,0.00958252,"[343.749888, 208.999936, 452.75007999999997, 360.499712]",datasets/chestxray8/val/images/00023176_017.png,Atelectasis,"[161.45608465608453, 127.8645502645505, 428.56296296296307, 340.79153439153447]"
00023176_017.png,Infiltration,0.09112475790706162,0.00940704,"[349.99987200000004, 208.999936, 444.999936, 276.250112]",datasets/chestxray8/val/images/00023176_017.png,Atelectasis,"[161.45608465608453, 127.8645502645505, 428.56296296296307, 340.79153439153447]"
00023176_017.png,Infiltration,0.2098359222774604,0.00917816,"[313.750016, 234.74969599999997, 427.749888, 347.24992]",datasets/chestxray8/val/images/00023176_017.png,Atelectasis,"[161.45608465608453, 127.8645502645505, 428.56296296296307, 340.79153439153447]"
00023176_017.png,Atelectasis,0.31613512755120105,0.0090332,"[91.12499199999999, 206.49984, 376.49996799999997, 428.499968]",datasets/chestxray8/val/images/00023176_017.png,Atelectasis,"[161.45608465608453, 127.8645502645505, 428.56296296296307, 340.79153439153447]"
00023176_017.png,Cardiomegaly,0.25964101412958346,0.00879669,"[345.250048, 124.49996800000001, 466.75020800000004, 330.500096]",datasets/chestxray8/val/images/00023176_017.png,Atelectasis,"[161.45608465608453, 127.8645502645505, 428.56296296296307, 340.79153439153447]"
00023176_017.png,Infiltration,0.11954297721288265,0.00765991,"[117.75027200000001, 179.12499200000002, 230.00012800000002, 286.500096]",datasets/chestxray8/val/images/00023176_017.png,Atelectasis,"[161.45608465608453, 127.8645502645505, 428.56296296296307, 340.79153439153447]"
00023176_017.png,Cardiomegaly,0.26832793576261754,0.00761032,"[322.74995199999995, 169.50016, 443.749888, 407.500288]",datasets/chestxray8/val/images/00023176_017.png,Atelectasis,"[161.45608465608453, 127.8645502645505, 428.56296296296307, 340.79153439153447]"
00023176_017.png,Infiltration,0.10401284644848872,0.00736237,"[351.999744, 188.0, 446.999808, 267.24992]",datasets/chestxray8/val/images/00023176_017.png,Atelectasis,"[161.45608465608453, 127.8645502645505, 428.56296296296307, 340.79153439153447]"
00023176_017.png,Effusion,0.2569763695110555,0.00717926,"[318.749952, 173.87494399999997, 446.249728, 430.999808]",datasets/chestxray8/val/images/00023176_017.png,Atelectasis,"[161.45608465608453, 127.8645502645505, 428.56296296296307, 340.79153439153447]"
00023176_017.png,Cardiomegaly,0.0855578450921178,0.00711823,"[376.499712, 207.875072, 454.49984, 305.50016]",datasets/chestxray8/val/images/00023176_017.png,Atelectasis,"[161.45608465608453, 127.8645502645505, 428.56296296296307, 340.79153439153447]"
00023176_017.png,Infiltration,0.1068714862750941,0.00685501,"[151.500288, 173.75001600000002, 223.000064, 274.249984]",datasets/chestxray8/val/images/00023176_017.png,Atelectasis,"[161.45608465608453, 127.8645502645505, 428.56296296296307, 340.79153439153447]"
00023176_017.png,Effusion,0.07417191722443368,0.00614929,"[307.00032, 143.24991999999997, 378.500096, 202.249728]",datasets/chestxray8/val/images/00023176_017.png,Atelectasis,"[161.45608465608453, 127.8645502645505, 428.56296296296307, 340.79153439153447]"
00023176_017.png,Infiltration,0.12673844832253223,0.00585556,"[348.499968, 210.49984, 451.999744, 303.999744]",datasets/chestxray8/val/images/00023176_017.png,Atelectasis,"[161.45608465608453, 127.8645502645505, 428.56296296296307, 340.79153439153447]"
00023176_017.png,Cardiomegaly,0.05086203752856359,0.00544357,"[360.249856, 282.000128, 473.75001599999996, 512.000256]",datasets/chestxray8/val/images/00023176_017.png,Atelectasis,"[161.45608465608453, 127.8645502645505, 428.56296296296307, 340.79153439153447]"
00023176_017.png,Infiltration,0.1590305641649956,0.00457382,"[330.999808, 226.49984, 430.49984, 319.500032]",datasets/chestxray8/val/images/00023176_017.png,Atelectasis,"[161.45608465608453, 127.8645502645505, 428.56296296296307, 340.79153439153447]"
00023176_017.png,Effusion,0.29974317872191736,0.00450897,"[302.249984, 188.124928, 433.750016, 391.500032]",datasets/chestxray8/val/images/00023176_017.png,Atelectasis,"[161.45608465608453, 127.8645502645505, 428.56296296296307, 340.79153439153447]"
00023176_017.png,Infiltration,0.06263176975300627,0.00437927,"[346.249984, 157.7498112, 426.750208, 201.9998208]",datasets/chestxray8/val/images/00023176_017.png,Atelectasis,"[161.45608465608453, 127.8645502645505, 428.56296296296307, 340.79153439153447]"
00023176_017.png,Cardiomegaly,0.10421980767390254,0.00427246,"[371.00032, 171.62496, 458.500096, 280.499712]",datasets/chestxray8/val/images/00023176_017.png,Atelectasis,"[161.45608465608453, 127.8645502645505, 428.56296296296307, 340.79153439153447]"
00023176_017.png,Effusion,0.18883530907121887,0.00424957,"[270.500096, 118.24972799999999, 376.49996799999997, 230.99980799999997]",datasets/chestxray8/val/images/00023176_017.png,Atelectasis,"[161.45608465608453, 127.8645502645505, 428.56296296296307, 340.79153439153447]"
00023176_017.png,Cardiomegaly,0.1204936909917653,0.00402069,"[381.249792, 51.500032000000004, 501.249792, 334.24998400000004]",datasets/chestxray8/val/images/00023176_017.png,Atelectasis,"[161.45608465608453, 127.8645502645505, 428.56296296296307, 340.79153439153447]"
00023176_017.png,Infiltration,0.07200618777460753,0.00370026,"[356.0, 149.250048, 438.500096, 206.24998399999998]",datasets/chestxray8/val/images/00023176_017.png,Atelectasis,"[161.45608465608453, 127.8645502645505, 428.56296296296307, 340.79153439153447]"
00023176_017.png,Effusion,0.09400526537816489,0.00362587,"[296.250112, 130.62527999999998, 370.249984, 202.875136]",datasets/chestxray8/val/images/00023176_017.png,Atelectasis,"[161.45608465608453, 127.8645502645505, 428.56296296296307, 340.79153439153447]"
00023176_017.png,Atelectasis,0.375096005017982,0.00361633,"[88.93721599999999, 164.124928, 327.749888, 317.50016]",datasets/chestxray8/val/images/00023176_017.png,Atelectasis,"[161.45608465608453, 127.8645502645505, 428.56296296296307, 340.79153439153447]"
00023176_017.png,Infiltration,0.2625730811954424,0.00349808,"[298.25024, 217.249792, 438.750208, 334.249984]",datasets/chestxray8/val/images/00023176_017.png,Atelectasis,"[161.45608465608453, 127.8645502645505, 428.56296296296307, 340.79153439153447]"
00023176_017.png,Infiltration,0.289745983673677,0.00292587,"[70.75020800000001, 188.49996799999997, 314.500096, 318.49984]",datasets/chestxray8/val/images/00023176_017.png,Atelectasis,"[161.45608465608453, 127.8645502645505, 428.56296296296307, 340.79153439153447]"
00023176_017.png,Cardiomegaly,0.11946785477323078,0.00290108,"[353.750016, 248.250368, 433.750016, 348.250112]",datasets/chestxray8/val/images/00023176_017.png,Atelectasis,"[161.45608465608453, 127.8645502645505, 428.56296296296307, 340.79153439153447]"
00023176_017.png,Cardiomegaly,0.07701279800507613,0.00282478,"[392.250112, 191.24992, 455.749888, 319.24992]",datasets/chestxray8/val/images/00023176_017.png,Atelectasis,"[161.45608465608453, 127.8645502645505, 428.56296296296307, 340.79153439153447]"
00023176_017.png,Infiltration,0.12530561431960185,0.00273895,"[328.25011199999994, 258.000128, 414.749952, 344.00025600000004]",datasets/chestxray8/val/images/00023176_017.png,Atelectasis,"[161.45608465608453, 127.8645502645505, 428.56296296296307, 340.79153439153447]"
00023176_017.png,Infiltration,0.05556318833149732,0.00273514,"[345.499904, 173.7500928, 424.99968, 213.5000832]",datasets/chestxray8/val/images/00023176_017.png,Atelectasis,"[161.45608465608453, 127.8645502645505, 428.56296296296307, 340.79153439153447]"
00023176_017.png,Infiltration,0.10933833112827021,0.00273514,"[356.499968, 147.749888, 445.000192, 236.250112]",datasets/chestxray8/val/images/00023176_017.png,Atelectasis,"[161.45608465608453, 127.8645502645505, 428.56296296296307, 340.79153439153447]"
00023176_017.png,Infiltration,0.09166693855662256,0.00271606,"[352.500224, 128.62515199999999, 440.0, 198.125056]",datasets/chestxray8/val/images/00023176_017.png,Atelectasis,"[161.45608465608453, 127.8645502645505, 428.56296296296307, 340.79153439153447]"
00023176_017.png,Infiltration,0.06193863969418588,0.00268936,"[355.500032, 138.25008640000001, 435.500032, 186.7501056]",datasets/chestxray8/val/images/00023176_017.png,Atelectasis,"[161.45608465608453, 127.8645502645505, 428.56296296296307, 340.79153439153447]"
00023176_017.png,Effusion,0.17967577354574563,0.00266075,"[343.749888, 208.999936, 452.75007999999997, 360.499712]",datasets/chestxray8/val/images/00023176_017.png,Atelectasis,"[161.45608465608453, 127.8645502645505, 428.56296296296307, 340.79153439153447]"
00023176_017.png,Atelectasis,0.2542177892021845,0.00255585,"[108.56217600000001, 229.25030399999997, 336.749824, 402.750208]",datasets/chestxray8/val/images/00023176_017.png,Atelectasis,"[161.45608465608453, 127.8645502645505, 428.56296296296307, 340.79153439153447]"
00023176_017.png,Infiltration,0.0937225816763874,0.0025177,"[354.500096, 174.999808, 445.00019199999997, 248.499968]",datasets/chestxray8/val/images/00023176_017.png,Atelectasis,"[161.45608465608453, 127.8645502645505, 428.56296296296307, 340.79153439153447]"
00023176_017.png,Infiltration,0.07173723054634802,0.00229263,"[308.750336, 143.624704, 376.75007999999997, 203.62496]",datasets/chestxray8/val/images/00023176_017.png,Atelectasis,"[161.45608465608453, 127.8645502645505, 428.56296296296307, 340.79153439153447]"
00023176_017.png,Effusion,0.12015088462140006,0.0022831,"[297.00019199999997, 153.000192, 383.50003200000003, 232.000256]",datasets/chestxray8/val/images/00023176_017.png,Atelectasis,"[161.45608465608453, 127.8645502645505, 428.56296296296307, 340.79153439153447]"
00023176_017.png,Infiltration,0.1209518536628046,0.00227928,"[70.312448, 188.249856, 246.24998399999998, 281.499904]",datasets/chestxray8/val/images/00023176_017.png,Atelectasis,"[161.45608465608453, 127.8645502645505, 428.56296296296307, 340.79153439153447]"
00023176_017.png,Infiltration,0.05257652277307596,0.0022583,"[110.75020799999999, 187.500032, 201.50016, 267.50003200000003]",datasets/chestxray8/val/images/00023176_017.png,Atelectasis,"[161.45608465608453, 127.8645502645505, 428.56296296296307, 340.79153439153447]"
00023176_017.png,Atelectasis,0.387821719759304,0.00223732,"[127.500032, 197.99987199999998, 348.75008, 373.499648]",datasets/chestxray8/val/images/00023176_017.png,Atelectasis,"[161.45608465608453, 127.8645502645505, 428.56296296296307, 340.79153439153447]"
00023176_017.png,Effusion,0.06542049234067636,0.0022316,"[316.24985599999997, 169.50016, 377.74976, 230.00012800000002]",datasets/chestxray8/val/images/00023176_017.png,Atelectasis,"[161.45608465608453, 127.8645502645505, 428.56296296296307, 340.79153439153447]"
00023176_017.png,Infiltration,0.1479030317520338,0.00213051,"[292.0, 165.12512, 399.50003200000003, 243.375104]",datasets/chestxray8/val/images/00023176_017.png,Atelectasis,"[161.45608465608453, 127.8645502645505, 428.56296296296307, 340.79153439153447]"
00023176_017.png,Cardiomegaly,0.3277916046659582,0.0020256,"[301.999872, 181.499904, 436.0, 366.49983999999995]",datasets/chestxray8/val/images/00023176_017.png,Atelectasis,"[161.45608465608453, 127.8645502645505, 428.56296296296307, 340.79153439153447]"
00023176_017.png,Cardiomegaly,0.10428734376371868,0.00201797,"[15.249920000000003, 184.000256, 231.750144, 291.750144]",datasets/chestxray8/val/images/00023176_017.png,Atelectasis,"[161.45608465608453, 127.8645502645505, 428.56296296296307, 340.79153439153447]"
00023176_017.png,Effusion,0.07328886287833962,0.00194645,"[364.00025600000004, 271.000064, 424.500224, 352.999936]",datasets/chestxray8/val/images/00023176_017.png,Atelectasis,"[161.45608465608453, 127.8645502645505, 428.56296296296307, 340.79153439153447]"
00023176_017.png,Cardiomegaly,0.10933833112827021,0.00193214,"[356.499968, 147.749888, 445.000192, 236.250112]",datasets/chestxray8/val/images/00023176_017.png,Atelectasis,"[161.45608465608453, 127.8645502645505, 428.56296296296307, 340.79153439153447]"
00023176_017.png,Infiltration,0.07118803899986911,0.00189877,"[324.0, 152.374784, 403.00006399999995, 203.62496000000002]",datasets/chestxray8/val/images/00023176_017.png,Atelectasis,"[161.45608465608453, 127.8645502645505, 428.56296296296307, 340.79153439153447]"
00023176_017.png,Effusion,0.19761981550391983,0.00184441,"[297.249792, 248.250112, 421.74976, 352.250112]",datasets/chestxray8/val/images/00023176_017.png,Atelectasis,"[161.45608465608453, 127.8645502645505, 428.56296296296307, 340.79153439153447]"
00023176_017.png,Effusion,0.05309775251115643,0.00180626,"[300.499968, 121.37472000000001, 360.999936, 178.1248]",datasets/chestxray8/val/images/00023176_017.png,Atelectasis,"[161.45608465608453, 127.8645502645505, 428.56296296296307, 340.79153439153447]"
00023176_017.png,Atelectasis,0.31813547965761446,0.0018034,"[70.68748799999999, 186.75020800000001, 311.250176, 347.750144]",datasets/chestxray8/val/images/00023176_017.png,Atelectasis,"[161.45608465608453, 127.8645502645505, 428.56296296296307, 340.79153439153447]"
00023176_017.png,Infiltration,0.13928172815422132,0.0018034,"[242.00012800000002, 280.0, 399.00032, 415.00006399999995]",datasets/chestxray8/val/images/00023176_017.png,Atelectasis,"[161.45608465608453, 127.8645502645505, 428.56296296296307, 340.79153439153447]"
00023176_017.png,Cardiomegaly,0.17544886170947524,0.00178432,"[330.249984, 236.999936, 426.750208, 342.999808]",datasets/chestxray8/val/images/00023176_017.png,Atelectasis,"[161.45608465608453, 127.8645502645505, 428.56296296296307, 340.79153439153447]"
00023176_017.png,Infiltration,0.08649016764202075,0.00178337,"[335.499776, 203.749888, 436.49996799999997, 256.999936]",datasets/chestxray8/val/images/00023176_017.png,Atelectasis,"[161.45608465608453, 127.8645502645505, 428.56296296296307, 340.79153439153447]"
00023176_017.png,Infiltration,0.1111403109522107,0.00176525,"[302.500096, 156.999936, 388.500224, 230.50009599999998]",datasets/chestxray8/val/images/00023176_017.png,Atelectasis,"[161.45608465608453, 127.8645502645505, 428.56296296296307, 340.79153439153447]"
00023176_017.png,Atelectasis,0.05684898192927884,0.00176239,"[0.00025600000000736145, 251.000064, 219.750144, 435.000064]",datasets/chestxray8/val/images/00023176_017.png,Atelectasis,"[161.45608465608453, 127.8645502645505, 428.56296296296307, 340.79153439153447]"
00023176_017.png,Cardiomegaly,0.10441631251960365,0.00175667,"[356.75008, 228.500224, 443.24992, 313.00019199999997]",datasets/chestxray8/val/images/00023176_017.png,Atelectasis,"[161.45608465608453, 127.8645502645505, 428.56296296296307, 340.79153439153447]"
00023176_017.png,Cardiomegaly,0.20490935062421886,0.00167847,"[345.499904, 60.125184000000004, 461.999872, 302.000128]",datasets/chestxray8/val/images/00023176_017.png,Atelectasis,"[161.45608465608453, 127.8645502645505, 428.56296296296307, 340.79153439153447]"
00023176_017.png,Infiltration,0.37805932090516653,0.00163555,"[66.24998400000001, 208.375296, 380.249856, 326.00012799999996]",datasets/chestxray8/val/images/00023176_017.png,Atelectasis,"[161.45608465608453, 127.8645502645505, 428.56296296296307, 340.79153439153447]"
00023176_017.png,Effusion,0.23155581815717852,0.00157642,"[238.74969600000003, 86.87513600000001, 371.749888, 236.37504]",datasets/chestxray8/val/images/00023176_017.png,Atelectasis,"[161.45608465608453, 127.8645502645505, 428.56296296296307, 340.79153439153447]"
00023176_017.png,Infiltration,0.09125415184360423,0.00150776,"[318.749952, 165.87468800000002, 405.24979199999996, 225.874944]",datasets/chestxray8/val/images/00023176_017.png,Atelectasis,"[161.45608465608453, 127.8645502645505, 428.56296296296307, 340.79153439153447]"
00023176_017.png,Cardiomegaly,0.15207471321888824,0.00149059,"[372.249856, 113.562368, 508.0, 363.749632]",datasets/chestxray8/val/images/00023176_017.png,Atelectasis,"[161.45608465608453, 127.8645502645505, 428.56296296296307, 340.79153439153447]"
00023176_017.png,Infiltration,0.2312540938000362,0.00147915,"[276.99993600000005, 154.749952, 398.500096, 263.000064]",datasets/chestxray8/val/images/00023176_017.png,Atelectasis,"[161.45608465608453, 127.8645502645505, 428.56296296296307, 340.79153439153447]"
00023176_017.png,Infiltration,0.20567825474323828,0.00147152,"[345.49964800000004, 134.99980800000003, 462.49984, 288.749824]",datasets/chestxray8/val/images/00023176_017.png,Atelectasis,"[161.45608465608453, 127.8645502645505, 428.56296296296307, 340.79153439153447]"
00023176_017.png,Cardiomegaly,0.12040872996196197,0.00145435,"[375.00032, 174.75020800000004, 477.50016000000005, 427.250176]",datasets/chestxray8/val/images/00023176_017.png,Atelectasis,"[161.45608465608453, 127.8645502645505, 428.56296296296307, 340.79153439153447]"
00023176_017.png,Infiltration,0.3607954850734715,0.00140953,"[279.00006399999995, 173.499904, 421.499904, 317.499904]",datasets/chestxray8/val/images/00023176_017.png,Atelectasis,"[161.45608465608453, 127.8645502645505, 428.56296296296307, 340.79153439153447]"
00023176_017.png,Infiltration,0.07880191627173924,0.00137901,"[335.000064, 189.499904, 431.000064, 237.499904]",datasets/chestxray8/val/images/00023176_017.png,Atelectasis,"[161.45608465608453, 127.8645502645505, 428.56296296296307, 340.79153439153447]"
00023176_017.png,Infiltration,0.47439487614686,0.00133896,"[91.12473600000001, 154.749696, 353.999872, 324.249856]",datasets/chestxray8/val/images/00023176_017.png,Atelectasis,"[161.45608465608453, 127.8645502645505, 428.56296296296307, 340.79153439153447]"
00023176_017.png,Cardiomegaly,0.0741774922402734,0.00130081,"[392.500224, 146.374912, 462.000128, 271.999744]",datasets/chestxray8/val/images/00023176_017.png,Atelectasis,"[161.45608465608453, 127.8645502645505, 428.56296296296307, 340.79153439153447]"
00023176_017.png,Cardiomegaly,0.11379137353296513,0.00127125,"[359.000064, 218.25024, 472.999936, 451.250176]",datasets/chestxray8/val/images/00023176_017.png,Atelectasis,"[161.45608465608453, 127.8645502645505, 428.56296296296307, 340.79153439153447]"
00023176_017.png,Infiltration,0.10441631251960365,0.00125885,"[356.75008, 228.500224, 443.24992, 313.00019199999997]",datasets/chestxray8/val/images/00023176_017.png,Atelectasis,"[161.45608465608453, 127.8645502645505, 428.56296296296307, 340.79153439153447]"
00023176_017.png,Infiltration,0.056149661673423355,0.00125217,"[353.499904, 120.00015359999999, 432.49996799999997, 171.00016639999998]",datasets/chestxray8/val/images/00023176_017.png,Atelectasis,"[161.45608465608453, 127.8645502645505, 428.56296296296307, 340.79153439153447]"
00023176_017.png,Effusion,0.3186160042802487,0.00123692,"[255.50003199999998, 120.62515199999999, 386.49984, 268.49996799999997]",datasets/chestxray8/val/images/00023176_017.png,Atelectasis,"[161.45608465608453, 127.8645502645505, 428.56296296296307, 340.79153439153447]"
00023176_017.png,Infiltration,0.2728338313956953,0.00123119,"[53.25004799999999, 227.75014400000003, 392.500224, 304.750336]",datasets/chestxray8/val/images/00023176_017.png,Atelectasis,"[161.45608465608453, 127.8645502645505, 428.56296296296307, 340.79153439153447]"
00023176_017.png,Cardiomegaly,0.33404297076762207,0.00113392,"[324.499968, 143.50003200000003, 448.999936, 345.250048]",datasets/chestxray8/val/images/00023176_017.png,Atelectasis,"[161.45608465608453, 127.8645502645505, 428.56296296296307, 340.79153439153447]"
00023176_017.png,Cardiomegaly,0.1000813541872732,0.00110245,"[382.500096, 201.250048, 465.499904, 367.250176]",datasets/chestxray8/val/images/00023176_017.png,Atelectasis,"[161.45608465608453, 127.8645502645505, 428.56296296296307, 340.79153439153447]"
00023176_017.png,Effusion,0.05925801245148484,0.00108814,"[301.99987200000004, 139.37510400000002, 363.000064, 194.625024]",datasets/chestxray8/val/images/00023176_017.png,Atelectasis,"[161.45608465608453, 127.8645502645505, 428.56296296296307, 340.79153439153447]"
00023176_017.png,Infiltration,0.07215909701469422,0.00104618,"[324.249856, 138.375168, 396.249856, 195.375104]",datasets/chestxray8/val/images/00023176_017.png,Atelectasis,"[161.45608465608453, 127.8645502645505, 428.56296296296307, 340.79153439153447]"
00023176_017.png,Effusion,0.05940308221923337,0.00103474,"[185.124864, 136.87526400000002, 243.37510400000002, 194.875136]",datasets/chestxray8/val/images/00023176_017.png,Atelectasis,"[161.45608465608453, 127.8645502645505, 428.56296296296307, 340.79153439153447]"
00023176_017.png,Mass,0.12618952312526824,0.00101662,"[303.500032, 46.62502400000001, 396.999936, 214.87488000000002]",datasets/chestxray8/val/images/00023176_017.png,Atelectasis,"[161.45608465608453, 127.8645502645505, 428.56296296296307, 340.79153439153447]"
00004461_000.png,Effusion,0.05505697811120235,0.111755,"[116.74982399999999, 221.999872, 189.250048, 311.50003200000003]",datasets/chestxray8/val/images/00004461_000.png,Atelectasis,"[164.61016949152548, 196.74576271186447, 370.7118644067795, 370.305084745763]"
00004461_000.png,Mass,0.12235558769641433,0.0283661,"[326.00012799999996, 258.249984, 409.50016, 380.24985599999997]",datasets/chestxray8/val/images/00004461_000.png,Atelectasis,"[164.61016949152548, 196.74576271186447, 370.7118644067795, 370.305084745763]"
00004461_000.png,Mass,0.057576029274254044,0.0105972,"[118.125056, 287.499776, 192.37529600000002, 374.49983999999995]",datasets/chestxray8/val/images/00004461_000.png,Atelectasis,"[164.61016949152548, 196.74576271186447, 370.7118644067795, 370.305084745763]"
00004461_000.png,Effusion,0.057833307251996036,0.00819397,"[290.50004479999996, 207.874944, 340.5000192, 249.24992]",datasets/chestxray8/val/images/00004461_000.png,Atelectasis,"[164.61016949152548, 196.74576271186447, 370.7118644067795, 370.305084745763]"
00004461_000.png,Cardiomegaly,0.10393099751356805,0.00611115,"[336.0, 147.875072, 435.50003200000003, 431.500032]",datasets/chestxray8/val/images/00004461_000.png,Atelectasis,"[164.61016949152548, 196.74576271186447, 370.7118644067795, 370.305084745763]"
00004461_000.png,Infiltration,0.32284727850844885,0.00580978,"[255.50003199999998, 266.749952, 380.999936, 371.250176]",datasets/chestxray8/val/images/00004461_000.png,Atelectasis,"[164.61016949152548, 196.74576271186447, 370.7118644067795, 370.305084745763]"
00004461_000.png,Infiltration,0.3907951578189639,0.00536346,"[243.875072, 246.50009599999998, 365.50016, 393.00019199999997]",datasets/chestxray8/val/images/00004461_000.png,Atelectasis,"[164.61016949152548, 196.74576271186447, 370.7118644067795, 370.305084745763]"
00004461_000.png,Mass,0.05010160443496439,0.00503922,"[351.500032, 266.249728, 405.50016, 379.74988799999994]",datasets/chestxray8/val/images/00004461_000.png,Atelectasis,"[164.61016949152548, 196.74576271186447, 370.7118644067795, 370.305084745763]"
00004461_000.png,Infiltration,0.1049434691326423,0.00466537,"[312.500224, 275.000064, 387.50003200000003, 341.50016]",datasets/chestxray8/val/images/00004461_000.png,Atelectasis,"[164.61016949152548, 196.74576271186447, 370.7118644067795, 370.305084745763]"
00004461_000.png,Effusion,0.13249239195960597,0.00422668,"[116.749824, 218.12479999999996, 216.24985600000002, 322.74995199999995]",datasets/chestxray8/val/images/00004461_000.png,Atelectasis,"[164.61016949152548, 196.74576271186447, 370.7118644067795, 370.305084745763]"
00004461_000.png,Mass,0.05497087603770378,0.00356483,"[61.125119999999995, 285.000192, 194.87488000000002, 388.000256]",datasets/chestxray8/val/images/00004461_000.png,Atelectasis,"[164.61016949152548, 196.74576271186447, 370.7118644067795, 370.305084745763]"
00004461_000.png,Effusion,0.07447370486842103,0.00331116,"[286.500352, 197.000192, 342.000128, 245.000192]",datasets/chestxray8/val/images/00004461_000.png,Atelectasis,"[164.61016949152548, 196.74576271186447, 370.7118644067795, 370.305084745763]"
00004461_000.png,Mass,0.1637297645129146,0.0032692,"[313.50016, 240.37503999999998, 423.500288, 395.50028799999995]",datasets/chestxray8/val/images/00004461_000.png,Atelectasis,"[164.61016949152548, 196.74576271186447, 370.7118644067795, 370.305084745763]"
00004461_000.png,Cardiomegaly,0.11757562828068827,0.00309372,"[335.99974399999996, 208.124928, 427.499776, 401.99987200000004]",datasets/chestxray8/val/images/00004461_000.png,Atelectasis,"[164.61016949152548, 196.74576271186447, 370.7118644067795, 370.305084745763]"
00004461_000.png,Effusion,0.08422374907248001,0.00291252,"[302.249984, 268.49996799999997, 360.75007999999997, 320.0]",datasets/chestxray8/val/images/00004461_000.png,Atelectasis,"[164.61016949152548, 196.74576271186447, 370.7118644067795, 370.305084745763]"
00004461_000.png,Infiltration,0.2083975744078875,0.00272942,"[271.000064, 277.750272, 393.50016, 356.25011200000006]",datasets/chestxray8/val/images/00004461_000.png,Atelectasis,"[164.61016949152548, 196.74576271186447, 370.7118644067795, 370.305084745763]"
00004461_000.png,Infiltration,0.06178180066760329,0.00252914,"[288.999936, 199.37489920000002, 340.99967999999996, 241.8748928]",datasets/chestxray8/val/images/00004461_000.png,Atelectasis,"[164.61016949152548, 196.74576271186447, 370.7118644067795, 370.305084745763]"
00004461_000.png,Effusion,0.19524102454358613,0.00232315,"[89.75001600000002, 182.12505600000003, 224.500224, 359.500288]",datasets/chestxray8/val/images/00004461_000.png,Atelectasis,"[164.61016949152548, 196.74576271186447, 370.7118644067795, 370.305084745763]"
00004461_000.png,Mass,0.12163717744460173,0.00217247,"[309.499904, 281.25030399999997, 396.99968, 356.250112]",datasets/chestxray8/val/images/00004461_000.png,Atelectasis,"[164.61016949152548, 196.74576271186447, 370.7118644067795, 370.305084745763]"
00004461_000.png,Infiltration,0.05857820043690324,0.00214767,"[321.49990399999996, 252.00002560000001, 388.499712, 295.5000064]",datasets/chestxray8/val/images/00004461_000.png,Atelectasis,"[164.61016949152548, 196.74576271186447, 370.7118644067795, 370.305084745763]"
00004461_000.png,Infiltration,0.12163717744460173,0.00213242,"[309.499904, 281.25030399999997, 396.99968, 356.250112]",datasets/chestxray8/val/images/00004461_000.png,Atelectasis,"[164.61016949152548, 196.74576271186447, 370.7118644067795, 370.305084745763]"
00004461_000.png,Infiltration,0.11280239426786759,0.0019722,"[323.250176, 264.0, 404.75033599999995, 356.49996799999997]",datasets/chestxray8/val/images/00004461_000.png,Atelectasis,"[164.61016949152548, 196.74576271186447, 370.7118644067795, 370.305084745763]"
00004461_000.png,Effusion,0.10139572773728839,0.00185776,"[307.99974399999996, 273.999872, 369.999872, 332.49996799999997]",datasets/chestxray8/val/images/00004461_000.png,Atelectasis,"[164.61016949152548, 196.74576271186447, 370.7118644067795, 370.305084745763]"
00004461_000.png,Effusion,0.0554117318266176,0.00170898,"[304.74987519999996, 208.1248768, 355.2498688, 247.3748992]",datasets/chestxray8/val/images/00004461_000.png,Atelectasis,"[164.61016949152548, 196.74576271186447, 370.7118644067795, 370.305084745763]"
00004461_000.png,Effusion,0.2888374002855349,0.00168133,"[92.187392, 206.749952, 283.000064, 312.749824]",datasets/chestxray8/val/images/00004461_000.png,Atelectasis,"[164.61016949152548, 196.74576271186447, 370.7118644067795, 370.305084745763]"
00004461_000.png,Effusion,0.11867595250600685,0.00165749,"[275.250176, 314.749952, 394.25023999999996, 434.249728]",datasets/chestxray8/val/images/00004461_000.png,Atelectasis,"[164.61016949152548, 196.74576271186447, 370.7118644067795, 370.305084745763]"
00004461_000.png,Infiltration,0.08471660934194362,0.00163555,"[317.999872, 246.125312, 395.499776, 306.000128]",datasets/chestxray8/val/images/00004461_000.png,Atelectasis,"[164.61016949152548, 196.74576271186447, 370.7118644067795, 370.305084745763]"
00004461_000.png,Effusion,0.0718757724503948,0.00159836,"[124.875008, 176.500224, 196.625152, 288.500224]",datasets/chestxray8/val/images/00004461_000.png,Atelectasis,"[164.61016949152548, 196.74576271186447, 370.7118644067795, 370.305084745763]"
00004461_000.png,Infiltration,0.13249239195960597,0.00154591,"[116.749824, 218.12479999999996, 216.24985600000002, 322.74995199999995]",datasets/chestxray8/val/images/00004461_000.png,Atelectasis,"[164.61016949152548, 196.74576271186447, 370.7118644067795, 370.305084745763]"
00004461_000.png,Infiltration,0.07209997392352922,0.0013237,"[308.249856, 204.87500799999998, 380.249856, 246.625024]",datasets/chestxray8/val/images/00004461_000.png,Atelectasis,"[164.61016949152548, 196.74576271186447, 370.7118644067795, 370.305084745763]"
00004461_000.png,Cardiomegaly,0.1600237556321839,0.00126362,"[314.25024, 81.124864, 426.25024, 395.999744]",datasets/chestxray8/val/images/00004461_000.png,Atelectasis,"[164.61016949152548, 196.74576271186447, 370.7118644067795, 370.305084745763]"
00004461_000.png,Infiltration,0.07484064097714108,0.00123596,"[301.49990399999996, 206.625024, 360.499712, 252.0]",datasets/chestxray8/val/images/00004461_000.png,Atelectasis,"[164.61016949152548, 196.74576271186447, 370.7118644067795, 370.305084745763]"
00004461_000.png,Cardiomegaly,0.14199320448641495,0.00121307,"[287.250176, 29.500160000000022, 412.75008, 300.75008]",datasets/chestxray8/val/images/00004461_000.png,Atelectasis,"[164.61016949152548, 196.74576271186447, 370.7118644067795, 370.305084745763]"
00004461_000.png,Infiltration,0.10429706155036768,0.0011692,"[307.749888, 262.999808, 392.75007999999997, 324.499712]",datasets/chestxray8/val/images/00004461_000.png,Atelectasis,"[164.61016949152548, 196.74576271186447, 370.7118644067795, 370.305084745763]"
00004461_000.png,Effusion,0.3732539719916269,0.00102806,"[85.81248, 162.25024000000002, 298.49984, 350.750208]",datasets/chestxray8/val/images/00004461_000.png,Atelectasis,"[164.61016949152548, 196.74576271186447, 370.7118644067795, 370.305084745763]"
00004461_000.png,Infiltration,0.2111996484298785,0.00102615,"[313.999872, 197.75027200000002, 424.0, 382.75020800000004]",datasets/chestxray8/val/images/00004461_000.png,Atelectasis,"[164.61016949152548, 196.74576271186447, 370.7118644067795, 370.305084745763]"
00029579_005.png,Mass,0.06338799264391544,0.016861,"[243.875072, 60.187647999999996, 401.000192, 193.250304]",datasets/chestxray8/val/images/00029579_005.png,Effusion,"[304.64, 94.5967447916665, 341.61777777777775, 130.4367447916665]"
00029579_005.png,Cardiomegaly,0.06724872275039397,0.00526047,"[34.437376, 227.99974399999996, 90.437376, 343.499776]",datasets/chestxray8/val/images/00029579_005.png,Cardiomegaly,"[52.0533333333335, 262.418967013889, 65.70666666666685, 294.2767447916668]"
00029579_005.png,Cardiomegaly,0.06338007734012259,0.00501633,"[43.68742399999999, 246.624768, 160.75008, 305.249792]",datasets/chestxray8/val/images/00029579_005.png,Cardiomegaly,"[52.0533333333335, 262.418967013889, 65.70666666666685, 294.2767447916668]"
00029579_005.png,Mass,0.14017474526893006,0.00391769,"[252.49996800000002, 66.49984, 384.499712, 138.125056]",datasets/chestxray8/val/images/00029579_005.png,Effusion,"[304.64, 94.5967447916665, 341.61777777777775, 130.4367447916665]"
00000732_005.png,Infiltration,0.43925857621368647,0.0225983,"[297.999872, 267.50003200000003, 432.99993600000005, 409.999872]",datasets/chestxray8/val/images/00000732_005.png,Atelectasis,"[213.9661016949155, 232.0, 420.0677966101695, 404.4745762711865]"
00000732_005.png,Atelectasis,0.46004707410175855,0.0118561,"[195.00006399999998, 156.000256, 404.0, 362.500096]",datasets/chestxray8/val/images/00000732_005.png,Atelectasis,"[213.9661016949155, 232.0, 420.0677966101695, 404.4745762711865]"
00000732_005.png,Infiltration,0.12625855264061348,0.0092926,"[313.249792, 229.37523200000004, 389.74976, 291.000064]",datasets/chestxray8/val/images/00000732_005.png,Atelectasis,"[213.9661016949155, 232.0, 420.0677966101695, 404.4745762711865]"
00000732_005.png,Cardiomegaly,0.23757142908172652,0.00601959,"[351.75014400000003, 214.25024000000002, 476.250112, 421.750016]",datasets/chestxray8/val/images/00000732_005.png,Atelectasis,"[213.9661016949155, 232.0, 420.0677966101695, 404.4745762711865]"
00000732_005.png,Infiltration,0.08308070188418323,0.00498962,"[314.249984, 224.3749632, 389.750016, 271.7499648]",datasets/chestxray8/val/images/00000732_005.png,Atelectasis,"[213.9661016949155, 232.0, 420.0677966101695, 404.4745762711865]"
00000732_005.png,Infiltration,0.17174259701217667,0.0045929,"[304.999936, 235.50003200000003, 397.49990399999996, 301.499904]",datasets/chestxray8/val/images/00000732_005.png,Atelectasis,"[213.9661016949155, 232.0, 420.0677966101695, 404.4745762711865]"
00000732_005.png,Cardiomegaly,0.22961401141063925,0.0042038,"[326.49983999999995, 82.49983999999998, 440.0, 367.50003200000003]",datasets/chestxray8/val/images/00000732_005.png,Atelectasis,"[213.9661016949155, 232.0, 420.0677966101695, 404.4745762711865]"
00000732_005.png,Cardiomegaly,0.2575593823641688,0.00359726,"[342.00012799999996, 193.75001600000002, 450.000384, 377.249792]",datasets/chestxray8/val/images/00000732_005.png,Atelectasis,"[213.9661016949155, 232.0, 420.0677966101695, 404.4745762711865]"
00000732_005.png,Infiltration,0.49023264236749886,0.00324249,"[265.499648, 215.00006399999998, 401.999872, 368.0]",datasets/chestxray8/val/images/00000732_005.png,Atelectasis,"[213.9661016949155, 232.0, 420.0677966101695, 404.4745762711865]"
00000732_005.png,Infiltration,0.14709350798512194,0.00185871,"[318.749696, 242.374912, 412.749824, 298.000128]",datasets/chestxray8/val/images/00000732_005.png,Atelectasis,"[213.9661016949155, 232.0, 420.0677966101695, 404.4745762711865]"
00000732_005.png,Cardiomegaly,0.2824825949616667,0.00171375,"[328.249856, 220.999936, 438.749696, 351.999744]",datasets/chestxray8/val/images/00000732_005.png,Atelectasis,"[213.9661016949155, 232.0, 420.0677966101695, 404.4745762711865]"
00000732_005.png,Cardiomegaly,0.3276995110507863,0.00153923,"[327.750144, 179.750144, 445.250048, 426.24998400000004]",datasets/chestxray8/val/images/00000732_005.png,Atelectasis,"[213.9661016949155, 232.0, 420.0677966101695, 404.4745762711865]"
00000732_005.png,Infiltration,0.24953768085874567,0.00139523,"[330.50009600000004, 270.500096, 430.49984, 372.500224]",datasets/chestxray8/val/images/00000732_005.png,Atelectasis,"[213.9661016949155, 232.0, 420.0677966101695, 404.4745762711865]"
00000732_005.png,Cardiomegaly,0.19093187689440438,0.00120068,"[366.49984, 181.49990400000002, 458.50009600000004, 398.000128]",datasets/chestxray8/val/images/00000732_005.png,Atelectasis,"[213.9661016949155, 232.0, 420.0677966101695, 404.4745762711865]"
00000732_005.png,Infiltration,0.14525468475152564,0.00118828,"[317.25030399999997, 206.00012800000002, 410.750208, 291.00032]",datasets/chestxray8/val/images/00000732_005.png,Atelectasis,"[213.9661016949155, 232.0, 420.0677966101695, 404.4745762711865]"
00000732_005.png,Mass,0.09679020484566934,0.00110054,"[124.49996800000001, 50.625024000000025, 257.999872, 429.00019199999997]",datasets/chestxray8/val/images/00000732_005.png,Atelectasis,"[213.9661016949155, 232.0, 420.0677966101695, 404.4745762711865]"
00012094_040.png,Mass,0.10789309992093445,0.00823212,"[293.499904, 32.499967999999996, 439.499776, 259.24992]",datasets/chestxray8/val/images/00012094_040.png,Mass,"[288.711111111111, 55.912300347222, 361.528888888889, 108.8189670138885]"
00012094_040.png,Cardiomegaly,0.09958434578839354,0.00570297,"[294.49984, 36.93772799999999, 440.499712, 278.750208]",datasets/chestxray8/val/images/00012094_040.png,Mass,"[288.711111111111, 55.912300347222, 361.528888888889, 108.8189670138885]"
00012094_040.png,Mass,0.30539961857188525,0.00518417,"[284.749824, 40.21888, 398.749696, 150.87488000000002]",datasets/chestxray8/val/images/00012094_040.png,Mass,"[288.711111111111, 55.912300347222, 361.528888888889, 108.8189670138885]"
00012094_040.png,Mass,0.2582219907442666,0.00402832,"[293.499904, 53.500159999999994, 412.49996799999997, 168.499968]",datasets/chestxray8/val/images/00012094_040.png,Mass,"[288.711111111111, 55.912300347222, 361.528888888889, 108.8189670138885]"
00012094_040.png,Cardiomegaly,0.22252707849851258,0.00313568,"[292.249856, 47.906048000000006, 419.749632, 175.62496000000002]",datasets/chestxray8/val/images/00012094_040.png,Mass,"[288.711111111111, 55.912300347222, 361.528888888889, 108.8189670138885]"
00012094_040.png,Mass,0.1684952981425684,0.00251198,"[290.25024, 41.31276799999999, 422.249984, 210.25024000000002]",datasets/chestxray8/val/images/00012094_040.png,Mass,"[288.711111111111, 55.912300347222, 361.528888888889, 108.8189670138885]"
00012094_040.png,Effusion,0.07572464200531778,0.00218964,"[281.0002432, 13.968793600000001, 331.50023680000004, 66.62492160000001]",datasets/chestxray8/val/images/00012094_040.png,Mass,"[288.711111111111, 55.912300347222, 361.528888888889, 108.8189670138885]"
00012094_040.png,Mass,0.09002193632745964,0.00195026,"[304.250112, 72.62489599999999, 429.25030399999997, 242.62476800000002]",datasets/chestxray8/val/images/00012094_040.png,Mass,"[288.711111111111, 55.912300347222, 361.528888888889, 108.8189670138885]"
00012094_040.png,Cardiomegaly,0.05008744986039128,0.00156975,"[312.250112, 67.24992, 424.750336, 414.749952]",datasets/chestxray8/val/images/00012094_040.png,Mass,"[288.711111111111, 55.912300347222, 361.528888888889, 108.8189670138885]"
00012094_040.png,Mass,0.3617603590003187,0.00124168,"[282.500096, 47.812352000000004, 358.500352, 180.0]",datasets/chestxray8/val/images/00012094_040.png,Mass,"[288.711111111111, 55.912300347222, 361.528888888889, 108.8189670138885]"
00012094_040.png,Mass,0.17588522014121552,0.00113583,"[277.99987200000004, 7.875072000000003, 426.49984, 155.37510400000002]",datasets/chestxray8/val/images/00012094_040.png,Mass,"[288.711111111111, 55.912300347222, 361.528888888889, 108.8189670138885]"
00012094_040.png,Mass,0.21055003798535313,0.00110435,"[314.49984, 31.96851199999999, 409.49990399999996, 141.99987199999998]",datasets/chestxray8/val/images/00012094_040.png,Mass,"[288.711111111111, 55.912300347222, 361.528888888889, 108.8189670138885]"
00012094_040.png,Cardiomegaly,0.05029242769432882,0.00102139,"[327.749888, 34.00012799999999, 433.74976, 349.75001599999996]",datasets/chestxray8/val/images/00012094_040.png,Mass,"[288.711111111111, 55.912300347222, 361.528888888889, 108.8189670138885]"
00018366_029.png,Infiltration,0.3838552766750115,0.0170288,"[274.000128, 208.250112, 378.000128, 280.250112]",datasets/chestxray8/val/images/00018366_029.png,Cardiomegaly,"[280.177777777778, 235.681189236111, 405.9022222222225, 268.6767447916666]"
00018366_029.png,Cardiomegaly,0.11688362995189384,0.0170288,"[341.750272, 131.24991999999997, 429.250048, 315.000064]",datasets/chestxray8/val/images/00018366_029.png,Cardiomegaly,"[280.177777777778, 235.681189236111, 405.9022222222225, 268.6767447916666]"
00018366_029.png,Cardiomegaly,0.23007585878099546,0.0137253,"[352.999936, 199.500032, 416.999936, 280.499968]",datasets/chestxray8/val/images/00018366_029.png,Cardiomegaly,"[280.177777777778, 235.681189236111, 405.9022222222225, 268.6767447916666]"
00018366_029.png,Effusion,0.28602173989292906,0.0117111,"[263.000064, 206.875136, 378.999808, 297.50016]",datasets/chestxray8/val/images/00018366_029.png,Cardiomegaly,"[280.177777777778, 235.681189236111, 405.9022222222225, 268.6767447916666]"
00018366_029.png,Effusion,0.12327583709155937,0.011261,"[332.49986559999996, 131.87517440000002, 375.4998784, 178.6251776]",datasets/chestxray8/val/images/00018366_029.png,Mass,"[297.8133333333335, 64.44563368055549, 399.0755555555555, 162.2945225694445]"
00018366_029.png,Cardiomegaly,0.17010503610440544,0.0102234,"[376.5002496, 204.125184, 412.0002304, 275.250176]",datasets/chestxray8/val/images/00018366_029.png,Cardiomegaly,"[280.177777777778, 235.681189236111, 405.9022222222225, 268.6767447916666]"
00018366_029.png,Cardiomegaly,0.1493056104957732,0.00979614,"[372.7497984, 203.250176, 417.2498176, 299.250176]",datasets/chestxray8/val/images/00018366_029.png,Cardiomegaly,"[280.177777777778, 235.681189236111, 405.9022222222225, 268.6767447916666]"
00018366_029.png,Effusion,0.417031370231679,0.00845337,"[279.99974399999996, 206.24998399999998, 381.999872, 277.499904]",datasets/chestxray8/val/images/00018366_029.png,Cardiomegaly,"[280.177777777778, 235.681189236111, 405.9022222222225, 268.6767447916666]"
00018366_029.png,Atelectasis,0.11610941523439283,0.00837708,"[179.75014399999998, 178.000128, 395.750144, 328.49996799999997]",datasets/chestxray8/val/images/00018366_029.png,Cardiomegaly,"[280.177777777778, 235.681189236111, 405.9022222222225, 268.6767447916666]"
00018366_029.png,Cardiomegaly,0.16752141839646992,0.00805664,"[342.249984, 181.874944, 429.74976, 301.750016]",datasets/chestxray8/val/images/00018366_029.png,Cardiomegaly,"[280.177777777778, 235.681189236111, 405.9022222222225, 268.6767447916666]"
00018366_029.png,Cardiomegaly,0.13793495543928316,0.00671005,"[310.999808, 110.50009599999998, 434.49984, 335.00032]",datasets/chestxray8/val/images/00018366_029.png,Mass,"[297.8133333333335, 64.44563368055549, 399.0755555555555, 162.2945225694445]"
00018366_029.png,Infiltration,0.42337639798945154,0.0061264,"[327.25017599999995, 221.499904, 408.250112, 278.000128]",datasets/chestxray8/val/images/00018366_029.png,Cardiomegaly,"[280.177777777778, 235.681189236111, 405.9022222222225, 268.6767447916666]"
00018366_029.png,Cardiomegaly,0.1516561284588658,0.00562668,"[372.5001728, 177.00019200000003, 414.5001472, 277.50016]",datasets/chestxray8/val/images/00018366_029.png,Cardiomegaly,"[280.177777777778, 235.681189236111, 405.9022222222225, 268.6767447916666]"
00018366_029.png,Atelectasis,0.14174744782892504,0.00523758,"[182.24972799999998, 166.999808, 389.24979199999996, 286.99980800000003]",datasets/chestxray8/val/images/00018366_029.png,Cardiomegaly,"[280.177777777778, 235.681189236111, 405.9022222222225, 268.6767447916666]"
00018366_029.png,Cardiomegaly,0.13621256303319432,0.00523376,"[363.000064, 166.374912, 426.49984, 287.000064]",datasets/chestxray8/val/images/00018366_029.png,Cardiomegaly,"[280.177777777778, 235.681189236111, 405.9022222222225, 268.6767447916666]"
00018366_029.png,Cardiomegaly,0.26994747597129437,0.00521851,"[319.50003200000003, 201.124864, 421.999872, 291.500032]",datasets/chestxray8/val/images/00018366_029.png,Cardiomegaly,"[280.177777777778, 235.681189236111, 405.9022222222225, 268.6767447916666]"
00018366_029.png,Cardiomegaly,0.1607713728840964,0.00449753,"[288.24985599999997, 154.12505600000003, 421.74976, 332.999936]",datasets/chestxray8/val/images/00018366_029.png,Cardiomegaly,"[280.177777777778, 235.681189236111, 405.9022222222225, 268.6767447916666]"
00018366_029.png,Cardiomegaly,0.18387539439093492,0.00439453,"[313.75001599999996, 186.875136, 424.249856, 326.500096]",datasets/chestxray8/val/images/00018366_029.png,Cardiomegaly,"[280.177777777778, 235.681189236111, 405.9022222222225, 268.6767447916666]"
00018366_029.png,Cardiomegaly,0.12907513386506045,0.00402069,"[356.75033599999995, 193.62508800000003, 435.250176, 321.50016000000005]",datasets/chestxray8/val/images/00018366_029.png,Cardiomegaly,"[280.177777777778, 235.681189236111, 405.9022222222225, 268.6767447916666]"
00018366_029.png,Infiltration,0.3935950180206357,0.0037117,"[298.500096, 210.625024, 405.00019199999997, 288.500224]",datasets/chestxray8/val/images/00018366_029.png,Cardiomegaly,"[280.177777777778, 235.681189236111, 405.9022222222225, 268.6767447916666]"
00018366_029.png,Cardiomegaly,0.23664866200004586,0.00349045,"[350.500096, 226.624768, 412.0, 314.49984]",datasets/chestxray8/val/images/00018366_029.png,Cardiomegaly,"[280.177777777778, 235.681189236111, 405.9022222222225, 268.6767447916666]"
00018366_029.png,Mass,0.35311364555707186,0.00348282,"[259.749888, 59.937535999999994, 380.74982400000005, 117.562624]",datasets/chestxray8/val/images/00018366_029.png,Mass,"[297.8133333333335, 64.44563368055549, 399.0755555555555, 162.2945225694445]"
00018366_029.png,Cardiomegaly,0.2317712585528145,0.00348282,"[317.750016, 94.187264, 418.249984, 288.49996799999997]",datasets/chestxray8/val/images/00018366_029.png,Mass,"[297.8133333333335, 64.44563368055549, 399.0755555555555, 162.2945225694445]"
00018366_029.png,Infiltration,0.26277709267150967,0.00345993,"[259.749888, 214.99980800000003, 382.74969600000003, 313.499904]",datasets/chestxray8/val/images/00018366_029.png,Cardiomegaly,"[280.177777777778, 235.681189236111, 405.9022222222225, 268.6767447916666]"
00018366_029.png,Infiltration,0.1960358808951793,0.00290108,"[232.75008000000003, 195.24992, 385.250304, 306.749696]",datasets/chestxray8/val/images/00018366_029.png,Cardiomegaly,"[280.177777777778, 235.681189236111, 405.9022222222225, 268.6767447916666]"
00018366_029.png,Infiltration,0.21722192128851026,0.00286293,"[355.750144, 205.37472000000002, 415.250176, 291.499776]",datasets/chestxray8/val/images/00018366_029.png,Cardiomegaly,"[280.177777777778, 235.681189236111, 405.9022222222225, 268.6767447916666]"
00018366_029.png,Cardiomegaly,0.136737649266046,0.00279617,"[368.999936, 211.74988799999997, 420.499968, 327.74963199999996]",datasets/chestxray8/val/images/00018366_029.png,Cardiomegaly,"[280.177777777778, 235.681189236111, 405.9022222222225, 268.6767447916666]"
00018366_029.png,Infiltration,0.14193202507313496,0.00273514,"[330.7499264, 128.249856, 375.2499456, 179.500032]",datasets/chestxray8/val/images/00018366_029.png,Mass,"[297.8133333333335, 64.44563368055549, 399.0755555555555, 162.2945225694445]"
00018366_029.png,Cardiomegaly,0.42235106467309674,0.00250435,"[329.50016, 218.50009599999998, 406.00012799999996, 275.250176]",datasets/chestxray8/val/images/00018366_029.png,Cardiomegaly,"[280.177777777778, 235.681189236111, 405.9022222222225, 268.6767447916666]"
00018366_029.png,Cardiomegaly,0.32399217258806734,0.00244331,"[294.49984, 203.625216, 408.499712, 299.000064]",datasets/chestxray8/val/images/00018366_029.png,Cardiomegaly,"[280.177777777778, 235.681189236111, 405.9022222222225, 268.6767447916666]"
00018366_029.png,Effusion,0.20461293586247134,0.00242424,"[252.25011200000003, 192.62515199999999, 389.250048, 317.00019199999997]",datasets/chestxray8/val/images/00018366_029.png,Cardiomegaly,"[280.177777777778, 235.681189236111, 405.9022222222225, 268.6767447916666]"
00018366_029.png,Mass,0.0775055815038997,0.00223923,"[279.24992, 135.499776, 335.750144, 210.249728]",datasets/chestxray8/val/images/00018366_029.png,Mass,"[297.8133333333335, 64.44563368055549, 399.0755555555555, 162.2945225694445]"
00018366_029.png,Infiltration,0.35841400371560483,0.00221443,"[266.25024, 194.49984, 385.750016, 268.0]",datasets/chestxray8/val/images/00018366_029.png,Cardiomegaly,"[280.177777777778, 235.681189236111, 405.9022222222225, 268.6767447916666]"
00018366_029.png,Effusion,0.05973312040662627,0.00213623,"[338.5000192, 142.2498304, 369.00001280000004, 172.9998336]",datasets/chestxray8/val/images/00018366_029.png,Mass,"[297.8133333333335, 64.44563368055549, 399.0755555555555, 162.2945225694445]"
00018366_029.png,Effusion,0.14174744782892504,0.00201988,"[182.24972799999998, 166.999808, 389.24979199999996, 286.99980800000003]",datasets/chestxray8/val/images/00018366_029.png,Cardiomegaly,"[280.177777777778, 235.681189236111, 405.9022222222225, 268.6767447916666]"
00018366_029.png,Mass,0.2588700140740877,0.00191498,"[327.749888, 243.00032000000002, 410.249984, 311.000064]",datasets/chestxray8/val/images/00018366_029.png,Cardiomegaly,"[280.177777777778, 235.681189236111, 405.9022222222225, 268.6767447916666]"
00018366_029.png,Cardiomegaly,0.2256099466516433,0.0017128,"[269.250048, 188.49996800000002, 402.749952, 321.999872]",datasets/chestxray8/val/images/00018366_029.png,Cardiomegaly,"[280.177777777778, 235.681189236111, 405.9022222222225, 268.6767447916666]"
00018366_029.png,Mass,0.07678252482688307,0.00168037,"[258.50009600000004, 71.3126144, 319.000064, 113.1876096]",datasets/chestxray8/val/images/00018366_029.png,Mass,"[297.8133333333335, 64.44563368055549, 399.0755555555555, 162.2945225694445]"
00018366_029.png,Cardiomegaly,0.16437876721385575,0.00152111,"[323.500032, 142.500096, 415.500288, 306.75020800000004]",datasets/chestxray8/val/images/00018366_029.png,Cardiomegaly,"[280.177777777778, 235.681189236111, 405.9022222222225, 268.6767447916666]"
00018366_029.png,Mass,0.2347108335558645,0.00136185,"[259.999744, 64.250112, 344.999936, 125.250304]",datasets/chestxray8/val/images/00018366_029.png,Mass,"[297.8133333333335, 64.44563368055549, 399.0755555555555, 162.2945225694445]"
00018366_029.png,Effusion,0.1485303890418929,0.00133514,"[364.0002304, 110.749952, 408.5002496, 202.24998399999998]",datasets/chestxray8/val/images/00018366_029.png,Mass,"[297.8133333333335, 64.44563368055549, 399.0755555555555, 162.2945225694445]"
00018366_029.png,Effusion,0.3393314746697487,0.00132942,"[260.0, 192.749824, 388.500224, 270.249728]",datasets/chestxray8/val/images/00018366_029.png,Cardiomegaly,"[280.177777777778, 235.681189236111, 405.9022222222225, 268.6767447916666]"
00018366_029.png,Cardiomegaly,0.10646360601747892,0.00123882,"[251.00032, 250.500096, 413.00019199999997, 371.50003200000003]",datasets/chestxray8/val/images/00018366_029.png,Cardiomegaly,"[280.177777777778, 235.681189236111, 405.9022222222225, 268.6767447916666]"
00018366_029.png,Effusion,0.13261487534091662,0.00118923,"[331.499904, 124.6251264, 367.499904, 161.1251456]",datasets/chestxray8/val/images/00018366_029.png,Mass,"[297.8133333333335, 64.44563368055549, 399.0755555555555, 162.2945225694445]"
00018366_029.png,Infiltration,0.13403288738981262,0.00113964,"[147.24992, 182.624768, 402.24998400000004, 299.99974399999996]",datasets/chestxray8/val/images/00018366_029.png,Cardiomegaly,"[280.177777777778, 235.681189236111, 405.9022222222225, 268.6767447916666]"
00018366_029.png,Cardiomegaly,0.2588700140740877,0.00110722,"[327.749888, 243.00032000000002, 410.249984, 311.000064]",datasets/chestxray8/val/images/00018366_029.png,Cardiomegaly,"[280.177777777778, 235.681189236111, 405.9022222222225, 268.6767447916666]"
00018366_029.png,Infiltration,0.2256099466516433,0.00105,"[269.250048, 188.49996800000002, 402.749952, 321.999872]",datasets/chestxray8/val/images/00018366_029.png,Cardiomegaly,"[280.177777777778, 235.681189236111, 405.9022222222225, 268.6767447916666]"
00018366_029.png,Effusion,0.07702445343680886,0.00104618,"[338.2502144, 135.24984320000002, 366.7502336, 165.7498368]",datasets/chestxray8/val/images/00018366_029.png,Mass,"[297.8133333333335, 64.44563368055549, 399.0755555555555, 162.2945225694445]"
00010125_004.png,Effusion,0.08931509092099431,0.00463104,"[54.62528, 169.12511999999998, 133.250048, 281.750272]",datasets/chestxray8/val/images/00010125_004.png,Effusion,"[73.671111111111, 150.9167447916665, 106.66666666666654, 194.72118923611097]"
00010125_004.png,Cardiomegaly,0.09978228160402693,0.00408554,"[46.56255999999999, 85.87494399999999, 148.75008, 227.624704]",datasets/chestxray8/val/images/00010125_004.png,Effusion,"[73.671111111111, 150.9167447916665, 106.66666666666654, 194.72118923611097]"
00010125_004.png,Mass,0.08919830741550444,0.00329971,"[46.34393600000001, 79.12499199999999, 119.375104, 301.00019199999997]",datasets/chestxray8/val/images/00010125_004.png,Effusion,"[73.671111111111, 150.9167447916665, 106.66666666666654, 194.72118923611097]"
00010125_004.png,Mass,0.17127180444307374,0.00292397,"[63.062784, 86.25024, 135.500032, 202.750208]",datasets/chestxray8/val/images/00010125_004.png,Effusion,"[73.671111111111, 150.9167447916665, 106.66666666666654, 194.72118923611097]"
00010125_004.png,Cardiomegaly,0.0595737351231673,0.00211143,"[-0.000256000000000256, 147.374848, 103.87481600000001, 359.999744]",datasets/chestxray8/val/images/00010125_004.png,Effusion,"[73.671111111111, 150.9167447916665, 106.66666666666654, 194.72118923611097]"
00010125_004.png,Cardiomegaly,0.08919830741550444,0.0020237,"[46.34393600000001, 79.12499199999999, 119.375104, 301.00019199999997]",datasets/chestxray8/val/images/00010125_004.png,Effusion,"[73.671111111111, 150.9167447916665, 106.66666666666654, 194.72118923611097]"
00010125_004.png,Mass,0.11380503279396054,0.00153446,"[77.499904, 84.56268800000001, 139.999744, 176.000256]",datasets/chestxray8/val/images/00010125_004.png,Effusion,"[73.671111111111, 150.9167447916665, 106.66666666666654, 194.72118923611097]"
00010125_004.png,Mass,0.09227597603822137,0.00139332,"[31.374848, 97.312768, 102.249984, 286.000128]",datasets/chestxray8/val/images/00010125_004.png,Effusion,"[73.671111111111, 150.9167447916665, 106.66666666666654, 194.72118923611097]"
00010125_004.png,Mass,0.05358753609941668,0.00128841,"[31.812352000000004, 63.00006400000001, 135.749888, 322.500096]",datasets/chestxray8/val/images/00010125_004.png,Effusion,"[73.671111111111, 150.9167447916665, 106.66666666666654, 194.72118923611097]"
00010125_004.png,Cardiomegaly,0.05929846170581536,0.00121784,"[70.81267200000002, 155.499776, 218.749952, 301.999872]",datasets/chestxray8/val/images/00010125_004.png,Effusion,"[73.671111111111, 150.9167447916665, 106.66666666666654, 194.72118923611097]"
00010125_004.png,Cardiomegaly,0.09214692288393299,0.0012064,"[49.281536, 169.000192, 123.37510400000001, 285.250304]",datasets/chestxray8/val/images/00010125_004.png,Effusion,"[73.671111111111, 150.9167447916665, 106.66666666666654, 194.72118923611097]"
00010125_004.png,Mass,0.18411333117046078,0.00118732,"[55.84384, 121.50016000000001, 113.250304, 258.25024]",datasets/chestxray8/val/images/00010125_004.png,Effusion,"[73.671111111111, 150.9167447916665, 106.66666666666654, 194.72118923611097]"
00010125_004.png,Cardiomegaly,0.0545318016951968,0.0011816,"[33.40646399999999, 70.24972799999999, 160.375296, 278.999808]",datasets/chestxray8/val/images/00010125_004.png,Effusion,"[73.671111111111, 150.9167447916665, 106.66666666666654, 194.72118923611097]"
00012094_047.png,Mass,0.33426599732209605,0.00863647,"[303.24992, 65.18732800000001, 402.749952, 219.500032]",datasets/chestxray8/val/images/00012094_047.png,Mass,"[333.206349206349, 71.5174603174605, 400.38941798941795, 147.9111111111115]"
00012094_047.png,Mass,0.10285698923991991,0.00657654,"[283.250176, 50.50009600000001, 365.250048, 308.00025600000004]",datasets/chestxray8/val/images/00012094_047.png,Mass,"[333.206349206349, 71.5174603174605, 400.38941798941795, 147.9111111111115]"
00012094_047.png,Mass,0.15619383547306737,0.00490189,"[293.499904, 38.374656000000016, 412.49996799999997, 314.49984]",datasets/chestxray8/val/images/00012094_047.png,Mass,"[333.206349206349, 71.5174603174605, 400.38941798941795, 147.9111111111115]"
00012094_047.png,Mass,0.10896196544026243,0.00413132,"[294.749952, 47.53126400000001, 347.24992, 157.75001600000002]",datasets/chestxray8/val/images/00012094_047.png,Mass,"[333.206349206349, 71.5174603174605, 400.38941798941795, 147.9111111111115]"
00012094_047.png,Mass,0.08292137281336694,0.00410843,"[382.50009600000004, 66.374912, 451.000064, 252.0]",datasets/chestxray8/val/images/00012094_047.png,Mass,"[333.206349206349, 71.5174603174605, 400.38941798941795, 147.9111111111115]"
00012094_047.png,Mass,0.43998860289521846,0.00381851,"[314.000128, 71.56224, 423.50003200000003, 177.999872]",datasets/chestxray8/val/images/00012094_047.png,Mass,"[333.206349206349, 71.5174603174605, 400.38941798941795, 147.9111111111115]"
00012094_047.png,Mass,0.08320927055484956,0.00335312,"[373.74976, 47.187456, 457.249792, 303.000064]",datasets/chestxray8/val/images/00012094_047.png,Mass,"[333.206349206349, 71.5174603174605, 400.38941798941795, 147.9111111111115]"
00012094_047.png,Mass,0.28652266817926125,0.00296593,"[295.99974399999996, 61.562368000000006, 381.999872, 196.49996800000002]",datasets/chestxray8/val/images/00012094_047.png,Mass,"[333.206349206349, 71.5174603174605, 400.38941798941795, 147.9111111111115]"
00012094_047.png,Mass,0.2378527295572207,0.00287628,"[303.50003200000003, 64.0, 357.999872, 145.874944]",datasets/chestxray8/val/images/00012094_047.png,Mass,"[333.206349206349, 71.5174603174605, 400.38941798941795, 147.9111111111115]"
00012094_047.png,Mass,0.1049926362272391,0.00270653,"[262.500096, 33.750271999999995, 382.500096, 321.250048]",datasets/chestxray8/val/images/00012094_047.png,Mass,"[333.206349206349, 71.5174603174605, 400.38941798941795, 147.9111111111115]"
00012094_047.png,Mass,0.22734201393424472,0.00270462,"[337.250048, 57.562624, 455.74988800000006, 233.999872]",datasets/chestxray8/val/images/00012094_047.png,Mass,"[333.206349206349, 71.5174603174605, 400.38941798941795, 147.9111111111115]"
00012094_047.png,Cardiomegaly,0.11446829198556635,0.00263786,"[343.24992000000003, 29.374976000000004, 459.249664, 351.499776]",datasets/chestxray8/val/images/00012094_047.png,Mass,"[333.206349206349, 71.5174603174605, 400.38941798941795, 147.9111111111115]"
00012094_047.png,Mass,0.07986805113285095,0.00229263,"[289.50016, 103.81260800000001, 359.000064, 251.250176]",datasets/chestxray8/val/images/00012094_047.png,Mass,"[333.206349206349, 71.5174603174605, 400.38941798941795, 147.9111111111115]"
00012094_047.png,Cardiomegaly,0.16911654472216192,0.00209427,"[313.75001599999996, 49.249792000000014, 421.750272, 330.249728]",datasets/chestxray8/val/images/00012094_047.png,Mass,"[333.206349206349, 71.5174603174605, 400.38941798941795, 147.9111111111115]"
00012094_047.png,Mass,0.47815756313342767,0.00193596,"[302.750208, 60.875008, 404.250112, 166.625024]",datasets/chestxray8/val/images/00012094_047.png,Mass,"[333.206349206349, 71.5174603174605, 400.38941798941795, 147.9111111111115]"
00012094_047.png,Mass,0.1677312072996868,0.00161934,"[315.50028799999995, 46.000128000000004, 450.000128, 273.50016]",datasets/chestxray8/val/images/00012094_047.png,Mass,"[333.206349206349, 71.5174603174605, 400.38941798941795, 147.9111111111115]"
00012094_047.png,Mass,0.13557725487988898,0.00137711,"[338.749696, 34.12480000000002, 460.249856, 316.49996799999997]",datasets/chestxray8/val/images/00012094_047.png,Mass,"[333.206349206349, 71.5174603174605, 400.38941798941795, 147.9111111111115]"
00012094_047.png,Cardiomegaly,0.3806952896390899,0.00124454,"[312.749824, 71.249664, 430.749952, 185.49990400000002]",datasets/chestxray8/val/images/00012094_047.png,Mass,"[333.206349206349, 71.5174603174605, 400.38941798941795, 147.9111111111115]"
00012094_047.png,Effusion,0.11551990334377733,0.00121021,"[325.0000384, 96.7501824, 354.00002559999996, 126.6251776]",datasets/chestxray8/val/images/00012094_047.png,Mass,"[333.206349206349, 71.5174603174605, 400.38941798941795, 147.9111111111115]"
00012094_047.png,Mass,0.19415439781694385,0.0011282,"[307.500032, 99.31238400000001, 394.999808, 251.74963200000002]",datasets/chestxray8/val/images/00012094_047.png,Mass,"[333.206349206349, 71.5174603174605, 400.38941798941795, 147.9111111111115]"
00016487_002.png,Infiltration,0.21403591786306564,0.0358582,"[272.749824, 302.500096, 362.24998400000004, 388.500224]",datasets/chestxray8/val/images/00016487_002.png,Effusion,"[320.2031746031745, 346.209523809524, 364.08888888888885, 385.7608465608468]"
00016487_002.png,Effusion,0.14506730205449017,0.0288239,"[316.0, 297.75001599999996, 388.0, 365.250048]",datasets/chestxray8/val/images/00016487_002.png,Effusion,"[320.2031746031745, 346.209523809524, 364.08888888888885, 385.7608465608468]"
00016487_002.png,Infiltration,0.17727879162353014,0.0159149,"[291.749888, 294.24998400000004, 382.249984, 378.249728]",datasets/chestxray8/val/images/00016487_002.png,Effusion,"[320.2031746031745, 346.209523809524, 364.08888888888885, 385.7608465608468]"
00016487_002.png,Effusion,0.17727879162353014,0.0110397,"[291.749888, 294.24998400000004, 382.249984, 378.249728]",datasets/chestxray8/val/images/00016487_002.png,Effusion,"[320.2031746031745, 346.209523809524, 364.08888888888885, 385.7608465608468]"
00016487_002.png,Infiltration,0.14506730205449017,0.00723267,"[316.0, 297.75001599999996, 388.0, 365.250048]",datasets/chestxray8/val/images/00016487_002.png,Effusion,"[320.2031746031745, 346.209523809524, 364.08888888888885, 385.7608465608468]"
00016487_002.png,Infiltration,0.1297814405507663,0.0052948,"[328.00025600000004, 306.750208, 398.500096, 364.75007999999997]",datasets/chestxray8/val/images/00016487_002.png,Effusion,"[320.2031746031745, 346.209523809524, 364.08888888888885, 385.7608465608468]"
00016487_002.png,Effusion,0.1297814405507663,0.00466919,"[328.00025600000004, 306.750208, 398.500096, 364.75007999999997]",datasets/chestxray8/val/images/00016487_002.png,Effusion,"[320.2031746031745, 346.209523809524, 364.08888888888885, 385.7608465608468]"
00016487_002.png,Infiltration,0.11759210795991948,0.00408936,"[258.000128, 284.500224, 353.00019199999997, 396.0]",datasets/chestxray8/val/images/00016487_002.png,Effusion,"[320.2031746031745, 346.209523809524, 364.08888888888885, 385.7608465608468]"
00016487_002.png,Infiltration,0.10004629034429896,0.00238037,"[332.499968, 315.7501184, 428.499968, 364.7501056]",datasets/chestxray8/val/images/00016487_002.png,Effusion,"[320.2031746031745, 346.209523809524, 364.08888888888885, 385.7608465608468]"
00016487_002.png,Infiltration,0.09917940938977021,0.00212669,"[297.999872, 290.49984, 402.500096, 365.99987200000004]",datasets/chestxray8/val/images/00016487_002.png,Effusion,"[320.2031746031745, 346.209523809524, 364.08888888888885, 385.7608465608468]"
00016487_002.png,Effusion,0.09917940938977021,0.00182629,"[297.999872, 290.49984, 402.500096, 365.99987200000004]",datasets/chestxray8/val/images/00016487_002.png,Effusion,"[320.2031746031745, 346.209523809524, 364.08888888888885, 385.7608465608468]"
00016487_002.png,Effusion,0.20962991408479986,0.0010891,"[278.99980800000003, 298.249728, 368.99968, 390.24998400000004]",datasets/chestxray8/val/images/00016487_002.png,Effusion,"[320.2031746031745, 346.209523809524, 364.08888888888885, 385.7608465608468]"
00013187_002.png,Atelectasis,0.3523893887582303,0.152954,"[198.25024000000002, 200.87475199999997, 451.75014400000003, 409.499904]",datasets/chestxray8/val/images/00013187_002.png,Infiltration,"[99.47022569444451, 283.970373263889, 468.67911458333356, 371.5792621527779]"
00013187_002.png,Infiltration,0.105553962973402,0.0259247,"[117.87519999999999, 266.249728, 224.87500799999998, 317.74976000000004]",datasets/chestxray8/val/images/00013187_002.png,Infiltration,"[99.47022569444451, 283.970373263889, 468.67911458333356, 371.5792621527779]"
00013187_002.png,Cardiomegaly,0.16749331898606454,0.00762939,"[58.437376, 218.749952, 190.500096, 394.749952]",datasets/chestxray8/val/images/00013187_002.png,Infiltration,"[99.47022569444451, 283.970373263889, 468.67911458333356, 371.5792621527779]"
00013187_002.png,Mass,0.12158982718605855,0.00585175,"[138.374912, 273.74981119999995, 239.12473599999998, 324.2498048]",datasets/chestxray8/val/images/00013187_002.png,Infiltration,"[99.47022569444451, 283.970373263889, 468.67911458333356, 371.5792621527779]"
00013187_002.png,Infiltration,0.06838720444260972,0.00577164,"[123.12499199999999, 254.50009599999998, 221.375232, 308.500224]",datasets/chestxray8/val/images/00013187_002.png,Infiltration,"[99.47022569444451, 283.970373263889, 468.67911458333356, 371.5792621527779]"
00013187_002.png,Cardiomegaly,0.11022685551692438,0.00515366,"[65.937408, 236.250112, 149.250048, 375.24992000000003]",datasets/chestxray8/val/images/00013187_002.png,Infiltration,"[99.47022569444451, 283.970373263889, 468.67911458333356, 371.5792621527779]"
00013187_002.png,Atelectasis,0.3284189113250948,0.00509262,"[214.24998400000004, 237.50016, 442.249728, 450.00012799999996]",datasets/chestxray8/val/images/00013187_002.png,Infiltration,"[99.47022569444451, 283.970373263889, 468.67911458333356, 371.5792621527779]"
00013187_002.png,Atelectasis,0.32532707283730483,0.00508499,"[197.250048, 169.250048, 413.750272, 376.749824]",datasets/chestxray8/val/images/00013187_002.png,Infiltration,"[99.47022569444451, 283.970373263889, 468.67911458333356, 371.5792621527779]"
00013187_002.png,Cardiomegaly,0.07906448513594945,0.00475311,"[77.874944, 244.750336, 135.250176, 364.250112]",datasets/chestxray8/val/images/00013187_002.png,Infiltration,"[99.47022569444451, 283.970373263889, 468.67911458333356, 371.5792621527779]"
00013187_002.png,Infiltration,0.10040716728902327,0.00427246,"[102.375168, 258.49984, 200.875264, 319.500032]",datasets/chestxray8/val/images/00013187_002.png,Infiltration,"[99.47022569444451, 283.970373263889, 468.67911458333356, 371.5792621527779]"
00013187_002.png,Cardiomegaly,0.13957067486267047,0.00416946,"[46.125311999999994, 149.124864, 200.125184, 363.499776]",datasets/chestxray8/val/images/00013187_002.png,Infiltration,"[99.47022569444451, 283.970373263889, 468.67911458333356, 371.5792621527779]"
00013187_002.png,Infiltration,0.10619014912004257,0.00359726,"[143.25017599999998, 276.4998144, 236.75008, 321.49980159999996]",datasets/chestxray8/val/images/00013187_002.png,Infiltration,"[99.47022569444451, 283.970373263889, 468.67911458333356, 371.5792621527779]"
00013187_002.png,Effusion,0.06033734736969833,0.00343895,"[173.375232, 255.000064, 243.625216, 313.50016]",datasets/chestxray8/val/images/00013187_002.png,Infiltration,"[99.47022569444451, 283.970373263889, 468.67911458333356, 371.5792621527779]"
00013187_002.png,Infiltration,0.08542834877683632,0.00321579,"[347.499776, 252.24985600000002, 451.499776, 313.250048]",datasets/chestxray8/val/images/00013187_002.png,Infiltration,"[99.47022569444451, 283.970373263889, 468.67911458333356, 371.5792621527779]"
00013187_002.png,Cardiomegaly,0.1414070994556483,0.00311661,"[104.312576, 274.25024, 228.249856, 322.25024]",datasets/chestxray8/val/images/00013187_002.png,Infiltration,"[99.47022569444451, 283.970373263889, 468.67911458333356, 371.5792621527779]"
00013187_002.png,Infiltration,0.2268340869454788,0.00289345,"[123.99999999999999, 299.250176, 251.24991999999997, 436.25011199999994]",datasets/chestxray8/val/images/00013187_002.png,Infiltration,"[99.47022569444451, 283.970373263889, 468.67911458333356, 371.5792621527779]"
00013187_002.png,Infiltration,0.056673438303670276,0.00284195,"[173.750016, 254.50009599999998, 242.000128, 312.49996799999997]",datasets/chestxray8/val/images/00013187_002.png,Infiltration,"[99.47022569444451, 283.970373263889, 468.67911458333356, 371.5792621527779]"
00013187_002.png,Infiltration,0.1125281733531873,0.00281715,"[364.250112, 242.750208, 462.249984, 325.750016]",datasets/chestxray8/val/images/00013187_002.png,Infiltration,"[99.47022569444451, 283.970373263889, 468.67911458333356, 371.5792621527779]"
00013187_002.png,Cardiomegaly,0.11029912376508941,0.00220299,"[63.500032, 180.74982400000002, 162.24998399999998, 363.74988800000006]",datasets/chestxray8/val/images/00013187_002.png,Infiltration,"[99.47022569444451, 283.970373263889, 468.67911458333356, 371.5792621527779]"
00013187_002.png,Infiltration,0.1864874200248132,0.00213051,"[119.999744, 287.24992, 232.749824, 340.749824]",datasets/chestxray8/val/images/00013187_002.png,Infiltration,"[99.47022569444451, 283.970373263889, 468.67911458333356, 371.5792621527779]"
00013187_002.png,Cardiomegaly,0.08840841339428086,0.00207138,"[58.500096, 133.250048, 170.87488000000002, 348.250112]",datasets/chestxray8/val/images/00013187_002.png,Infiltration,"[99.47022569444451, 283.970373263889, 468.67911458333356, 371.5792621527779]"
00013187_002.png,Infiltration,0.29438347616453897,0.00206184,"[258.750208, 230.00012799999996, 437.25030399999997, 434.000384]",datasets/chestxray8/val/images/00013187_002.png,Infiltration,"[99.47022569444451, 283.970373263889, 468.67911458333356, 371.5792621527779]"
00013187_002.png,Cardiomegaly,0.11661510210474481,0.00191116,"[62.375167999999995, 219.62496000000002, 166.50009599999998, 448.99993600000005]",datasets/chestxray8/val/images/00013187_002.png,Infiltration,"[99.47022569444451, 283.970373263889, 468.67911458333356, 371.5792621527779]"
00013187_002.png,Cardiomegaly,0.12466185804074977,0.00165176,"[385.750016, 110.00012799999999, 499.749888, 366.24998400000004]",datasets/chestxray8/val/images/00013187_002.png,Infiltration,"[99.47022569444451, 283.970373263889, 468.67911458333356, 371.5792621527779]"
00013187_002.png,Cardiomegaly,0.22770619012866655,0.00148678,"[84.250112, 269.250304, 235.749888, 343.250176]",datasets/chestxray8/val/images/00013187_002.png,Infiltration,"[99.47022569444451, 283.970373263889, 468.67911458333356, 371.5792621527779]"
00013187_002.png,Cardiomegaly,0.08952184680600012,0.00143051,"[56.624896, 200.875008, 147.875072, 412.00025600000004]",datasets/chestxray8/val/images/00013187_002.png,Infiltration,"[99.47022569444451, 283.970373263889, 468.67911458333356, 371.5792621527779]"
00013187_002.png,Cardiomegaly,0.05470255537102223,0.00142002,"[418.749952, 327.000064, 496.75008, 462.49984]",datasets/chestxray8/val/images/00013187_002.png,Infiltration,"[99.47022569444451, 283.970373263889, 468.67911458333356, 371.5792621527779]"
00013187_002.png,Infiltration,0.06473692790676877,0.00138664,"[172.500224, 275.2499968, 237.50016, 316.7500032]",datasets/chestxray8/val/images/00013187_002.png,Infiltration,"[99.47022569444451, 283.970373263889, 468.67911458333356, 371.5792621527779]"
00013187_002.png,Infiltration,0.07556576380123167,0.00126076,"[286.000128, 230.12505600000003, 382.000128, 313.50016]",datasets/chestxray8/val/images/00013187_002.png,Infiltration,"[99.47022569444451, 283.970373263889, 468.67911458333356, 371.5792621527779]"
00013187_002.png,Effusion,0.18075471216359215,0.00123215,"[126.25024000000002, 311.000064, 252.0, 449.50016]",datasets/chestxray8/val/images/00013187_002.png,Infiltration,"[99.47022569444451, 283.970373263889, 468.67911458333356, 371.5792621527779]"
00013187_002.png,Infiltration,0.05520662086986123,0.0012188,"[383.500288, 229.24979199999999, 467.500032, 308.24985599999997]",datasets/chestxray8/val/images/00013187_002.png,Infiltration,"[99.47022569444451, 283.970373263889, 468.67911458333356, 371.5792621527779]"
00013187_002.png,Cardiomegaly,0.2215286039876452,0.0011673,"[74.56230400000001, 216.749824, 213.999872, 368.749824]",datasets/chestxray8/val/images/00013187_002.png,Infiltration,"[99.47022569444451, 283.970373263889, 468.67911458333356, 371.5792621527779]"
00013187_002.png,Effusion,0.06801459835185991,0.00112724,"[163.00026880000001, 308.500096, 213.0002432, 352.500096]",datasets/chestxray8/val/images/00013187_002.png,Infiltration,"[99.47022569444451, 283.970373263889, 468.67911458333356, 371.5792621527779]"
00013187_002.png,Mass,0.105553962973402,0.00110054,"[117.87519999999999, 266.249728, 224.87500799999998, 317.74976000000004]",datasets/chestxray8/val/images/00013187_002.png,Infiltration,"[99.47022569444451, 283.970373263889, 468.67911458333356, 371.5792621527779]"
00013051_000.png,Effusion,0.4906019049017793,0.0110855,"[127.9997952, 279.7499392, 165.9998208, 314.2499328]",datasets/chestxray8/val/images/00013051_000.png,Effusion,"[133.2825396825395, 275.2338624338625, 162.53968253968236, 303.94920634920635]"
00013051_000.png,Effusion,0.05523386222836724,0.00442886,"[152.124672, 279.74963199999996, 218.37491200000002, 339.749888]",datasets/chestxray8/val/images/00013051_000.png,Effusion,"[133.2825396825395, 275.2338624338625, 162.53968253968236, 303.94920634920635]"
00013051_000.png,Effusion,0.0585315517585128,0.00214958,"[152.00025599999998, 269.99987200000004, 240.250112, 322.49984]",datasets/chestxray8/val/images/00013051_000.png,Effusion,"[133.2825396825395, 275.2338624338625, 162.53968253968236, 303.94920634920635]"
00013051_000.png,Infiltration,0.06764337660041597,0.00131226,"[62.500096, 268.000256, 182.50009599999998, 371.500032]",datasets/chestxray8/val/images/00013051_000.png,Effusion,"[133.2825396825395, 275.2338624338625, 162.53968253968236, 303.94920634920635]"
00013051_000.png,Cardiomegaly,0.05542296686818905,0.00113869,"[48.75008, 274.000128, 173.000192, 396.0]",datasets/chestxray8/val/images/00013051_000.png,Effusion,"[133.2825396825395, 275.2338624338625, 162.53968253968236, 303.94920634920635]"
00028774_047.png,Cardiomegaly,0.43270900249565736,0.0718994,"[7.218688, 111.87481600000001, 116.125184, 396.999936]",datasets/chestxray8/val/images/00028774_047.png,Cardiomegaly,"[26.54814814814815, 244.351322751323, 118.65396825396815, 398.7640211640215]"
00028774_047.png,Infiltration,0.13544403154371454,0.0167389,"[78.31244799999999, 277.50016000000005, 190.749696, 340.500224]",datasets/chestxray8/val/images/00028774_047.png,Cardiomegaly,"[26.54814814814815, 244.351322751323, 118.65396825396815, 398.7640211640215]"
00028774_047.png,Cardiomegaly,0.3854861617679474,0.0118256,"[35.6875776, 250.00012799999996, 86.6875904, 357.50016]",datasets/chestxray8/val/images/00028774_047.png,Cardiomegaly,"[26.54814814814815, 244.351322751323, 118.65396825396815, 398.7640211640215]"
00028774_047.png,Cardiomegaly,0.1922487197859936,0.0110855,"[0.8125440000000026, 60.500224, 123.749888, 326.500096]",datasets/chestxray8/val/images/00028774_047.png,Cardiomegaly,"[26.54814814814815, 244.351322751323, 118.65396825396815, 398.7640211640215]"
00028774_047.png,Infiltration,0.23498254680035463,0.0103149,"[59.50003199999999, 268.999936, 198.00012800000002, 351.500032]",datasets/chestxray8/val/images/00028774_047.png,Cardiomegaly,"[26.54814814814815, 244.351322751323, 118.65396825396815, 398.7640211640215]"
00028774_047.png,Cardiomegaly,0.33653520242627516,0.0062027,"[24.750079999999997, 165.00019200000003, 92.749824, 344.999936]",datasets/chestxray8/val/images/00028774_047.png,Cardiomegaly,"[26.54814814814815, 244.351322751323, 118.65396825396815, 398.7640211640215]"
00028774_047.png,Cardiomegaly,0.34719056116620506,0.00506592,"[39.62521600000001, 268.499968, 189.12511999999998, 359.000064]",datasets/chestxray8/val/images/00028774_047.png,Cardiomegaly,"[26.54814814814815, 244.351322751323, 118.65396825396815, 398.7640211640215]"
00028774_047.png,Cardiomegaly,0.4005675033199415,0.00345612,"[41.12512000000001, 278.00012799999996, 93.874944, 386.000384]",datasets/chestxray8/val/images/00028774_047.png,Cardiomegaly,"[26.54814814814815, 244.351322751323, 118.65396825396815, 398.7640211640215]"
00028774_047.png,Infiltration,0.17647169319912004,0.00308418,"[71.74963199999999, 259.24992000000003, 192.249856, 333.249792]",datasets/chestxray8/val/images/00028774_047.png,Cardiomegaly,"[26.54814814814815, 244.351322751323, 118.65396825396815, 398.7640211640215]"
00028774_047.png,Cardiomegaly,0.42691390643310295,0.00251198,"[28.03123200000001, 137.87519999999998, 148.75008, 407.50003200000003]",datasets/chestxray8/val/images/00028774_047.png,Cardiomegaly,"[26.54814814814815, 244.351322751323, 118.65396825396815, 398.7640211640215]"
00028774_047.png,Infiltration,0.1080329934880086,0.00203323,"[70.62528, 228.124928, 179.375104, 285.99987200000004]",datasets/chestxray8/val/images/00028774_047.png,Cardiomegaly,"[26.54814814814815, 244.351322751323, 118.65396825396815, 398.7640211640215]"
00028774_047.png,Cardiomegaly,0.12039730685350644,0.00201416,"[16.37504, 100.937472, 104.499968, 286.500096]",datasets/chestxray8/val/images/00028774_047.png,Cardiomegaly,"[26.54814814814815, 244.351322751323, 118.65396825396815, 398.7640211640215]"
00028774_047.png,Cardiomegaly,0.2157679513624122,0.00170708,"[5.120000000147229e-05, 91.37484800000001, 81.9999232, 360.49996799999997]",datasets/chestxray8/val/images/00028774_047.png,Cardiomegaly,"[26.54814814814815, 244.351322751323, 118.65396825396815, 398.7640211640215]"
00028774_047.png,Infiltration,0.052949260635379206,0.00160694,"[77.0624, 222.99988480000002, 166.999808, 266.2499072]",datasets/chestxray8/val/images/00028774_047.png,Cardiomegaly,"[26.54814814814815, 244.351322751323, 118.65396825396815, 398.7640211640215]"
00028774_047.png,Cardiomegaly,0.3280016131625764,0.00142765,"[31.499775999999997, 149.750272, 114.625024, 331.50003200000003]",datasets/chestxray8/val/images/00028774_047.png,Cardiomegaly,"[26.54814814814815, 244.351322751323, 118.65396825396815, 398.7640211640215]"
00028774_047.png,Mass,0.1485187640522203,0.00130177,"[36.31257600000001, 66.24998400000001, 217.250304, 346.24998400000004]",datasets/chestxray8/val/images/00028774_047.png,Cardiomegaly,"[26.54814814814815, 244.351322751323, 118.65396825396815, 398.7640211640215]"
00028774_047.png,Infiltration,0.19741228343056977,0.00119686,"[67.43731199999999, 233.87494399999997, 181.999872, 322.999808]",datasets/chestxray8/val/images/00028774_047.png,Cardiomegaly,"[26.54814814814815, 244.351322751323, 118.65396825396815, 398.7640211640215]"
00028774_047.png,Cardiomegaly,0.11659726164669922,0.00113964,"[33.000192, 68.18713599999998, 132.0, 288.249856]",datasets/chestxray8/val/images/00028774_047.png,Cardiomegaly,"[26.54814814814815, 244.351322751323, 118.65396825396815, 398.7640211640215]"
00019058_004.png,Infiltration,0.3452587875499701,0.00873566,"[127.00006400000001, 248.50001920000003, 213.750272, 299.00001280000004]",datasets/chestxray8/val/images/00019058_004.png,Effusion,"[175.00105820105796, 229.18095238095253, 221.05396825396804, 299.614814814815]"
00019058_004.png,Atelectasis,0.07345308929587704,0.00424194,"[114.31244800000002, 205.12486400000003, 335.250176, 404.99993600000005]",datasets/chestxray8/val/images/00019058_004.png,Effusion,"[175.00105820105796, 229.18095238095253, 221.05396825396804, 299.614814814815]"
00019058_004.png,Cardiomegaly,0.05081870106096039,0.00348091,"[69.49990399999999, 61.87519999999998, 208.249856, 387.50003200000003]",datasets/chestxray8/val/images/00019058_004.png,Effusion,"[175.00105820105796, 229.18095238095253, 221.05396825396804, 299.614814814815]"
00019058_004.png,Cardiomegaly,0.10177344325757202,0.00234604,"[71.124992, 213.50016, 220.62489599999998, 424.499968]",datasets/chestxray8/val/images/00019058_004.png,Effusion,"[175.00105820105796, 229.18095238095253, 221.05396825396804, 299.614814814815]"
00019058_004.png,Infiltration,0.32587630131883555,0.00231361,"[128.62489599999998, 242.37504, 214.625024, 285.50003200000003]",datasets/chestxray8/val/images/00019058_004.png,Effusion,"[175.00105820105796, 229.18095238095253, 221.05396825396804, 299.614814814815]"
00019058_004.png,Effusion,0.3086560990662698,0.00155544,"[171.124992, 270.49976319999996, 223.62496000000002, 316.9997568]",datasets/chestxray8/val/images/00019058_004.png,Effusion,"[175.00105820105796, 229.18095238095253, 221.05396825396804, 299.614814814815]"
00019058_004.png,Infiltration,0.23938258742504534,0.00139904,"[130.999808, 260.74977279999996, 210.999808, 310.7497472]",datasets/chestxray8/val/images/00019058_004.png,Effusion,"[175.00105820105796, 229.18095238095253, 221.05396825396804, 299.614814814815]"
00019058_004.png,Atelectasis,0.06152050863723159,0.0010376,"[178.249728, 163.99974400000002, 391.24992, 392.999936]",datasets/chestxray8/val/images/00019058_004.png,Effusion,"[175.00105820105796, 229.18095238095253, 221.05396825396804, 299.614814814815]"
00015058_024.png,Atelectasis,0.06262657125509731,0.156006,"[180.49996800000002, 195.500032, 420.499968, 410.500096]",datasets/chestxray8/val/images/00015058_024.png,Cardiomegaly,"[293.831111111111, 383.0234114583335, 448.0, 431.378967013889]"
00015058_024.png,Cardiomegaly,0.4513030996336141,0.00702667,"[287.249664, 347.749888, 444.24985599999997, 449.249792]",datasets/chestxray8/val/images/00015058_024.png,Cardiomegaly,"[293.831111111111, 383.0234114583335, 448.0, 431.378967013889]"
00015058_024.png,Atelectasis,0.07661028808188995,0.0051918,"[245.49990400000002, 228.749824, 385.999872, 408.249856]",datasets/chestxray8/val/images/00015058_024.png,Cardiomegaly,"[293.831111111111, 383.0234114583335, 448.0, 431.378967013889]"
00015058_024.png,Infiltration,0.12980790447970955,0.00275421,"[256.49996799999997, 246.49984, 385.499904, 420.499968]",datasets/chestxray8/val/images/00015058_024.png,Cardiomegaly,"[293.831111111111, 383.0234114583335, 448.0, 431.378967013889]"
00015058_024.png,Cardiomegaly,0.09963018465897652,0.00244522,"[396.249856, 191.124736, 473.250048, 452.99993600000005]",datasets/chestxray8/val/images/00015058_024.png,Cardiomegaly,"[293.831111111111, 383.0234114583335, 448.0, 431.378967013889]"
00015058_024.png,Cardiomegaly,0.3375188970501337,0.00205231,"[303.24992, 349.250048, 455.750144, 482.25023999999996]",datasets/chestxray8/val/images/00015058_024.png,Cardiomegaly,"[293.831111111111, 383.0234114583335, 448.0, 431.378967013889]"
00015058_024.png,Infiltration,0.18050077827455022,0.00195885,"[293.00019199999997, 276.0, 384.0, 417.499904]",datasets/chestxray8/val/images/00015058_024.png,Cardiomegaly,"[293.831111111111, 383.0234114583335, 448.0, 431.378967013889]"
00015058_024.png,Infiltration,0.17797741950207313,0.00174236,"[406.250112, 353.24979199999996, 450.250112, 420.749824]",datasets/chestxray8/val/images/00015058_024.png,Cardiomegaly,"[293.831111111111, 383.0234114583335, 448.0, 431.378967013889]"
00015058_024.png,Cardiomegaly,0.20214004704890748,0.00152493,"[413.2500736, 360.250368, 448.7500544, 431.750144]",datasets/chestxray8/val/images/00015058_024.png,Cardiomegaly,"[293.831111111111, 383.0234114583335, 448.0, 431.378967013889]"
00015058_024.png,Infiltration,0.15028516400598307,0.00121403,"[305.000192, 339.24992, 405.50016, 400.749824]",datasets/chestxray8/val/images/00015058_024.png,Cardiomegaly,"[293.831111111111, 383.0234114583335, 448.0, 431.378967013889]"
00015058_024.png,Infiltration,0.2538052222745281,0.00108433,"[301.50016, 332.25011199999994, 428.999936, 410.749952]",datasets/chestxray8/val/images/00015058_024.png,Cardiomegaly,"[293.831111111111, 383.0234114583335, 448.0, 431.378967013889]"
00017028_000.png,Infiltration,0.11751103540718404,0.0051384,"[89.56239360000001, 258.7501568, 129.4998784, 304.2501632]",datasets/chestxray8/val/images/00017028_000.png,Effusion,"[72.601058201058, 289.862433862434, 111.06878306878285, 319.11957671957686]"
00017028_000.png,Mass,0.06777111946714133,0.00446701,"[39.437312000000006, 294.249728, 208.499712, 376.749824]",datasets/chestxray8/val/images/00017028_000.png,Effusion,"[72.601058201058, 289.862433862434, 111.06878306878285, 319.11957671957686]"
00017028_000.png,Effusion,0.11751103540718404,0.00442505,"[89.56239360000001, 258.7501568, 129.4998784, 304.2501632]",datasets/chestxray8/val/images/00017028_000.png,Effusion,"[72.601058201058, 289.862433862434, 111.06878306878285, 319.11957671957686]"
00017028_000.png,Infiltration,0.0903472480317614,0.002882,"[62.37516799999999, 239.24966400000002, 191.62496, 312.749824]",datasets/chestxray8/val/images/00017028_000.png,Effusion,"[72.601058201058, 289.862433862434, 111.06878306878285, 319.11957671957686]"
00017028_000.png,Infiltration,0.42542799788766367,0.00272369,"[78.9372928, 272.000128, 117.31230719999999, 316.000128]",datasets/chestxray8/val/images/00017028_000.png,Effusion,"[72.601058201058, 289.862433862434, 111.06878306878285, 319.11957671957686]"
00017028_000.png,Effusion,0.42542799788766367,0.001894,"[78.9372928, 272.000128, 117.31230719999999, 316.000128]",datasets/chestxray8/val/images/00017028_000.png,Effusion,"[72.601058201058, 289.862433862434, 111.06878306878285, 319.11957671957686]"
00017028_000.png,Cardiomegaly,0.050539737045476416,0.00164986,"[12.499968000000003, 181.12512, 106.625024, 389.00019199999997]",datasets/chestxray8/val/images/00017028_000.png,Effusion,"[72.601058201058, 289.862433862434, 111.06878306878285, 319.11957671957686]"
00017028_000.png,Infiltration,0.15833261604995394,0.0013628,"[67.750144, 252.25011200000003, 154.000128, 312.25036800000004]",datasets/chestxray8/val/images/00017028_000.png,Effusion,"[72.601058201058, 289.862433862434, 111.06878306878285, 319.11957671957686]"
00000583_008.png,Infiltration,0.18254689893801135,0.0724487,"[123.00006400000001, 217.250048, 281.750272, 326.749952]",datasets/chestxray8/val/images/00000583_008.png,Infiltration,"[146.68800347222196, 227.147855902778, 251.9324479166665, 257.29896701388907]"
00000583_008.png,Infiltration,0.31172439476122743,0.0458984,"[123.625216, 224.249856, 267.00006399999995, 295.24992]",datasets/chestxray8/val/images/00000583_008.png,Infiltration,"[146.68800347222196, 227.147855902778, 251.9324479166665, 257.29896701388907]"
00000583_008.png,Atelectasis,0.09795429610849582,0.0391541,"[128.0, 184.000256, 353.750016, 327.50003200000003]",datasets/chestxray8/val/images/00000583_008.png,Infiltration,"[146.68800347222196, 227.147855902778, 251.9324479166665, 257.29896701388907]"
00000583_008.png,Infiltration,0.4179657014814941,0.0368958,"[135.24992, 210.374912, 266.99980800000003, 268.0]",datasets/chestxray8/val/images/00000583_008.png,Infiltration,"[146.68800347222196, 227.147855902778, 251.9324479166665, 257.29896701388907]"
00000583_008.png,Infiltration,0.43024479385142644,0.0198212,"[130.1248, 214.87488, 231.12499200000002, 267.24992]",datasets/chestxray8/val/images/00000583_008.png,Infiltration,"[146.68800347222196, 227.147855902778, 251.9324479166665, 257.29896701388907]"
00000583_008.png,Infiltration,0.24342196042325862,0.0149078,"[137.99987199999998, 198.1248, 292.499968, 282.49984]",datasets/chestxray8/val/images/00000583_008.png,Infiltration,"[146.68800347222196, 227.147855902778, 251.9324479166665, 257.29896701388907]"
00000583_008.png,Atelectasis,0.050288407201149965,0.0114899,"[-0.00025599999997893974, 205.12486399999997, 274.49984, 435.00006399999995]",datasets/chestxray8/val/images/00000583_008.png,Infiltration,"[146.68800347222196, 227.147855902778, 251.9324479166665, 257.29896701388907]"
00000583_008.png,Infiltration,0.2319961407678014,0.00737,"[146.000128, 192.0001536, 257.499904, 243.00016639999998]",datasets/chestxray8/val/images/00000583_008.png,Infiltration,"[146.68800347222196, 227.147855902778, 251.9324479166665, 257.29896701388907]"
00000583_008.png,Cardiomegaly,0.09440823231901244,0.00671005,"[119.56275200000002, 58.62502400000001, 235.500032, 298.99980800000003]",datasets/chestxray8/val/images/00000583_008.png,Infiltration,"[146.68800347222196, 227.147855902778, 251.9324479166665, 257.29896701388907]"
00000583_008.png,Atelectasis,0.0703594320267995,0.00650787,"[142.374912, 152.875264, 396.99968, 330.000128]",datasets/chestxray8/val/images/00000583_008.png,Infiltration,"[146.68800347222196, 227.147855902778, 251.9324479166665, 257.29896701388907]"
00000583_008.png,Infiltration,0.3386486231719396,0.00593567,"[159.24992, 189.250048, 269.74976000000004, 260.499968]",datasets/chestxray8/val/images/00000583_008.png,Infiltration,"[146.68800347222196, 227.147855902778, 251.9324479166665, 257.29896701388907]"
00000583_008.png,Infiltration,0.1515801071264668,0.00490952,"[87.312384, 208.374784, 241.99987199999998, 328.999936]",datasets/chestxray8/val/images/00000583_008.png,Infiltration,"[146.68800347222196, 227.147855902778, 251.9324479166665, 257.29896701388907]"
00000583_008.png,Cardiomegaly,0.09350219858168433,0.00481415,"[126.24972799999999, 191.250176, 352.49996799999997, 341.250304]",datasets/chestxray8/val/images/00000583_008.png,Infiltration,"[146.68800347222196, 227.147855902778, 251.9324479166665, 257.29896701388907]"
00000583_008.png,Infiltration,0.1861508113647329,0.00419998,"[113.249792, 206.50009600000004, 217.99987199999998, 307.000064]",datasets/chestxray8/val/images/00000583_008.png,Infiltration,"[146.68800347222196, 227.147855902778, 251.9324479166665, 257.29896701388907]"
00000583_008.png,Cardiomegaly,0.15284457940874743,0.00417709,"[138.00012800000002, 209.12512, 308.0, 331.24992]",datasets/chestxray8/val/images/00000583_008.png,Infiltration,"[146.68800347222196, 227.147855902778, 251.9324479166665, 257.29896701388907]"
00000583_008.png,Infiltration,0.09847816070791111,0.00305367,"[127.37484800000001, 171.00032, 353.499648, 313.50016]",datasets/chestxray8/val/images/00000583_008.png,Infiltration,"[146.68800347222196, 227.147855902778, 251.9324479166665, 257.29896701388907]"
00000583_008.png,Infiltration,0.169750488492619,0.00304222,"[138.49984, 201.74976000000004, 309.999872, 310.749952]",datasets/chestxray8/val/images/00000583_008.png,Infiltration,"[146.68800347222196, 227.147855902778, 251.9324479166665, 257.29896701388907]"
00000583_008.png,Cardiomegaly,0.12368935914452735,0.00292587,"[133.374976, 179.62521600000002, 346.500096, 300.0]",datasets/chestxray8/val/images/00000583_008.png,Infiltration,"[146.68800347222196, 227.147855902778, 251.9324479166665, 257.29896701388907]"
00000583_008.png,Atelectasis,0.0758424934692345,0.00271034,"[14.125056, 190.500096, 273.999872, 351.50003200000003]",datasets/chestxray8/val/images/00000583_008.png,Infiltration,"[146.68800347222196, 227.147855902778, 251.9324479166665, 257.29896701388907]"
00000583_008.png,Infiltration,0.1364656458581913,0.00265694,"[122.74995200000001, 226.750208, 291.250176, 364.75007999999997]",datasets/chestxray8/val/images/00000583_008.png,Infiltration,"[146.68800347222196, 227.147855902778, 251.9324479166665, 257.29896701388907]"
00000583_008.png,Infiltration,0.0585050240589954,0.00222778,"[161.00019200000003, 173.49990400000002, 448.499968, 335.000064]",datasets/chestxray8/val/images/00000583_008.png,Infiltration,"[146.68800347222196, 227.147855902778, 251.9324479166665, 257.29896701388907]"
00000583_008.png,Cardiomegaly,0.09290099802552895,0.00209808,"[108.25011199999999, 108.875264, 215.24991999999997, 306.500096]",datasets/chestxray8/val/images/00000583_008.png,Infiltration,"[146.68800347222196, 227.147855902778, 251.9324479166665, 257.29896701388907]"
00000583_008.png,Infiltration,0.16935529603618563,0.00195026,"[146.12505600000003, 170.749952, 324.999936, 275.500032]",datasets/chestxray8/val/images/00000583_008.png,Infiltration,"[146.68800347222196, 227.147855902778, 251.9324479166665, 257.29896701388907]"
00000583_008.png,Infiltration,0.22081598890836376,0.00188923,"[122.37516799999999, 199.625216, 209.625088, 283.500032]",datasets/chestxray8/val/images/00000583_008.png,Infiltration,"[146.68800347222196, 227.147855902778, 251.9324479166665, 257.29896701388907]"
00000583_008.png,Cardiomegaly,0.2635142381758525,0.00180626,"[120.249856, 186.1248, 264.249856, 269.74976]",datasets/chestxray8/val/images/00000583_008.png,Infiltration,"[146.68800347222196, 227.147855902778, 251.9324479166665, 257.29896701388907]"
00000583_008.png,Cardiomegaly,0.07258464717977085,0.00161076,"[0.00025600000000736145, 141.75001600000002, 237.50016, 298.750208]",datasets/chestxray8/val/images/00000583_008.png,Infiltration,"[146.68800347222196, 227.147855902778, 251.9324479166665, 257.29896701388907]"
00000583_008.png,Atelectasis,0.05098349066587897,0.00154686,"[168.62489600000004, 135.87507200000002, 441.499904, 313.999872]",datasets/chestxray8/val/images/00000583_008.png,Infiltration,"[146.68800347222196, 227.147855902778, 251.9324479166665, 257.29896701388907]"
00000583_008.png,Infiltration,0.1889680556291722,0.00153446,"[183.500288, 179.499776, 256.500224, 245.75001600000002]",datasets/chestxray8/val/images/00000583_008.png,Infiltration,"[146.68800347222196, 227.147855902778, 251.9324479166665, 257.29896701388907]"
00000583_008.png,Cardiomegaly,0.1466885904718464,0.00148487,"[110.25023999999999, 155.000064, 244.75008, 303.250176]",datasets/chestxray8/val/images/00000583_008.png,Infiltration,"[146.68800347222196, 227.147855902778, 251.9324479166665, 257.29896701388907]"
00000583_008.png,Cardiomegaly,0.2581671334258941,0.00147629,"[128.124928, 177.50016, 232.625152, 253.750272]",datasets/chestxray8/val/images/00000583_008.png,Infiltration,"[146.68800347222196, 227.147855902778, 251.9324479166665, 257.29896701388907]"
00000583_008.png,Mass,0.056019749716747544,0.00139046,"[146.750208, 8.624895999999993, 293.750016, 246.37465600000002]",datasets/chestxray8/val/images/00000583_008.png,Infiltration,"[146.68800347222196, 227.147855902778, 251.9324479166665, 257.29896701388907]"
00000583_008.png,Infiltration,0.11894368328432141,0.00129795,"[138.50009599999998, 193.0001408, 222.49984, 236.7501312]",datasets/chestxray8/val/images/00000583_008.png,Infiltration,"[146.68800347222196, 227.147855902778, 251.9324479166665, 257.29896701388907]"
00000583_008.png,Cardiomegaly,0.24972781165363955,0.00125217,"[136.749824, 227.625216, 283.499776, 312.49996799999997]",datasets/chestxray8/val/images/00000583_008.png,Infiltration,"[146.68800347222196, 227.147855902778, 251.9324479166665, 257.29896701388907]"
00000583_008.png,Infiltration,0.07997051636094026,0.00125122,"[172.50022400000003, 195.124992, 431.50003200000003, 307.750144]",datasets/chestxray8/val/images/00000583_008.png,Infiltration,"[146.68800347222196, 227.147855902778, 251.9324479166665, 257.29896701388907]"
00000583_008.png,Cardiomegaly,0.12089523182652333,0.00100422,"[129.374976, 100.93747200000001, 227.875072, 251.000064]",datasets/chestxray8/val/images/00000583_008.png,Infiltration,"[146.68800347222196, 227.147855902778, 251.9324479166665, 257.29896701388907]"
00021321_002.png,Mass,0.43030183154403573,0.0620728,"[102.687744, 27.031039999999997, 223.75014399999998, 98.74995200000001]",datasets/chestxray8/val/images/00021321_002.png,Mass,"[95.356613756614, 22.2137566137566, 197.214814814815, 158.2052910052911]"
00021321_002.png,Mass,0.2268300154157292,0.0353394,"[124.249856, 35.5626752, 226.49983999999998, 82.9376768]",datasets/chestxray8/val/images/00021321_002.png,Mass,"[95.356613756614, 22.2137566137566, 197.214814814815, 158.2052910052911]"
00021321_002.png,Cardiomegaly,0.17202516343916407,0.0286713,"[65.937408, 74.9376, 158.000128, 310.500096]",datasets/chestxray8/val/images/00021321_002.png,Mass,"[95.356613756614, 22.2137566137566, 197.214814814815, 158.2052910052911]"
00021321_002.png,Infiltration,0.2776580487124636,0.0135651,"[128.999936, 89.81248000000001, 212.749824, 150.00012800000002]",datasets/chestxray8/val/images/00021321_002.png,Mass,"[95.356613756614, 22.2137566137566, 197.214814814815, 158.2052910052911]"
00021321_002.png,Infiltration,0.1492188504074879,0.0118408,"[115.062784, 124.625152, 213.000192, 200.125184]",datasets/chestxray8/val/images/00021321_002.png,Mass,"[95.356613756614, 22.2137566137566, 197.214814814815, 158.2052910052911]"
00021321_002.png,Infiltration,0.281579930692321,0.0115128,"[107.37510400000001, 97.00019200000001, 222.875136, 193.750272]",datasets/chestxray8/val/images/00021321_002.png,Mass,"[95.356613756614, 22.2137566137566, 197.214814814815, 158.2052910052911]"
00021321_002.png,Cardiomegaly,0.057813726281879724,0.0112152,"[90.31270400000001, 141.74975999999998, 216.75008000000003, 274.749952]",datasets/chestxray8/val/images/00021321_002.png,Mass,"[95.356613756614, 22.2137566137566, 197.214814814815, 158.2052910052911]"
00021321_002.png,Cardiomegaly,0.11802950058625487,0.00901031,"[73.81248000000001, 100.87500800000001, 144.999936, 284.99993600000005]",datasets/chestxray8/val/images/00021321_002.png,Mass,"[95.356613756614, 22.2137566137566, 197.214814814815, 158.2052910052911]"
00021321_002.png,Mass,0.1334398558683493,0.00854492,"[142.25024000000002, 37.8749952, 227.000064, 74.1250048]",datasets/chestxray8/val/images/00021321_002.png,Mass,"[95.356613756614, 22.2137566137566, 197.214814814815, 158.2052910052911]"
00021321_002.png,Infiltration,0.097300304889453,0.00722504,"[132.874752, 133.50016, 205.62483200000003, 189.50016]",datasets/chestxray8/val/images/00021321_002.png,Mass,"[95.356613756614, 22.2137566137566, 197.214814814815, 158.2052910052911]"
00021321_002.png,Infiltration,0.057813726281879724,0.00632477,"[90.31270400000001, 141.74975999999998, 216.75008000000003, 274.749952]",datasets/chestxray8/val/images/00021321_002.png,Mass,"[95.356613756614, 22.2137566137566, 197.214814814815, 158.2052910052911]"
00021321_002.png,Cardiomegaly,0.15364905024240696,0.00502396,"[83.749888, 106.25023999999999, 168.999936, 280.75008]",datasets/chestxray8/val/images/00021321_002.png,Mass,"[95.356613756614, 22.2137566137566, 197.214814814815, 158.2052910052911]"
00021321_002.png,Cardiomegaly,0.1110490516409075,0.00397873,"[76.499968, 113.187328, 174.249984, 335.000064]",datasets/chestxray8/val/images/00021321_002.png,Mass,"[95.356613756614, 22.2137566137566, 197.214814814815, 158.2052910052911]"
00021321_002.png,Cardiomegaly,0.3454905741001784,0.00322914,"[116.499968, 64.43724799999998, 235.25017599999998, 195.999744]",datasets/chestxray8/val/images/00021321_002.png,Mass,"[95.356613756614, 22.2137566137566, 197.214814814815, 158.2052910052911]"
00021321_002.png,Cardiomegaly,0.19106890088773532,0.00308609,"[81.25004799999999, 95.31264, 210.24998399999998, 297.499904]",datasets/chestxray8/val/images/00021321_002.png,Mass,"[95.356613756614, 22.2137566137566, 197.214814814815, 158.2052910052911]"
00021321_002.png,Infiltration,0.3969705379832622,0.00290489,"[110.43763200000001, 84.75008, 221.50016, 162.000128]",datasets/chestxray8/val/images/00021321_002.png,Mass,"[95.356613756614, 22.2137566137566, 197.214814814815, 158.2052910052911]"
00021321_002.png,Infiltration,0.07754372511454756,0.00289726,"[111.312128, 140.499712, 189.999872, 210.49984]",datasets/chestxray8/val/images/00021321_002.png,Mass,"[95.356613756614, 22.2137566137566, 197.214814814815, 158.2052910052911]"
00021321_002.png,Effusion,0.12938247476620068,0.0024395,"[131.500032, 59.7499904, 177.750016, 98.49999360000001]",datasets/chestxray8/val/images/00021321_002.png,Mass,"[95.356613756614, 22.2137566137566, 197.214814814815, 158.2052910052911]"
00021321_002.png,Infiltration,0.07711281909890505,0.00197792,"[120.0, 136.0, 173.49990400000002, 187.250176]",datasets/chestxray8/val/images/00021321_002.png,Mass,"[95.356613756614, 22.2137566137566, 197.214814814815, 158.2052910052911]"
00021321_002.png,Mass,0.055869776433801865,0.00185776,"[0.0, -5.120000000147229e-05, 120.75008, 68.2500608]",datasets/chestxray8/val/images/00021321_002.png,Mass,"[95.356613756614, 22.2137566137566, 197.214814814815, 158.2052910052911]"
00021321_002.png,Cardiomegaly,0.30943030958580003,0.00176716,"[100.49996800000001, 90.249728, 223.499776, 203.749888]",datasets/chestxray8/val/images/00021321_002.png,Mass,"[95.356613756614, 22.2137566137566, 197.214814814815, 158.2052910052911]"
00021321_002.png,Cardiomegaly,0.16945200106156336,0.00154018,"[90.999808, 101.68755199999998, 154.999808, 248.749824]",datasets/chestxray8/val/images/00021321_002.png,Mass,"[95.356613756614, 22.2137566137566, 197.214814814815, 158.2052910052911]"
00021321_002.png,Mass,0.46654351815551504,0.00152969,"[99.500032, 23.937791999999995, 193.50016000000002, 92.68761599999999]",datasets/chestxray8/val/images/00021321_002.png,Mass,"[95.356613756614, 22.2137566137566, 197.214814814815, 158.2052910052911]"
00021321_002.png,Mass,0.2963558242914564,0.00131512,"[113.625088, 0.5624320000000012, 231.374848, 88.37504]",datasets/chestxray8/val/images/00021321_002.png,Mass,"[95.356613756614, 22.2137566137566, 197.214814814815, 158.2052910052911]"
00021321_002.png,Cardiomegaly,0.26299095535665395,0.00125408,"[132.00025599999998, 4.499712000000002, 248.0, 252.24985600000002]",datasets/chestxray8/val/images/00021321_002.png,Mass,"[95.356613756614, 22.2137566137566, 197.214814814815, 158.2052910052911]"
00021321_002.png,Effusion,0.1750252289750916,0.00115967,"[102.18752, 11.015628800000002, 160.500224, 65.7499648]",datasets/chestxray8/val/images/00021321_002.png,Mass,"[95.356613756614, 22.2137566137566, 197.214814814815, 158.2052910052911]"
00021321_002.png,Cardiomegaly,0.3261947847426977,0.00110149,"[124.75008, 84.500224, 218.249984, 153.374976]",datasets/chestxray8/val/images/00021321_002.png,Mass,"[95.356613756614, 22.2137566137566, 197.214814814815, 158.2052910052911]"
00021321_002.png,Mass,0.11618811614832046,0.00107574,"[0.0, 0.00025600000000736145, 121.249792, 164.75008]",datasets/chestxray8/val/images/00021321_002.png,Mass,"[95.356613756614, 22.2137566137566, 197.214814814815, 158.2052910052911]"
00012376_010.png,Effusion,0.13590526822225027,0.0558167,"[371.7501696, 216.87488, 415.2501504, 258.24985599999997]",datasets/chestxray8/val/images/00012376_010.png,Effusion,"[370.631111111111, 105.4056336805555, 433.208888888889, 317.03230034722196]"
00012376_010.png,Mass,0.10484222232208733,0.0473633,"[132.0, 77.625088, 253.50016, 178.374912]",datasets/chestxray8/val/images/00012376_010.png,Mass,"[187.448888888889, 71.841189236111, 247.18222222222252, 99.71674479166654]"
00012376_010.png,Mass,0.18272648730638508,0.033783,"[140.49996800000002, 69.50016, 248.500224, 153.8752]",datasets/chestxray8/val/images/00012376_010.png,Mass,"[187.448888888889, 71.841189236111, 247.18222222222252, 99.71674479166654]"
00012376_010.png,Infiltration,0.07074426655016187,0.0295868,"[325.499904, 293.250048, 444.49996799999997, 371.250176]",datasets/chestxray8/val/images/00012376_010.png,Effusion,"[370.631111111111, 105.4056336805555, 433.208888888889, 317.03230034722196]"
00012376_010.png,Infiltration,0.06532489199145207,0.0249634,"[315.750144, 288.75008, 419.750144, 379.250176]",datasets/chestxray8/val/images/00012376_010.png,Effusion,"[370.631111111111, 105.4056336805555, 433.208888888889, 317.03230034722196]"
00012376_010.png,Effusion,0.1415092414089692,0.023056,"[370.4998144, 100.2501632, 419.49980159999996, 144.5001728]",datasets/chestxray8/val/images/00012376_010.png,Effusion,"[370.631111111111, 105.4056336805555, 433.208888888889, 317.03230034722196]"
00012376_010.png,Atelectasis,0.1216050786227589,0.0182495,"[167.875328, 192.250112, 437.50016000000005, 410.249984]",datasets/chestxray8/val/images/00012376_010.png,Effusion,"[370.631111111111, 105.4056336805555, 433.208888888889, 317.03230034722196]"
00012376_010.png,Infiltration,0.14828033814239425,0.00856018,"[372.0000512, 98.93731840000001, 422.5000448, 145.2498176]",datasets/chestxray8/val/images/00012376_010.png,Effusion,"[370.631111111111, 105.4056336805555, 433.208888888889, 317.03230034722196]"
00012376_010.png,Cardiomegaly,0.15936084584610372,0.00678635,"[403.500032, 114.12505600000003, 499.500032, 433.000192]",datasets/chestxray8/val/images/00012376_010.png,Effusion,"[370.631111111111, 105.4056336805555, 433.208888888889, 317.03230034722196]"
00012376_010.png,Cardiomegaly,0.06748896779087504,0.00569916,"[401.50016, 252.250112, 497.50016, 452.750336]",datasets/chestxray8/val/images/00012376_010.png,Effusion,"[370.631111111111, 105.4056336805555, 433.208888888889, 317.03230034722196]"
00012376_010.png,Effusion,0.07661120237426197,0.00540924,"[394.7501312, 289.9998976, 433.25012480000004, 325.4998784]",datasets/chestxray8/val/images/00012376_010.png,Effusion,"[370.631111111111, 105.4056336805555, 433.208888888889, 317.03230034722196]"
00012376_010.png,Effusion,0.07477010885213849,0.00501633,"[402.0000256, 183.0001408, 433.5000064, 214.7501312]",datasets/chestxray8/val/images/00012376_010.png,Effusion,"[370.631111111111, 105.4056336805555, 433.208888888889, 317.03230034722196]"
00012376_010.png,Mass,0.24599646318606133,0.00444794,"[294.000128, 64.31231999999999, 448.500224, 225.99987199999998]",datasets/chestxray8/val/images/00012376_010.png,Effusion,"[370.631111111111, 105.4056336805555, 433.208888888889, 317.03230034722196]"
00012376_010.png,Mass,0.09294398419075306,0.00442886,"[318.74969600000003, 55.718911999999996, 425.249792, 140.000256]",datasets/chestxray8/val/images/00012376_010.png,Effusion,"[370.631111111111, 105.4056336805555, 433.208888888889, 317.03230034722196]"
00012376_010.png,Mass,0.2852368794263857,0.00402069,"[158.125312, 71.125248, 246.37516799999997, 136.125184]",datasets/chestxray8/val/images/00012376_010.png,Mass,"[187.448888888889, 71.841189236111, 247.18222222222252, 99.71674479166654]"
00012376_010.png,Infiltration,0.05236402941523872,0.00333023,"[369.00019199999997, 300.499712, 460.500224, 382.999808]",datasets/chestxray8/val/images/00012376_010.png,Effusion,"[370.631111111111, 105.4056336805555, 433.208888888889, 317.03230034722196]"
00012376_010.png,Cardiomegaly,0.10119224175636772,0.00317383,"[382.000128, 263.00006399999995, 483.00032, 430.000128]",datasets/chestxray8/val/images/00012376_010.png,Effusion,"[370.631111111111, 105.4056336805555, 433.208888888889, 317.03230034722196]"
00012376_010.png,Effusion,0.06954189867111225,0.0031414,"[363.9998976, 187.2498944, 398.99991040000003, 220.2498816]",datasets/chestxray8/val/images/00012376_010.png,Effusion,"[370.631111111111, 105.4056336805555, 433.208888888889, 317.03230034722196]"
00012376_010.png,Cardiomegaly,0.14193474540582965,0.00291061,"[392.0, 181.50016, 505.999872, 459.500288]",datasets/chestxray8/val/images/00012376_010.png,Effusion,"[370.631111111111, 105.4056336805555, 433.208888888889, 317.03230034722196]"
00012376_010.png,Mass,0.18660214711306455,0.00265884,"[402.99980800000003, 72.12518399999999, 493.499904, 375.00032]",datasets/chestxray8/val/images/00012376_010.png,Effusion,"[370.631111111111, 105.4056336805555, 433.208888888889, 317.03230034722196]"
00012376_010.png,Effusion,0.09505572668215988,0.00230217,"[395.25020159999997, 227.50018559999998, 434.2502144, 260.75018239999997]",datasets/chestxray8/val/images/00012376_010.png,Effusion,"[370.631111111111, 105.4056336805555, 433.208888888889, 317.03230034722196]"
00012376_010.png,Effusion,0.055456858826141854,0.00187683,"[409.2502272, 220.62515199999999, 439.7502208, 251.750144]",datasets/chestxray8/val/images/00012376_010.png,Effusion,"[370.631111111111, 105.4056336805555, 433.208888888889, 317.03230034722196]"
00012376_010.png,Infiltration,0.10119224175636772,0.00179482,"[382.000128, 263.00006399999995, 483.00032, 430.000128]",datasets/chestxray8/val/images/00012376_010.png,Effusion,"[370.631111111111, 105.4056336805555, 433.208888888889, 317.03230034722196]"
00012376_010.png,Infiltration,0.16752173152437738,0.00161076,"[334.249984, 71.187456, 439.24992000000003, 156.250112]",datasets/chestxray8/val/images/00012376_010.png,Effusion,"[370.631111111111, 105.4056336805555, 433.208888888889, 317.03230034722196]"
00012376_010.png,Infiltration,0.07661120237426197,0.00159264,"[394.7501312, 289.9998976, 433.25012480000004, 325.4998784]",datasets/chestxray8/val/images/00012376_010.png,Effusion,"[370.631111111111, 105.4056336805555, 433.208888888889, 317.03230034722196]"
00012376_010.png,Infiltration,0.11855008706890979,0.00152588,"[355.500032, 285.74976, 456.999936, 337.249792]",datasets/chestxray8/val/images/00012376_010.png,Effusion,"[370.631111111111, 105.4056336805555, 433.208888888889, 317.03230034722196]"
00012376_010.png,Cardiomegaly,0.2969674741670362,0.00147152,"[380.000256, 126.75020800000001, 485.000192, 421.750272]",datasets/chestxray8/val/images/00012376_010.png,Effusion,"[370.631111111111, 105.4056336805555, 433.208888888889, 317.03230034722196]"
00012376_010.png,Infiltration,0.13771163307429837,0.00144005,"[310.49984, 266.000128, 456.499712, 356.0]",datasets/chestxray8/val/images/00012376_010.png,Effusion,"[370.631111111111, 105.4056336805555, 433.208888888889, 317.03230034722196]"
00012376_010.png,Infiltration,0.10188243028330082,0.00139999,"[256.000256, 237.49990400000002, 419.000064, 411.50003200000003]",datasets/chestxray8/val/images/00012376_010.png,Effusion,"[370.631111111111, 105.4056336805555, 433.208888888889, 317.03230034722196]"
00012376_010.png,Mass,0.2147243096608748,0.00138569,"[149.624832, 51.031296, 245.624832, 129.250048]",datasets/chestxray8/val/images/00012376_010.png,Mass,"[187.448888888889, 71.841189236111, 247.18222222222252, 99.71674479166654]"
00012376_010.png,Mass,0.3603089104305953,0.00138092,"[356.99993600000005, 41.87468799999999, 468.0, 372.999936]",datasets/chestxray8/val/images/00012376_010.png,Effusion,"[370.631111111111, 105.4056336805555, 433.208888888889, 317.03230034722196]"
00012376_010.png,Cardiomegaly,0.11207682370641336,0.00137424,"[382.500096, 234.99980799999997, 492.0, 490.999808]",datasets/chestxray8/val/images/00012376_010.png,Effusion,"[370.631111111111, 105.4056336805555, 433.208888888889, 317.03230034722196]"
00012376_010.png,Mass,0.22428389749836788,0.00135422,"[292.500224, 36.99993599999999, 411.00006399999995, 315.000064]",datasets/chestxray8/val/images/00012376_010.png,Effusion,"[370.631111111111, 105.4056336805555, 433.208888888889, 317.03230034722196]"
00012376_010.png,Cardiomegaly,0.09790036307709135,0.00134754,"[362.00012799999996, 279.000064, 475.000064, 398.00012799999996]",datasets/chestxray8/val/images/00012376_010.png,Effusion,"[370.631111111111, 105.4056336805555, 433.208888888889, 317.03230034722196]"
00012376_010.png,Infiltration,0.14291050305264152,0.00132942,"[390.24993279999995, 271.499776, 440.2499072, 319.499776]",datasets/chestxray8/val/images/00012376_010.png,Effusion,"[370.631111111111, 105.4056336805555, 433.208888888889, 317.03230034722196]"
00012376_010.png,Effusion,0.055922063565298025,0.00131607,"[410.5000192, 150.49999359999998, 441.00001280000004, 183.7499904]",datasets/chestxray8/val/images/00012376_010.png,Effusion,"[370.631111111111, 105.4056336805555, 433.208888888889, 317.03230034722196]"
00012376_010.png,Effusion,0.2065641056015861,0.00127983,"[391.9997952, 209.124864, 442.49978880000003, 278.749696]",datasets/chestxray8/val/images/00012376_010.png,Effusion,"[370.631111111111, 105.4056336805555, 433.208888888889, 317.03230034722196]"
00012376_010.png,Mass,0.1314876474932227,0.00118637,"[130.875136, 63.125248, 225.8752, 142.625024]",datasets/chestxray8/val/images/00012376_010.png,Mass,"[187.448888888889, 71.841189236111, 247.18222222222252, 99.71674479166654]"
00012376_010.png,Mass,0.31122773520673985,0.00117016,"[389.50016, 66.875136, 470.50009600000004, 384.499968]",datasets/chestxray8/val/images/00012376_010.png,Effusion,"[370.631111111111, 105.4056336805555, 433.208888888889, 317.03230034722196]"
00012376_010.png,Mass,0.16752173152437738,0.00113201,"[334.249984, 71.187456, 439.24992000000003, 156.250112]",datasets/chestxray8/val/images/00012376_010.png,Effusion,"[370.631111111111, 105.4056336805555, 433.208888888889, 317.03230034722196]"
00012376_010.png,Effusion,0.12501631962249304,0.00112057,"[398.0000256, 175.3749248, 437.5000064, 223.1249152]",datasets/chestxray8/val/images/00012376_010.png,Effusion,"[370.631111111111, 105.4056336805555, 433.208888888889, 317.03230034722196]"
00012376_010.png,Effusion,0.07464955396994978,0.00103951,"[402.7502336, 260.7501824, 433.75024640000004, 293.2502016]",datasets/chestxray8/val/images/00012376_010.png,Effusion,"[370.631111111111, 105.4056336805555, 433.208888888889, 317.03230034722196]"
00012376_010.png,Mass,0.49883870818297743,0.00100613,"[184.99968, 74.74982399999999, 247.749888, 119.624832]",datasets/chestxray8/val/images/00012376_010.png,Mass,"[187.448888888889, 71.841189236111, 247.18222222222252, 99.71674479166654]"
00026886_002.png,Mass,0.20140924342990882,0.0138168,"[123.87507200000002, 85.374976, 226.125056, 179.37510400000002]",datasets/chestxray8/val/images/00026886_002.png,Mass,"[112.3555555555555, 98.57896701388901, 229.5466666666665, 437.067855902778]"
00026886_002.png,Cardiomegaly,0.18480160054304184,0.0110397,"[76.0, 261.999872, 167.250176, 502.500096]",datasets/chestxray8/val/images/00026886_002.png,Mass,"[112.3555555555555, 98.57896701388901, 229.5466666666665, 437.067855902778]"
00026886_002.png,Mass,0.07558601004007028,0.0102921,"[154.49984, 91.7498624, 224.99968, 141.62485759999998]",datasets/chestxray8/val/images/00026886_002.png,Mass,"[112.3555555555555, 98.57896701388901, 229.5466666666665, 437.067855902778]"
00026886_002.png,Mass,0.12353752581909631,0.0102463,"[148.24985600000002, 96.875008, 227.499776, 160.62515199999999]",datasets/chestxray8/val/images/00026886_002.png,Mass,"[112.3555555555555, 98.57896701388901, 229.5466666666665, 437.067855902778]"
00026886_002.png,Cardiomegaly,0.0960568554568654,0.0100861,"[74.062592, 324.250112, 154.75020800000001, 509.000192]",datasets/chestxray8/val/images/00026886_002.png,Mass,"[112.3555555555555, 98.57896701388901, 229.5466666666665, 437.067855902778]"
00026886_002.png,Mass,0.3582254961616799,0.009758,"[102.374912, 103.437568, 210.625024, 253.50016]",datasets/chestxray8/val/images/00026886_002.png,Mass,"[112.3555555555555, 98.57896701388901, 229.5466666666665, 437.067855902778]"
00026886_002.png,Cardiomegaly,0.3582254961616799,0.00935364,"[102.374912, 103.437568, 210.625024, 253.50016]",datasets/chestxray8/val/images/00026886_002.png,Mass,"[112.3555555555555, 98.57896701388901, 229.5466666666665, 437.067855902778]"
00026886_002.png,Effusion,0.14392856110451183,0.00841522,"[132.249856, 268.750336, 197.499648, 356.250112]",datasets/chestxray8/val/images/00026886_002.png,Mass,"[112.3555555555555, 98.57896701388901, 229.5466666666665, 437.067855902778]"
00026886_002.png,Effusion,0.05083316052249341,0.00824738,"[186.8751616, 199.7497856, 233.8751744, 247.2497664]",datasets/chestxray8/val/images/00026886_002.png,Mass,"[112.3555555555555, 98.57896701388901, 229.5466666666665, 437.067855902778]"
00026886_002.png,Mass,0.16604364164837895,0.00812531,"[162.75020800000001, 82.62476799999999, 243.750144, 204.12492799999998]",datasets/chestxray8/val/images/00026886_002.png,Mass,"[112.3555555555555, 98.57896701388901, 229.5466666666665, 437.067855902778]"
00026886_002.png,Mass,0.21848533442236373,0.00737381,"[140.499968, 92.99968000000001, 231.00006399999998, 197.49990400000002]",datasets/chestxray8/val/images/00026886_002.png,Mass,"[112.3555555555555, 98.57896701388901, 229.5466666666665, 437.067855902778]"
00026886_002.png,Effusion,0.07411566007235058,0.00505829,"[178.87511039999998, 232.99993600000002, 227.8750976, 293.000192]",datasets/chestxray8/val/images/00026886_002.png,Mass,"[112.3555555555555, 98.57896701388901, 229.5466666666665, 437.067855902778]"
00026886_002.png,Effusion,0.06713890927812677,0.00465775,"[137.250176, 339.50003200000003, 187.50016, 392.500224]",datasets/chestxray8/val/images/00026886_002.png,Mass,"[112.3555555555555, 98.57896701388901, 229.5466666666665, 437.067855902778]"
00026886_002.png,Effusion,0.08651774862788618,0.00442886,"[177.37523199999998, 262.49984, 229.374976, 328.499712]",datasets/chestxray8/val/images/00026886_002.png,Mass,"[112.3555555555555, 98.57896701388901, 229.5466666666665, 437.067855902778]"
00026886_002.png,Mass,0.10077554508393984,0.00415421,"[48.124928000000004, 233.50016, 140.125184, 473.50016]",datasets/chestxray8/val/images/00026886_002.png,Mass,"[112.3555555555555, 98.57896701388901, 229.5466666666665, 437.067855902778]"
00026886_002.png,Cardiomegaly,0.2132944316666531,0.00377846,"[103.12499199999999, 309.750016, 188.37503999999998, 490.249984]",datasets/chestxray8/val/images/00026886_002.png,Mass,"[112.3555555555555, 98.57896701388901, 229.5466666666665, 437.067855902778]"
00026886_002.png,Cardiomegaly,0.18688544163428714,0.00373268,"[60.62515199999999, 221.99987199999998, 160.750336, 485.999872]",datasets/chestxray8/val/images/00026886_002.png,Mass,"[112.3555555555555, 98.57896701388901, 229.5466666666665, 437.067855902778]"
00026886_002.png,Cardiomegaly,0.38600897577609716,0.00371552,"[87.62521600000001, 214.74995199999998, 199.875072, 483.750144]",datasets/chestxray8/val/images/00026886_002.png,Mass,"[112.3555555555555, 98.57896701388901, 229.5466666666665, 437.067855902778]"
00026886_002.png,Mass,0.275524901197156,0.00345421,"[96.37504, 260.99968, 189.37523199999998, 509.499904]",datasets/chestxray8/val/images/00026886_002.png,Mass,"[112.3555555555555, 98.57896701388901, 229.5466666666665, 437.067855902778]"
00026886_002.png,Effusion,0.08893852619931467,0.00319481,"[137.8752, 294.249728, 193.8752, 357.24979199999996]",datasets/chestxray8/val/images/00026886_002.png,Mass,"[112.3555555555555, 98.57896701388901, 229.5466666666665, 437.067855902778]"
00026886_002.png,Mass,0.07589078131544022,0.00313568,"[169.99987199999998, 81.687808, 230.49984, 150.50009599999998]",datasets/chestxray8/val/images/00026886_002.png,Mass,"[112.3555555555555, 98.57896701388901, 229.5466666666665, 437.067855902778]"
00026886_002.png,Mass,0.1295582108277451,0.00259781,"[129.999872, 54.500096, 222.249984, 160.00025599999998]",datasets/chestxray8/val/images/00026886_002.png,Mass,"[112.3555555555555, 98.57896701388901, 229.5466666666665, 437.067855902778]"
00026886_002.png,Mass,0.2225225724326878,0.00251389,"[119.75014399999999, 319.750144, 196.250112, 445.750272]",datasets/chestxray8/val/images/00026886_002.png,Mass,"[112.3555555555555, 98.57896701388901, 229.5466666666665, 437.067855902778]"
00026886_002.png,Cardiomegaly,0.09117828972371049,0.00245094,"[94.374912, 324.749824, 148.124672, 481.24979199999996]",datasets/chestxray8/val/images/00026886_002.png,Mass,"[112.3555555555555, 98.57896701388901, 229.5466666666665, 437.067855902778]"
00026886_002.png,Mass,0.17030981831649494,0.00225258,"[111.62521600000002, 351.500032, 193.625088, 450.49984]",datasets/chestxray8/val/images/00026886_002.png,Mass,"[112.3555555555555, 98.57896701388901, 229.5466666666665, 437.067855902778]"
00026886_002.png,Mass,0.34054626512033964,0.00224304,"[119.000064, 127.24991999999999, 220.00025599999998, 260.99968]",datasets/chestxray8/val/images/00026886_002.png,Mass,"[112.3555555555555, 98.57896701388901, 229.5466666666665, 437.067855902778]"
00026886_002.png,Mass,0.24201120317132,0.00218582,"[112.062464, 69.374976, 240.49971200000002, 190.374912]",datasets/chestxray8/val/images/00026886_002.png,Mass,"[112.3555555555555, 98.57896701388901, 229.5466666666665, 437.067855902778]"
00026886_002.png,Mass,0.05961624716187739,0.00209999,"[0.0, 23.812607999999997, 149.624832, 197.750272]",datasets/chestxray8/val/images/00026886_002.png,Mass,"[112.3555555555555, 98.57896701388901, 229.5466666666665, 437.067855902778]"
00026886_002.png,Mass,0.31064948388779695,0.00208092,"[75.687424, 189.124864, 180.250112, 488.99968]",datasets/chestxray8/val/images/00026886_002.png,Mass,"[112.3555555555555, 98.57896701388901, 229.5466666666665, 437.067855902778]"
00026886_002.png,Effusion,0.07862838698097004,0.00204659,"[183.750144, 183.00032000000002, 235.00032000000002, 251.750144]",datasets/chestxray8/val/images/00026886_002.png,Mass,"[112.3555555555555, 98.57896701388901, 229.5466666666665, 437.067855902778]"
00026886_002.png,Effusion,0.10001848299175982,0.00203323,"[132.49971200000002, 318.000128, 189.999872, 387.00032]",datasets/chestxray8/val/images/00026886_002.png,Mass,"[112.3555555555555, 98.57896701388901, 229.5466666666665, 437.067855902778]"
00026886_002.png,Effusion,0.06476575870221106,0.00191116,"[126.1249792, 202.50009599999998, 172.6249728, 257.750016]",datasets/chestxray8/val/images/00026886_002.png,Mass,"[112.3555555555555, 98.57896701388901, 229.5466666666665, 437.067855902778]"
00026886_002.png,Mass,0.06401429112235012,0.00187397,"[159.000064, 73.25004799999999, 219.749888, 141.999872]",datasets/chestxray8/val/images/00026886_002.png,Mass,"[112.3555555555555, 98.57896701388901, 229.5466666666665, 437.067855902778]"
00026886_002.png,Mass,0.48285729059010135,0.0018568,"[107.31238400000001, 87.124992, 232.250112, 273.50016]",datasets/chestxray8/val/images/00026886_002.png,Mass,"[112.3555555555555, 98.57896701388901, 229.5466666666665, 437.067855902778]"
00026886_002.png,Mass,0.11685435565880742,0.00184822,"[126.75020799999999, 346.49983999999995, 192.500224, 416.99968]",datasets/chestxray8/val/images/00026886_002.png,Mass,"[112.3555555555555, 98.57896701388901, 229.5466666666665, 437.067855902778]"
00026886_002.png,Infiltration,0.09756077398678319,0.00182629,"[139.875072, 360.0, 204.375296, 420.00025600000004]",datasets/chestxray8/val/images/00026886_002.png,Mass,"[112.3555555555555, 98.57896701388901, 229.5466666666665, 437.067855902778]"
00026886_002.png,Mass,0.17359125397731914,0.0018158,"[131.24992, 105.75001600000002, 219.24992, 184.0]",datasets/chestxray8/val/images/00026886_002.png,Mass,"[112.3555555555555, 98.57896701388901, 229.5466666666665, 437.067855902778]"
00026886_002.png,Atelectasis,0.13209426852837847,0.00175762,"[104.62515199999999, 368.249856, 309.499904, 512.0]",datasets/chestxray8/val/images/00026886_002.png,Mass,"[112.3555555555555, 98.57896701388901, 229.5466666666665, 437.067855902778]"
00026886_002.png,Effusion,0.05247319845650813,0.00167847,"[146.4998656, 269.49995520000004, 191.7498624, 315.4999808]",datasets/chestxray8/val/images/00026886_002.png,Mass,"[112.3555555555555, 98.57896701388901, 229.5466666666665, 437.067855902778]"
00026886_002.png,Cardiomegaly,0.07467041236657308,0.0016737,"[86.1248512, 299.499776, 136.6248448, 465.499904]",datasets/chestxray8/val/images/00026886_002.png,Mass,"[112.3555555555555, 98.57896701388901, 229.5466666666665, 437.067855902778]"
00026886_002.png,Mass,0.07149966356338751,0.00167084,"[55.093503999999996, 266.500096, 133.124864, 438.500352]",datasets/chestxray8/val/images/00026886_002.png,Mass,"[112.3555555555555, 98.57896701388901, 229.5466666666665, 437.067855902778]"
00026886_002.png,Mass,0.11915813562617292,0.00165844,"[121.62483200000001, 363.25017599999995, 186.374912, 436.250112]",datasets/chestxray8/val/images/00026886_002.png,Mass,"[112.3555555555555, 98.57896701388901, 229.5466666666665, 437.067855902778]"
00026886_002.png,Mass,0.305330799193563,0.0016346,"[134.00012800000002, 84.937472, 242.000384, 235.499776]",datasets/chestxray8/val/images/00026886_002.png,Mass,"[112.3555555555555, 98.57896701388901, 229.5466666666665, 437.067855902778]"
00026886_002.png,Mass,0.15149644150546676,0.00154209,"[172.75008000000003, 55.562495999999996, 264.250112, 226.750208]",datasets/chestxray8/val/images/00026886_002.png,Mass,"[112.3555555555555, 98.57896701388901, 229.5466666666665, 437.067855902778]"
00026886_002.png,Effusion,0.06793914424934323,0.00153446,"[133.1248384, 275.999744, 182.1248256, 330.999808]",datasets/chestxray8/val/images/00026886_002.png,Mass,"[112.3555555555555, 98.57896701388901, 229.5466666666665, 437.067855902778]"
00026886_002.png,Mass,0.15226428010524615,0.00148869,"[132.37478399999998, 348.499968, 207.874816, 428.499968]",datasets/chestxray8/val/images/00026886_002.png,Mass,"[112.3555555555555, 98.57896701388901, 229.5466666666665, 437.067855902778]"
00026886_002.png,Cardiomegaly,0.4595876817516875,0.00146008,"[89.12537599999999, 84.187392, 205.12512, 330.000128]",datasets/chestxray8/val/images/00026886_002.png,Mass,"[112.3555555555555, 98.57896701388901, 229.5466666666665, 437.067855902778]"
00026886_002.png,Mass,0.15666202589582767,0.00141907,"[97.56236800000002, 41.09363200000001, 222.999808, 166.374912]",datasets/chestxray8/val/images/00026886_002.png,Mass,"[112.3555555555555, 98.57896701388901, 229.5466666666665, 437.067855902778]"
00026886_002.png,Cardiomegaly,0.15550295530291364,0.00139999,"[89.374976, 277.750016, 156.12492799999998, 459.75014400000003]",datasets/chestxray8/val/images/00026886_002.png,Mass,"[112.3555555555555, 98.57896701388901, 229.5466666666665, 437.067855902778]"
00026886_002.png,Cardiomegaly,0.07971166345494511,0.00136662,"[72.124928, 297.24979199999996, 141.12511999999998, 512.0]",datasets/chestxray8/val/images/00026886_002.png,Mass,"[112.3555555555555, 98.57896701388901, 229.5466666666665, 437.067855902778]"
00026886_002.png,Effusion,0.10519842286758595,0.00136566,"[121.75001599999999, 200.249856, 175.24992, 278.249984]",datasets/chestxray8/val/images/00026886_002.png,Mass,"[112.3555555555555, 98.57896701388901, 229.5466666666665, 437.067855902778]"
00026886_002.png,Cardiomegaly,0.4693174422071829,0.00134659,"[141.625088, 188.875264, 240.37504, 479.00006399999995]",datasets/chestxray8/val/images/00026886_002.png,Mass,"[112.3555555555555, 98.57896701388901, 229.5466666666665, 437.067855902778]"
00026886_002.png,Mass,0.1841008183698108,0.00134277,"[71.000064, 212.499968, 154.749952, 470.000128]",datasets/chestxray8/val/images/00026886_002.png,Mass,"[112.3555555555555, 98.57896701388901, 229.5466666666665, 437.067855902778]"
00026886_002.png,Mass,0.3257700351676361,0.001297,"[164.0, 137.99987199999998, 246.25024000000002, 352.999936]",datasets/chestxray8/val/images/00026886_002.png,Mass,"[112.3555555555555, 98.57896701388901, 229.5466666666665, 437.067855902778]"
00026886_002.png,Infiltration,0.05563066854116992,0.00128651,"[140.3748864, 353.7502208, 188.8749056, 399.2502272]",datasets/chestxray8/val/images/00026886_002.png,Mass,"[112.3555555555555, 98.57896701388901, 229.5466666666665, 437.067855902778]"
00026886_002.png,Infiltration,0.15226428010524615,0.00128269,"[132.37478399999998, 348.499968, 207.874816, 428.499968]",datasets/chestxray8/val/images/00026886_002.png,Mass,"[112.3555555555555, 98.57896701388901, 229.5466666666665, 437.067855902778]"
00026886_002.png,Effusion,0.05859494265145214,0.00128078,"[188.12518400000002, 162.50009599999998, 234.375168, 219.00032]",datasets/chestxray8/val/images/00026886_002.png,Mass,"[112.3555555555555, 98.57896701388901, 229.5466666666665, 437.067855902778]"
00026886_002.png,Effusion,0.05894418385423029,0.00123882,"[126.6252032, 190.249728, 171.3751808, 242.49984]",datasets/chestxray8/val/images/00026886_002.png,Mass,"[112.3555555555555, 98.57896701388901, 229.5466666666665, 437.067855902778]"
00026886_002.png,Cardiomegaly,0.16860066543669652,0.00123215,"[109.374976, 336.999936, 183.62521600000002, 468.499968]",datasets/chestxray8/val/images/00026886_002.png,Mass,"[112.3555555555555, 98.57896701388901, 229.5466666666665, 437.067855902778]"
00026886_002.png,Mass,0.3253958066179328,0.00121975,"[126.75020799999999, 187.37484800000001, 216.0, 332.0]",datasets/chestxray8/val/images/00026886_002.png,Mass,"[112.3555555555555, 98.57896701388901, 229.5466666666665, 437.067855902778]"
00026886_002.png,Effusion,0.12201318889206177,0.00115395,"[174.49984, 235.000064, 229.49990400000002, 323.000064]",datasets/chestxray8/val/images/00026886_002.png,Mass,"[112.3555555555555, 98.57896701388901, 229.5466666666665, 437.067855902778]"
00026886_002.png,Effusion,0.26874373726597056,0.00112534,"[123.00006400000001, 250.49984, 200.250112, 388.499712]",datasets/chestxray8/val/images/00026886_002.png,Mass,"[112.3555555555555, 98.57896701388901, 229.5466666666665, 437.067855902778]"
00026886_002.png,Mass,0.09756077398678319,0.00111961,"[139.875072, 360.0, 204.375296, 420.00025600000004]",datasets/chestxray8/val/images/00026886_002.png,Mass,"[112.3555555555555, 98.57896701388901, 229.5466666666665, 437.067855902778]"
00026886_002.png,Mass,0.270820371746982,0.00110817,"[103.24992, 310.25024, 211.999744, 490.750208]",datasets/chestxray8/val/images/00026886_002.png,Mass,"[112.3555555555555, 98.57896701388901, 229.5466666666665, 437.067855902778]"
00026886_002.png,Mass,0.1799757280413919,0.00108147,"[77.937408, 4.562432000000001, 242.00012800000002, 189.74976]",datasets/chestxray8/val/images/00026886_002.png,Mass,"[112.3555555555555, 98.57896701388901, 229.5466666666665, 437.067855902778]"
00026886_002.png,Effusion,0.07542697082095139,0.00103569,"[180.37483519999998, 218.875136, 229.1248128, 280.250112]",datasets/chestxray8/val/images/00026886_002.png,Mass,"[112.3555555555555, 98.57896701388901, 229.5466666666665, 437.067855902778]"
00004344_018.png,Infiltration,0.06323330366531511,0.012001,"[364.499968, 233.00024320000003, 432.499712, 283.50023680000004]",datasets/chestxray8/val/images/00004344_018.png,Atelectasis,"[195.589417989418, 196.67301587301603, 448.06772486772496, 411.76719576719603]"
00004344_018.png,Cardiomegaly,0.13115505130911237,0.00689316,"[376.0, 236.24985599999997, 448.99993600000005, 335.249664]",datasets/chestxray8/val/images/00004344_018.png,Atelectasis,"[195.589417989418, 196.67301587301603, 448.06772486772496, 411.76719576719603]"
00004344_018.png,Cardiomegaly,0.10360812924284847,0.00632095,"[106.375168, 92.750336, 238.125056, 420.250112]",datasets/chestxray8/val/images/00004344_018.png,Atelectasis,"[195.589417989418, 196.67301587301603, 448.06772486772496, 411.76719576719603]"
00004344_018.png,Infiltration,0.07424509974681011,0.00596237,"[361.000192, 205.50016, 433.000192, 261.50016]",datasets/chestxray8/val/images/00004344_018.png,Atelectasis,"[195.589417989418, 196.67301587301603, 448.06772486772496, 411.76719576719603]"
00004344_018.png,Infiltration,0.07418869075122525,0.00503159,"[158.249728, 297.50016, 256.749824, 366.50035199999996]",datasets/chestxray8/val/images/00004344_018.png,Atelectasis,"[195.589417989418, 196.67301587301603, 448.06772486772496, 411.76719576719603]"
00004344_018.png,Mass,0.0844904434231996,0.00486755,"[364.499968, 236.374784, 435.500032, 300.999936]",datasets/chestxray8/val/images/00004344_018.png,Atelectasis,"[195.589417989418, 196.67301587301603, 448.06772486772496, 411.76719576719603]"
00004344_018.png,Infiltration,0.061940112711785844,0.00406265,"[352.999936, 218.7502592, 422.00012799999996, 267.5002368]",datasets/chestxray8/val/images/00004344_018.png,Atelectasis,"[195.589417989418, 196.67301587301603, 448.06772486772496, 411.76719576719603]"
00004344_018.png,Infiltration,0.12212591630437751,0.00367546,"[372.249856, 227.875072, 446.249728, 317.50016]",datasets/chestxray8/val/images/00004344_018.png,Atelectasis,"[195.589417989418, 196.67301587301603, 448.06772486772496, 411.76719576719603]"
00004344_018.png,Infiltration,0.10493826454297735,0.0033474,"[208.87500799999998, 293.00019199999997, 271.499776, 384.0]",datasets/chestxray8/val/images/00004344_018.png,Atelectasis,"[195.589417989418, 196.67301587301603, 448.06772486772496, 411.76719576719603]"
00004344_018.png,Cardiomegaly,0.1162686966406675,0.00326729,"[392.0, 244.0, 456.0, 358.500096]",datasets/chestxray8/val/images/00004344_018.png,Atelectasis,"[195.589417989418, 196.67301587301603, 448.06772486772496, 411.76719576719603]"
00004344_018.png,Cardiomegaly,0.20184753419399196,0.00296402,"[364.99993600000005, 249.249792, 467.499776, 387.749888]",datasets/chestxray8/val/images/00004344_018.png,Atelectasis,"[195.589417989418, 196.67301587301603, 448.06772486772496, 411.76719576719603]"
00004344_018.png,Cardiomegaly,0.16860839915302775,0.00284386,"[363.500032, 71.625216, 471.500288, 338.500096]",datasets/chestxray8/val/images/00004344_018.png,Atelectasis,"[195.589417989418, 196.67301587301603, 448.06772486772496, 411.76719576719603]"
00004344_018.png,Infiltration,0.07669433834461095,0.00273132,"[373.50016, 219.24992, 443.500288, 278.749952]",datasets/chestxray8/val/images/00004344_018.png,Atelectasis,"[195.589417989418, 196.67301587301603, 448.06772486772496, 411.76719576719603]"
00004344_018.png,Infiltration,0.0871739397470037,0.00241852,"[320.0, 204.000256, 380.49996799999997, 282.25024]",datasets/chestxray8/val/images/00004344_018.png,Atelectasis,"[195.589417989418, 196.67301587301603, 448.06772486772496, 411.76719576719603]"
00004344_018.png,Infiltration,0.05733173959857359,0.00235939,"[143.500032, 289.250304, 245.750016, 355.250176]",datasets/chestxray8/val/images/00004344_018.png,Atelectasis,"[195.589417989418, 196.67301587301603, 448.06772486772496, 411.76719576719603]"
00004344_018.png,Infiltration,0.059661636842441114,0.00234032,"[381.999872, 202.249728, 436.0, 262.249984]",datasets/chestxray8/val/images/00004344_018.png,Atelectasis,"[195.589417989418, 196.67301587301603, 448.06772486772496, 411.76719576719603]"
00004344_018.png,Cardiomegaly,0.15861867615942693,0.00229263,"[385.750272, 200.49996800000002, 470.25023999999996, 347.000064]",datasets/chestxray8/val/images/00004344_018.png,Atelectasis,"[195.589417989418, 196.67301587301603, 448.06772486772496, 411.76719576719603]"
00004344_018.png,Infiltration,0.13738686603937036,0.00209427,"[312.499968, 199.874816, 384.499968, 303.500032]",datasets/chestxray8/val/images/00004344_018.png,Atelectasis,"[195.589417989418, 196.67301587301603, 448.06772486772496, 411.76719576719603]"
00004344_018.png,Infiltration,0.11657701780070104,0.00196838,"[368.999936, 183.000064, 450.999808, 278.750208]",datasets/chestxray8/val/images/00004344_018.png,Atelectasis,"[195.589417989418, 196.67301587301603, 448.06772486772496, 411.76719576719603]"
00004344_018.png,Cardiomegaly,0.190895425244236,0.00179386,"[369.50016, 268.75008, 465.50016, 433.250048]",datasets/chestxray8/val/images/00004344_018.png,Atelectasis,"[195.589417989418, 196.67301587301603, 448.06772486772496, 411.76719576719603]"
00004344_018.png,Cardiomegaly,0.05832051617056229,0.00168419,"[125.000192, 62.999808, 233.250304, 316.249856]",datasets/chestxray8/val/images/00004344_018.png,Atelectasis,"[195.589417989418, 196.67301587301603, 448.06772486772496, 411.76719576719603]"
00004344_018.png,Infiltration,0.1001443802781731,0.00162792,"[328.999936, 207.499776, 403.500032, 280.499712]",datasets/chestxray8/val/images/00004344_018.png,Atelectasis,"[195.589417989418, 196.67301587301603, 448.06772486772496, 411.76719576719603]"
00004344_018.png,Cardiomegaly,0.10752469837356492,0.00146103,"[397.74976, 212.99993600000002, 457.750016, 331.499776]",datasets/chestxray8/val/images/00004344_018.png,Atelectasis,"[195.589417989418, 196.67301587301603, 448.06772486772496, 411.76719576719603]"
00004344_018.png,Mass,0.08833178868915036,0.00142479,"[351.750144, 229.75001600000002, 429.750272, 291.24992000000003]",datasets/chestxray8/val/images/00004344_018.png,Atelectasis,"[195.589417989418, 196.67301587301603, 448.06772486772496, 411.76719576719603]"
00004344_018.png,Infiltration,0.07124221398235141,0.0013876,"[184.75008000000003, 291.00006399999995, 248.999936, 364.500224]",datasets/chestxray8/val/images/00004344_018.png,Atelectasis,"[195.589417989418, 196.67301587301603, 448.06772486772496, 411.76719576719603]"
00004344_018.png,Infiltration,0.1068823947968591,0.0013752,"[354.50009600000004, 227.12499200000002, 431.000064, 302.99980800000003]",datasets/chestxray8/val/images/00004344_018.png,Atelectasis,"[195.589417989418, 196.67301587301603, 448.06772486772496, 411.76719576719603]"
00004344_018.png,Cardiomegaly,0.10648133568768613,0.00126743,"[379.999744, 309.999872, 480.999936, 484.99993600000005]",datasets/chestxray8/val/images/00004344_018.png,Atelectasis,"[195.589417989418, 196.67301587301603, 448.06772486772496, 411.76719576719603]"
00004344_018.png,Cardiomegaly,0.150448548918944,0.00114536,"[343.000064, 51.68742399999999, 460.000256, 300.49996799999997]",datasets/chestxray8/val/images/00004344_018.png,Atelectasis,"[195.589417989418, 196.67301587301603, 448.06772486772496, 411.76719576719603]"
00004344_018.png,Cardiomegaly,0.15304381557383856,0.00111675,"[354.249728, 229.374976, 451.74988799999994, 318.49984]",datasets/chestxray8/val/images/00004344_018.png,Atelectasis,"[195.589417989418, 196.67301587301603, 448.06772486772496, 411.76719576719603]"
00004344_018.png,Effusion,0.14770026684004758,0.00111389,"[209.12512, 296.0, 299.24992, 384.99993600000005]",datasets/chestxray8/val/images/00004344_018.png,Atelectasis,"[195.589417989418, 196.67301587301603, 448.06772486772496, 411.76719576719603]"
00004344_018.png,Cardiomegaly,0.1838806232551627,0.00104237,"[379.000064, 146.87488000000002, 479.500032, 368.999936]",datasets/chestxray8/val/images/00004344_018.png,Atelectasis,"[195.589417989418, 196.67301587301603, 448.06772486772496, 411.76719576719603]"
00004344_018.png,Cardiomegaly,0.21213304340687422,0.00101376,"[356.499968, 184.499712, 472.499712, 333.49990399999996]",datasets/chestxray8/val/images/00004344_018.png,Atelectasis,"[195.589417989418, 196.67301587301603, 448.06772486772496, 411.76719576719603]"
00004344_018.png,Effusion,0.05867705541225607,0.00100136,"[318.4999168, 211.62496, 367.99992319999996, 275.999744]",datasets/chestxray8/val/images/00004344_018.png,Atelectasis,"[195.589417989418, 196.67301587301603, 448.06772486772496, 411.76719576719603]"
00014149_018.png,Infiltration,0.11742247846981742,0.0762939,"[257.999872, 261.999872, 359.499776, 323.499776]",datasets/chestxray8/val/images/00014149_018.png,Cardiomegaly,"[329.9555555555555, 218.88677248677251, 412.85079365079355, 352.169312169312]"
00014149_018.png,Infiltration,0.2869144324191038,0.0546265,"[329.750016, 278.2499584, 401.249792, 322.7499776]",datasets/chestxray8/val/images/00014149_018.png,Cardiomegaly,"[329.9555555555555, 218.88677248677251, 412.85079365079355, 352.169312169312]"
00014149_018.png,Infiltration,0.17251611901716907,0.0359192,"[258.749952, 254.249984, 379.250176, 305.750016]",datasets/chestxray8/val/images/00014149_018.png,Cardiomegaly,"[329.9555555555555, 218.88677248677251, 412.85079365079355, 352.169312169312]"
00014149_018.png,Atelectasis,0.15832319062518072,0.0297546,"[165.87519999999998, 196.00025600000004, 376.0, 344.0]",datasets/chestxray8/val/images/00014149_018.png,Cardiomegaly,"[329.9555555555555, 218.88677248677251, 412.85079365079355, 352.169312169312]"
00014149_018.png,Infiltration,0.2353943199411487,0.0196838,"[352.0, 275.7501952, 403.50003200000003, 326.25018880000005]",datasets/chestxray8/val/images/00014149_018.png,Cardiomegaly,"[329.9555555555555, 218.88677248677251, 412.85079365079355, 352.169312169312]"
00014149_018.png,Infiltration,0.2518033330995551,0.0146942,"[246.749952, 260.250112, 388.249856, 334.750208]",datasets/chestxray8/val/images/00014149_018.png,Cardiomegaly,"[329.9555555555555, 218.88677248677251, 412.85079365079355, 352.169312169312]"
00014149_018.png,Infiltration,0.28920672392602564,0.0109787,"[263.749888, 241.49990400000002, 394.74969600000003, 311.50003200000003]",datasets/chestxray8/val/images/00014149_018.png,Cardiomegaly,"[329.9555555555555, 218.88677248677251, 412.85079365079355, 352.169312169312]"
00014149_018.png,Infiltration,0.3505908298688852,0.00807953,"[349.250304, 263.50003200000003, 412.75008, 324.500224]",datasets/chestxray8/val/images/00014149_018.png,Cardiomegaly,"[329.9555555555555, 218.88677248677251, 412.85079365079355, 352.169312169312]"
00014149_018.png,Infiltration,0.19212869393760823,0.00718689,"[129.124864, 203.50003199999998, 392.0, 342.49984]",datasets/chestxray8/val/images/00014149_018.png,Cardiomegaly,"[329.9555555555555, 218.88677248677251, 412.85079365079355, 352.169312169312]"
00014149_018.png,Cardiomegaly,0.3685279930296435,0.00681686,"[340.999936, 120.62515200000001, 430.999808, 392.999936]",datasets/chestxray8/val/images/00014149_018.png,Cardiomegaly,"[329.9555555555555, 218.88677248677251, 412.85079365079355, 352.169312169312]"
00014149_018.png,Infiltration,0.3119673636982014,0.00608444,"[296.749824, 272.7500288, 409.250048, 322.75000320000004]",datasets/chestxray8/val/images/00014149_018.png,Cardiomegaly,"[329.9555555555555, 218.88677248677251, 412.85079365079355, 352.169312169312]"
00014149_018.png,Infiltration,0.20759551229773027,0.00597382,"[337.50016, 221.87476479999998, 396.499968, 260.7497472]",datasets/chestxray8/val/images/00014149_018.png,Cardiomegaly,"[329.9555555555555, 218.88677248677251, 412.85079365079355, 352.169312169312]"
00014149_018.png,Cardiomegaly,0.3505908298688852,0.00464249,"[349.250304, 263.50003200000003, 412.75008, 324.500224]",datasets/chestxray8/val/images/00014149_018.png,Cardiomegaly,"[329.9555555555555, 218.88677248677251, 412.85079365079355, 352.169312169312]"
00014149_018.png,Cardiomegaly,0.40236277974573736,0.00309181,"[311.24966400000005, 145.99987199999998, 432.749824, 371.99974399999996]",datasets/chestxray8/val/images/00014149_018.png,Cardiomegaly,"[329.9555555555555, 218.88677248677251, 412.85079365079355, 352.169312169312]"
00014149_018.png,Infiltration,0.11973788078084409,0.00297737,"[272.49996799999997, 242.7500544, 369.499904, 283.2500736]",datasets/chestxray8/val/images/00014149_018.png,Cardiomegaly,"[329.9555555555555, 218.88677248677251, 412.85079365079355, 352.169312169312]"
00014149_018.png,Infiltration,0.19809164707098315,0.00263786,"[323.250176, 217.7501184, 387.250176, 258.2501376]",datasets/chestxray8/val/images/00014149_018.png,Cardiomegaly,"[329.9555555555555, 218.88677248677251, 412.85079365079355, 352.169312169312]"
00014149_018.png,Infiltration,0.17675982578654365,0.00247192,"[178.12505600000003, 225.49964799999998, 372.999936, 345.999872]",datasets/chestxray8/val/images/00014149_018.png,Cardiomegaly,"[329.9555555555555, 218.88677248677251, 412.85079365079355, 352.169312169312]"
00014149_018.png,Cardiomegaly,0.09836898895307898,0.00217819,"[268.499968, 282.500096, 371.500032, 488.99993600000005]",datasets/chestxray8/val/images/00014149_018.png,Cardiomegaly,"[329.9555555555555, 218.88677248677251, 412.85079365079355, 352.169312169312]"
00014149_018.png,Infiltration,0.49272943663951646,0.00200462,"[314.49983999999995, 168.0, 427.499776, 340.499968]",datasets/chestxray8/val/images/00014149_018.png,Cardiomegaly,"[329.9555555555555, 218.88677248677251, 412.85079365079355, 352.169312169312]"
00014149_018.png,Infiltration,0.36837599382148545,0.00198936,"[332.249856, 281.50016000000005, 406.249728, 336.500224]",datasets/chestxray8/val/images/00014149_018.png,Cardiomegaly,"[329.9555555555555, 218.88677248677251, 412.85079365079355, 352.169312169312]"
00014149_018.png,Cardiomegaly,0.2670922735086032,0.00198364,"[352.500224, 48.499967999999996, 436.49996799999997, 371.24992]",datasets/chestxray8/val/images/00014149_018.png,Cardiomegaly,"[329.9555555555555, 218.88677248677251, 412.85079365079355, 352.169312169312]"
00014149_018.png,Infiltration,0.3012246545588582,0.00188637,"[305.250304, 231.87507200000002, 399.750144, 285.250048]",datasets/chestxray8/val/images/00014149_018.png,Cardiomegaly,"[329.9555555555555, 218.88677248677251, 412.85079365079355, 352.169312169312]"
00014149_018.png,Infiltration,0.20779274829371025,0.00175095,"[274.99980800000003, 234.000128, 383.499776, 288.49996799999997]",datasets/chestxray8/val/images/00014149_018.png,Cardiomegaly,"[329.9555555555555, 218.88677248677251, 412.85079365079355, 352.169312169312]"
00014149_018.png,Cardiomegaly,0.4440257854190779,0.00155449,"[360.74982400000005, 242.12480000000002, 415.249664, 338.249728]",datasets/chestxray8/val/images/00014149_018.png,Cardiomegaly,"[329.9555555555555, 218.88677248677251, 412.85079365079355, 352.169312169312]"
00014149_018.png,Infiltration,0.08869085368422853,0.00154305,"[65.99987200000001, 281.75001599999996, 382.24998400000004, 389.750272]",datasets/chestxray8/val/images/00014149_018.png,Cardiomegaly,"[329.9555555555555, 218.88677248677251, 412.85079365079355, 352.169312169312]"
00014149_018.png,Infiltration,0.16132331065607627,0.00144768,"[309.74976000000004, 203.8749952, 391.24992, 253.00001279999998]",datasets/chestxray8/val/images/00014149_018.png,Cardiomegaly,"[329.9555555555555, 218.88677248677251, 412.85079365079355, 352.169312169312]"
00014149_018.png,Cardiomegaly,0.2803105914030134,0.00139332,"[368.25016320000003, 249.750016, 406.2501888, 331.250176]",datasets/chestxray8/val/images/00014149_018.png,Cardiomegaly,"[329.9555555555555, 218.88677248677251, 412.85079365079355, 352.169312169312]"
00014149_018.png,Infiltration,0.2643929659391964,0.00137043,"[320.500224, 194.500096, 409.50016000000005, 264.249856]",datasets/chestxray8/val/images/00014149_018.png,Cardiomegaly,"[329.9555555555555, 218.88677248677251, 412.85079365079355, 352.169312169312]"
00014149_018.png,Cardiomegaly,0.22447715773469032,0.00132179,"[119.24992, 225.62483200000003, 398.24998400000004, 343.749888]",datasets/chestxray8/val/images/00014149_018.png,Cardiomegaly,"[329.9555555555555, 218.88677248677251, 412.85079365079355, 352.169312169312]"
00014149_018.png,Infiltration,0.35530634395267274,0.00129604,"[311.000064, 277.499904, 399.500288, 339.99974399999996]",datasets/chestxray8/val/images/00014149_018.png,Cardiomegaly,"[329.9555555555555, 218.88677248677251, 412.85079365079355, 352.169312169312]"
00014149_018.png,Infiltration,0.18579420008637978,0.00124264,"[327.24992000000003, 210.750208, 398.249984, 250.750208]",datasets/chestxray8/val/images/00014149_018.png,Cardiomegaly,"[329.9555555555555, 218.88677248677251, 412.85079365079355, 352.169312169312]"
00014149_018.png,Cardiomegaly,0.4029767371430885,0.00122547,"[261.249792, 253.49990399999996, 407.749888, 360.499712]",datasets/chestxray8/val/images/00014149_018.png,Cardiomegaly,"[329.9555555555555, 218.88677248677251, 412.85079365079355, 352.169312169312]"
00014149_018.png,Infiltration,0.32779410742134774,0.00115871,"[273.750016, 275.00006399999995, 399.75014400000003, 345.499904]",datasets/chestxray8/val/images/00014149_018.png,Cardiomegaly,"[329.9555555555555, 218.88677248677251, 412.85079365079355, 352.169312169312]"
00014149_018.png,Atelectasis,0.20978510928806385,0.00115299,"[123.87507200000002, 216.0, 393.00019199999997, 354.99980800000003]",datasets/chestxray8/val/images/00014149_018.png,Cardiomegaly,"[329.9555555555555, 218.88677248677251, 412.85079365079355, 352.169312169312]"
00014149_018.png,Cardiomegaly,0.12218693991966238,0.00115013,"[47.374848000000014, 285.750016, 402.500096, 379.24992000000003]",datasets/chestxray8/val/images/00014149_018.png,Cardiomegaly,"[329.9555555555555, 218.88677248677251, 412.85079365079355, 352.169312169312]"
00014149_018.png,Cardiomegaly,0.48644913452343364,0.00111008,"[354.25024, 178.749952, 422.249984, 367.24992]",datasets/chestxray8/val/images/00014149_018.png,Cardiomegaly,"[329.9555555555555, 218.88677248677251, 412.85079365079355, 352.169312169312]"
00014149_018.png,Cardiomegaly,0.2353943199411487,0.00110626,"[352.0, 275.7501952, 403.50003200000003, 326.25018880000005]",datasets/chestxray8/val/images/00014149_018.png,Cardiomegaly,"[329.9555555555555, 218.88677248677251, 412.85079365079355, 352.169312169312]"
00014149_018.png,Infiltration,0.14314678793014396,0.00105762,"[106.00012799999999, 210.50035200000002, 384.00025600000004, 306.000128]",datasets/chestxray8/val/images/00014149_018.png,Cardiomegaly,"[329.9555555555555, 218.88677248677251, 412.85079365079355, 352.169312169312]"
00016990_000.png,Infiltration,0.2516368954153241,0.0243835,"[283.250176, 296.250112, 384.75008, 414.25024]",datasets/chestxray8/val/images/00016990_000.png,Atelectasis,"[156.4745762711865, 237.71299821239398, 385.89830508474597, 388.492659229343]"
00016990_000.png,Effusion,0.05708830575627977,0.0197754,"[143.7497856, 267.24992000000003, 191.2497664, 325.249792]",datasets/chestxray8/val/images/00016990_000.png,Atelectasis,"[156.4745762711865, 237.71299821239398, 385.89830508474597, 388.492659229343]"
00016990_000.png,Infiltration,0.14993868328738894,0.0129623,"[292.500224, 321.000192, 372.0, 403.500288]",datasets/chestxray8/val/images/00016990_000.png,Atelectasis,"[156.4745762711865, 237.71299821239398, 385.89830508474597, 388.492659229343]"
00016990_000.png,Effusion,0.12801259021413602,0.00835419,"[150.50009599999998, 256.99968, 220.500224, 326.99980800000003]",datasets/chestxray8/val/images/00016990_000.png,Atelectasis,"[156.4745762711865, 237.71299821239398, 385.89830508474597, 388.492659229343]"
00016990_000.png,Infiltration,0.3544256728352727,0.00654984,"[273.75001599999996, 268.250112, 394.749952, 408.25036800000004]",datasets/chestxray8/val/images/00016990_000.png,Atelectasis,"[156.4745762711865, 237.71299821239398, 385.89830508474597, 388.492659229343]"
00016990_000.png,Effusion,0.16310513493534726,0.00575638,"[138.249728, 262.749952, 232.24985600000002, 340.249856]",datasets/chestxray8/val/images/00016990_000.png,Atelectasis,"[156.4745762711865, 237.71299821239398, 385.89830508474597, 388.492659229343]"
00016990_000.png,Infiltration,0.05390775482844156,0.00486755,"[281.50016, 224.6252288, 351.000064, 265.2502272]",datasets/chestxray8/val/images/00016990_000.png,Atelectasis,"[156.4745762711865, 237.71299821239398, 385.89830508474597, 388.492659229343]"
00016990_000.png,Infiltration,0.14644455779359183,0.00397873,"[249.25004800000002, 240.12492799999998, 328.250112, 304.24985599999997]",datasets/chestxray8/val/images/00016990_000.png,Atelectasis,"[156.4745762711865, 237.71299821239398, 385.89830508474597, 388.492659229343]"
00016990_000.png,Effusion,0.10233462561510728,0.00314713,"[324.250112, 298.500096, 384.25036800000004, 357.499904]",datasets/chestxray8/val/images/00016990_000.png,Atelectasis,"[156.4745762711865, 237.71299821239398, 385.89830508474597, 388.492659229343]"
00016990_000.png,Infiltration,0.1154374276234879,0.00310898,"[260.999936, 233.12511999999998, 345.49990399999996, 285.50016]",datasets/chestxray8/val/images/00016990_000.png,Atelectasis,"[156.4745762711865, 237.71299821239398, 385.89830508474597, 388.492659229343]"
00016990_000.png,Infiltration,0.06179499299868896,0.00303841,"[133.50016, 264.00025600000004, 194.750208, 322.000128]",datasets/chestxray8/val/images/00016990_000.png,Atelectasis,"[156.4745762711865, 237.71299821239398, 385.89830508474597, 388.492659229343]"
00016990_000.png,Infiltration,0.40788200286192083,0.00296211,"[200.499712, 217.874944, 349.49990399999996, 340.49996799999997]",datasets/chestxray8/val/images/00016990_000.png,Atelectasis,"[156.4745762711865, 237.71299821239398, 385.89830508474597, 388.492659229343]"
00016990_000.png,Effusion,0.09264423147062946,0.00295448,"[332.500224, 304.249856, 390.500096, 364.749824]",datasets/chestxray8/val/images/00016990_000.png,Atelectasis,"[156.4745762711865, 237.71299821239398, 385.89830508474597, 388.492659229343]"
00016990_000.png,Infiltration,0.10313079799707787,0.00282097,"[303.75014400000003, 239.250048, 396.250112, 283.250048]",datasets/chestxray8/val/images/00016990_000.png,Atelectasis,"[156.4745762711865, 237.71299821239398, 385.89830508474597, 388.492659229343]"
00016990_000.png,Infiltration,0.05378739295682257,0.00279045,"[295.24992, 226.1251584, 367.750144, 264.0001536]",datasets/chestxray8/val/images/00016990_000.png,Atelectasis,"[156.4745762711865, 237.71299821239398, 385.89830508474597, 388.492659229343]"
00016990_000.png,Atelectasis,0.2421099787975355,0.00266266,"[30.500095999999985, 272.24985599999997, 321.250048, 491.249664]",datasets/chestxray8/val/images/00016990_000.png,Atelectasis,"[156.4745762711865, 237.71299821239398, 385.89830508474597, 388.492659229343]"
00016990_000.png,Infiltration,0.11089335264632878,0.00264931,"[272.49996799999997, 236.12513280000002, 362.000128, 280.7501312]",datasets/chestxray8/val/images/00016990_000.png,Atelectasis,"[156.4745762711865, 237.71299821239398, 385.89830508474597, 388.492659229343]"
00016990_000.png,Infiltration,0.05553479427868978,0.00228119,"[308.75008, 223.500032, 389.250304, 263.50003200000003]",datasets/chestxray8/val/images/00016990_000.png,Atelectasis,"[156.4745762711865, 237.71299821239398, 385.89830508474597, 388.492659229343]"
00016990_000.png,Infiltration,0.25061208455281836,0.0022049,"[265.499904, 280.999936, 351.99974399999996, 417.50016]",datasets/chestxray8/val/images/00016990_000.png,Atelectasis,"[156.4745762711865, 237.71299821239398, 385.89830508474597, 388.492659229343]"
00016990_000.png,Infiltration,0.16310513493534726,0.00218964,"[138.249728, 262.749952, 232.24985600000002, 340.249856]",datasets/chestxray8/val/images/00016990_000.png,Atelectasis,"[156.4745762711865, 237.71299821239398, 385.89830508474597, 388.492659229343]"
00016990_000.png,Infiltration,0.06712474161947038,0.00208282,"[320.749824, 254.500224, 385.250048, 290.500224]",datasets/chestxray8/val/images/00016990_000.png,Atelectasis,"[156.4745762711865, 237.71299821239398, 385.89830508474597, 388.492659229343]"
00016990_000.png,Infiltration,0.08944558074985101,0.00196648,"[291.749888, 235.12501759999998, 375.24992000000003, 275.0000384]",datasets/chestxray8/val/images/00016990_000.png,Atelectasis,"[156.4745762711865, 237.71299821239398, 385.89830508474597, 388.492659229343]"
00016990_000.png,Infiltration,0.12872320019203212,0.00177574,"[296.0, 264.49986559999996, 406.000128, 315.4998784]",datasets/chestxray8/val/images/00016990_000.png,Atelectasis,"[156.4745762711865, 237.71299821239398, 385.89830508474597, 388.492659229343]"
00016990_000.png,Infiltration,0.48978981186878506,0.00177574,"[252.250112, 234.999808, 410.25024, 403.99974399999996]",datasets/chestxray8/val/images/00016990_000.png,Atelectasis,"[156.4745762711865, 237.71299821239398, 385.89830508474597, 388.492659229343]"
00016990_000.png,Cardiomegaly,0.1756208240800718,0.0016346,"[317.249792, 158.1248, 447.749888, 423.999744]",datasets/chestxray8/val/images/00016990_000.png,Atelectasis,"[156.4745762711865, 237.71299821239398, 385.89830508474597, 388.492659229343]"
00016990_000.png,Effusion,0.08493179025018331,0.00162888,"[319.000064, 293.000192, 375.500288, 344.999936]",datasets/chestxray8/val/images/00016990_000.png,Atelectasis,"[156.4745762711865, 237.71299821239398, 385.89830508474597, 388.492659229343]"
00016990_000.png,Infiltration,0.07989479794940106,0.00152302,"[339.499776, 323.250176, 432.49996799999997, 391.24992]",datasets/chestxray8/val/images/00016990_000.png,Atelectasis,"[156.4745762711865, 237.71299821239398, 385.89830508474597, 388.492659229343]"
00016990_000.png,Infiltration,0.09675611328532431,0.0014782,"[140.87526400000002, 281.750016, 205.12511999999998, 352.75007999999997]",datasets/chestxray8/val/images/00016990_000.png,Atelectasis,"[156.4745762711865, 237.71299821239398, 385.89830508474597, 388.492659229343]"
00016990_000.png,Infiltration,0.059659604435041966,0.00145817,"[142.74992640000002, 249.750016, 193.4999296, 306.749952]",datasets/chestxray8/val/images/00016990_000.png,Atelectasis,"[156.4745762711865, 237.71299821239398, 385.89830508474597, 388.492659229343]"
00016990_000.png,Effusion,0.055920527645996,0.00144768,"[142.500224, 250.49983999999998, 192.750208, 304.99967999999996]",datasets/chestxray8/val/images/00016990_000.png,Atelectasis,"[156.4745762711865, 237.71299821239398, 385.89830508474597, 388.492659229343]"
00016990_000.png,Mass,0.08466064071725989,0.00140572,"[339.000064, 319.000064, 434.49984, 393.99987200000004]",datasets/chestxray8/val/images/00016990_000.png,Atelectasis,"[156.4745762711865, 237.71299821239398, 385.89830508474597, 388.492659229343]"
00016990_000.png,Infiltration,0.14775794414762003,0.00111866,"[308.499968, 258.50009600000004, 422.49984, 329.50016]",datasets/chestxray8/val/images/00016990_000.png,Atelectasis,"[156.4745762711865, 237.71299821239398, 385.89830508474597, 388.492659229343]"
00016990_000.png,Mass,0.057277795127228505,0.00105953,"[37.812479999999994, 288.250112, 186.49984, 429.25030399999997]",datasets/chestxray8/val/images/00016990_000.png,Atelectasis,"[156.4745762711865, 237.71299821239398, 385.89830508474597, 388.492659229343]"
00026319_000.png,Atelectasis,0.05652353037845502,0.0384216,"[216.24985599999997, 216.500224, 381.74976, 414.000128]",datasets/chestxray8/val/images/00026319_000.png,Effusion,"[334.289947089947, 326.162962962963, 394.9714285714285, 365.7142857142858]"
00026319_000.png,Infiltration,0.4597780783775624,0.00735855,"[323.000064, 319.749888, 412.999936, 377.74976]",datasets/chestxray8/val/images/00026319_000.png,Effusion,"[334.289947089947, 326.162962962963, 394.9714285714285, 365.7142857142858]"
00026319_000.png,Infiltration,0.18987226945473726,0.00650787,"[297.50016000000005, 318.500096, 363.00032, 390.500096]",datasets/chestxray8/val/images/00026319_000.png,Effusion,"[334.289947089947, 326.162962962963, 394.9714285714285, 365.7142857142858]"
00026319_000.png,Infiltration,0.40633386129035615,0.00578308,"[332.75008, 327.24992, 433.250048, 383.750144]",datasets/chestxray8/val/images/00026319_000.png,Effusion,"[334.289947089947, 326.162962962963, 394.9714285714285, 365.7142857142858]"
00026319_000.png,Effusion,0.20340681533225208,0.0056572,"[296.0, 315.000064, 367.00006399999995, 388.999936]",datasets/chestxray8/val/images/00026319_000.png,Effusion,"[334.289947089947, 326.162962962963, 394.9714285714285, 365.7142857142858]"
00026319_000.png,Infiltration,0.2274670525979402,0.00383568,"[350.000128, 335.50003200000003, 440.500224, 389.999872]",datasets/chestxray8/val/images/00026319_000.png,Effusion,"[334.289947089947, 326.162962962963, 394.9714285714285, 365.7142857142858]"
00026319_000.png,Infiltration,0.33432201792952726,0.0032444,"[305.499904, 320.25011199999994, 384.99968, 390.749952]",datasets/chestxray8/val/images/00026319_000.png,Effusion,"[334.289947089947, 326.162962962963, 394.9714285714285, 365.7142857142858]"
00026319_000.png,Effusion,0.05538014876172444,0.00233459,"[225.00019200000003, 198.00012800000002, 377.000192, 393.999872]",datasets/chestxray8/val/images/00026319_000.png,Effusion,"[334.289947089947, 326.162962962963, 394.9714285714285, 365.7142857142858]"
00026319_000.png,Atelectasis,0.1199403288022028,0.00230598,"[272.749824, 224.749824, 394.24998400000004, 387.24992]",datasets/chestxray8/val/images/00026319_000.png,Effusion,"[334.289947089947, 326.162962962963, 394.9714285714285, 365.7142857142858]"
00026319_000.png,Infiltration,0.3265169889569238,0.00228691,"[309.499904, 304.24985599999997, 384.0, 379.249664]",datasets/chestxray8/val/images/00026319_000.png,Effusion,"[334.289947089947, 326.162962962963, 394.9714285714285, 365.7142857142858]"
00026319_000.png,Effusion,0.07161946133600963,0.00191975,"[296.249856, 291.500288, 352.75008, 346.00012799999996]",datasets/chestxray8/val/images/00026319_000.png,Effusion,"[334.289947089947, 326.162962962963, 394.9714285714285, 365.7142857142858]"
00026319_000.png,Effusion,0.18449350421542016,0.00151157,"[302.500096, 304.499968, 358.500096, 362.49984]",datasets/chestxray8/val/images/00026319_000.png,Effusion,"[334.289947089947, 326.162962962963, 394.9714285714285, 365.7142857142858]"
00026319_000.png,Effusion,0.1255218401586538,0.00143909,"[285.50016000000005, 252.50022399999997, 375.00032, 387.00006399999995]",datasets/chestxray8/val/images/00026319_000.png,Effusion,"[334.289947089947, 326.162962962963, 394.9714285714285, 365.7142857142858]"
00026319_000.png,Effusion,0.1199403288022028,0.00119114,"[272.749824, 224.749824, 394.24998400000004, 387.24992]",datasets/chestxray8/val/images/00026319_000.png,Effusion,"[334.289947089947, 326.162962962963, 394.9714285714285, 365.7142857142858]"
00026319_000.png,Cardiomegaly,0.06278069213939473,0.00116158,"[319.500032, 76.249856, 448.000256, 373.75001599999996]",datasets/chestxray8/val/images/00026319_000.png,Effusion,"[334.289947089947, 326.162962962963, 394.9714285714285, 365.7142857142858]"
00026319_000.png,Infiltration,0.25327189953046353,0.00116062,"[299.000064, 272.75007999999997, 390.50009600000004, 366.750208]",datasets/chestxray8/val/images/00026319_000.png,Effusion,"[334.289947089947, 326.162962962963, 394.9714285714285, 365.7142857142858]"
00026319_000.png,Infiltration,0.12784642899840287,0.00113583,"[296.250112, 263.75014400000003, 405.25030399999997, 347.749888]",datasets/chestxray8/val/images/00026319_000.png,Effusion,"[334.289947089947, 326.162962962963, 394.9714285714285, 365.7142857142858]"
00026319_000.png,Effusion,0.12366852762285269,0.00109482,"[285.249792, 286.49984, 362.74969600000003, 387.500032]",datasets/chestxray8/val/images/00026319_000.png,Effusion,"[334.289947089947, 326.162962962963, 394.9714285714285, 365.7142857142858]"
00000344_003.png,Cardiomegaly,0.20474603111710646,0.0600586,"[61.625088000000005, 102.18752, 188.875008, 310.49984]",datasets/chestxray8/val/images/00000344_003.png,Cardiomegaly,"[86.1866666666665, 115.0767447916665, 135.11111111111094, 226.010078125]"
00000344_003.png,Cardiomegaly,0.13636171949608228,0.0318909,"[55.875327999999996, 127.87481600000001, 190.375168, 384.99968]",datasets/chestxray8/val/images/00000344_003.png,Cardiomegaly,"[86.1866666666665, 115.0767447916665, 135.11111111111094, 226.010078125]"
00000344_003.png,Cardiomegaly,0.14939433138626723,0.0185547,"[71.62495999999999, 64.37504000000001, 207.62496, 331.500288]",datasets/chestxray8/val/images/00000344_003.png,Cardiomegaly,"[86.1866666666665, 115.0767447916665, 135.11111111111094, 226.010078125]"
00000344_003.png,Cardiomegaly,0.19960513232682225,0.0144958,"[66.375168, 142.37465600000002, 162.375168, 341.999872]",datasets/chestxray8/val/images/00000344_003.png,Cardiomegaly,"[86.1866666666665, 115.0767447916665, 135.11111111111094, 226.010078125]"
00000344_003.png,Cardiomegaly,0.3194541320206518,0.0137939,"[77.18732800000001, 105.250048, 172.499712, 283.500288]",datasets/chestxray8/val/images/00000344_003.png,Cardiomegaly,"[86.1866666666665, 115.0767447916665, 135.11111111111094, 226.010078125]"
00000344_003.png,Cardiomegaly,0.10998584249095018,0.00831604,"[61.87520000000001, 94.1248, 216.625152, 412.999936]",datasets/chestxray8/val/images/00000344_003.png,Cardiomegaly,"[86.1866666666665, 115.0767447916665, 135.11111111111094, 226.010078125]"
00000344_003.png,Mass,0.09631818379596066,0.0060463,"[102.249984, 42.562560000000005, 249.75001600000002, 186.25024000000002]",datasets/chestxray8/val/images/00000344_003.png,Cardiomegaly,"[86.1866666666665, 115.0767447916665, 135.11111111111094, 226.010078125]"
00000344_003.png,Cardiomegaly,0.223667369567579,0.00505447,"[64.124928, 58.500096, 165.12511999999998, 298.749952]",datasets/chestxray8/val/images/00000344_003.png,Cardiomegaly,"[86.1866666666665, 115.0767447916665, 135.11111111111094, 226.010078125]"
00000344_003.png,Infiltration,0.06885794728547458,0.00404358,"[109.812736, 181.75001600000002, 238.000128, 275.000064]",datasets/chestxray8/val/images/00000344_003.png,Cardiomegaly,"[86.1866666666665, 115.0767447916665, 135.11111111111094, 226.010078125]"
00000344_003.png,Cardiomegaly,0.2070779490650478,0.00399399,"[49.843455999999996, 85.437696, 156.249856, 331.750144]",datasets/chestxray8/val/images/00000344_003.png,Cardiomegaly,"[86.1866666666665, 115.0767447916665, 135.11111111111094, 226.010078125]"
00000344_003.png,Cardiomegaly,0.1295519718126406,0.00352478,"[47.24992, 152.75007999999997, 155.749888, 390.750208]",datasets/chestxray8/val/images/00000344_003.png,Cardiomegaly,"[86.1866666666665, 115.0767447916665, 135.11111111111094, 226.010078125]"
00000344_003.png,Effusion,0.23261324340594425,0.00338173,"[111.06252799999999, 122.75020800000001, 184.0, 228.75008]",datasets/chestxray8/val/images/00000344_003.png,Cardiomegaly,"[86.1866666666665, 115.0767447916665, 135.11111111111094, 226.010078125]"
00000344_003.png,Effusion,0.0587604177148679,0.00327682,"[126.9997568, 147.249664, 170.7497472, 200.24985600000002]",datasets/chestxray8/val/images/00000344_003.png,Cardiomegaly,"[86.1866666666665, 115.0767447916665, 135.11111111111094, 226.010078125]"
00000344_003.png,Mass,0.14873741963386478,0.00275612,"[86.999808, 26.000128000000004, 263.99974399999996, 224.00025599999998]",datasets/chestxray8/val/images/00000344_003.png,Cardiomegaly,"[86.1866666666665, 115.0767447916665, 135.11111111111094, 226.010078125]"
00000344_003.png,Cardiomegaly,0.13097950198978903,0.00250435,"[88.81254399999999, 160.499712, 199.24991999999997, 348.499968]",datasets/chestxray8/val/images/00000344_003.png,Cardiomegaly,"[86.1866666666665, 115.0767447916665, 135.11111111111094, 226.010078125]"
00000344_003.png,Cardiomegaly,0.12522586514404946,0.00238609,"[96.12492800000001, 33.56236799999999, 232.625152, 192.499968]",datasets/chestxray8/val/images/00000344_003.png,Cardiomegaly,"[86.1866666666665, 115.0767447916665, 135.11111111111094, 226.010078125]"
00000344_003.png,Effusion,0.13006172287330978,0.00233269,"[119.187456, 128.625152, 194.249728, 214.374912]",datasets/chestxray8/val/images/00000344_003.png,Cardiomegaly,"[86.1866666666665, 115.0767447916665, 135.11111111111094, 226.010078125]"
00000344_003.png,Effusion,0.09035578133856416,0.00172329,"[102.24998399999998, 189.00019200000003, 217.50016, 269.250048]",datasets/chestxray8/val/images/00000344_003.png,Cardiomegaly,"[86.1866666666665, 115.0767447916665, 135.11111111111094, 226.010078125]"
00000344_003.png,Atelectasis,0.05495903826697317,0.00162411,"[91.62496, 189.000192, 319.000064, 301.00019199999997]",datasets/chestxray8/val/images/00000344_003.png,Cardiomegaly,"[86.1866666666665, 115.0767447916665, 135.11111111111094, 226.010078125]"
00000344_003.png,Cardiomegaly,0.23261324340594425,0.00152588,"[111.06252799999999, 122.75020800000001, 184.0, 228.75008]",datasets/chestxray8/val/images/00000344_003.png,Cardiomegaly,"[86.1866666666665, 115.0767447916665, 135.11111111111094, 226.010078125]"
00000344_003.png,Cardiomegaly,0.1129711023001209,0.00148678,"[93.999872, 184.000256, 222.749952, 274.000128]",datasets/chestxray8/val/images/00000344_003.png,Cardiomegaly,"[86.1866666666665, 115.0767447916665, 135.11111111111094, 226.010078125]"
00000344_003.png,Cardiomegaly,0.28003698472928945,0.0014782,"[95.750144, 115.87507199999999, 188.499968, 271.00032]",datasets/chestxray8/val/images/00000344_003.png,Cardiomegaly,"[86.1866666666665, 115.0767447916665, 135.11111111111094, 226.010078125]"
00000344_003.png,Cardiomegaly,0.49645695636767984,0.00147533,"[81.374976, 93.312768, 146.374912, 261.50016]",datasets/chestxray8/val/images/00000344_003.png,Cardiomegaly,"[86.1866666666665, 115.0767447916665, 135.11111111111094, 226.010078125]"
00000344_003.png,Effusion,0.16407462937641262,0.00134182,"[68.06246399999999, 88.624896, 206.249728, 327.99974399999996]",datasets/chestxray8/val/images/00000344_003.png,Cardiomegaly,"[86.1866666666665, 115.0767447916665, 135.11111111111094, 226.010078125]"
00000344_003.png,Cardiomegaly,0.40525441514236893,0.00132656,"[69.374976, 140.499712, 131.999744, 270.749952]",datasets/chestxray8/val/images/00000344_003.png,Cardiomegaly,"[86.1866666666665, 115.0767447916665, 135.11111111111094, 226.010078125]"
00000344_003.png,Cardiomegaly,0.09364314186073144,0.00129795,"[42.218496, 171.750144, 133.49990400000002, 440.75033600000006]",datasets/chestxray8/val/images/00000344_003.png,Cardiomegaly,"[86.1866666666665, 115.0767447916665, 135.11111111111094, 226.010078125]"
00000344_003.png,Mass,0.14622299375958558,0.00117493,"[96.99968000000001, 39.812608, 202.49984, 184.24985600000002]",datasets/chestxray8/val/images/00000344_003.png,Cardiomegaly,"[86.1866666666665, 115.0767447916665, 135.11111111111094, 226.010078125]"
00000344_003.png,Cardiomegaly,0.14873741963386478,0.00111485,"[86.999808, 26.000128000000004, 263.99974399999996, 224.00025599999998]",datasets/chestxray8/val/images/00000344_003.png,Cardiomegaly,"[86.1866666666665, 115.0767447916665, 135.11111111111094, 226.010078125]"
00000344_003.png,Effusion,0.13097950198978903,0.00102425,"[88.81254399999999, 160.499712, 199.24991999999997, 348.499968]",datasets/chestxray8/val/images/00000344_003.png,Cardiomegaly,"[86.1866666666665, 115.0767447916665, 135.11111111111094, 226.010078125]"
00014083_023.png,Atelectasis,0.13662220906372902,0.32666,"[197.124864, 175.25017599999998, 420.0, 382.25023999999996]",datasets/chestxray8/val/images/00014083_023.png,Mass,"[320.0, 305.0856336805555, 458.808888888889, 371.6456336805554]"
00014083_023.png,Infiltration,0.24826413448677792,0.0412292,"[311.24992, 270.50009600000004, 392.75008, 347.500288]",datasets/chestxray8/val/images/00014083_023.png,Mass,"[320.0, 305.0856336805555, 458.808888888889, 371.6456336805554]"
00014083_023.png,Infiltration,0.05785533428448548,0.022995,"[388.00007680000004, 274.2499328, 429.5000832, 319.7499392]",datasets/chestxray8/val/images/00014083_023.png,Mass,"[320.0, 305.0856336805555, 458.808888888889, 371.6456336805554]"
00014083_023.png,Effusion,0.07033618217138626,0.00928497,"[385.0002176, 277.0000384, 428.5001984, 322.00002559999996]",datasets/chestxray8/val/images/00014083_023.png,Mass,"[320.0, 305.0856336805555, 458.808888888889, 371.6456336805554]"
00014083_023.png,Infiltration,0.2475590242440774,0.00650024,"[326.249984, 273.250048, 431.24992000000003, 334.749952]",datasets/chestxray8/val/images/00014083_023.png,Mass,"[320.0, 305.0856336805555, 458.808888888889, 371.6456336805554]"
00014083_023.png,Infiltration,0.2083386830588753,0.00482559,"[315.00032, 261.250048, 413.00019199999997, 335.750144]",datasets/chestxray8/val/images/00014083_023.png,Mass,"[320.0, 305.0856336805555, 458.808888888889, 371.6456336805554]"
00014083_023.png,Infiltration,0.18795938394645686,0.00473785,"[317.750016, 276.999936, 370.249984, 345.49990399999996]",datasets/chestxray8/val/images/00014083_023.png,Mass,"[320.0, 305.0856336805555, 458.808888888889, 371.6456336805554]"
00014083_023.png,Infiltration,0.32355472260030693,0.00468063,"[298.99980800000003, 281.249792, 432.0, 343.24992000000003]",datasets/chestxray8/val/images/00014083_023.png,Mass,"[320.0, 305.0856336805555, 458.808888888889, 371.6456336805554]"
00014083_023.png,Cardiomegaly,0.12781943352805705,0.00410461,"[320.500224, 36.500224, 450.500096, 348.500224]",datasets/chestxray8/val/images/00014083_023.png,Mass,"[320.0, 305.0856336805555, 458.808888888889, 371.6456336805554]"
00014083_023.png,Cardiomegaly,0.28617109519528194,0.00326538,"[393.499648, 238.24998399999998, 469.499904, 373.74976]",datasets/chestxray8/val/images/00014083_023.png,Mass,"[320.0, 305.0856336805555, 458.808888888889, 371.6456336805554]"
00014083_023.png,Effusion,0.12876393786272572,0.00289726,"[194.74995199999998, 159.75014399999998, 417.24979199999996, 373.250048]",datasets/chestxray8/val/images/00014083_023.png,Mass,"[320.0, 305.0856336805555, 458.808888888889, 371.6456336805554]"
00014083_023.png,Effusion,0.1286692100645841,0.00255013,"[319.250176, 345.75027200000005, 373.75001599999996, 400.250112]",datasets/chestxray8/val/images/00014083_023.png,Mass,"[320.0, 305.0856336805555, 458.808888888889, 371.6456336805554]"
00014083_023.png,Cardiomegaly,0.29970600310896733,0.00242615,"[400.75008, 275.249664, 463.24992, 363.749888]",datasets/chestxray8/val/images/00014083_023.png,Mass,"[320.0, 305.0856336805555, 458.808888888889, 371.6456336805554]"
00014083_023.png,Cardiomegaly,0.14990396654507798,0.00241852,"[392.250112, 122.87513600000003, 475.24992000000003, 420.99993600000005]",datasets/chestxray8/val/images/00014083_023.png,Mass,"[320.0, 305.0856336805555, 458.808888888889, 371.6456336805554]"
00014083_023.png,Cardiomegaly,0.15615898672825912,0.00225067,"[364.749824, 44.750080000000025, 471.24992, 367.749888]",datasets/chestxray8/val/images/00014083_023.png,Mass,"[320.0, 305.0856336805555, 458.808888888889, 371.6456336805554]"
00014083_023.png,Effusion,0.16255313878524905,0.0019722,"[340.999936, 269.74976000000004, 402.49984, 335.24992]",datasets/chestxray8/val/images/00014083_023.png,Mass,"[320.0, 305.0856336805555, 458.808888888889, 371.6456336805554]"
00014083_023.png,Infiltration,0.12462972196234519,0.0019207,"[172.875008, 204.99993600000002, 408.00025600000004, 390.500096]",datasets/chestxray8/val/images/00014083_023.png,Mass,"[320.0, 305.0856336805555, 458.808888888889, 371.6456336805554]"
00014083_023.png,Effusion,0.12801904930046734,0.00171089,"[332.750336, 260.250112, 395.25017599999995, 329.750016]",datasets/chestxray8/val/images/00014083_023.png,Mass,"[320.0, 305.0856336805555, 458.808888888889, 371.6456336805554]"
00014083_023.png,Effusion,0.09070522197021205,0.00166798,"[317.7497344, 350.0000256, 362.2497536, 389.5000064]",datasets/chestxray8/val/images/00014083_023.png,Mass,"[320.0, 305.0856336805555, 458.808888888889, 371.6456336805554]"
00014083_023.png,Mass,0.27214687818841854,0.00159645,"[334.50009600000004, 138.49984, 459.500288, 373.99987200000004]",datasets/chestxray8/val/images/00014083_023.png,Mass,"[320.0, 305.0856336805555, 458.808888888889, 371.6456336805554]"
00014083_023.png,Cardiomegaly,0.15126278971041587,0.00154209,"[398.49984, 186.750208, 488.999936, 422.25024]",datasets/chestxray8/val/images/00014083_023.png,Mass,"[320.0, 305.0856336805555, 458.808888888889, 371.6456336805554]"
00014083_023.png,Effusion,0.09719981788431199,0.00144958,"[389.500032, 349.50016, 433.500032, 389.50016]",datasets/chestxray8/val/images/00014083_023.png,Mass,"[320.0, 305.0856336805555, 458.808888888889, 371.6456336805554]"
00014083_023.png,Cardiomegaly,0.21638272722494534,0.00126171,"[391.750144, 192.49996800000002, 473.250304, 387.000064]",datasets/chestxray8/val/images/00014083_023.png,Mass,"[320.0, 305.0856336805555, 458.808888888889, 371.6456336805554]"
00014083_023.png,Mass,0.12781943352805705,0.00120831,"[320.500224, 36.500224, 450.500096, 348.500224]",datasets/chestxray8/val/images/00014083_023.png,Mass,"[320.0, 305.0856336805555, 458.808888888889, 371.6456336805554]"
00014083_023.png,Infiltration,0.2099236672953875,0.00117874,"[251.00006399999998, 218.749952, 412.0, 367.750144]",datasets/chestxray8/val/images/00014083_023.png,Mass,"[320.0, 305.0856336805555, 458.808888888889, 371.6456336805554]"
00014083_023.png,Cardiomegaly,0.3227917822333051,0.00116062,"[365.75001599999996, 228.0, 468.249856, 385.499904]",datasets/chestxray8/val/images/00014083_023.png,Mass,"[320.0, 305.0856336805555, 458.808888888889, 371.6456336805554]"
00014083_023.png,Effusion,0.105286571886403,0.00113297,"[399.500032, 346.4998144, 439.500032, 379.49980159999996]",datasets/chestxray8/val/images/00014083_023.png,Mass,"[320.0, 305.0856336805555, 458.808888888889, 371.6456336805554]"
00014083_023.png,Cardiomegaly,0.27214687818841854,0.00111961,"[334.50009600000004, 138.49984, 459.500288, 373.99987200000004]",datasets/chestxray8/val/images/00014083_023.png,Mass,"[320.0, 305.0856336805555, 458.808888888889, 371.6456336805554]"
00014083_023.png,Infiltration,0.12831158028681802,0.00106335,"[335.50003200000003, 266.749952, 425.00019199999997, 323.250176]",datasets/chestxray8/val/images/00014083_023.png,Mass,"[320.0, 305.0856336805555, 458.808888888889, 371.6456336805554]"
00014083_023.png,Cardiomegaly,0.22313348348192716,0.00105095,"[420.0, 276.250112, 460.0, 365.25004800000005]",datasets/chestxray8/val/images/00014083_023.png,Mass,"[320.0, 305.0856336805555, 458.808888888889, 371.6456336805554]"
00017178_007.png,Effusion,0.142304648047718,0.0576477,"[313.99987200000004, 143.749888, 422.49984, 228.499712]",datasets/chestxray8/val/images/00017178_007.png,Atelectasis,"[172.74576271186453, 150.101694915254, 395.6610169491525, 339.38983050847446]"
00017178_007.png,Infiltration,0.25074229082776983,0.022934,"[268.250112, 241.000192, 392.25036800000004, 391.50003200000003]",datasets/chestxray8/val/images/00017178_007.png,Atelectasis,"[172.74576271186453, 150.101694915254, 395.6610169491525, 339.38983050847446]"
00017178_007.png,Atelectasis,0.22148263431624612,0.0163116,"[29.500159999999994, 204.499712, 316.999936, 430.999808]",datasets/chestxray8/val/images/00017178_007.png,Atelectasis,"[172.74576271186453, 150.101694915254, 395.6610169491525, 339.38983050847446]"
00017178_007.png,Infiltration,0.142304648047718,0.014679,"[313.99987200000004, 143.749888, 422.49984, 228.499712]",datasets/chestxray8/val/images/00017178_007.png,Atelectasis,"[172.74576271186453, 150.101694915254, 395.6610169491525, 339.38983050847446]"
00017178_007.png,Infiltration,0.14482055006807068,0.0135956,"[304.249856, 160.75008000000003, 401.75001599999996, 228.250112]",datasets/chestxray8/val/images/00017178_007.png,Atelectasis,"[172.74576271186453, 150.101694915254, 395.6610169491525, 339.38983050847446]"
00017178_007.png,Infiltration,0.054618826365603376,0.0131226,"[48.93772800000001, 190.25024000000002, 201.250048, 296.250112]",datasets/chestxray8/val/images/00017178_007.png,Atelectasis,"[172.74576271186453, 150.101694915254, 395.6610169491525, 339.38983050847446]"
00017178_007.png,Atelectasis,0.31513931425225145,0.0112686,"[123.125248, 44.812287999999995, 352.500224, 277.499904]",datasets/chestxray8/val/images/00017178_007.png,Atelectasis,"[172.74576271186453, 150.101694915254, 395.6610169491525, 339.38983050847446]"
00017178_007.png,Atelectasis,0.4372405527526329,0.0102692,"[70.25023999999999, 111.312384, 339.750144, 338.500096]",datasets/chestxray8/val/images/00017178_007.png,Atelectasis,"[172.74576271186453, 150.101694915254, 395.6610169491525, 339.38983050847446]"
00017178_007.png,Infiltration,0.08489117386484851,0.00999451,"[300.0, 172.125184, 372.0, 221.8752]",datasets/chestxray8/val/images/00017178_007.png,Atelectasis,"[172.74576271186453, 150.101694915254, 395.6610169491525, 339.38983050847446]"
00017178_007.png,Infiltration,0.18031775571150077,0.00823975,"[291.50003200000003, 259.99974399999996, 401.999872, 368.0]",datasets/chestxray8/val/images/00017178_007.png,Atelectasis,"[172.74576271186453, 150.101694915254, 395.6610169491525, 339.38983050847446]"
00017178_007.png,Infiltration,0.08576826050774786,0.00563049,"[299.24992000000003, 184.62492160000002, 376.250112, 231.6249344]",datasets/chestxray8/val/images/00017178_007.png,Atelectasis,"[172.74576271186453, 150.101694915254, 395.6610169491525, 339.38983050847446]"
00017178_007.png,Cardiomegaly,0.18358417506406213,0.00514221,"[318.49984, 58.62476799999999, 446.49984, 295.99974399999996]",datasets/chestxray8/val/images/00017178_007.png,Atelectasis,"[172.74576271186453, 150.101694915254, 395.6610169491525, 339.38983050847446]"
00017178_007.png,Infiltration,0.1355361449058096,0.00502777,"[318.000128, 263.749888, 396.00025600000004, 353.74976]",datasets/chestxray8/val/images/00017178_007.png,Atelectasis,"[172.74576271186453, 150.101694915254, 395.6610169491525, 339.38983050847446]"
00017178_007.png,Infiltration,0.08967989956851799,0.00482941,"[64.312832, 199.00006399999998, 210.50009599999998, 334.000128]",datasets/chestxray8/val/images/00017178_007.png,Atelectasis,"[172.74576271186453, 150.101694915254, 395.6610169491525, 339.38983050847446]"
00017178_007.png,Effusion,0.18358417506406213,0.00450897,"[318.49984, 58.62476799999999, 446.49984, 295.99974399999996]",datasets/chestxray8/val/images/00017178_007.png,Atelectasis,"[172.74576271186453, 150.101694915254, 395.6610169491525, 339.38983050847446]"
00017178_007.png,Atelectasis,0.24518542601633214,0.00389481,"[61.49990399999999, 192.250112, 283.99974399999996, 376.250112]",datasets/chestxray8/val/images/00017178_007.png,Atelectasis,"[172.74576271186453, 150.101694915254, 395.6610169491525, 339.38983050847446]"
00017178_007.png,Effusion,0.18361427190596868,0.00388145,"[310.49984, 92.99968, 427.500032, 263.24992]",datasets/chestxray8/val/images/00017178_007.png,Atelectasis,"[172.74576271186453, 150.101694915254, 395.6610169491525, 339.38983050847446]"
00017178_007.png,Cardiomegaly,0.1273670982535434,0.00361252,"[137.50016, 0.00025600000000736145, 244.250112, 260.75008]",datasets/chestxray8/val/images/00017178_007.png,Atelectasis,"[172.74576271186453, 150.101694915254, 395.6610169491525, 339.38983050847446]"
00017178_007.png,Effusion,0.14482055006807068,0.00314903,"[304.249856, 160.75008000000003, 401.75001599999996, 228.250112]",datasets/chestxray8/val/images/00017178_007.png,Atelectasis,"[172.74576271186453, 150.101694915254, 395.6610169491525, 339.38983050847446]"
00017178_007.png,Atelectasis,0.4230457444369223,0.00299644,"[55.87507200000002, 154.50009600000004, 347.50003200000003, 382.49984]",datasets/chestxray8/val/images/00017178_007.png,Atelectasis,"[172.74576271186453, 150.101694915254, 395.6610169491525, 339.38983050847446]"
00017178_007.png,Infiltration,0.10675493430852027,0.00299644,"[319.499776, 277.499904, 415.499776, 346.99980800000003]",datasets/chestxray8/val/images/00017178_007.png,Atelectasis,"[172.74576271186453, 150.101694915254, 395.6610169491525, 339.38983050847446]"
00017178_007.png,Infiltration,0.3534671914684873,0.00279808,"[252.250112, 208.250112, 394.25024, 413.25030399999997]",datasets/chestxray8/val/images/00017178_007.png,Atelectasis,"[172.74576271186453, 150.101694915254, 395.6610169491525, 339.38983050847446]"
00017178_007.png,Atelectasis,0.3794789208652896,0.00276756,"[76.0, 162.750208, 301.249792, 341.750016]",datasets/chestxray8/val/images/00017178_007.png,Atelectasis,"[172.74576271186453, 150.101694915254, 395.6610169491525, 339.38983050847446]"
00017178_007.png,Cardiomegaly,0.11571224638669851,0.00247955,"[324.500224, 133.50016, 425.00019199999997, 225.00019200000003]",datasets/chestxray8/val/images/00017178_007.png,Atelectasis,"[172.74576271186453, 150.101694915254, 395.6610169491525, 339.38983050847446]"
00017178_007.png,Effusion,0.07338103253382737,0.00238419,"[123.875328, 32.68736, 232.62515199999999, 221.75001600000002]",datasets/chestxray8/val/images/00017178_007.png,Atelectasis,"[172.74576271186453, 150.101694915254, 395.6610169491525, 339.38983050847446]"
00017178_007.png,Infiltration,0.15443109217411088,0.00188828,"[40.31257600000001, 208.125184, 247.00032000000002, 356.500224]",datasets/chestxray8/val/images/00017178_007.png,Atelectasis,"[172.74576271186453, 150.101694915254, 395.6610169491525, 339.38983050847446]"
00017178_007.png,Cardiomegaly,0.10675493430852027,0.00135326,"[319.499776, 277.499904, 415.499776, 346.99980800000003]",datasets/chestxray8/val/images/00017178_007.png,Atelectasis,"[172.74576271186453, 150.101694915254, 395.6610169491525, 339.38983050847446]"
00017178_007.png,Atelectasis,0.22303927649201558,0.00126076,"[145.999872, 41.312511999999984, 312.75008, 250.49984]",datasets/chestxray8/val/images/00017178_007.png,Atelectasis,"[172.74576271186453, 150.101694915254, 395.6610169491525, 339.38983050847446]"
00017178_007.png,Infiltration,0.14298643541972256,0.00120068,"[282.000128, 158.875136, 368.49996799999997, 228.62489599999998]",datasets/chestxray8/val/images/00017178_007.png,Atelectasis,"[172.74576271186453, 150.101694915254, 395.6610169491525, 339.38983050847446]"
00017178_007.png,Infiltration,0.25985290545110357,0.00112057,"[18.750208000000015, 181.99987199999998, 290.24998400000004, 323.499776]",datasets/chestxray8/val/images/00017178_007.png,Atelectasis,"[172.74576271186453, 150.101694915254, 395.6610169491525, 339.38983050847446]"
00017178_007.png,Cardiomegaly,0.16722824384726684,0.00105,"[280.250112, 268.75008, 423.749888, 371.24992]",datasets/chestxray8/val/images/00017178_007.png,Atelectasis,"[172.74576271186453, 150.101694915254, 395.6610169491525, 339.38983050847446]"
00017178_007.png,Infiltration,0.1952573855143652,0.00103569,"[310.25023999999996, 137.50016, 441.250048, 262.000128]",datasets/chestxray8/val/images/00017178_007.png,Atelectasis,"[172.74576271186453, 150.101694915254, 395.6610169491525, 339.38983050847446]"
00008547_001.png,Infiltration,0.3354220899709457,0.0130997,"[364.499968, 322.99980800000003, 460.499968, 392.0]",datasets/chestxray8/val/images/00008547_001.png,Cardiomegaly,"[403.057777777778, 340.9256336805555, 474.7377777777781, 411.4678559027775]"
00008547_001.png,Cardiomegaly,0.1516937295424453,0.00971222,"[397.000192, 142.875136, 500.000256, 466.500096]",datasets/chestxray8/val/images/00008547_001.png,Cardiomegaly,"[403.057777777778, 340.9256336805555, 474.7377777777781, 411.4678559027775]"
00008547_001.png,Infiltration,0.19410077576558527,0.00582123,"[319.24992, 315.499776, 448.75008, 396.0]",datasets/chestxray8/val/images/00008547_001.png,Cardiomegaly,"[403.057777777778, 340.9256336805555, 474.7377777777781, 411.4678559027775]"
00008547_001.png,Cardiomegaly,0.08869648818589836,0.00566101,"[370.25023999999996, 57.000192, 493.250048, 393.750272]",datasets/chestxray8/val/images/00008547_001.png,Cardiomegaly,"[403.057777777778, 340.9256336805555, 474.7377777777781, 411.4678559027775]"
00008547_001.png,Infiltration,0.4100287048943974,0.00337219,"[376.749824, 305.74976000000004, 478.749952, 400.749824]",datasets/chestxray8/val/images/00008547_001.png,Cardiomegaly,"[403.057777777778, 340.9256336805555, 474.7377777777781, 411.4678559027775]"
00008547_001.png,Infiltration,0.06304660077608823,0.00311661,"[321.250048, 310.25023999999996, 423.250176, 375.250176]",datasets/chestxray8/val/images/00008547_001.png,Cardiomegaly,"[403.057777777778, 340.9256336805555, 474.7377777777781, 411.4678559027775]"
00008547_001.png,Cardiomegaly,0.1299609562523458,0.00297356,"[353.75001599999996, 142.12480000000002, 485.250048, 437.999872]",datasets/chestxray8/val/images/00008547_001.png,Cardiomegaly,"[403.057777777778, 340.9256336805555, 474.7377777777781, 411.4678559027775]"
00008547_001.png,Cardiomegaly,0.23628390477527192,0.00177288,"[396.49996799999997, 250.750208, 503.499776, 450.750208]",datasets/chestxray8/val/images/00008547_001.png,Cardiomegaly,"[403.057777777778, 340.9256336805555, 474.7377777777781, 411.4678559027775]"
00008547_001.png,Cardiomegaly,0.1547552635460538,0.0015831,"[386.99980800000003, 147.749888, 479.499776, 392.75007999999997]",datasets/chestxray8/val/images/00008547_001.png,Cardiomegaly,"[403.057777777778, 340.9256336805555, 474.7377777777781, 411.4678559027775]"
00008547_001.png,Cardiomegaly,0.3048856046916429,0.00147343,"[373.24979199999996, 282.999808, 494.749952, 419.500032]",datasets/chestxray8/val/images/00008547_001.png,Cardiomegaly,"[403.057777777778, 340.9256336805555, 474.7377777777781, 411.4678559027775]"
00008547_001.png,Cardiomegaly,0.14859209477943794,0.001441,"[417.74976000000004, 126.74969599999997, 505.499904, 423.24992]",datasets/chestxray8/val/images/00008547_001.png,Cardiomegaly,"[403.057777777778, 340.9256336805555, 474.7377777777781, 411.4678559027775]"
00008547_001.png,Mass,0.0520701951291507,0.00133133,"[442.25023999999996, 136.875008, 510.000128, 373.00019199999997]",datasets/chestxray8/val/images/00008547_001.png,Cardiomegaly,"[403.057777777778, 340.9256336805555, 474.7377777777781, 411.4678559027775]"
00008547_001.png,Cardiomegaly,0.15241531173131528,0.00106907,"[363.50003200000003, 221.374976, 504.0, 457.50016]",datasets/chestxray8/val/images/00008547_001.png,Cardiomegaly,"[403.057777777778, 340.9256336805555, 474.7377777777781, 411.4678559027775]"
00008547_001.png,Infiltration,0.15916063876055656,0.00104332,"[338.99980800000003, 315.24992000000003, 452.49996799999997, 373.249792]",datasets/chestxray8/val/images/00008547_001.png,Cardiomegaly,"[403.057777777778, 340.9256336805555, 474.7377777777781, 411.4678559027775]"
00021009_001.png,Cardiomegaly,0.07634530813570714,0.0198364,"[356.00025600000004, 228.875008, 408.0, 314.75020800000004]",datasets/chestxray8/val/images/00021009_001.png,Atelectasis,"[159.18644067796598, 182.10169491525403, 389.1525423728815, 337.2203389830505]"
00021009_001.png,Mass,0.13385614114808064,0.0182953,"[276.49996799999997, 35.25017600000001, 400.500224, 247.000064]",datasets/chestxray8/val/images/00021009_001.png,Atelectasis,"[159.18644067796598, 182.10169491525403, 389.1525423728815, 337.2203389830505]"
00021009_001.png,Atelectasis,0.2538298363943609,0.0129013,"[34.62476800000002, 213.75001599999996, 314.49984, 424.749824]",datasets/chestxray8/val/images/00021009_001.png,Atelectasis,"[159.18644067796598, 182.10169491525403, 389.1525423728815, 337.2203389830505]"
00021009_001.png,Infiltration,0.07634530813570714,0.0123062,"[356.00025600000004, 228.875008, 408.0, 314.75020800000004]",datasets/chestxray8/val/images/00021009_001.png,Atelectasis,"[159.18644067796598, 182.10169491525403, 389.1525423728815, 337.2203389830505]"
00021009_001.png,Cardiomegaly,0.1669112525806735,0.0100632,"[331.000064, 227.49977599999997, 411.500288, 338.49983999999995]",datasets/chestxray8/val/images/00021009_001.png,Atelectasis,"[159.18644067796598, 182.10169491525403, 389.1525423728815, 337.2203389830505]"
00021009_001.png,Cardiomegaly,0.1699386670345469,0.00939941,"[288.250112, 28.374784000000005, 416.750336, 279.99974399999996]",datasets/chestxray8/val/images/00021009_001.png,Atelectasis,"[159.18644067796598, 182.10169491525403, 389.1525423728815, 337.2203389830505]"
00021009_001.png,Cardiomegaly,0.21274337389533954,0.00822449,"[313.000192, 67.749888, 424.499968, 351.750144]",datasets/chestxray8/val/images/00021009_001.png,Atelectasis,"[159.18644067796598, 182.10169491525403, 389.1525423728815, 337.2203389830505]"
00021009_001.png,Infiltration,0.35424770734276906,0.00694656,"[254.750208, 193.99987200000004, 356.250112, 318.49984]",datasets/chestxray8/val/images/00021009_001.png,Atelectasis,"[159.18644067796598, 182.10169491525403, 389.1525423728815, 337.2203389830505]"
00021009_001.png,Cardiomegaly,0.11136513406992961,0.00671387,"[342.49984, 229.75001600000002, 424.499712, 322.750208]",datasets/chestxray8/val/images/00021009_001.png,Atelectasis,"[159.18644067796598, 182.10169491525403, 389.1525423728815, 337.2203389830505]"
00021009_001.png,Infiltration,0.07967618498662449,0.00536346,"[341.24979199999996, 231.750144, 400.749824, 292.250112]",datasets/chestxray8/val/images/00021009_001.png,Atelectasis,"[159.18644067796598, 182.10169491525403, 389.1525423728815, 337.2203389830505]"
00021009_001.png,Effusion,0.053482156398338046,0.00448608,"[334.2498304, 162.249728, 382.7498496, 222.49984]",datasets/chestxray8/val/images/00021009_001.png,Atelectasis,"[159.18644067796598, 182.10169491525403, 389.1525423728815, 337.2203389830505]"
00021009_001.png,Infiltration,0.09186682941344795,0.00426865,"[84.00025600000001, 181.37523199999998, 205.25004800000002, 266.000128]",datasets/chestxray8/val/images/00021009_001.png,Atelectasis,"[159.18644067796598, 182.10169491525403, 389.1525423728815, 337.2203389830505]"
00021009_001.png,Cardiomegaly,0.1593559824758458,0.0039711,"[337.74976, 100.374784, 429.249792, 344.49996799999997]",datasets/chestxray8/val/images/00021009_001.png,Atelectasis,"[159.18644067796598, 182.10169491525403, 389.1525423728815, 337.2203389830505]"
00021009_001.png,Infiltration,0.14910972985332663,0.00393295,"[138.125056, 179.874816, 208.12518400000002, 298.749952]",datasets/chestxray8/val/images/00021009_001.png,Atelectasis,"[159.18644067796598, 182.10169491525403, 389.1525423728815, 337.2203389830505]"
00021009_001.png,Infiltration,0.260547882701644,0.00352097,"[261.75001599999996, 202.749696, 374.749952, 284.999936]",datasets/chestxray8/val/images/00021009_001.png,Atelectasis,"[159.18644067796598, 182.10169491525403, 389.1525423728815, 337.2203389830505]"
00021009_001.png,Infiltration,0.398474087659142,0.00345802,"[236.49996800000002, 191.124992, 369.50016, 297.999872]",datasets/chestxray8/val/images/00021009_001.png,Atelectasis,"[159.18644067796598, 182.10169491525403, 389.1525423728815, 337.2203389830505]"
00021009_001.png,Mass,0.14180388103419053,0.00339699,"[305.499904, 35.24992000000002, 423.50003200000003, 277.50016]",datasets/chestxray8/val/images/00021009_001.png,Atelectasis,"[159.18644067796598, 182.10169491525403, 389.1525423728815, 337.2203389830505]"
00021009_001.png,Infiltration,0.0756102887535981,0.00339508,"[84.37504000000001, 166.750208, 208.625152, 247.000064]",datasets/chestxray8/val/images/00021009_001.png,Atelectasis,"[159.18644067796598, 182.10169491525403, 389.1525423728815, 337.2203389830505]"
00021009_001.png,Infiltration,0.0648213861459726,0.00317764,"[131.12473599999998, 173.99987199999998, 203.62496, 237.249792]",datasets/chestxray8/val/images/00021009_001.png,Atelectasis,"[159.18644067796598, 182.10169491525403, 389.1525423728815, 337.2203389830505]"
00021009_001.png,Mass,0.08835743845932008,0.00295639,"[251.999744, 30.687488000000002, 365.499904, 223.250176]",datasets/chestxray8/val/images/00021009_001.png,Atelectasis,"[159.18644067796598, 182.10169491525403, 389.1525423728815, 337.2203389830505]"
00021009_001.png,Infiltration,0.14817144242550612,0.00293732,"[149.874944, 209.8752, 220.374784, 298.249984]",datasets/chestxray8/val/images/00021009_001.png,Atelectasis,"[159.18644067796598, 182.10169491525403, 389.1525423728815, 337.2203389830505]"
00021009_001.png,Infiltration,0.06814759760417133,0.0028553,"[341.00019199999997, 221.375104, 398.000128, 272.500096]",datasets/chestxray8/val/images/00021009_001.png,Atelectasis,"[159.18644067796598, 182.10169491525403, 389.1525423728815, 337.2203389830505]"
00021009_001.png,Infiltration,0.1042371890470169,0.00268173,"[112.37529599999999, 191.250176, 201.625088, 290.249984]",datasets/chestxray8/val/images/00021009_001.png,Atelectasis,"[159.18644067796598, 182.10169491525403, 389.1525423728815, 337.2203389830505]"
00021009_001.png,Atelectasis,0.25659697117627145,0.0026741,"[57.874688000000006, 223.24991999999997, 289.499904, 383.24992]",datasets/chestxray8/val/images/00021009_001.png,Atelectasis,"[159.18644067796598, 182.10169491525403, 389.1525423728815, 337.2203389830505]"
00021009_001.png,Cardiomegaly,0.09580718585827995,0.00257492,"[358.999808, 195.75014400000003, 418.49984, 320.750336]",datasets/chestxray8/val/images/00021009_001.png,Atelectasis,"[159.18644067796598, 182.10169491525403, 389.1525423728815, 337.2203389830505]"
00021009_001.png,Cardiomegaly,0.08861613455430223,0.00249481,"[51.93728, 87.74988800000001, 199.499776, 324.75008]",datasets/chestxray8/val/images/00021009_001.png,Atelectasis,"[159.18644067796598, 182.10169491525403, 389.1525423728815, 337.2203389830505]"
00021009_001.png,Infiltration,0.053467091098229634,0.0024147,"[84.624896, 72.43724800000001, 203.62496000000002, 246.49984]",datasets/chestxray8/val/images/00021009_001.png,Atelectasis,"[159.18644067796598, 182.10169491525403, 389.1525423728815, 337.2203389830505]"
00021009_001.png,Cardiomegaly,0.12437454125665029,0.00241089,"[312.999936, 37.687552, 444.499968, 280.250112]",datasets/chestxray8/val/images/00021009_001.png,Atelectasis,"[159.18644067796598, 182.10169491525403, 389.1525423728815, 337.2203389830505]"
00021009_001.png,Cardiomegaly,0.16530077949294877,0.00232124,"[340.99993600000005, 160.87526400000002, 420.0, 325.50016]",datasets/chestxray8/val/images/00021009_001.png,Atelectasis,"[159.18644067796598, 182.10169491525403, 389.1525423728815, 337.2203389830505]"
00021009_001.png,Infiltration,0.11351655460092565,0.002285,"[345.250048, 234.750208, 413.75001599999996, 333.25030399999997]",datasets/chestxray8/val/images/00021009_001.png,Atelectasis,"[159.18644067796598, 182.10169491525403, 389.1525423728815, 337.2203389830505]"
00021009_001.png,Infiltration,0.05647484259846788,0.00223351,"[122.12480000000001, 218.50009599999998, 191.12499200000002, 286.000128]",datasets/chestxray8/val/images/00021009_001.png,Atelectasis,"[159.18644067796598, 182.10169491525403, 389.1525423728815, 337.2203389830505]"
00021009_001.png,Cardiomegaly,0.09710728537565685,0.00219727,"[332.0, 123.25017599999998, 393.00019199999997, 249.250304]",datasets/chestxray8/val/images/00021009_001.png,Atelectasis,"[159.18644067796598, 182.10169491525403, 389.1525423728815, 337.2203389830505]"
00021009_001.png,Infiltration,0.12170043905578717,0.00211906,"[346.999808, 188.999936, 408.999936, 298.249984]",datasets/chestxray8/val/images/00021009_001.png,Atelectasis,"[159.18644067796598, 182.10169491525403, 389.1525423728815, 337.2203389830505]"
00021009_001.png,Cardiomegaly,0.1218571613857153,0.00208664,"[340.249856, 235.000064, 419.24992, 365.99987200000004]",datasets/chestxray8/val/images/00021009_001.png,Atelectasis,"[159.18644067796598, 182.10169491525403, 389.1525423728815, 337.2203389830505]"
00021009_001.png,Infiltration,0.38892119694968375,0.00192547,"[127.25017599999998, 167.25017599999998, 387.750144, 253.250304]",datasets/chestxray8/val/images/00021009_001.png,Atelectasis,"[159.18644067796598, 182.10169491525403, 389.1525423728815, 337.2203389830505]"
00021009_001.png,Cardiomegaly,0.05912332967202071,0.00190926,"[368.2497536, 204.250112, 407.7497344, 310.750208]",datasets/chestxray8/val/images/00021009_001.png,Atelectasis,"[159.18644067796598, 182.10169491525403, 389.1525423728815, 337.2203389830505]"
00021009_001.png,Infiltration,0.49704550311783585,0.00182915,"[233.25030399999997, 192.37478400000003, 372.250112, 371.999744]",datasets/chestxray8/val/images/00021009_001.png,Atelectasis,"[159.18644067796598, 182.10169491525403, 389.1525423728815, 337.2203389830505]"
00021009_001.png,Cardiomegaly,0.06436415492083415,0.00181198,"[365.749888, 232.00025599999998, 409.749888, 336.000256]",datasets/chestxray8/val/images/00021009_001.png,Atelectasis,"[159.18644067796598, 182.10169491525403, 389.1525423728815, 337.2203389830505]"
00021009_001.png,Infiltration,0.19118682170970527,0.00177383,"[277.499904, 196.250112, 387.50003200000003, 258.25024]",datasets/chestxray8/val/images/00021009_001.png,Atelectasis,"[159.18644067796598, 182.10169491525403, 389.1525423728815, 337.2203389830505]"
00021009_001.png,Infiltration,0.05912332967202071,0.00171757,"[368.2497536, 204.250112, 407.7497344, 310.750208]",datasets/chestxray8/val/images/00021009_001.png,Atelectasis,"[159.18644067796598, 182.10169491525403, 389.1525423728815, 337.2203389830505]"
00021009_001.png,Infiltration,0.09428306155330947,0.00171089,"[147.24991999999997, 213.12512, 203.499776, 291.00032]",datasets/chestxray8/val/images/00021009_001.png,Atelectasis,"[159.18644067796598, 182.10169491525403, 389.1525423728815, 337.2203389830505]"
00021009_001.png,Effusion,0.11910641669754624,0.00167751,"[130.249728, 174.87488000000002, 209.99987199999998, 273.250048]",datasets/chestxray8/val/images/00021009_001.png,Atelectasis,"[159.18644067796598, 182.10169491525403, 389.1525423728815, 337.2203389830505]"
00021009_001.png,Infiltration,0.16530077949294877,0.00162697,"[340.99993600000005, 160.87526400000002, 420.0, 325.50016]",datasets/chestxray8/val/images/00021009_001.png,Atelectasis,"[159.18644067796598, 182.10169491525403, 389.1525423728815, 337.2203389830505]"
00021009_001.png,Cardiomegaly,0.28227323919180425,0.00159454,"[300.499712, 212.250112, 414.999808, 340.250112]",datasets/chestxray8/val/images/00021009_001.png,Atelectasis,"[159.18644067796598, 182.10169491525403, 389.1525423728815, 337.2203389830505]"
00021009_001.png,Cardiomegaly,0.11769960772235236,0.00156021,"[327.99974399999996, 83.124992, 403.499776, 267.499776]",datasets/chestxray8/val/images/00021009_001.png,Atelectasis,"[159.18644067796598, 182.10169491525403, 389.1525423728815, 337.2203389830505]"
00021009_001.png,Mass,0.06709216812631867,0.00152206,"[269.750016, 78.375168, 370.249984, 212.875008]",datasets/chestxray8/val/images/00021009_001.png,Atelectasis,"[159.18644067796598, 182.10169491525403, 389.1525423728815, 337.2203389830505]"
00021009_001.png,Infiltration,0.06571318041379737,0.00152016,"[274.25024, 153.74976, 345.750016, 216.74982400000002]",datasets/chestxray8/val/images/00021009_001.png,Atelectasis,"[159.18644067796598, 182.10169491525403, 389.1525423728815, 337.2203389830505]"
00021009_001.png,Effusion,0.09710728537565685,0.00144482,"[332.0, 123.25017599999998, 393.00019199999997, 249.250304]",datasets/chestxray8/val/images/00021009_001.png,Atelectasis,"[159.18644067796598, 182.10169491525403, 389.1525423728815, 337.2203389830505]"
00021009_001.png,Effusion,0.15840638860506423,0.00143623,"[137.999872, 26.56230400000001, 272.75008, 263.50003200000003]",datasets/chestxray8/val/images/00021009_001.png,Atelectasis,"[159.18644067796598, 182.10169491525403, 389.1525423728815, 337.2203389830505]"
00021009_001.png,Mass,0.09589527055142134,0.00137424,"[118.625024, 0.00025600000000736145, 268.500224, 239.375104]",datasets/chestxray8/val/images/00021009_001.png,Atelectasis,"[159.18644067796598, 182.10169491525403, 389.1525423728815, 337.2203389830505]"
00021009_001.png,Infiltration,0.1218571613857153,0.00133705,"[340.249856, 235.000064, 419.24992, 365.99987200000004]",datasets/chestxray8/val/images/00021009_001.png,Atelectasis,"[159.18644067796598, 182.10169491525403, 389.1525423728815, 337.2203389830505]"
00021009_001.png,Cardiomegaly,0.09058508769771703,0.00132847,"[359.749888, 89.312768, 424.250112, 326.000128]",datasets/chestxray8/val/images/00021009_001.png,Atelectasis,"[159.18644067796598, 182.10169491525403, 389.1525423728815, 337.2203389830505]"
00021009_001.png,Effusion,0.4082338033911633,0.00132465,"[112.87500800000001, 154.875136, 374.000128, 271.250176]",datasets/chestxray8/val/images/00021009_001.png,Atelectasis,"[159.18644067796598, 182.10169491525403, 389.1525423728815, 337.2203389830505]"
00021009_001.png,Mass,0.09629422882098741,0.00130749,"[317.750272, 71.31263999999999, 406.75020800000004, 244.999936]",datasets/chestxray8/val/images/00021009_001.png,Atelectasis,"[159.18644067796598, 182.10169491525403, 389.1525423728815, 337.2203389830505]"
00021009_001.png,Cardiomegaly,0.12482629806287505,0.00130177,"[349.74976000000004, 199.99974399999996, 436.749824, 349.999872]",datasets/chestxray8/val/images/00021009_001.png,Atelectasis,"[159.18644067796598, 182.10169491525403, 389.1525423728815, 337.2203389830505]"
00021009_001.png,Effusion,0.059975476656987645,0.00109386,"[146.87488000000002, 165.124864, 209.124864, 226.87462399999998]",datasets/chestxray8/val/images/00021009_001.png,Atelectasis,"[159.18644067796598, 182.10169491525403, 389.1525423728815, 337.2203389830505]"
00021009_001.png,Infiltration,0.09580718585827995,0.00108624,"[358.999808, 195.75014400000003, 418.49984, 320.750336]",datasets/chestxray8/val/images/00021009_001.png,Atelectasis,"[159.18644067796598, 182.10169491525403, 389.1525423728815, 337.2203389830505]"
00021009_001.png,Cardiomegaly,0.21644554755042986,0.00105762,"[321.499904, 197.8752, 420.0, 324.499968]",datasets/chestxray8/val/images/00021009_001.png,Atelectasis,"[159.18644067796598, 182.10169491525403, 389.1525423728815, 337.2203389830505]"
00021009_001.png,Cardiomegaly,0.08634405649331867,0.00100899,"[50.624768, 216.250112, 204.37478399999998, 302.25024]",datasets/chestxray8/val/images/00021009_001.png,Atelectasis,"[159.18644067796598, 182.10169491525403, 389.1525423728815, 337.2203389830505]"
00005532_016.png,Infiltration,0.05392467707636305,0.0128174,"[115.375104, 258.249984, 193.874944, 325.249792]",datasets/chestxray8/val/images/00005532_016.png,Atelectasis,"[162.9830508474575, 208.677966101695, 369.6271186440675, 378.98305084745755]"
00005532_016.png,Mass,0.0723979514169559,0.0102234,"[76.625152, 277.75001599999996, 205.37523199999998, 348.249856]",datasets/chestxray8/val/images/00005532_016.png,Atelectasis,"[162.9830508474575, 208.677966101695, 369.6271186440675, 378.98305084745755]"
00005532_016.png,Infiltration,0.05394744534318358,0.00512695,"[114.749696, 242.99980799999997, 195.24992, 306.999808]",datasets/chestxray8/val/images/00005532_016.png,Atelectasis,"[162.9830508474575, 208.677966101695, 369.6271186440675, 378.98305084745755]"
00005532_016.png,Cardiomegaly,0.0783312998259495,0.00322151,"[53.437439999999995, 167.00006399999998, 193.99987199999998, 352.0]",datasets/chestxray8/val/images/00005532_016.png,Atelectasis,"[162.9830508474575, 208.677966101695, 369.6271186440675, 378.98305084745755]"
00005532_016.png,Cardiomegaly,0.07909717369765444,0.00291061,"[331.500032, 65.12512000000001, 471.500288, 446.500096]",datasets/chestxray8/val/images/00005532_016.png,Atelectasis,"[162.9830508474575, 208.677966101695, 369.6271186440675, 378.98305084745755]"
00005532_016.png,Effusion,0.09595267433828995,0.00288773,"[148.37504, 237.99987199999998, 212.62489599999998, 308.0]",datasets/chestxray8/val/images/00005532_016.png,Atelectasis,"[162.9830508474575, 208.677966101695, 369.6271186440675, 378.98305084745755]"
00005532_016.png,Effusion,0.09114624030234701,0.00193787,"[309.499904, 266.500096, 371.50003200000003, 320.0]",datasets/chestxray8/val/images/00005532_016.png,Atelectasis,"[162.9830508474575, 208.677966101695, 369.6271186440675, 378.98305084745755]"
00005532_016.png,Infiltration,0.26651233620892495,0.00184727,"[269.250048, 253.99987199999998, 377.75001599999996, 349.499648]",datasets/chestxray8/val/images/00005532_016.png,Atelectasis,"[162.9830508474575, 208.677966101695, 369.6271186440675, 378.98305084745755]"
00005532_016.png,Infiltration,0.08680131990055655,0.0017786,"[267.250176, 341.74976000000004, 402.749952, 434.249728]",datasets/chestxray8/val/images/00005532_016.png,Atelectasis,"[162.9830508474575, 208.677966101695, 369.6271186440675, 378.98305084745755]"
00005532_016.png,Infiltration,0.10027943102801729,0.00167561,"[142.37516799999997, 245.8752, 207.125248, 329.750016]",datasets/chestxray8/val/images/00005532_016.png,Atelectasis,"[162.9830508474575, 208.677966101695, 369.6271186440675, 378.98305084745755]"
00005532_016.png,Effusion,0.27803215478716997,0.00164604,"[264.75007999999997, 253.250048, 380.250112, 349.250048]",datasets/chestxray8/val/images/00005532_016.png,Atelectasis,"[162.9830508474575, 208.677966101695, 369.6271186440675, 378.98305084745755]"
00005532_016.png,Cardiomegaly,0.14386490187771933,0.00149727,"[311.249664, 121.750272, 455.749888, 425.250048]",datasets/chestxray8/val/images/00005532_016.png,Atelectasis,"[162.9830508474575, 208.677966101695, 369.6271186440675, 378.98305084745755]"
00005532_016.png,Mass,0.05392467707636305,0.00145912,"[115.375104, 258.249984, 193.874944, 325.249792]",datasets/chestxray8/val/images/00005532_016.png,Atelectasis,"[162.9830508474575, 208.677966101695, 369.6271186440675, 378.98305084745755]"
00005532_016.png,Effusion,0.08720797232377973,0.00143433,"[294.74995199999995, 236.12518400000002, 352.250112, 289.50016]",datasets/chestxray8/val/images/00005532_016.png,Atelectasis,"[162.9830508474575, 208.677966101695, 369.6271186440675, 378.98305084745755]"
00005532_016.png,Infiltration,0.05145807471621578,0.00140476,"[70.24998400000001, 281.000192, 196.499968, 344.000256]",datasets/chestxray8/val/images/00005532_016.png,Atelectasis,"[162.9830508474575, 208.677966101695, 369.6271186440675, 378.98305084745755]"
00005532_016.png,Mass,0.1334220793483774,0.00135708,"[59.437568, 281.249792, 226.749952, 375.24992000000003]",datasets/chestxray8/val/images/00005532_016.png,Atelectasis,"[162.9830508474575, 208.677966101695, 369.6271186440675, 378.98305084745755]"
00005532_016.png,Cardiomegaly,0.09839131224338199,0.00132656,"[327.750144, 196.50022399999997, 471.750144, 505.00019199999997]",datasets/chestxray8/val/images/00005532_016.png,Atelectasis,"[162.9830508474575, 208.677966101695, 369.6271186440675, 378.98305084745755]"
00005532_016.png,Mass,0.09843448065016308,0.00121212,"[266.749696, 43.125248, 432.749824, 272.500224]",datasets/chestxray8/val/images/00005532_016.png,Atelectasis,"[162.9830508474575, 208.677966101695, 369.6271186440675, 378.98305084745755]"
00005532_016.png,Cardiomegaly,0.08287936349166701,0.00121212,"[341.250048, 182.00012800000002, 456.75008, 424.0]",datasets/chestxray8/val/images/00005532_016.png,Atelectasis,"[162.9830508474575, 208.677966101695, 369.6271186440675, 378.98305084745755]"
00005532_016.png,Cardiomegaly,0.4021819992874224,0.0012064,"[83.25017600000001, 288.999936, 401.50016, 376.499712]",datasets/chestxray8/val/images/00005532_016.png,Atelectasis,"[162.9830508474575, 208.677966101695, 369.6271186440675, 378.98305084745755]"
00005532_016.png,Infiltration,0.21720801957090125,0.00104427,"[267.750144, 235.749888, 398.749952, 315.749888]",datasets/chestxray8/val/images/00005532_016.png,Atelectasis,"[162.9830508474575, 208.677966101695, 369.6271186440675, 378.98305084745755]"
00005532_016.png,Effusion,0.07013102267330781,0.00101089,"[339.24992, 210.500096, 420.249856, 302.500352]",datasets/chestxray8/val/images/00005532_016.png,Atelectasis,"[162.9830508474575, 208.677966101695, 369.6271186440675, 378.98305084745755]"
00026132_016.png,Effusion,0.12209963010202428,0.0166779,"[290.000384, 203.500032, 374.00012799999996, 276.499968]",datasets/chestxray8/val/images/00026132_016.png,Effusion,"[350.5439153439155, 241.10052910052897, 390.6370370370372, 278.48465608465597]"
00026132_016.png,Effusion,0.17242213325521483,0.015625,"[336.2500096, 259.750144, 383.7499904, 317.250304]",datasets/chestxray8/val/images/00026132_016.png,Effusion,"[350.5439153439155, 241.10052910052897, 390.6370370370372, 278.48465608465597]"
00026132_016.png,Effusion,0.10922978649453069,0.00933838,"[274.999808, 168.625152, 395.500032, 282.500096]",datasets/chestxray8/val/images/00026132_016.png,Effusion,"[350.5439153439155, 241.10052910052897, 390.6370370370372, 278.48465608465597]"
00026132_016.png,Effusion,0.15185868542736383,0.00782776,"[295.50028799999995, 190.24998399999998, 400.500224, 284.250112]",datasets/chestxray8/val/images/00026132_016.png,Effusion,"[350.5439153439155, 241.10052910052897, 390.6370370370372, 278.48465608465597]"
00026132_016.png,Cardiomegaly,0.05547697722003898,0.00641251,"[344.24985599999997, 177.99987200000004, 451.249664, 430.49984]",datasets/chestxray8/val/images/00026132_016.png,Effusion,"[350.5439153439155, 241.10052910052897, 390.6370370370372, 278.48465608465597]"
00026132_016.png,Effusion,0.09009570968249903,0.00257874,"[292.99993600000005, 192.124672, 404.0, 341.999872]",datasets/chestxray8/val/images/00026132_016.png,Effusion,"[350.5439153439155, 241.10052910052897, 390.6370370370372, 278.48465608465597]"
00026132_016.png,Cardiomegaly,0.05995562184378346,0.00248337,"[280.999936, 132.24985600000002, 419.500032, 312.749824]",datasets/chestxray8/val/images/00026132_016.png,Effusion,"[350.5439153439155, 241.10052910052897, 390.6370370370372, 278.48465608465597]"
00026132_016.png,Effusion,0.12930676252799006,0.00233078,"[281.750016, 203.750144, 385.249792, 298.750208]",datasets/chestxray8/val/images/00026132_016.png,Effusion,"[350.5439153439155, 241.10052910052897, 390.6370370370372, 278.48465608465597]"
00026132_016.png,Cardiomegaly,0.05442443666803422,0.00188065,"[306.000128, 158.50009599999998, 433.499904, 374.500096]",datasets/chestxray8/val/images/00026132_016.png,Effusion,"[350.5439153439155, 241.10052910052897, 390.6370370370372, 278.48465608465597]"
00026132_016.png,Cardiomegaly,0.0834650952148813,0.00178146,"[328.499968, 139.750144, 437.50016, 304.49996799999997]",datasets/chestxray8/val/images/00026132_016.png,Effusion,"[350.5439153439155, 241.10052910052897, 390.6370370370372, 278.48465608465597]"
00026132_016.png,Effusion,0.1523776555628612,0.00171852,"[329.50016, 257.499648, 393.50016, 333.499904]",datasets/chestxray8/val/images/00026132_016.png,Effusion,"[350.5439153439155, 241.10052910052897, 390.6370370370372, 278.48465608465597]"
00026132_016.png,Effusion,0.1541390912015758,0.00168896,"[321.499904, 240.99993600000002, 409.499904, 351.499776]",datasets/chestxray8/val/images/00026132_016.png,Effusion,"[350.5439153439155, 241.10052910052897, 390.6370370370372, 278.48465608465597]"
00026132_016.png,Infiltration,0.12930676252799006,0.00164604,"[281.750016, 203.750144, 385.249792, 298.750208]",datasets/chestxray8/val/images/00026132_016.png,Effusion,"[350.5439153439155, 241.10052910052897, 390.6370370370372, 278.48465608465597]"
00026132_016.png,Cardiomegaly,0.09944562895328327,0.00160122,"[335.000064, 177.250048, 431.000064, 334.25024]",datasets/chestxray8/val/images/00026132_016.png,Effusion,"[350.5439153439155, 241.10052910052897, 390.6370370370372, 278.48465608465597]"
00026132_016.png,Effusion,0.06284900539747686,0.0015192,"[253.250048, 139.250176, 381.250048, 278.249984]",datasets/chestxray8/val/images/00026132_016.png,Effusion,"[350.5439153439155, 241.10052910052897, 390.6370370370372, 278.48465608465597]"
00026132_016.png,Infiltration,0.12829081852277932,0.00104523,"[280.000256, 174.750208, 391.500032, 278.000128]",datasets/chestxray8/val/images/00026132_016.png,Effusion,"[350.5439153439155, 241.10052910052897, 390.6370370370372, 278.48465608465597]"
00026132_016.png,Effusion,0.09589342808941867,0.00101757,"[303.24992000000003, 255.75014399999998, 401.249792, 346.749952]",datasets/chestxray8/val/images/00026132_016.png,Effusion,"[350.5439153439155, 241.10052910052897, 390.6370370370372, 278.48465608465597]"
00030408_013.png,Cardiomegaly,0.11182939944820972,0.00711441,"[305.750272, 136.0, 431.250176, 441.999872]",datasets/chestxray8/val/images/00030408_013.png,Cardiomegaly,"[359.2126984126985, 302.3238095238095, 418.81058201058204, 374.383068783069]"
00030408_013.png,Cardiomegaly,0.12530896081853865,0.00601196,"[290.999808, 128.99968, 415.000064, 385.499904]",datasets/chestxray8/val/images/00030408_013.png,Cardiomegaly,"[359.2126984126985, 302.3238095238095, 418.81058201058204, 374.383068783069]"
00030408_013.png,Cardiomegaly,0.1143892024346708,0.00568008,"[324.0, 181.25004799999996, 445.50016000000005, 490.25023999999996]",datasets/chestxray8/val/images/00030408_013.png,Cardiomegaly,"[359.2126984126985, 302.3238095238095, 418.81058201058204, 374.383068783069]"
00030408_013.png,Cardiomegaly,0.12321706058442311,0.00457382,"[340.99993600000005, 217.8752, 459.499776, 512.000256]",datasets/chestxray8/val/images/00030408_013.png,Cardiomegaly,"[359.2126984126985, 302.3238095238095, 418.81058201058204, 374.383068783069]"
00030408_013.png,Effusion,0.2265886951584006,0.00391769,"[337.5000064, 317.2500224, 386.0000256, 361.7500416]",datasets/chestxray8/val/images/00030408_013.png,Cardiomegaly,"[359.2126984126985, 302.3238095238095, 418.81058201058204, 374.383068783069]"
00030408_013.png,Cardiomegaly,0.07786177325775837,0.00210381,"[265.00019199999997, 84.12518399999999, 408.00025600000004, 368.999936]",datasets/chestxray8/val/images/00030408_013.png,Cardiomegaly,"[359.2126984126985, 302.3238095238095, 418.81058201058204, 374.383068783069]"
00030408_013.png,Cardiomegaly,0.1604087616202789,0.00181675,"[358.749952, 267.499776, 468.249856, 511.99974399999996]",datasets/chestxray8/val/images/00030408_013.png,Cardiomegaly,"[359.2126984126985, 302.3238095238095, 418.81058201058204, 374.383068783069]"
00030408_013.png,Infiltration,0.11810408460376297,0.00181484,"[293.250048, 232.87500800000004, 401.250304, 343.000064]",datasets/chestxray8/val/images/00030408_013.png,Cardiomegaly,"[359.2126984126985, 302.3238095238095, 418.81058201058204, 374.383068783069]"
00030408_013.png,Cardiomegaly,0.11653927798261557,0.0016861,"[337.25030399999997, 130.875136, 454.750208, 444.500224]",datasets/chestxray8/val/images/00030408_013.png,Cardiomegaly,"[359.2126984126985, 302.3238095238095, 418.81058201058204, 374.383068783069]"
00030408_013.png,Infiltration,0.2265886951584006,0.001544,"[337.5000064, 317.2500224, 386.0000256, 361.7500416]",datasets/chestxray8/val/images/00030408_013.png,Cardiomegaly,"[359.2126984126985, 302.3238095238095, 418.81058201058204, 374.383068783069]"
00030408_013.png,Effusion,0.34713786628250864,0.00151634,"[333.50016, 312.500224, 395.000064, 368.0]",datasets/chestxray8/val/images/00030408_013.png,Cardiomegaly,"[359.2126984126985, 302.3238095238095, 418.81058201058204, 374.383068783069]"
00030408_013.png,Infiltration,0.23749950102148057,0.00150299,"[323.500032, 334.49984, 407.000064, 401.99987200000004]",datasets/chestxray8/val/images/00030408_013.png,Cardiomegaly,"[359.2126984126985, 302.3238095238095, 418.81058201058204, 374.383068783069]"
00030408_013.png,Cardiomegaly,0.10028888879672607,0.00144386,"[336.499712, 198.749952, 492.499968, 473.250048]",datasets/chestxray8/val/images/00030408_013.png,Cardiomegaly,"[359.2126984126985, 302.3238095238095, 418.81058201058204, 374.383068783069]"
00030408_013.png,Cardiomegaly,0.14297396247267208,0.00121117,"[300.49996799999997, 259.50003200000003, 435.50003200000003, 481.999872]",datasets/chestxray8/val/images/00030408_013.png,Cardiomegaly,"[359.2126984126985, 302.3238095238095, 418.81058201058204, 374.383068783069]"
00030408_013.png,Infiltration,0.1902279967225308,0.00103855,"[306.500096, 324.250112, 427.00032, 443.749888]",datasets/chestxray8/val/images/00030408_013.png,Cardiomegaly,"[359.2126984126985, 302.3238095238095, 418.81058201058204, 374.383068783069]"
00030408_013.png,Infiltration,0.34713786628250864,0.00102043,"[333.50016, 312.500224, 395.000064, 368.0]",datasets/chestxray8/val/images/00030408_013.png,Cardiomegaly,"[359.2126984126985, 302.3238095238095, 418.81058201058204, 374.383068783069]"
00023176_010.png,Atelectasis,0.3260804065036862,0.0608215,"[243.87507200000002, 182.25024000000002, 428.0, 357.750016]",datasets/chestxray8/val/images/00023176_010.png,Infiltration,"[140.2033898305085, 252.89943889036, 478.10169491525403, 331.54350668697]"
00023176_010.png,Atelectasis,0.29149918110047124,0.0467834,"[207.00006399999998, 232.999936, 496.500224, 467.500032]",datasets/chestxray8/val/images/00023176_010.png,Infiltration,"[140.2033898305085, 252.89943889036, 478.10169491525403, 331.54350668697]"
00023176_010.png,Infiltration,0.13341283593273895,0.0361023,"[160.62489599999998, 247.9998464, 250.49984, 292.9998336]",datasets/chestxray8/val/images/00023176_010.png,Infiltration,"[140.2033898305085, 252.89943889036, 478.10169491525403, 331.54350668697]"
00023176_010.png,Infiltration,0.09152126828971785,0.0283966,"[170.875136, 233.74986239999998, 259.000064, 282.2498816]",datasets/chestxray8/val/images/00023176_010.png,Infiltration,"[140.2033898305085, 252.89943889036, 478.10169491525403, 331.54350668697]"
00023176_010.png,Cardiomegaly,0.11369824437899925,0.026062,"[106.62502400000001, 139.500032, 202.87488000000002, 365.00019199999997]",datasets/chestxray8/val/images/00023176_010.png,Infiltration,"[140.2033898305085, 252.89943889036, 478.10169491525403, 331.54350668697]"
00023176_010.png,Infiltration,0.19970838462443827,0.0254974,"[381.24979199999996, 265.750272, 472.749824, 323.750144]",datasets/chestxray8/val/images/00023176_010.png,Infiltration,"[140.2033898305085, 252.89943889036, 478.10169491525403, 331.54350668697]"
00023176_010.png,Infiltration,0.13103588180826747,0.0193329,"[134.749952, 296.250112, 283.24992, 410.750208]",datasets/chestxray8/val/images/00023176_010.png,Infiltration,"[140.2033898305085, 252.89943889036, 478.10169491525403, 331.54350668697]"
00023176_010.png,Cardiomegaly,0.22840653997021257,0.0189972,"[374.249728, 260.500224, 486.749952, 377.00019199999997]",datasets/chestxray8/val/images/00023176_010.png,Infiltration,"[140.2033898305085, 252.89943889036, 478.10169491525403, 331.54350668697]"
00023176_010.png,Infiltration,0.17819285662674245,0.0187073,"[153.000192, 264.4999936, 253.750016, 311.5000064]",datasets/chestxray8/val/images/00023176_010.png,Infiltration,"[140.2033898305085, 252.89943889036, 478.10169491525403, 331.54350668697]"
00023176_010.png,Infiltration,0.21719246353117974,0.0161743,"[380.75008, 248.99993600000002, 475.750144, 314.500096]",datasets/chestxray8/val/images/00023176_010.png,Infiltration,"[140.2033898305085, 252.89943889036, 478.10169491525403, 331.54350668697]"
00023176_010.png,Infiltration,0.16066167706012335,0.0142517,"[152.250112, 280.00007680000004, 238.50009599999998, 329.5000832]",datasets/chestxray8/val/images/00023176_010.png,Infiltration,"[140.2033898305085, 252.89943889036, 478.10169491525403, 331.54350668697]"
00023176_010.png,Cardiomegaly,0.14994005417477793,0.0131989,"[123.99974399999999, 106.687488, 221.74976, 337.999872]",datasets/chestxray8/val/images/00023176_010.png,Infiltration,"[140.2033898305085, 252.89943889036, 478.10169491525403, 331.54350668697]"
00023176_010.png,Infiltration,0.2293754756357878,0.0125122,"[329.249792, 231.124992, 414.249984, 339.99974399999996]",datasets/chestxray8/val/images/00023176_010.png,Infiltration,"[140.2033898305085, 252.89943889036, 478.10169491525403, 331.54350668697]"
00023176_010.png,Infiltration,0.1832552292927996,0.0111465,"[402.00012799999996, 257.499904, 477.50016, 322.000128]",datasets/chestxray8/val/images/00023176_010.png,Infiltration,"[140.2033898305085, 252.89943889036, 478.10169491525403, 331.54350668697]"
00023176_010.png,Cardiomegaly,0.13365608392009157,0.0111313,"[388.500224, 118.87487999999999, 508.500224, 395.499776]",datasets/chestxray8/val/images/00023176_010.png,Infiltration,"[140.2033898305085, 252.89943889036, 478.10169491525403, 331.54350668697]"
00023176_010.png,Infiltration,0.19627076183058453,0.00912476,"[393.50016000000005, 238.74995199999998, 491.00032, 319.749888]",datasets/chestxray8/val/images/00023176_010.png,Infiltration,"[140.2033898305085, 252.89943889036, 478.10169491525403, 331.54350668697]"
00023176_010.png,Cardiomegaly,0.1937602866495012,0.00749588,"[381.499904, 275.500288, 473.999872, 333.50016]",datasets/chestxray8/val/images/00023176_010.png,Infiltration,"[140.2033898305085, 252.89943889036, 478.10169491525403, 331.54350668697]"
00023176_010.png,Cardiomegaly,0.11997004663363312,0.00737,"[120.75008, 147.499776, 195.25017599999998, 331.24992]",datasets/chestxray8/val/images/00023176_010.png,Infiltration,"[140.2033898305085, 252.89943889036, 478.10169491525403, 331.54350668697]"
00023176_010.png,Infiltration,0.23153263547443903,0.00671387,"[338.999808, 241.49990400000002, 424.499712, 327.50003200000003]",datasets/chestxray8/val/images/00023176_010.png,Infiltration,"[140.2033898305085, 252.89943889036, 478.10169491525403, 331.54350668697]"
00023176_010.png,Cardiomegaly,0.17815392517475118,0.00657654,"[399.500032, 268.499968, 480.499968, 344.999936]",datasets/chestxray8/val/images/00023176_010.png,Infiltration,"[140.2033898305085, 252.89943889036, 478.10169491525403, 331.54350668697]"
00023176_010.png,Mass,0.21807361231919317,0.00620651,"[371.499776, 264.749824, 466.49983999999995, 325.75001599999996]",datasets/chestxray8/val/images/00023176_010.png,Infiltration,"[140.2033898305085, 252.89943889036, 478.10169491525403, 331.54350668697]"
00023176_010.png,Cardiomegaly,0.20494882554799831,0.00594711,"[377.50016000000005, 253.250048, 504.0, 409.250304]",datasets/chestxray8/val/images/00023176_010.png,Infiltration,"[140.2033898305085, 252.89943889036, 478.10169491525403, 331.54350668697]"
00023176_010.png,Infiltration,0.27000390131447366,0.00562668,"[352.749824, 256.49996799999997, 455.24966400000005, 326.500096]",datasets/chestxray8/val/images/00023176_010.png,Infiltration,"[140.2033898305085, 252.89943889036, 478.10169491525403, 331.54350668697]"
00023176_010.png,Infiltration,0.12568648345191577,0.00505829,"[136.75008, 302.249728, 282.25023999999996, 375.74988799999994]",datasets/chestxray8/val/images/00023176_010.png,Infiltration,"[140.2033898305085, 252.89943889036, 478.10169491525403, 331.54350668697]"
00023176_010.png,Infiltration,0.09545146187318976,0.00482559,"[143.24992, 272.2498304, 200.249856, 316.7498496]",datasets/chestxray8/val/images/00023176_010.png,Infiltration,"[140.2033898305085, 252.89943889036, 478.10169491525403, 331.54350668697]"
00023176_010.png,Cardiomegaly,0.13733587015937085,0.00445557,"[100.00025600000001, 223.75014400000003, 214.000128, 412.250112]",datasets/chestxray8/val/images/00023176_010.png,Infiltration,"[140.2033898305085, 252.89943889036, 478.10169491525403, 331.54350668697]"
00023176_010.png,Infiltration,0.12147381759008176,0.00443268,"[150.125056, 276.749824, 217.375232, 324.749824]",datasets/chestxray8/val/images/00023176_010.png,Infiltration,"[140.2033898305085, 252.89943889036, 478.10169491525403, 331.54350668697]"
00023176_010.png,Cardiomegaly,0.11715089115720644,0.00440979,"[135.25017599999998, 135.24991999999997, 212.75008, 311.000064]",datasets/chestxray8/val/images/00023176_010.png,Infiltration,"[140.2033898305085, 252.89943889036, 478.10169491525403, 331.54350668697]"
00023176_010.png,Mass,0.22739713330332423,0.00416565,"[365.249792, 277.000192, 476.24985599999997, 332.000256]",datasets/chestxray8/val/images/00023176_010.png,Infiltration,"[140.2033898305085, 252.89943889036, 478.10169491525403, 331.54350668697]"
00023176_010.png,Infiltration,0.19102807158565033,0.0038166,"[142.49984, 288.0, 265.249792, 343.00006399999995]",datasets/chestxray8/val/images/00023176_010.png,Infiltration,"[140.2033898305085, 252.89943889036, 478.10169491525403, 331.54350668697]"
00023176_010.png,Cardiomegaly,0.13855397776347858,0.00361824,"[126.750208, 108.562432, 256.500224, 307.749888]",datasets/chestxray8/val/images/00023176_010.png,Infiltration,"[140.2033898305085, 252.89943889036, 478.10169491525403, 331.54350668697]"
00023176_010.png,Cardiomegaly,0.13494767020051482,0.00355911,"[417.00019199999997, 194.749952, 503.50003200000003, 354.749952]",datasets/chestxray8/val/images/00023176_010.png,Infiltration,"[140.2033898305085, 252.89943889036, 478.10169491525403, 331.54350668697]"
00023176_010.png,Cardiomegaly,0.20661055213010873,0.00354195,"[394.75020800000004, 249.49990400000002, 495.250176, 365.999872]",datasets/chestxray8/val/images/00023176_010.png,Infiltration,"[140.2033898305085, 252.89943889036, 478.10169491525403, 331.54350668697]"
00023176_010.png,Cardiomegaly,0.15073232232312322,0.0035038,"[421.49990399999996, 238.750208, 494.49984, 340.250112]",datasets/chestxray8/val/images/00023176_010.png,Infiltration,"[140.2033898305085, 252.89943889036, 478.10169491525403, 331.54350668697]"
00023176_010.png,Effusion,0.09545146187318976,0.00324249,"[143.24992, 272.2498304, 200.249856, 316.7498496]",datasets/chestxray8/val/images/00023176_010.png,Infiltration,"[140.2033898305085, 252.89943889036, 478.10169491525403, 331.54350668697]"
00023176_010.png,Infiltration,0.3197658371362472,0.00312233,"[337.999872, 233.124864, 462.000128, 327.749632]",datasets/chestxray8/val/images/00023176_010.png,Infiltration,"[140.2033898305085, 252.89943889036, 478.10169491525403, 331.54350668697]"
00023176_010.png,Cardiomegaly,0.09996731583738888,0.00307465,"[372.500224, 289.24979199999996, 494.500096, 474.249728]",datasets/chestxray8/val/images/00023176_010.png,Infiltration,"[140.2033898305085, 252.89943889036, 478.10169491525403, 331.54350668697]"
00023176_010.png,Infiltration,0.1617825978485087,0.00307274,"[406.75020800000004, 266.749952, 474.749952, 341.250048]",datasets/chestxray8/val/images/00023176_010.png,Infiltration,"[140.2033898305085, 252.89943889036, 478.10169491525403, 331.54350668697]"
00023176_010.png,Mass,0.2189426287311718,0.00297165,"[191.49977600000003, 89.124864, 328.49971200000005, 332.99968]",datasets/chestxray8/val/images/00023176_010.png,Infiltration,"[140.2033898305085, 252.89943889036, 478.10169491525403, 331.54350668697]"
00023176_010.png,Cardiomegaly,0.1309471711663946,0.00264931,"[428.499712, 257.499904, 485.99987200000004, 347.00006399999995]",datasets/chestxray8/val/images/00023176_010.png,Infiltration,"[140.2033898305085, 252.89943889036, 478.10169491525403, 331.54350668697]"
00023176_010.png,Mass,0.24455582488700964,0.00246048,"[354.500352, 270.749952, 482.000128, 362.24998400000004]",datasets/chestxray8/val/images/00023176_010.png,Infiltration,"[140.2033898305085, 252.89943889036, 478.10169491525403, 331.54350668697]"
00023176_010.png,Infiltration,0.1866948616206778,0.00242233,"[362.749696, 215.00006400000004, 468.249856, 307.00032000000004]",datasets/chestxray8/val/images/00023176_010.png,Infiltration,"[140.2033898305085, 252.89943889036, 478.10169491525403, 331.54350668697]"
00023176_010.png,Effusion,0.07619380706180956,0.00235748,"[145.8751488, 253.0001664, 191.37515520000002, 297.5001856]",datasets/chestxray8/val/images/00023176_010.png,Infiltration,"[140.2033898305085, 252.89943889036, 478.10169491525403, 331.54350668697]"
00023176_010.png,Infiltration,0.2729067219536528,0.00214195,"[356.249856, 194.12505600000003, 478.249728, 328.499968]",datasets/chestxray8/val/images/00023176_010.png,Infiltration,"[140.2033898305085, 252.89943889036, 478.10169491525403, 331.54350668697]"
00023176_010.png,Cardiomegaly,0.2039996065903354,0.00211716,"[377.50016, 188.24985600000002, 491.500032, 364.75008]",datasets/chestxray8/val/images/00023176_010.png,Infiltration,"[140.2033898305085, 252.89943889036, 478.10169491525403, 331.54350668697]"
00023176_010.png,Cardiomegaly,0.1019234768567095,0.00209236,"[421.00019199999997, 133.74976, 512.0, 375.24992]",datasets/chestxray8/val/images/00023176_010.png,Infiltration,"[140.2033898305085, 252.89943889036, 478.10169491525403, 331.54350668697]"
00023176_010.png,Cardiomegaly,0.19627076183058453,0.00203514,"[393.50016000000005, 238.74995199999998, 491.00032, 319.749888]",datasets/chestxray8/val/images/00023176_010.png,Infiltration,"[140.2033898305085, 252.89943889036, 478.10169491525403, 331.54350668697]"
00023176_010.png,Cardiomegaly,0.22357933576462205,0.00195885,"[357.750016, 254.00012800000002, 482.750208, 449.999872]",datasets/chestxray8/val/images/00023176_010.png,Infiltration,"[140.2033898305085, 252.89943889036, 478.10169491525403, 331.54350668697]"
00023176_010.png,Atelectasis,0.2206022055741884,0.00192738,"[228.24985600000002, 274.49984, 465.250048, 477.99987200000004]",datasets/chestxray8/val/images/00023176_010.png,Infiltration,"[140.2033898305085, 252.89943889036, 478.10169491525403, 331.54350668697]"
00023176_010.png,Infiltration,0.11870306968070878,0.00190639,"[208.499968, 270.00012799999996, 269.750016, 321.50016]",datasets/chestxray8/val/images/00023176_010.png,Infiltration,"[140.2033898305085, 252.89943889036, 478.10169491525403, 331.54350668697]"
00023176_010.png,Atelectasis,0.36861679837462485,0.00190067,"[181.624832, 201.625344, 460.99968, 398.500096]",datasets/chestxray8/val/images/00023176_010.png,Infiltration,"[140.2033898305085, 252.89943889036, 478.10169491525403, 331.54350668697]"
00023176_010.png,Cardiomegaly,0.21299163341266678,0.00176239,"[349.999872, 145.49964800000004, 484.49971200000005, 374.49984]",datasets/chestxray8/val/images/00023176_010.png,Infiltration,"[140.2033898305085, 252.89943889036, 478.10169491525403, 331.54350668697]"
00023176_010.png,Cardiomegaly,0.15176904990985848,0.00171566,"[407.24992, 229.75001600000002, 512.0, 379.75014400000003]",datasets/chestxray8/val/images/00023176_010.png,Infiltration,"[140.2033898305085, 252.89943889036, 478.10169491525403, 331.54350668697]"
00023176_010.png,Cardiomegaly,0.274377030511753,0.00163174,"[358.749952, 265.999872, 480.749824, 345.999872]",datasets/chestxray8/val/images/00023176_010.png,Infiltration,"[140.2033898305085, 252.89943889036, 478.10169491525403, 331.54350668697]"
00023176_010.png,Cardiomegaly,0.10544342212510284,0.00141239,"[430.74995199999995, 233.37497599999998, 488.250112, 316.0]",datasets/chestxray8/val/images/00023176_010.png,Infiltration,"[140.2033898305085, 252.89943889036, 478.10169491525403, 331.54350668697]"
00023176_010.png,Cardiomegaly,0.11888702481177665,0.00138664,"[72.187648, 216.499968, 224.000256, 450.000128]",datasets/chestxray8/val/images/00023176_010.png,Infiltration,"[140.2033898305085, 252.89943889036, 478.10169491525403, 331.54350668697]"
00023176_010.png,Cardiomegaly,0.19331873352649676,0.00131702,"[397.750272, 259.499776, 481.75001599999996, 324.0]",datasets/chestxray8/val/images/00023176_010.png,Infiltration,"[140.2033898305085, 252.89943889036, 478.10169491525403, 331.54350668697]"
00023176_010.png,Infiltration,0.12917035565962767,0.00131226,"[431.500032, 247.000064, 485.50016, 328.999936]",datasets/chestxray8/val/images/00023176_010.png,Infiltration,"[140.2033898305085, 252.89943889036, 478.10169491525403, 331.54350668697]"
00023176_010.png,Infiltration,0.16529890211940132,0.00128269,"[145.750272, 224.25011200000003, 255.250176, 297.750272]",datasets/chestxray8/val/images/00023176_010.png,Infiltration,"[140.2033898305085, 252.89943889036, 478.10169491525403, 331.54350668697]"
00023176_010.png,Cardiomegaly,0.09819943956028403,0.00126362,"[425.499904, 100.187648, 502.99980800000003, 354.25023999999996]",datasets/chestxray8/val/images/00023176_010.png,Infiltration,"[140.2033898305085, 252.89943889036, 478.10169491525403, 331.54350668697]"
00023176_010.png,Cardiomegaly,0.24231386641267666,0.00121498,"[380.500224, 232.124928, 488.00025600000004, 351.000064]",datasets/chestxray8/val/images/00023176_010.png,Infiltration,"[140.2033898305085, 252.89943889036, 478.10169491525403, 331.54350668697]"
00023176_010.png,Cardiomegaly,0.27638842553234794,0.00121403,"[146.50009599999998, 234.750208, 269.250048, 317.750016]",datasets/chestxray8/val/images/00023176_010.png,Infiltration,"[140.2033898305085, 252.89943889036, 478.10169491525403, 331.54350668697]"
00023176_010.png,Infiltration,0.39201884442443335,0.00120735,"[163.25017600000004, 276.500224, 478.24998400000004, 387.50028799999995]",datasets/chestxray8/val/images/00023176_010.png,Infiltration,"[140.2033898305085, 252.89943889036, 478.10169491525403, 331.54350668697]"
00023176_010.png,Cardiomegaly,0.1651267346595433,0.00120449,"[127.87481600000001, 295.500032, 306.49984, 383.500032]",datasets/chestxray8/val/images/00023176_010.png,Infiltration,"[140.2033898305085, 252.89943889036, 478.10169491525403, 331.54350668697]"
00023176_010.png,Infiltration,0.12847288762937997,0.00119019,"[184.37478399999998, 275.500032, 255.499776, 323.500032]",datasets/chestxray8/val/images/00023176_010.png,Infiltration,"[140.2033898305085, 252.89943889036, 478.10169491525403, 331.54350668697]"
00023176_010.png,Effusion,0.10544485358922975,0.00118923,"[211.625216, 269.499904, 264.000256, 322.99980800000003]",datasets/chestxray8/val/images/00023176_010.png,Infiltration,"[140.2033898305085, 252.89943889036, 478.10169491525403, 331.54350668697]"
00023176_010.png,Cardiomegaly,0.2871239269630172,0.0011816,"[338.00012799999996, 275.999744, 477.50016, 334.49984]",datasets/chestxray8/val/images/00023176_010.png,Infiltration,"[140.2033898305085, 252.89943889036, 478.10169491525403, 331.54350668697]"
00023176_010.png,Effusion,0.1985154124634735,0.00116634,"[251.50003200000003, 151.500032, 416.500224, 305.00019199999997]",datasets/chestxray8/val/images/00023176_010.png,Infiltration,"[140.2033898305085, 252.89943889036, 478.10169491525403, 331.54350668697]"
00023176_010.png,Mass,0.20254480308639713,0.00115204,"[332.49996799999997, 111.812352, 442.99980800000003, 338.24998400000004]",datasets/chestxray8/val/images/00023176_010.png,Infiltration,"[140.2033898305085, 252.89943889036, 478.10169491525403, 331.54350668697]"
00023176_010.png,Cardiomegaly,0.09477600771354738,0.00114536,"[111.37536, 182.24998399999998, 182.875136, 352.75007999999997]",datasets/chestxray8/val/images/00023176_010.png,Infiltration,"[140.2033898305085, 252.89943889036, 478.10169491525403, 331.54350668697]"
00023176_010.png,Cardiomegaly,0.2671224661487442,0.00113678,"[148.500224, 194.24998400000004, 270.500096, 326.749952]",datasets/chestxray8/val/images/00023176_010.png,Infiltration,"[140.2033898305085, 252.89943889036, 478.10169491525403, 331.54350668697]"
00023176_010.png,Infiltration,0.32415824223047146,0.00108433,"[243.750144, 179.749888, 429.250304, 357.74976]",datasets/chestxray8/val/images/00023176_010.png,Infiltration,"[140.2033898305085, 252.89943889036, 478.10169491525403, 331.54350668697]"
00023176_010.png,Cardiomegaly,0.17262201866927107,0.00102139,"[149.74975999999998, 142.000128, 266.749952, 311.24992]",datasets/chestxray8/val/images/00023176_010.png,Infiltration,"[140.2033898305085, 252.89943889036, 478.10169491525403, 331.54350668697]"
00023176_010.png,Cardiomegaly,0.11826308766149343,0.00101089,"[396.999936, 43.749888, 499.000064, 374.49984]",datasets/chestxray8/val/images/00023176_010.png,Infiltration,"[140.2033898305085, 252.89943889036, 478.10169491525403, 331.54350668697]"
00016184_040.png,Effusion,0.22339295041264437,0.16333,"[329.999872, 259.4998784, 386.500096, 304.49986559999996]",datasets/chestxray8/val/images/00016184_040.png,Effusion,"[349.0133333333335, 269.8145225694445, 371.2000000000001, 295.4145225694445]"
00016184_040.png,Infiltration,0.17484344145311193,0.00928497,"[308.000256, 253.74973440000002, 381.000192, 298.2497536]",datasets/chestxray8/val/images/00016184_040.png,Effusion,"[349.0133333333335, 269.8145225694445, 371.2000000000001, 295.4145225694445]"
00016184_040.png,Infiltration,0.07315992792705124,0.00767517,"[268.250368, 248.250368, 363.750144, 300.250112]",datasets/chestxray8/val/images/00016184_040.png,Effusion,"[349.0133333333335, 269.8145225694445, 371.2000000000001, 295.4145225694445]"
00016184_040.png,Infiltration,0.21575608591027443,0.00680542,"[328.249856, 256.7499264, 386.749952, 301.74991359999996]",datasets/chestxray8/val/images/00016184_040.png,Effusion,"[349.0133333333335, 269.8145225694445, 371.2000000000001, 295.4145225694445]"
00016184_040.png,Infiltration,0.06922041710028605,0.00670624,"[260.24985599999997, 238.24993279999998, 375.249664, 288.2499072]",datasets/chestxray8/val/images/00016184_040.png,Effusion,"[349.0133333333335, 269.8145225694445, 371.2000000000001, 295.4145225694445]"
00016184_040.png,Infiltration,0.05655766935711223,0.00597763,"[303.500032, 281.999872, 407.500032, 329.999872]",datasets/chestxray8/val/images/00016184_040.png,Effusion,"[349.0133333333335, 269.8145225694445, 371.2000000000001, 295.4145225694445]"
00016184_040.png,Infiltration,0.1412484475021105,0.00450516,"[314.000128, 245.25025279999997, 384.00025600000004, 290.75025919999996]",datasets/chestxray8/val/images/00016184_040.png,Effusion,"[349.0133333333335, 269.8145225694445, 371.2000000000001, 295.4145225694445]"
00016184_040.png,Infiltration,0.08915033975563381,0.00341797,"[264.249856, 260.749824, 370.749952, 319.24992]",datasets/chestxray8/val/images/00016184_040.png,Effusion,"[349.0133333333335, 269.8145225694445, 371.2000000000001, 295.4145225694445]"
00016184_040.png,Infiltration,0.12790183574072062,0.0032196,"[297.250048, 269.49982719999997, 392.749824, 315.9998208]",datasets/chestxray8/val/images/00016184_040.png,Effusion,"[349.0133333333335, 269.8145225694445, 371.2000000000001, 295.4145225694445]"
00016184_040.png,Cardiomegaly,0.05083960313724523,0.00235367,"[311.000064, 255.500288, 424.999936, 353.50016]",datasets/chestxray8/val/images/00016184_040.png,Effusion,"[349.0133333333335, 269.8145225694445, 371.2000000000001, 295.4145225694445]"
00016184_040.png,Cardiomegaly,0.22339295041264437,0.00197601,"[329.999872, 259.4998784, 386.500096, 304.49986559999996]",datasets/chestxray8/val/images/00016184_040.png,Effusion,"[349.0133333333335, 269.8145225694445, 371.2000000000001, 295.4145225694445]"
00016184_040.png,Infiltration,0.06182232464305374,0.00155258,"[259.499776, 273.750272, 384.49996799999997, 335.250176]",datasets/chestxray8/val/images/00016184_040.png,Effusion,"[349.0133333333335, 269.8145225694445, 371.2000000000001, 295.4145225694445]"
00016184_040.png,Infiltration,0.05083960313724523,0.00136185,"[311.000064, 255.500288, 424.999936, 353.50016]",datasets/chestxray8/val/images/00016184_040.png,Effusion,"[349.0133333333335, 269.8145225694445, 371.2000000000001, 295.4145225694445]"
00013125_000.png,Effusion,0.07707084605648373,0.223999,"[288.499968, 192.999936, 367.500032, 271.499776]",datasets/chestxray8/val/images/00013125_000.png,Atelectasis,"[84.52063492063499, 203.17460317460296, 415.5597883597885, 412.3089947089945]"
00013125_000.png,Cardiomegaly,0.08179482259131332,0.0447388,"[23.875071999999996, 254.49984, 125.374976, 412.499968]",datasets/chestxray8/val/images/00013125_000.png,Atelectasis,"[84.52063492063499, 203.17460317460296, 415.5597883597885, 412.3089947089945]"
00013125_000.png,Cardiomegaly,0.10148947524035389,0.0355225,"[6.1248000000000005, 134.49983999999998, 131.624704, 404.99968]",datasets/chestxray8/val/images/00013125_000.png,Atelectasis,"[84.52063492063499, 203.17460317460296, 415.5597883597885, 412.3089947089945]"
00013125_000.png,Cardiomegaly,0.09170601407353562,0.0285492,"[11.187712000000005, 209.49990400000002, 123.500032, 430.99980800000003]",datasets/chestxray8/val/images/00013125_000.png,Atelectasis,"[84.52063492063499, 203.17460317460296, 415.5597883597885, 412.3089947089945]"
00013125_000.png,Infiltration,0.23376755070815017,0.0279846,"[295.000064, 263.749888, 435.00032000000004, 403.24992000000003]",datasets/chestxray8/val/images/00013125_000.png,Atelectasis,"[84.52063492063499, 203.17460317460296, 415.5597883597885, 412.3089947089945]"
00013125_000.png,Atelectasis,0.4524135387360467,0.0258942,"[39.749888, 235.874816, 335.999744, 482.99980800000003]",datasets/chestxray8/val/images/00013125_000.png,Atelectasis,"[84.52063492063499, 203.17460317460296, 415.5597883597885, 412.3089947089945]"
00013125_000.png,Infiltration,0.08751432018350104,0.019928,"[275.50003200000003, 221.250048, 368.0, 286.750208]",datasets/chestxray8/val/images/00013125_000.png,Atelectasis,"[84.52063492063499, 203.17460317460296, 415.5597883597885, 412.3089947089945]"
00013125_000.png,Cardiomegaly,0.0744345799883257,0.0198212,"[29.281023999999995, 109.624832, 121.49990399999999, 379.50003200000003]",datasets/chestxray8/val/images/00013125_000.png,Atelectasis,"[84.52063492063499, 203.17460317460296, 415.5597883597885, 412.3089947089945]"
00013125_000.png,Infiltration,0.31747159310888445,0.0109634,"[103.87507199999999, 202.999808, 408.0, 275.50003200000003]",datasets/chestxray8/val/images/00013125_000.png,Atelectasis,"[84.52063492063499, 203.17460317460296, 415.5597883597885, 412.3089947089945]"
00013125_000.png,Cardiomegaly,0.07490635600280067,0.0100479,"[384.749824, 185.00019200000003, 481.74976000000004, 424.499968]",datasets/chestxray8/val/images/00013125_000.png,Atelectasis,"[84.52063492063499, 203.17460317460296, 415.5597883597885, 412.3089947089945]"
00013125_000.png,Cardiomegaly,0.13067866679834114,0.0089035,"[347.99974399999996, 44.75008, 482.99980800000003, 404.75008]",datasets/chestxray8/val/images/00013125_000.png,Atelectasis,"[84.52063492063499, 203.17460317460296, 415.5597883597885, 412.3089947089945]"
00013125_000.png,Infiltration,0.0940976128668306,0.00862885,"[341.250304, 274.249728, 452.75008, 366.24998400000004]",datasets/chestxray8/val/images/00013125_000.png,Atelectasis,"[84.52063492063499, 203.17460317460296, 415.5597883597885, 412.3089947089945]"
00013125_000.png,Infiltration,0.21441907439684235,0.00681305,"[96.500224, 188.75008, 386.25024, 257.499904]",datasets/chestxray8/val/images/00013125_000.png,Atelectasis,"[84.52063492063499, 203.17460317460296, 415.5597883597885, 412.3089947089945]"
00013125_000.png,Infiltration,0.20859351818957772,0.0067215,"[78.37516800000002, 238.24998399999998, 198.625024, 366.249984]",datasets/chestxray8/val/images/00013125_000.png,Atelectasis,"[84.52063492063499, 203.17460317460296, 415.5597883597885, 412.3089947089945]"
00013125_000.png,Infiltration,0.1156334543561211,0.00667953,"[265.75001599999996, 233.625344, 373.750272, 307.750144]",datasets/chestxray8/val/images/00013125_000.png,Atelectasis,"[84.52063492063499, 203.17460317460296, 415.5597883597885, 412.3089947089945]"
00013125_000.png,Infiltration,0.15166457818303392,0.0057373,"[238.74969599999997, 221.250048, 378.749952, 296.249856]",datasets/chestxray8/val/images/00013125_000.png,Atelectasis,"[84.52063492063499, 203.17460317460296, 415.5597883597885, 412.3089947089945]"
00013125_000.png,Cardiomegaly,0.08382957332839872,0.00537491,"[43.68742399999999, 69.49990399999999, 137.50016, 341.499904]",datasets/chestxray8/val/images/00013125_000.png,Atelectasis,"[84.52063492063499, 203.17460317460296, 415.5597883597885, 412.3089947089945]"
00013125_000.png,Cardiomegaly,0.0848593736602314,0.00530624,"[48.499711999999995, 266.50009600000004, 131.749888, 399.500288]",datasets/chestxray8/val/images/00013125_000.png,Atelectasis,"[84.52063492063499, 203.17460317460296, 415.5597883597885, 412.3089947089945]"
00013125_000.png,Effusion,0.06142370145201744,0.00530624,"[299.499776, 197.874944, 380.49971200000005, 255.999744]",datasets/chestxray8/val/images/00013125_000.png,Atelectasis,"[84.52063492063499, 203.17460317460296, 415.5597883597885, 412.3089947089945]"
00013125_000.png,Cardiomegaly,0.14006894930894082,0.00495529,"[32.593408, 209.49964799999998, 143.374848, 397.499904]",datasets/chestxray8/val/images/00013125_000.png,Atelectasis,"[84.52063492063499, 203.17460317460296, 415.5597883597885, 412.3089947089945]"
00013125_000.png,Infiltration,0.1271229327564984,0.00468826,"[82.875136, 257.99987200000004, 179.875072, 350.49984]",datasets/chestxray8/val/images/00013125_000.png,Atelectasis,"[84.52063492063499, 203.17460317460296, 415.5597883597885, 412.3089947089945]"
00013125_000.png,Infiltration,0.05479022471762547,0.00447083,"[364.999936, 296.250112, 461.99987200000004, 375.25017599999995]",datasets/chestxray8/val/images/00013125_000.png,Atelectasis,"[84.52063492063499, 203.17460317460296, 415.5597883597885, 412.3089947089945]"
00013125_000.png,Cardiomegaly,0.08131314371752925,0.00439835,"[368.499968, 71.37536, 465.000192, 358.000128]",datasets/chestxray8/val/images/00013125_000.png,Atelectasis,"[84.52063492063499, 203.17460317460296, 415.5597883597885, 412.3089947089945]"
00013125_000.png,Cardiomegaly,0.2664134376801603,0.00435257,"[93.87468800000002, 209.74976, 418.99980800000003, 267.24992000000003]",datasets/chestxray8/val/images/00013125_000.png,Atelectasis,"[84.52063492063499, 203.17460317460296, 415.5597883597885, 412.3089947089945]"
00013125_000.png,Cardiomegaly,0.05009035451402573,0.00409698,"[380.749824, 281.750272, 478.24998400000004, 391.250176]",datasets/chestxray8/val/images/00013125_000.png,Atelectasis,"[84.52063492063499, 203.17460317460296, 415.5597883597885, 412.3089947089945]"
00013125_000.png,Infiltration,0.31751784667616545,0.00400925,"[262.49984, 248.250112, 418.50009600000004, 392.750336]",datasets/chestxray8/val/images/00013125_000.png,Atelectasis,"[84.52063492063499, 203.17460317460296, 415.5597883597885, 412.3089947089945]"
00013125_000.png,Cardiomegaly,0.23791820735742425,0.00365829,"[104.37504000000001, 189.12512, 409.499904, 260.499968]",datasets/chestxray8/val/images/00013125_000.png,Atelectasis,"[84.52063492063499, 203.17460317460296, 415.5597883597885, 412.3089947089945]"
00013125_000.png,Effusion,0.0911612609689641,0.00362015,"[283.000064, 215.75014399999998, 376.499968, 283.250176]",datasets/chestxray8/val/images/00013125_000.png,Atelectasis,"[84.52063492063499, 203.17460317460296, 415.5597883597885, 412.3089947089945]"
00013125_000.png,Cardiomegaly,0.11794808437035657,0.003479,"[367.750144, 205.75001600000002, 471.24992, 403.75014400000003]",datasets/chestxray8/val/images/00013125_000.png,Atelectasis,"[84.52063492063499, 203.17460317460296, 415.5597883597885, 412.3089947089945]"
00013125_000.png,Atelectasis,0.43843334082548335,0.00344658,"[75.74988799999998, 245.00019200000003, 289.499648, 447.500288]",datasets/chestxray8/val/images/00013125_000.png,Atelectasis,"[84.52063492063499, 203.17460317460296, 415.5597883597885, 412.3089947089945]"
00013125_000.png,Infiltration,0.06484339664076288,0.00333214,"[83.124992, 288.499968, 135.62496000000002, 376.499968]",datasets/chestxray8/val/images/00013125_000.png,Atelectasis,"[84.52063492063499, 203.17460317460296, 415.5597883597885, 412.3089947089945]"
00013125_000.png,Effusion,0.22191344258829065,0.00327301,"[262.750208, 155.250176, 406.750208, 320.500224]",datasets/chestxray8/val/images/00013125_000.png,Atelectasis,"[84.52063492063499, 203.17460317460296, 415.5597883597885, 412.3089947089945]"
00013125_000.png,Cardiomegaly,0.06687509318567096,0.00309372,"[35.15622400000001, 228.749824, 117.124864, 386.749952]",datasets/chestxray8/val/images/00013125_000.png,Atelectasis,"[84.52063492063499, 203.17460317460296, 415.5597883597885, 412.3089947089945]"
00013125_000.png,Cardiomegaly,0.06583180548160031,0.00297737,"[385.999872, 113.49990400000002, 474.500096, 400.99968]",datasets/chestxray8/val/images/00013125_000.png,Atelectasis,"[84.52063492063499, 203.17460317460296, 415.5597883597885, 412.3089947089945]"
00013125_000.png,Infiltration,0.31848496242153346,0.0027504,"[91.750144, 220.87500799999998, 419.750144, 289.250048]",datasets/chestxray8/val/images/00013125_000.png,Atelectasis,"[84.52063492063499, 203.17460317460296, 415.5597883597885, 412.3089947089945]"
00013125_000.png,Infiltration,0.07707084605648373,0.00270844,"[288.499968, 192.999936, 367.500032, 271.499776]",datasets/chestxray8/val/images/00013125_000.png,Atelectasis,"[84.52063492063499, 203.17460317460296, 415.5597883597885, 412.3089947089945]"
00013125_000.png,Effusion,0.1494385320104064,0.00262833,"[107.37510400000002, 176.0, 376.0, 245.74975999999998]",datasets/chestxray8/val/images/00013125_000.png,Atelectasis,"[84.52063492063499, 203.17460317460296, 415.5597883597885, 412.3089947089945]"
00013125_000.png,Cardiomegaly,0.05182580560173372,0.0025444,"[36.375040000000006, 150.750208, 116.499968, 332.250112]",datasets/chestxray8/val/images/00013125_000.png,Atelectasis,"[84.52063492063499, 203.17460317460296, 415.5597883597885, 412.3089947089945]"
00013125_000.png,Infiltration,0.08225827004665362,0.00248146,"[358.249984, 268.24985599999997, 468.250112, 375.749888]",datasets/chestxray8/val/images/00013125_000.png,Atelectasis,"[84.52063492063499, 203.17460317460296, 415.5597883597885, 412.3089947089945]"
00013125_000.png,Infiltration,0.0733491331043162,0.00243568,"[355.749888, 263.999744, 444.250112, 351.999744]",datasets/chestxray8/val/images/00013125_000.png,Atelectasis,"[84.52063492063499, 203.17460317460296, 415.5597883597885, 412.3089947089945]"
00013125_000.png,Cardiomegaly,0.19216185776572328,0.00226593,"[101.12486399999997, 160.875008, 382.99980800000003, 258.500096]",datasets/chestxray8/val/images/00013125_000.png,Atelectasis,"[84.52063492063499, 203.17460317460296, 415.5597883597885, 412.3089947089945]"
00013125_000.png,Infiltration,0.16423419078394033,0.0022049,"[71.374848, 268.99967999999996, 178.37465600000002, 392.999936]",datasets/chestxray8/val/images/00013125_000.png,Atelectasis,"[84.52063492063499, 203.17460317460296, 415.5597883597885, 412.3089947089945]"
00013125_000.png,Infiltration,0.33850068441009057,0.00218964,"[142.249728, 213.50016, 436.249856, 301.50016]",datasets/chestxray8/val/images/00013125_000.png,Atelectasis,"[84.52063492063499, 203.17460317460296, 415.5597883597885, 412.3089947089945]"
00013125_000.png,Infiltration,0.21442952488270542,0.00214577,"[202.750208, 212.124928, 424.250112, 282.49984]",datasets/chestxray8/val/images/00013125_000.png,Atelectasis,"[84.52063492063499, 203.17460317460296, 415.5597883597885, 412.3089947089945]"
00013125_000.png,Infiltration,0.13649994266636947,0.00202751,"[67.250176, 250.500096, 195.50003199999998, 337.50016]",datasets/chestxray8/val/images/00013125_000.png,Atelectasis,"[84.52063492063499, 203.17460317460296, 415.5597883597885, 412.3089947089945]"
00013125_000.png,Cardiomegaly,0.13567079861233572,0.00195885,"[348.499712, 114.875136, 450.49984, 373.50016]",datasets/chestxray8/val/images/00013125_000.png,Atelectasis,"[84.52063492063499, 203.17460317460296, 415.5597883597885, 412.3089947089945]"
00013125_000.png,Infiltration,0.10501728110095244,0.00188732,"[286.99980800000003, 209.249792, 397.999872, 274.749952]",datasets/chestxray8/val/images/00013125_000.png,Atelectasis,"[84.52063492063499, 203.17460317460296, 415.5597883597885, 412.3089947089945]"
00013125_000.png,Cardiomegaly,0.31848496242153346,0.00188255,"[91.750144, 220.87500799999998, 419.750144, 289.250048]",datasets/chestxray8/val/images/00013125_000.png,Atelectasis,"[84.52063492063499, 203.17460317460296, 415.5597883597885, 412.3089947089945]"
00013125_000.png,Infiltration,0.16586224616752654,0.0018158,"[266.24998400000004, 243.87481599999998, 400.749824, 329.24979199999996]",datasets/chestxray8/val/images/00013125_000.png,Atelectasis,"[84.52063492063499, 203.17460317460296, 415.5597883597885, 412.3089947089945]"
00013125_000.png,Cardiomegaly,0.08504920458269527,0.00177956,"[340.99967999999996, 40.499967999999996, 464.999936, 311.250176]",datasets/chestxray8/val/images/00013125_000.png,Atelectasis,"[84.52063492063499, 203.17460317460296, 415.5597883597885, 412.3089947089945]"
00013125_000.png,Cardiomegaly,0.05192714074946579,0.0017643,"[380.75007999999997, 292.00025600000004, 482.750208, 445.00019199999997]",datasets/chestxray8/val/images/00013125_000.png,Atelectasis,"[84.52063492063499, 203.17460317460296, 415.5597883597885, 412.3089947089945]"
00013125_000.png,Effusion,0.09226607091855339,0.00171375,"[292.0, 210.87488, 394.000128, 273.499648]",datasets/chestxray8/val/images/00013125_000.png,Atelectasis,"[84.52063492063499, 203.17460317460296, 415.5597883597885, 412.3089947089945]"
00013125_000.png,Infiltration,0.08501345782574914,0.00169182,"[73.74976000000001, 295.749888, 143.999744, 396.24985599999997]",datasets/chestxray8/val/images/00013125_000.png,Atelectasis,"[84.52063492063499, 203.17460317460296, 415.5597883597885, 412.3089947089945]"
00013125_000.png,Cardiomegaly,0.16738128314259185,0.00168705,"[132.500224, 122.25024, 277.750016, 296.500224]",datasets/chestxray8/val/images/00013125_000.png,Atelectasis,"[84.52063492063499, 203.17460317460296, 415.5597883597885, 412.3089947089945]"
00013125_000.png,Cardiomegaly,0.22224506080347733,0.00160789,"[108.12492800000001, 160.0, 308.0, 289.750016]",datasets/chestxray8/val/images/00013125_000.png,Atelectasis,"[84.52063492063499, 203.17460317460296, 415.5597883597885, 412.3089947089945]"
00013125_000.png,Mass,0.19299636848396956,0.00157928,"[272.250112, 124.49996800000001, 397.25030399999997, 325.250048]",datasets/chestxray8/val/images/00013125_000.png,Atelectasis,"[84.52063492063499, 203.17460317460296, 415.5597883597885, 412.3089947089945]"
00013125_000.png,Cardiomegaly,0.08191114652281736,0.00147247,"[365.74976, 284.99993600000005, 473.750016, 419.499776]",datasets/chestxray8/val/images/00013125_000.png,Atelectasis,"[84.52063492063499, 203.17460317460296, 415.5597883597885, 412.3089947089945]"
00013125_000.png,Effusion,0.1056925236104851,0.00140572,"[125.49990400000002, 154.25024, 358.49984, 239.750144]",datasets/chestxray8/val/images/00013125_000.png,Atelectasis,"[84.52063492063499, 203.17460317460296, 415.5597883597885, 412.3089947089945]"
00013125_000.png,Atelectasis,0.44834713263308623,0.00134945,"[95.062272, 177.50016000000002, 344.749824, 339.00032]",datasets/chestxray8/val/images/00013125_000.png,Atelectasis,"[84.52063492063499, 203.17460317460296, 415.5597883597885, 412.3089947089945]"
00013125_000.png,Infiltration,0.25230448240567704,0.00126266,"[91.625216, 219.500032, 219.124992, 356.49996799999997]",datasets/chestxray8/val/images/00013125_000.png,Atelectasis,"[84.52063492063499, 203.17460317460296, 415.5597883597885, 412.3089947089945]"
00013125_000.png,Infiltration,0.21567187991014103,0.00124931,"[289.750272, 248.749824, 447.250176, 374.249728]",datasets/chestxray8/val/images/00013125_000.png,Atelectasis,"[84.52063492063499, 203.17460317460296, 415.5597883597885, 412.3089947089945]"
00013125_000.png,Infiltration,0.30638765074401547,0.00110531,"[161.250048, 194.249984, 414.25023999999996, 289.74976000000004]",datasets/chestxray8/val/images/00013125_000.png,Atelectasis,"[84.52063492063499, 203.17460317460296, 415.5597883597885, 412.3089947089945]"
00013125_000.png,Mass,0.14652396198914072,0.00110054,"[279.499776, 49.187327999999994, 419.99974399999996, 301.499904]",datasets/chestxray8/val/images/00013125_000.png,Atelectasis,"[84.52063492063499, 203.17460317460296, 415.5597883597885, 412.3089947089945]"
00013125_000.png,Infiltration,0.10031756581252692,0.00108242,"[344.24985599999997, 295.499776, 454.249984, 398.49983999999995]",datasets/chestxray8/val/images/00013125_000.png,Atelectasis,"[84.52063492063499, 203.17460317460296, 415.5597883597885, 412.3089947089945]"
00013125_000.png,Effusion,0.061005451219600305,0.00101376,"[372.999936, 84.624896, 469.50016, 328.49971200000005]",datasets/chestxray8/val/images/00013125_000.png,Atelectasis,"[84.52063492063499, 203.17460317460296, 415.5597883597885, 412.3089947089945]"
00013125_000.png,Cardiomegaly,0.18677797380844613,0.00100231,"[319.00006399999995, 71.25017600000001, 448.500224, 381.50016]",datasets/chestxray8/val/images/00013125_000.png,Atelectasis,"[84.52063492063499, 203.17460317460296, 415.5597883597885, 412.3089947089945]"
00012261_001.png,Cardiomegaly,0.1451851619707033,0.00847626,"[417.75001599999996, 309.99987200000004, 510.000128, 420.999936]",datasets/chestxray8/val/images/00012261_001.png,Atelectasis,"[226.98305084745746, 216.813559322034, 493.28813559322, 426.71186440677997]"
00012261_001.png,Effusion,0.15408825959532763,0.00539398,"[253.00019200000003, 124.75008000000001, 384.999936, 296.250112]",datasets/chestxray8/val/images/00012261_001.png,Atelectasis,"[226.98305084745746, 216.813559322034, 493.28813559322, 426.71186440677997]"
00012261_001.png,Infiltration,0.0614954716481466,0.00470734,"[378.25023999999996, 216.624768, 445.750272, 267.74976]",datasets/chestxray8/val/images/00012261_001.png,Atelectasis,"[226.98305084745746, 216.813559322034, 493.28813559322, 426.71186440677997]"
00012261_001.png,Effusion,0.06484001019353601,0.00460815,"[275.50003200000003, 132.87500799999998, 375.499776, 258.49984]",datasets/chestxray8/val/images/00012261_001.png,Atelectasis,"[226.98305084745746, 216.813559322034, 493.28813559322, 426.71186440677997]"
00012261_001.png,Effusion,0.17128310572160219,0.00457764,"[208.749824, 97.68755200000001, 398.249728, 296.75008]",datasets/chestxray8/val/images/00012261_001.png,Atelectasis,"[226.98305084745746, 216.813559322034, 493.28813559322, 426.71186440677997]"
00012261_001.png,Infiltration,0.20420115302125968,0.00379181,"[331.749888, 297.50016, 465.249792, 383.000064]",datasets/chestxray8/val/images/00012261_001.png,Atelectasis,"[226.98305084745746, 216.813559322034, 493.28813559322, 426.71186440677997]"
00012261_001.png,Infiltration,0.05510146175342206,0.00339127,"[388.75007999999997, 265.499776, 458.750208, 309.499776]",datasets/chestxray8/val/images/00012261_001.png,Atelectasis,"[226.98305084745746, 216.813559322034, 493.28813559322, 426.71186440677997]"
00012261_001.png,Mass,0.1451851619707033,0.00332451,"[417.75001599999996, 309.99987200000004, 510.000128, 420.999936]",datasets/chestxray8/val/images/00012261_001.png,Atelectasis,"[226.98305084745746, 216.813559322034, 493.28813559322, 426.71186440677997]"
00012261_001.png,Infiltration,0.056756045879451336,0.00329971,"[377.499904, 230.5001984, 447.99974399999996, 275.5001856]",datasets/chestxray8/val/images/00012261_001.png,Atelectasis,"[226.98305084745746, 216.813559322034, 493.28813559322, 426.71186440677997]"
00012261_001.png,Cardiomegaly,0.11238777576377346,0.00310326,"[434.49984, 313.000192, 511.999744, 445.50016]",datasets/chestxray8/val/images/00012261_001.png,Atelectasis,"[226.98305084745746, 216.813559322034, 493.28813559322, 426.71186440677997]"
00012261_001.png,Atelectasis,0.17128310572160219,0.00308418,"[208.749824, 97.68755200000001, 398.249728, 296.75008]",datasets/chestxray8/val/images/00012261_001.png,Atelectasis,"[226.98305084745746, 216.813559322034, 493.28813559322, 426.71186440677997]"
00012261_001.png,Cardiomegaly,0.23664262556729992,0.00299454,"[384.499968, 297.999872, 511.999744, 433.499648]",datasets/chestxray8/val/images/00012261_001.png,Atelectasis,"[226.98305084745746, 216.813559322034, 493.28813559322, 426.71186440677997]"
00012261_001.png,Infiltration,0.053706016608937875,0.0027256,"[390.99980800000003, 283.2499712, 469.999872, 321.24999679999996]",datasets/chestxray8/val/images/00012261_001.png,Atelectasis,"[226.98305084745746, 216.813559322034, 493.28813559322, 426.71186440677997]"
00012261_001.png,Effusion,0.3469648182640595,0.00259018,"[206.125312, 141.249792, 426.000128, 348.0]",datasets/chestxray8/val/images/00012261_001.png,Atelectasis,"[226.98305084745746, 216.813559322034, 493.28813559322, 426.71186440677997]"
00012261_001.png,Atelectasis,0.3977227963717296,0.00255013,"[181.000192, 142.49984, 430.000128, 376.999936]",datasets/chestxray8/val/images/00012261_001.png,Atelectasis,"[226.98305084745746, 216.813559322034, 493.28813559322, 426.71186440677997]"
00012261_001.png,Infiltration,0.06145683675854034,0.0025444,"[383.99974399999996, 256.4999168, 459.499776, 301.99992319999996]",datasets/chestxray8/val/images/00012261_001.png,Atelectasis,"[226.98305084745746, 216.813559322034, 493.28813559322, 426.71186440677997]"
00012261_001.png,Cardiomegaly,0.1038796083189562,0.0025177,"[419.50028799999995, 317.999872, 500.500224, 397.499648]",datasets/chestxray8/val/images/00012261_001.png,Atelectasis,"[226.98305084745746, 216.813559322034, 493.28813559322, 426.71186440677997]"
00012261_001.png,Infiltration,0.08895841750745764,0.00228882,"[373.74976000000004, 300.74987519999996, 490.749952, 343.2498688]",datasets/chestxray8/val/images/00012261_001.png,Atelectasis,"[226.98305084745746, 216.813559322034, 493.28813559322, 426.71186440677997]"
00012261_001.png,Cardiomegaly,0.08102805974639665,0.00227547,"[442.000128, 323.250176, 512.000256, 414.24998400000004]",datasets/chestxray8/val/images/00012261_001.png,Atelectasis,"[226.98305084745746, 216.813559322034, 493.28813559322, 426.71186440677997]"
00012261_001.png,Infiltration,0.18504574765691634,0.00218964,"[340.49996799999997, 305.499904, 491.50003200000003, 373.999872]",datasets/chestxray8/val/images/00012261_001.png,Atelectasis,"[226.98305084745746, 216.813559322034, 493.28813559322, 426.71186440677997]"
00012261_001.png,Infiltration,0.07046460654210263,0.00196075,"[337.250048, 234.000128, 405.75001599999996, 291.500288]",datasets/chestxray8/val/images/00012261_001.png,Atelectasis,"[226.98305084745746, 216.813559322034, 493.28813559322, 426.71186440677997]"
00012261_001.png,Infiltration,0.40252101719355554,0.00191879,"[312.24985599999997, 274.49983999999995, 461.74976, 424.99968]",datasets/chestxray8/val/images/00012261_001.png,Atelectasis,"[226.98305084745746, 216.813559322034, 493.28813559322, 426.71186440677997]"
00012261_001.png,Infiltration,0.3137851724409541,0.00189209,"[337.00019199999997, 297.74976, 494.500096, 410.249984]",datasets/chestxray8/val/images/00012261_001.png,Atelectasis,"[226.98305084745746, 216.813559322034, 493.28813559322, 426.71186440677997]"
00012261_001.png,Mass,0.17390147821305707,0.00179577,"[309.499904, 39.24992, 455.00006399999995, 314.500096]",datasets/chestxray8/val/images/00012261_001.png,Atelectasis,"[226.98305084745746, 216.813559322034, 493.28813559322, 426.71186440677997]"
00012261_001.png,Cardiomegaly,0.08304880171008465,0.00169945,"[164.24985600000002, 42.062591999999995, 350.249728, 279.00032]",datasets/chestxray8/val/images/00012261_001.png,Atelectasis,"[226.98305084745746, 216.813559322034, 493.28813559322, 426.71186440677997]"
00012261_001.png,Infiltration,0.08686713079506836,0.00146008,"[396.749824, 315.0001152, 497.75001599999996, 365.5001088]",datasets/chestxray8/val/images/00012261_001.png,Atelectasis,"[226.98305084745746, 216.813559322034, 493.28813559322, 426.71186440677997]"
00012261_001.png,Infiltration,0.388897512251253,0.00136566,"[249.50016, 217.625344, 427.500032, 339.750144]",datasets/chestxray8/val/images/00012261_001.png,Atelectasis,"[226.98305084745746, 216.813559322034, 493.28813559322, 426.71186440677997]"
00012261_001.png,Cardiomegaly,0.17178027883452032,0.00126457,"[389.00019199999997, 305.000192, 512.0, 400.000256]",datasets/chestxray8/val/images/00012261_001.png,Atelectasis,"[226.98305084745746, 216.813559322034, 493.28813559322, 426.71186440677997]"
00012261_001.png,Atelectasis,0.09084384136146045,0.00121689,"[403.99974399999996, 89.937408, 512.0, 288.999936]",datasets/chestxray8/val/images/00012261_001.png,Atelectasis,"[226.98305084745746, 216.813559322034, 493.28813559322, 426.71186440677997]"
00012261_001.png,Mass,0.17178027883452032,0.00116158,"[389.00019199999997, 305.000192, 512.0, 400.000256]",datasets/chestxray8/val/images/00012261_001.png,Atelectasis,"[226.98305084745746, 216.813559322034, 493.28813559322, 426.71186440677997]"
00012261_001.png,Infiltration,0.1481293854970871,0.00111103,"[327.00032, 288.250112, 442.000128, 360.250112]",datasets/chestxray8/val/images/00012261_001.png,Atelectasis,"[226.98305084745746, 216.813559322034, 493.28813559322, 426.71186440677997]"
00012261_001.png,Cardiomegaly,0.06542157159301111,0.00101757,"[462.0000768, 304.499968, 512.0000512, 431.999744]",datasets/chestxray8/val/images/00012261_001.png,Atelectasis,"[226.98305084745746, 216.813559322034, 493.28813559322, 426.71186440677997]"
00025686_000.png,Infiltration,0.32980945852976207,0.0374146,"[278.000128, 299.500288, 393.999872, 398.50009600000004]",datasets/chestxray8/val/images/00025686_000.png,Cardiomegaly,"[298.382222222222, 335.2367447916665, 464.4977777777775, 387.5745225694445]"
00025686_000.png,Infiltration,0.4635160256684757,0.0170441,"[294.49983999999995, 323.24992, 408.0, 406.249728]",datasets/chestxray8/val/images/00025686_000.png,Cardiomegaly,"[298.382222222222, 335.2367447916665, 464.4977777777775, 387.5745225694445]"
00025686_000.png,Infiltration,0.3556429031149155,0.0133743,"[297.249792, 305.499904, 401.750016, 375.99974399999996]",datasets/chestxray8/val/images/00025686_000.png,Cardiomegaly,"[298.382222222222, 335.2367447916665, 464.4977777777775, 387.5745225694445]"
00025686_000.png,Infiltration,0.3951236377736731,0.0128708,"[382.999808, 336.4999168, 458.49984, 381.99992319999996]",datasets/chestxray8/val/images/00025686_000.png,Cardiomegaly,"[298.382222222222, 335.2367447916665, 464.4977777777775, 387.5745225694445]"
00025686_000.png,Infiltration,0.32149961569069463,0.00883484,"[372.250368, 323.2498176, 451.750144, 374.2498304]",datasets/chestxray8/val/images/00025686_000.png,Cardiomegaly,"[298.382222222222, 335.2367447916665, 464.4977777777775, 387.5745225694445]"
00025686_000.png,Infiltration,0.22283743813645332,0.00730515,"[268.249856, 279.000064, 380.75008, 412.000256]",datasets/chestxray8/val/images/00025686_000.png,Cardiomegaly,"[298.382222222222, 335.2367447916665, 464.4977777777775, 387.5745225694445]"
00025686_000.png,Atelectasis,0.12556498549739975,0.00642014,"[198.00012800000002, 216.999936, 409.999872, 423.000064]",datasets/chestxray8/val/images/00025686_000.png,Cardiomegaly,"[298.382222222222, 335.2367447916665, 464.4977777777775, 387.5745225694445]"
00025686_000.png,Cardiomegaly,0.4482390125141743,0.00520706,"[272.24985599999997, 313.74976000000004, 427.249664, 398.249728]",datasets/chestxray8/val/images/00025686_000.png,Cardiomegaly,"[298.382222222222, 335.2367447916665, 464.4977777777775, 387.5745225694445]"
00025686_000.png,Infiltration,0.24365186756117832,0.00477219,"[329.25030399999997, 311.499776, 398.750208, 371.50003200000003]",datasets/chestxray8/val/images/00025686_000.png,Cardiomegaly,"[298.382222222222, 335.2367447916665, 464.4977777777775, 387.5745225694445]"
00025686_000.png,Cardiomegaly,0.41809958799973435,0.00421906,"[332.999936, 346.50009600000004, 472.499968, 415.500288]",datasets/chestxray8/val/images/00025686_000.png,Cardiomegaly,"[298.382222222222, 335.2367447916665, 464.4977777777775, 387.5745225694445]"
00025686_000.png,Infiltration,0.20483975400819698,0.00416183,"[285.249792, 291.50003200000003, 389.249792, 366.000128]",datasets/chestxray8/val/images/00025686_000.png,Cardiomegaly,"[298.382222222222, 335.2367447916665, 464.4977777777775, 387.5745225694445]"
00025686_000.png,Cardiomegaly,0.4539360858378809,0.00318909,"[378.749952, 338.50009600000004, 470.75020800000004, 390.49984]",datasets/chestxray8/val/images/00025686_000.png,Cardiomegaly,"[298.382222222222, 335.2367447916665, 464.4977777777775, 387.5745225694445]"
00025686_000.png,Cardiomegaly,0.3256664530055981,0.0023613,"[367.749888, 327.749888, 491.24992000000003, 424.250112]",datasets/chestxray8/val/images/00025686_000.png,Cardiomegaly,"[298.382222222222, 335.2367447916665, 464.4977777777775, 387.5745225694445]"
00025686_000.png,Infiltration,0.19190414023911942,0.00225067,"[427.5001856, 338.00012799999996, 462.50019840000004, 397.50016]",datasets/chestxray8/val/images/00025686_000.png,Cardiomegaly,"[298.382222222222, 335.2367447916665, 464.4977777777775, 387.5745225694445]"
00025686_000.png,Infiltration,0.2577896471617766,0.00182629,"[346.749952, 315.750144, 422.75020800000004, 369.750272]",datasets/chestxray8/val/images/00025686_000.png,Cardiomegaly,"[298.382222222222, 335.2367447916665, 464.4977777777775, 387.5745225694445]"
00025686_000.png,Cardiomegaly,0.2273538959479394,0.00181198,"[423.2502528, 337.999872, 464.75025919999996, 394.500096]",datasets/chestxray8/val/images/00025686_000.png,Cardiomegaly,"[298.382222222222, 335.2367447916665, 464.4977777777775, 387.5745225694445]"
00025686_000.png,Infiltration,0.39414132651638206,0.00176048,"[309.74976, 337.50016, 393.249792, 410.50009600000004]",datasets/chestxray8/val/images/00025686_000.png,Cardiomegaly,"[298.382222222222, 335.2367447916665, 464.4977777777775, 387.5745225694445]"
00025686_000.png,Cardiomegaly,0.10679773050118153,0.00148773,"[390.999808, 68.37504000000001, 478.999808, 383.000064]",datasets/chestxray8/val/images/00025686_000.png,Cardiomegaly,"[298.382222222222, 335.2367447916665, 464.4977777777775, 387.5745225694445]"
00025686_000.png,Cardiomegaly,0.4282037730294459,0.00131512,"[334.24998400000004, 306.24998400000004, 471.24992, 408.749824]",datasets/chestxray8/val/images/00025686_000.png,Cardiomegaly,"[298.382222222222, 335.2367447916665, 464.4977777777775, 387.5745225694445]"
00025686_000.png,Infiltration,0.4989363499865797,0.00107861,"[270.749696, 316.250112, 432.249856, 392.75007999999997]",datasets/chestxray8/val/images/00025686_000.png,Cardiomegaly,"[298.382222222222, 335.2367447916665, 464.4977777777775, 387.5745225694445]"
00025686_000.png,Cardiomegaly,0.11450050674363461,0.00107098,"[414.50009600000004, 211.62521599999997, 491.500288, 429.50016]",datasets/chestxray8/val/images/00025686_000.png,Cardiomegaly,"[298.382222222222, 335.2367447916665, 464.4977777777775, 387.5745225694445]"
00023068_003.png,Mass,0.06609189242804318,0.00237846,"[179.250176, 363.74996480000004, 250.749952, 413.2499712]",datasets/chestxray8/val/images/00023068_003.png,Effusion,"[175.54285714285697, 373.84126984127, 193.4222222222221, 390.6370370370372]"
00023068_003.png,Infiltration,0.06609189242804318,0.00152588,"[179.250176, 363.74996480000004, 250.749952, 413.2499712]",datasets/chestxray8/val/images/00023068_003.png,Effusion,"[175.54285714285697, 373.84126984127, 193.4222222222221, 390.6370370370372]"
00000865_006.png,Infiltration,0.12449526157317609,0.00376129,"[343.24992, 295.50003200000003, 458.749952, 349.999872]",datasets/chestxray8/val/images/00000865_006.png,Infiltration,"[419.5254237288135, 312.018082958157, 458.57627118644064, 332.08587956832645]"
00000865_006.png,Infiltration,0.10244938521905225,0.00307846,"[370.25024, 268.75008, 455.75014400000003, 326.749952]",datasets/chestxray8/val/images/00000865_006.png,Infiltration,"[419.5254237288135, 312.018082958157, 458.57627118644064, 332.08587956832645]"
00000865_006.png,Infiltration,0.13740729686297926,0.00250626,"[354.000128, 283.5000832, 458.000128, 329.50010879999996]",datasets/chestxray8/val/images/00000865_006.png,Infiltration,"[419.5254237288135, 312.018082958157, 458.57627118644064, 332.08587956832645]"
00000865_006.png,Mass,0.06524822727413077,0.0018425,"[409.50016, 288.99968, 486.00012799999996, 445.999872]",datasets/chestxray8/val/images/00000865_006.png,Infiltration,"[419.5254237288135, 312.018082958157, 458.57627118644064, 332.08587956832645]"
